country_name,state_alpha,watershed_desc,state_fips_code,domain_desc,asd_code,reference_period_desc,domaincat_desc,Value,week_ending,source_desc,country_code,statisticcat_desc,county_code,state_ansi,sector_desc,location_desc,prodn_practice_desc,end_code,congr_district_code,agg_level_desc,unit_desc,freq_desc,util_practice_desc,asd_desc,county_ansi,short_desc,load_time,commodity_desc,CV (%),region_desc,year,class_desc,zip_5,state_name,county_name,begin_code,watershed_code,group_desc
UNITED STATES,US,,99,TOTAL,,YEAR,NOT SPECIFIED,"3,906,949,000",,SURVEY,9000,PRODUCTION,,,CROPS,US TOTAL,ALL PRODUCTION PRACTICES,00,,NATIONAL,BU,ANNUAL,GRAIN,,,"CORN, GRAIN - PRODUCTION, MEASURED IN BU",2012-01-01 00:00:00.000,CORN,,,1960,ALL CLASSES,,US TOTAL,,00,00000000,FIELD CROPS
UNITED STATES,US,,99,TOTAL,,YEAR,NOT SPECIFIED,"3,597,803,000",,SURVEY,9000,PRODUCTION,,,CROPS,US TOTAL,ALL PRODUCTION PRACTICES,00,,NATIONAL,BU,ANNUAL,GRAIN,,,"CORN, GRAIN - PRODUCTION, MEASURED IN BU",2012-01-01 00:00:00.000,CORN,,,1961,ALL CLASSES,,US TOTAL,,00,00000000,FIELD CROPS
UNITED STATES,US,,99,TOTAL,,YEAR,NOT SPECIFIED,"3,606,311,000",,SURVEY,9000,PRODUCTION,,,CROPS,US TOTAL,ALL PRODUCTION PRACTICES,00,,NATIONAL,BU,ANNUAL,GRAIN,,,"CORN, GRAIN - PRODUCTION, MEASURED IN BU",2012-01-01 00:00:00.000,CORN,,,1962,ALL CLASSES,,US TOTAL,,00,00000000,FIELD CROPS
UNITED STATES,US,,99,TOTAL,,YEAR,NOT SPECIFIED,"4,019,238,000",,SURVEY,9000,PRODUCTION,,,CROPS,US TOTAL,ALL PRODUCTION PRACTICES,00,,NATIONAL,BU,ANNUAL,GRAIN,,,"CORN, GRAIN - PRODUCTION, MEASURED IN BU",2012-01-01 00:00:00.000,CORN,,,1963,ALL CLASSES,,US TOTAL,,00,00000000,FIELD CROPS
UNITED STATES,US,,99,TOTAL,,YEAR,NOT SPECIFIED,"3,484,253,000",,SURVEY,9000,PRODUCTION,,,CROPS,US TOTAL,ALL PRODUCTION PRACTICES,00,,NATIONAL,BU,ANNUAL,GRAIN,,,"CORN, GRAIN - PRODUCTION, MEASURED IN BU",2012-01-01 00:00:00.000,CORN,,,1964,ALL CLASSES,,US TOTAL,,00,00000000,FIELD CROPS
UNITED STATES,US,,99,TOTAL,,YEAR,NOT SPECIFIED,"4,102,867,000",,SURVEY,9000,PRODUCTION,,,CROPS,US TOTAL,ALL PRODUCTION PRACTICES,00,,NATIONAL,BU,ANNUAL,GRAIN,,,"CORN, GRAIN - PRODUCTION, MEASURED IN BU",2012-01-01 00:00:00.000,CORN,,,1965,ALL CLASSES,,US TOTAL,,00,00000000,FIELD CROPS
UNITED STATES,US,,99,TOTAL,,YEAR,NOT SPECIFIED,"4,167,608,000",,SURVEY,9000,PRODUCTION,,,CROPS,US TOTAL,ALL PRODUCTION PRACTICES,00,,NATIONAL,BU,ANNUAL,GRAIN,,,"CORN, GRAIN - PRODUCTION, MEASURED IN BU",2012-01-01 00:00:00.000,CORN,,,1966,ALL CLASSES,,US TOTAL,,00,00000000,FIELD CROPS
UNITED STATES,US,,99,TOTAL,,YEAR,NOT SPECIFIED,"4,860,372,000",,SURVEY,9000,PRODUCTION,,,CROPS,US TOTAL,ALL PRODUCTION PRACTICES,00,,NATIONAL,BU,ANNUAL,GRAIN,,,"CORN, GRAIN - PRODUCTION, MEASURED IN BU",2012-01-01 00:00:00.000,CORN,,,1967,ALL CLASSES,,US TOTAL,,00,00000000,FIELD CROPS
UNITED STATES,US,,99,TOTAL,,YEAR,NOT SPECIFIED,"4,449,542,000",,SURVEY,9000,PRODUCTION,,,CROPS,US TOTAL,ALL PRODUCTION PRACTICES,00,,NATIONAL,BU,ANNUAL,GRAIN,,,"CORN, GRAIN - PRODUCTION, MEASURED IN BU",2012-01-01 00:00:00.000,CORN,,,1968,ALL CLASSES,,US TOTAL,,00,00000000,FIELD CROPS
UNITED STATES,US,,99,TOTAL,,YEAR,NOT SPECIFIED,"4,687,057,000",,SURVEY,9000,PRODUCTION,,,CROPS,US TOTAL,ALL PRODUCTION PRACTICES,00,,NATIONAL,BU,ANNUAL,GRAIN,,,"CORN, GRAIN - PRODUCTION, MEASURED IN BU",2012-01-01 00:00:00.000,CORN,,,1969,ALL CLASSES,,US TOTAL,,00,00000000,FIELD CROPS
UNITED STATES,US,,99,TOTAL,,YEAR,NOT SPECIFIED,"4,152,243,000",,SURVEY,9000,PRODUCTION,,,CROPS,US TOTAL,ALL PRODUCTION PRACTICES,00,,NATIONAL,BU,ANNUAL,GRAIN,,,"CORN, GRAIN - PRODUCTION, MEASURED IN BU",2012-01-01 00:00:00.000,CORN,,,1970,ALL CLASSES,,US TOTAL,,00,00000000,FIELD CROPS
UNITED STATES,US,,99,TOTAL,,YEAR,NOT SPECIFIED,"5,646,260,000",,SURVEY,9000,PRODUCTION,,,CROPS,US TOTAL,ALL PRODUCTION PRACTICES,00,,NATIONAL,BU,ANNUAL,GRAIN,,,"CORN, GRAIN - PRODUCTION, MEASURED IN BU",2012-01-01 00:00:00.000,CORN,,,1971,ALL CLASSES,,US TOTAL,,00,00000000,FIELD CROPS
UNITED STATES,US,,99,TOTAL,,YEAR,NOT SPECIFIED,"5,579,832,000",,SURVEY,9000,PRODUCTION,,,CROPS,US TOTAL,ALL PRODUCTION PRACTICES,00,,NATIONAL,BU,ANNUAL,GRAIN,,,"CORN, GRAIN - PRODUCTION, MEASURED IN BU",2012-01-01 00:00:00.000,CORN,,,1972,ALL CLASSES,,US TOTAL,,00,00000000,FIELD CROPS
UNITED STATES,US,,99,TOTAL,,YEAR,NOT SPECIFIED,"5,670,712,000",,SURVEY,9000,PRODUCTION,,,CROPS,US TOTAL,ALL PRODUCTION PRACTICES,00,,NATIONAL,BU,ANNUAL,GRAIN,,,"CORN, GRAIN - PRODUCTION, MEASURED IN BU",2012-01-01 00:00:00.000,CORN,,,1973,ALL CLASSES,,US TOTAL,,00,00000000,FIELD CROPS
UNITED STATES,US,,99,TOTAL,,YEAR,NOT SPECIFIED,"4,701,402,000",,SURVEY,9000,PRODUCTION,,,CROPS,US TOTAL,ALL PRODUCTION PRACTICES,00,,NATIONAL,BU,ANNUAL,GRAIN,,,"CORN, GRAIN - PRODUCTION, MEASURED IN BU",2012-01-01 00:00:00.000,CORN,,,1974,ALL CLASSES,,US TOTAL,,00,00000000,FIELD CROPS
UNITED STATES,US,,99,TOTAL,,YEAR,NOT SPECIFIED,"5,840,757,000",,SURVEY,9000,PRODUCTION,,,CROPS,US TOTAL,ALL PRODUCTION PRACTICES,00,,NATIONAL,BU,ANNUAL,GRAIN,,,"CORN, GRAIN - PRODUCTION, MEASURED IN BU",2012-01-01 00:00:00.000,CORN,,,1975,ALL CLASSES,,US TOTAL,,00,00000000,FIELD CROPS
UNITED STATES,US,,99,TOTAL,,YEAR,NOT SPECIFIED,"6,289,169,000",,SURVEY,9000,PRODUCTION,,,CROPS,US TOTAL,ALL PRODUCTION PRACTICES,00,,NATIONAL,BU,ANNUAL,GRAIN,,,"CORN, GRAIN - PRODUCTION, MEASURED IN BU",2012-01-01 00:00:00.000,CORN,,,1976,ALL CLASSES,,US TOTAL,,00,00000000,FIELD CROPS
UNITED STATES,US,,99,TOTAL,,YEAR,NOT SPECIFIED,"6,505,041,000",,SURVEY,9000,PRODUCTION,,,CROPS,US TOTAL,ALL PRODUCTION PRACTICES,00,,NATIONAL,BU,ANNUAL,GRAIN,,,"CORN, GRAIN - PRODUCTION, MEASURED IN BU",2012-01-01 00:00:00.000,CORN,,,1977,ALL CLASSES,,US TOTAL,,00,00000000,FIELD CROPS
UNITED STATES,US,,99,TOTAL,,YEAR,NOT SPECIFIED,"7,267,927,000",,SURVEY,9000,PRODUCTION,,,CROPS,US TOTAL,ALL PRODUCTION PRACTICES,00,,NATIONAL,BU,ANNUAL,GRAIN,,,"CORN, GRAIN - PRODUCTION, MEASURED IN BU",2012-01-01 00:00:00.000,CORN,,,1978,ALL CLASSES,,US TOTAL,,00,00000000,FIELD CROPS
UNITED STATES,US,,99,TOTAL,,YEAR,NOT SPECIFIED,"7,928,139,000",,SURVEY,9000,PRODUCTION,,,CROPS,US TOTAL,ALL PRODUCTION PRACTICES,00,,NATIONAL,BU,ANNUAL,GRAIN,,,"CORN, GRAIN - PRODUCTION, MEASURED IN BU",2012-01-01 00:00:00.000,CORN,,,1979,ALL CLASSES,,US TOTAL,,00,00000000,FIELD CROPS
UNITED STATES,US,,99,TOTAL,,YEAR,NOT SPECIFIED,"6,639,396,000",,SURVEY,9000,PRODUCTION,,,CROPS,US TOTAL,ALL PRODUCTION PRACTICES,00,,NATIONAL,BU,ANNUAL,GRAIN,,,"CORN, GRAIN - PRODUCTION, MEASURED IN BU",2012-01-01 00:00:00.000,CORN,,,1980,ALL CLASSES,,US TOTAL,,00,00000000,FIELD CROPS
UNITED STATES,US,,99,TOTAL,,YEAR,NOT SPECIFIED,"8,118,650,000",,SURVEY,9000,PRODUCTION,,,CROPS,US TOTAL,ALL PRODUCTION PRACTICES,00,,NATIONAL,BU,ANNUAL,GRAIN,,,"CORN, GRAIN - PRODUCTION, MEASURED IN BU",2012-01-01 00:00:00.000,CORN,,,1981,ALL CLASSES,,US TOTAL,,00,00000000,FIELD CROPS
UNITED STATES,US,,99,TOTAL,,YEAR,NOT SPECIFIED,"8,235,101,000",,SURVEY,9000,PRODUCTION,,,CROPS,US TOTAL,ALL PRODUCTION PRACTICES,00,,NATIONAL,BU,ANNUAL,GRAIN,,,"CORN, GRAIN - PRODUCTION, MEASURED IN BU",2012-01-01 00:00:00.000,CORN,,,1982,ALL CLASSES,,US TOTAL,,00,00000000,FIELD CROPS
UNITED STATES,US,,99,TOTAL,,YEAR,NOT SPECIFIED,"4,174,251,000",,SURVEY,9000,PRODUCTION,,,CROPS,US TOTAL,ALL PRODUCTION PRACTICES,00,,NATIONAL,BU,ANNUAL,GRAIN,,,"CORN, GRAIN - PRODUCTION, MEASURED IN BU",2012-01-01 00:00:00.000,CORN,,,1983,ALL CLASSES,,US TOTAL,,00,00000000,FIELD CROPS
UNITED STATES,US,,99,TOTAL,,YEAR,NOT SPECIFIED,"7,672,130,000",,SURVEY,9000,PRODUCTION,,,CROPS,US TOTAL,ALL PRODUCTION PRACTICES,00,,NATIONAL,BU,ANNUAL,GRAIN,,,"CORN, GRAIN - PRODUCTION, MEASURED IN BU",2012-01-01 00:00:00.000,CORN,,,1984,ALL CLASSES,,US TOTAL,,00,00000000,FIELD CROPS
UNITED STATES,US,,99,TOTAL,,YEAR,NOT SPECIFIED,"8,875,453,000",,SURVEY,9000,PRODUCTION,,,CROPS,US TOTAL,ALL PRODUCTION PRACTICES,00,,NATIONAL,BU,ANNUAL,GRAIN,,,"CORN, GRAIN - PRODUCTION, MEASURED IN BU",2012-01-01 00:00:00.000,CORN,,,1985,ALL CLASSES,,US TOTAL,,00,00000000,FIELD CROPS
UNITED STATES,US,,99,TOTAL,,YEAR,NOT SPECIFIED,"8,225,764,000",,SURVEY,9000,PRODUCTION,,,CROPS,US TOTAL,ALL PRODUCTION PRACTICES,00,,NATIONAL,BU,ANNUAL,GRAIN,,,"CORN, GRAIN - PRODUCTION, MEASURED IN BU",2012-01-01 00:00:00.000,CORN,,,1986,ALL CLASSES,,US TOTAL,,00,00000000,FIELD CROPS
UNITED STATES,US,,99,TOTAL,,YEAR,NOT SPECIFIED,"7,131,300,000",,SURVEY,9000,PRODUCTION,,,CROPS,US TOTAL,ALL PRODUCTION PRACTICES,00,,NATIONAL,BU,ANNUAL,GRAIN,,,"CORN, GRAIN - PRODUCTION, MEASURED IN BU",2012-01-01 00:00:00.000,CORN,,,1987,ALL CLASSES,,US TOTAL,,00,00000000,FIELD CROPS
UNITED STATES,US,,99,TOTAL,,YEAR,NOT SPECIFIED,"4,928,681,000",,SURVEY,9000,PRODUCTION,,,CROPS,US TOTAL,ALL PRODUCTION PRACTICES,00,,NATIONAL,BU,ANNUAL,GRAIN,,,"CORN, GRAIN - PRODUCTION, MEASURED IN BU",2012-01-01 00:00:00.000,CORN,,,1988,ALL CLASSES,,US TOTAL,,00,00000000,FIELD CROPS
UNITED STATES,US,,99,TOTAL,,YEAR,NOT SPECIFIED,"7,531,953,000",,SURVEY,9000,PRODUCTION,,,CROPS,US TOTAL,ALL PRODUCTION PRACTICES,00,,NATIONAL,BU,ANNUAL,GRAIN,,,"CORN, GRAIN - PRODUCTION, MEASURED IN BU",2012-01-01 00:00:00.000,CORN,,,1989,ALL CLASSES,,US TOTAL,,00,00000000,FIELD CROPS
UNITED STATES,US,,99,TOTAL,,YEAR,NOT SPECIFIED,"7,934,028,000",,SURVEY,9000,PRODUCTION,,,CROPS,US TOTAL,ALL PRODUCTION PRACTICES,00,,NATIONAL,BU,ANNUAL,GRAIN,,,"CORN, GRAIN - PRODUCTION, MEASURED IN BU",2012-01-01 00:00:00.000,CORN,,,1990,ALL CLASSES,,US TOTAL,,00,00000000,FIELD CROPS
UNITED STATES,US,,99,TOTAL,,YEAR,NOT SPECIFIED,"7,474,765,000",,SURVEY,9000,PRODUCTION,,,CROPS,US TOTAL,ALL PRODUCTION PRACTICES,00,,NATIONAL,BU,ANNUAL,GRAIN,,,"CORN, GRAIN - PRODUCTION, MEASURED IN BU",2012-01-01 00:00:00.000,CORN,,,1991,ALL CLASSES,,US TOTAL,,00,00000000,FIELD CROPS
UNITED STATES,US,,99,TOTAL,,YEAR,NOT SPECIFIED,"9,476,698,000",,SURVEY,9000,PRODUCTION,,,CROPS,US TOTAL,ALL PRODUCTION PRACTICES,00,,NATIONAL,BU,ANNUAL,GRAIN,,,"CORN, GRAIN - PRODUCTION, MEASURED IN BU",2012-01-01 00:00:00.000,CORN,,,1992,ALL CLASSES,,US TOTAL,,00,00000000,FIELD CROPS
UNITED STATES,US,,99,TOTAL,,YEAR,NOT SPECIFIED,"6,337,730,000",,SURVEY,9000,PRODUCTION,,,CROPS,US TOTAL,ALL PRODUCTION PRACTICES,00,,NATIONAL,BU,ANNUAL,GRAIN,,,"CORN, GRAIN - PRODUCTION, MEASURED IN BU",2012-01-01 00:00:00.000,CORN,,,1993,ALL CLASSES,,US TOTAL,,00,00000000,FIELD CROPS
UNITED STATES,US,,99,TOTAL,,YEAR,NOT SPECIFIED,"10,050,520,000",,SURVEY,9000,PRODUCTION,,,CROPS,US TOTAL,ALL PRODUCTION PRACTICES,00,,NATIONAL,BU,ANNUAL,GRAIN,,,"CORN, GRAIN - PRODUCTION, MEASURED IN BU",2012-01-01 00:00:00.000,CORN,,,1994,ALL CLASSES,,US TOTAL,,00,00000000,FIELD CROPS
UNITED STATES,US,,99,TOTAL,,YEAR,NOT SPECIFIED,"7,400,051,000",,SURVEY,9000,PRODUCTION,,,CROPS,US TOTAL,ALL PRODUCTION PRACTICES,00,,NATIONAL,BU,ANNUAL,GRAIN,,,"CORN, GRAIN - PRODUCTION, MEASURED IN BU",2012-01-01 00:00:00.000,CORN,,,1995,ALL CLASSES,,US TOTAL,,00,00000000,FIELD CROPS
UNITED STATES,US,,99,TOTAL,,YEAR,NOT SPECIFIED,"9,232,557,000",,SURVEY,9000,PRODUCTION,,,CROPS,US TOTAL,ALL PRODUCTION PRACTICES,00,,NATIONAL,BU,ANNUAL,GRAIN,,,"CORN, GRAIN - PRODUCTION, MEASURED IN BU",2012-01-01 00:00:00.000,CORN,,,1996,ALL CLASSES,,US TOTAL,,00,00000000,FIELD CROPS
UNITED STATES,US,,99,TOTAL,,YEAR,NOT SPECIFIED,"9,206,832,000",,SURVEY,9000,PRODUCTION,,,CROPS,US TOTAL,ALL PRODUCTION PRACTICES,00,,NATIONAL,BU,ANNUAL,GRAIN,,,"CORN, GRAIN - PRODUCTION, MEASURED IN BU",2012-01-01 00:00:00.000,CORN,,,1997,ALL CLASSES,,US TOTAL,,00,00000000,FIELD CROPS
UNITED STATES,US,,99,TOTAL,,YEAR,NOT SPECIFIED,"9,758,685,000",,SURVEY,9000,PRODUCTION,,,CROPS,US TOTAL,ALL PRODUCTION PRACTICES,00,,NATIONAL,BU,ANNUAL,GRAIN,,,"CORN, GRAIN - PRODUCTION, MEASURED IN BU",2012-01-01 00:00:00.000,CORN,,,1998,ALL CLASSES,,US TOTAL,,00,00000000,FIELD CROPS
UNITED STATES,US,,99,TOTAL,,YEAR,NOT SPECIFIED,"9,430,612,000",,SURVEY,9000,PRODUCTION,,,CROPS,US TOTAL,ALL PRODUCTION PRACTICES,00,,NATIONAL,BU,ANNUAL,GRAIN,,,"CORN, GRAIN - PRODUCTION, MEASURED IN BU",2012-01-01 00:00:00.000,CORN,,,1999,ALL CLASSES,,US TOTAL,,00,00000000,FIELD CROPS
UNITED STATES,US,,99,TOTAL,,YEAR,NOT SPECIFIED,"9,915,051,000",,SURVEY,9000,PRODUCTION,,,CROPS,US TOTAL,ALL PRODUCTION PRACTICES,00,,NATIONAL,BU,ANNUAL,GRAIN,,,"CORN, GRAIN - PRODUCTION, MEASURED IN BU",2012-01-01 00:00:00.000,CORN,,,2000,ALL CLASSES,,US TOTAL,,00,00000000,FIELD CROPS
UNITED STATES,US,,99,TOTAL,,YEAR,NOT SPECIFIED,"9,502,580,000",,SURVEY,9000,PRODUCTION,,,CROPS,US TOTAL,ALL PRODUCTION PRACTICES,00,,NATIONAL,BU,ANNUAL,GRAIN,,,"CORN, GRAIN - PRODUCTION, MEASURED IN BU",2012-01-01 00:00:00.000,CORN,,,2001,ALL CLASSES,,US TOTAL,,00,00000000,FIELD CROPS
UNITED STATES,US,,99,TOTAL,,YEAR,NOT SPECIFIED,"8,966,787,000",,SURVEY,9000,PRODUCTION,,,CROPS,US TOTAL,ALL PRODUCTION PRACTICES,00,,NATIONAL,BU,ANNUAL,GRAIN,,,"CORN, GRAIN - PRODUCTION, MEASURED IN BU",2012-01-01 00:00:00.000,CORN,,,2002,ALL CLASSES,,US TOTAL,,00,00000000,FIELD CROPS
UNITED STATES,US,,99,TOTAL,,YEAR,NOT SPECIFIED,"10,087,292,000",,SURVEY,9000,PRODUCTION,,,CROPS,US TOTAL,ALL PRODUCTION PRACTICES,00,,NATIONAL,BU,ANNUAL,GRAIN,,,"CORN, GRAIN - PRODUCTION, MEASURED IN BU",2012-01-01 00:00:00.000,CORN,,,2003,ALL CLASSES,,US TOTAL,,00,00000000,FIELD CROPS
UNITED STATES,US,,99,TOTAL,,YEAR,NOT SPECIFIED,"11,805,581,000",,SURVEY,9000,PRODUCTION,,,CROPS,US TOTAL,ALL PRODUCTION PRACTICES,00,,NATIONAL,BU,ANNUAL,GRAIN,,,"CORN, GRAIN - PRODUCTION, MEASURED IN BU",2012-01-01 00:00:00.000,CORN,,,2004,ALL CLASSES,,US TOTAL,,00,00000000,FIELD CROPS
UNITED STATES,US,,99,TOTAL,,YEAR,NOT SPECIFIED,"11,112,187,000",,SURVEY,9000,PRODUCTION,,,CROPS,US TOTAL,ALL PRODUCTION PRACTICES,00,,NATIONAL,BU,ANNUAL,GRAIN,,,"CORN, GRAIN - PRODUCTION, MEASURED IN BU",2012-01-01 00:00:00.000,CORN,,,2005,ALL CLASSES,,US TOTAL,,00,00000000,FIELD CROPS
UNITED STATES,US,,99,TOTAL,,YEAR,NOT SPECIFIED,"10,531,123,000",,SURVEY,9000,PRODUCTION,,,CROPS,US TOTAL,ALL PRODUCTION PRACTICES,00,,NATIONAL,BU,ANNUAL,GRAIN,,,"CORN, GRAIN - PRODUCTION, MEASURED IN BU",2012-01-01 00:00:00.000,CORN,,,2006,ALL CLASSES,,US TOTAL,,00,00000000,FIELD CROPS
UNITED STATES,US,,99,TOTAL,,YEAR,NOT SPECIFIED,"13,037,875,000",,SURVEY,9000,PRODUCTION,,,CROPS,US TOTAL,ALL PRODUCTION PRACTICES,00,,NATIONAL,BU,ANNUAL,GRAIN,,,"CORN, GRAIN - PRODUCTION, MEASURED IN BU",2012-01-01 00:00:00.000,CORN,,,2007,ALL CLASSES,,US TOTAL,,00,00000000,FIELD CROPS
UNITED STATES,US,,99,TOTAL,,YEAR,NOT SPECIFIED,"12,043,203,000",,SURVEY,9000,PRODUCTION,,,CROPS,US TOTAL,ALL PRODUCTION PRACTICES,00,,NATIONAL,BU,ANNUAL,GRAIN,,,"CORN, GRAIN - PRODUCTION, MEASURED IN BU",2014-11-03 16:18:55.000,CORN,,,2008,ALL CLASSES,,US TOTAL,,00,00000000,FIELD CROPS
UNITED STATES,US,,99,TOTAL,,YEAR,NOT SPECIFIED,"13,067,156,000",,SURVEY,9000,PRODUCTION,,,CROPS,US TOTAL,ALL PRODUCTION PRACTICES,00,,NATIONAL,BU,ANNUAL,GRAIN,,,"CORN, GRAIN - PRODUCTION, MEASURED IN BU",2014-11-03 16:18:55.000,CORN,,,2009,ALL CLASSES,,US TOTAL,,00,00000000,FIELD CROPS
UNITED STATES,US,,99,TOTAL,,YEAR,NOT SPECIFIED,"12,425,330,000",,SURVEY,9000,PRODUCTION,,,CROPS,US TOTAL,ALL PRODUCTION PRACTICES,00,,NATIONAL,BU,ANNUAL,GRAIN,,,"CORN, GRAIN - PRODUCTION, MEASURED IN BU",2014-11-03 16:18:55.000,CORN,,,2010,ALL CLASSES,,US TOTAL,,00,00000000,FIELD CROPS
UNITED STATES,US,,99,TOTAL,,YEAR,NOT SPECIFIED,"12,313,956,000",,SURVEY,9000,PRODUCTION,,,CROPS,US TOTAL,ALL PRODUCTION PRACTICES,00,,NATIONAL,BU,ANNUAL,GRAIN,,,"CORN, GRAIN - PRODUCTION, MEASURED IN BU",2014-11-03 16:18:55.000,CORN,,,2011,ALL CLASSES,,US TOTAL,,00,00000000,FIELD CROPS
UNITED STATES,US,,99,TOTAL,,YEAR,NOT SPECIFIED,"10,755,111,000",,SURVEY,9000,PRODUCTION,,,CROPS,US TOTAL,ALL PRODUCTION PRACTICES,00,,NATIONAL,BU,ANNUAL,GRAIN,,,"CORN, GRAIN - PRODUCTION, MEASURED IN BU",2014-11-03 16:18:55.000,CORN,,,2012,ALL CLASSES,,US TOTAL,,00,00000000,FIELD CROPS
UNITED STATES,US,,99,TOTAL,,YEAR - AUG FORECAST,NOT SPECIFIED,"10,778,589,000",,SURVEY,9000,PRODUCTION,,,CROPS,US TOTAL,ALL PRODUCTION PRACTICES,00,,NATIONAL,BU,ANNUAL,GRAIN,,,"CORN, GRAIN - PRODUCTION, MEASURED IN BU",2012-08-10 12:59:15.000,CORN,,,2012,ALL CLASSES,,US TOTAL,,00,00000000,FIELD CROPS
UNITED STATES,US,,99,TOTAL,,YEAR - NOV FORECAST,NOT SPECIFIED,"10,725,191,000",,SURVEY,9000,PRODUCTION,,,CROPS,US TOTAL,ALL PRODUCTION PRACTICES,00,,NATIONAL,BU,ANNUAL,GRAIN,,,"CORN, GRAIN - PRODUCTION, MEASURED IN BU",2012-11-09 10:26:00.000,CORN,,,2012,ALL CLASSES,,US TOTAL,,00,00000000,FIELD CROPS
UNITED STATES,US,,99,TOTAL,,YEAR - OCT FORECAST,NOT SPECIFIED,"10,705,729,000",,SURVEY,9000,PRODUCTION,,,CROPS,US TOTAL,ALL PRODUCTION PRACTICES,00,,NATIONAL,BU,ANNUAL,GRAIN,,,"CORN, GRAIN - PRODUCTION, MEASURED IN BU",2012-10-11 11:19:07.000,CORN,,,2012,ALL CLASSES,,US TOTAL,,00,00000000,FIELD CROPS
UNITED STATES,US,,99,TOTAL,,YEAR - SEP FORECAST,NOT SPECIFIED,"10,727,364,000",,SURVEY,9000,PRODUCTION,,,CROPS,US TOTAL,ALL PRODUCTION PRACTICES,00,,NATIONAL,BU,ANNUAL,GRAIN,,,"CORN, GRAIN - PRODUCTION, MEASURED IN BU",2012-09-12 11:03:54.000,CORN,,,2012,ALL CLASSES,,US TOTAL,,00,00000000,FIELD CROPS
UNITED STATES,US,,99,TOTAL,,YEAR,NOT SPECIFIED,"13,830,704,000",,SURVEY,9000,PRODUCTION,,,CROPS,US TOTAL,ALL PRODUCTION PRACTICES,00,,NATIONAL,BU,ANNUAL,GRAIN,,,"CORN, GRAIN - PRODUCTION, MEASURED IN BU",2019-02-06 15:00:06.000,CORN,,,2013,ALL CLASSES,,US TOTAL,,00,00000000,FIELD CROPS
UNITED STATES,US,,99,TOTAL,,YEAR - AUG FORECAST,NOT SPECIFIED,"13,763,025,000",,SURVEY,9000,PRODUCTION,,,CROPS,US TOTAL,ALL PRODUCTION PRACTICES,00,,NATIONAL,BU,ANNUAL,GRAIN,,,"CORN, GRAIN - PRODUCTION, MEASURED IN BU",2013-08-12 12:25:57.000,CORN,,,2013,ALL CLASSES,,US TOTAL,,00,00000000,FIELD CROPS
UNITED STATES,US,,99,TOTAL,,YEAR - NOV FORECAST,NOT SPECIFIED,"13,988,720,000",,SURVEY,9000,PRODUCTION,,,CROPS,US TOTAL,ALL PRODUCTION PRACTICES,00,,NATIONAL,BU,ANNUAL,GRAIN,,,"CORN, GRAIN - PRODUCTION, MEASURED IN BU",2013-11-08 14:14:29.000,CORN,,,2013,ALL CLASSES,,US TOTAL,,00,00000000,FIELD CROPS
UNITED STATES,US,,99,TOTAL,,YEAR - SEP FORECAST,NOT SPECIFIED,"13,843,320,000",,SURVEY,9000,PRODUCTION,,,CROPS,US TOTAL,ALL PRODUCTION PRACTICES,00,,NATIONAL,BU,ANNUAL,GRAIN,,,"CORN, GRAIN - PRODUCTION, MEASURED IN BU",2013-09-12 12:27:34.000,CORN,,,2013,ALL CLASSES,,US TOTAL,,00,00000000,FIELD CROPS
UNITED STATES,US,,99,TOTAL,,YEAR,NOT SPECIFIED,"14,217,292,000",,SURVEY,9000,PRODUCTION,,,CROPS,US TOTAL,ALL PRODUCTION PRACTICES,00,,NATIONAL,BU,ANNUAL,GRAIN,,,"CORN, GRAIN - PRODUCTION, MEASURED IN BU",2019-02-06 15:00:06.000,CORN,,,2014,ALL CLASSES,,US TOTAL,,00,00000000,FIELD CROPS
UNITED STATES,US,,99,TOTAL,,YEAR - AUG FORECAST,NOT SPECIFIED,"14,031,915,000",,SURVEY,9000,PRODUCTION,,,CROPS,US TOTAL,ALL PRODUCTION PRACTICES,00,,NATIONAL,BU,ANNUAL,GRAIN,,,"CORN, GRAIN - PRODUCTION, MEASURED IN BU",2014-08-12 12:00:16.000,CORN,,,2014,ALL CLASSES,,US TOTAL,,00,00000000,FIELD CROPS
UNITED STATES,US,,99,TOTAL,,YEAR - NOV FORECAST,NOT SPECIFIED,"14,407,420,000",,SURVEY,9000,PRODUCTION,,,CROPS,US TOTAL,ALL PRODUCTION PRACTICES,00,,NATIONAL,BU,ANNUAL,GRAIN,,,"CORN, GRAIN - PRODUCTION, MEASURED IN BU",2014-11-10 12:04:43.000,CORN,,,2014,ALL CLASSES,,US TOTAL,,00,00000000,FIELD CROPS
UNITED STATES,US,,99,TOTAL,,YEAR - OCT FORECAST,NOT SPECIFIED,"14,474,920,000",,SURVEY,9000,PRODUCTION,,,CROPS,US TOTAL,ALL PRODUCTION PRACTICES,00,,NATIONAL,BU,ANNUAL,GRAIN,,,"CORN, GRAIN - PRODUCTION, MEASURED IN BU",2014-10-10 12:10:23.000,CORN,,,2014,ALL CLASSES,,US TOTAL,,00,00000000,FIELD CROPS
UNITED STATES,US,,99,TOTAL,,YEAR - SEP FORECAST,NOT SPECIFIED,"14,395,350,000",,SURVEY,9000,PRODUCTION,,,CROPS,US TOTAL,ALL PRODUCTION PRACTICES,00,,NATIONAL,BU,ANNUAL,GRAIN,,,"CORN, GRAIN - PRODUCTION, MEASURED IN BU",2014-09-11 12:00:26.000,CORN,,,2014,ALL CLASSES,,US TOTAL,,00,00000000,FIELD CROPS
UNITED STATES,US,,99,TOTAL,,YEAR,NOT SPECIFIED,"13,601,964,000",,SURVEY,9000,PRODUCTION,,,CROPS,US TOTAL,ALL PRODUCTION PRACTICES,00,,NATIONAL,BU,ANNUAL,GRAIN,,,"CORN, GRAIN - PRODUCTION, MEASURED IN BU",2019-02-06 15:00:06.000,CORN,,,2015,ALL CLASSES,,US TOTAL,,00,00000000,FIELD CROPS
UNITED STATES,US,,99,TOTAL,,YEAR - AUG FORECAST,NOT SPECIFIED,"13,686,063,000",,SURVEY,9000,PRODUCTION,,,CROPS,US TOTAL,ALL PRODUCTION PRACTICES,00,,NATIONAL,BU,ANNUAL,GRAIN,,,"CORN, GRAIN - PRODUCTION, MEASURED IN BU",2015-08-12 12:00:00.000,CORN,,,2015,ALL CLASSES,,US TOTAL,,00,00000000,FIELD CROPS
UNITED STATES,US,,99,TOTAL,,YEAR - NOV FORECAST,NOT SPECIFIED,"13,653,507,000",,SURVEY,9000,PRODUCTION,,,CROPS,US TOTAL,ALL PRODUCTION PRACTICES,00,,NATIONAL,BU,ANNUAL,GRAIN,,,"CORN, GRAIN - PRODUCTION, MEASURED IN BU",2015-11-10 12:00:00.000,CORN,,,2015,ALL CLASSES,,US TOTAL,,00,00000000,FIELD CROPS
UNITED STATES,US,,99,TOTAL,,YEAR - OCT FORECAST,NOT SPECIFIED,"13,554,923,000",,SURVEY,9000,PRODUCTION,,,CROPS,US TOTAL,ALL PRODUCTION PRACTICES,00,,NATIONAL,BU,ANNUAL,GRAIN,,,"CORN, GRAIN - PRODUCTION, MEASURED IN BU",2015-10-09 12:00:00.000,CORN,,,2015,ALL CLASSES,,US TOTAL,,00,00000000,FIELD CROPS
UNITED STATES,US,,99,TOTAL,,YEAR - SEP FORECAST,NOT SPECIFIED,"13,584,945,000",,SURVEY,9000,PRODUCTION,,,CROPS,US TOTAL,ALL PRODUCTION PRACTICES,00,,NATIONAL,BU,ANNUAL,GRAIN,,,"CORN, GRAIN - PRODUCTION, MEASURED IN BU",2015-09-11 12:00:00.000,CORN,,,2015,ALL CLASSES,,US TOTAL,,00,00000000,FIELD CROPS
UNITED STATES,US,,99,TOTAL,,YEAR,NOT SPECIFIED,"15,148,038,000",,SURVEY,9000,PRODUCTION,,,CROPS,US TOTAL,ALL PRODUCTION PRACTICES,00,,NATIONAL,BU,ANNUAL,GRAIN,,,"CORN, GRAIN - PRODUCTION, MEASURED IN BU",2019-02-06 15:00:06.000,CORN,,,2016,ALL CLASSES,,US TOTAL,,00,00000000,FIELD CROPS
UNITED STATES,US,,99,TOTAL,,YEAR - AUG FORECAST,NOT SPECIFIED,"15,153,472,000",,SURVEY,9000,PRODUCTION,,,CROPS,US TOTAL,ALL PRODUCTION PRACTICES,00,,NATIONAL,BU,ANNUAL,GRAIN,,,"CORN, GRAIN - PRODUCTION, MEASURED IN BU",2016-08-12 12:00:00.000,CORN,,,2016,ALL CLASSES,,US TOTAL,,00,00000000,FIELD CROPS
UNITED STATES,US,,99,TOTAL,,YEAR - NOV FORECAST,NOT SPECIFIED,"15,225,586,000",,SURVEY,9000,PRODUCTION,,,CROPS,US TOTAL,ALL PRODUCTION PRACTICES,00,,NATIONAL,BU,ANNUAL,GRAIN,,,"CORN, GRAIN - PRODUCTION, MEASURED IN BU",2016-11-09 13:11:41.000,CORN,,,2016,ALL CLASSES,,US TOTAL,,00,00000000,FIELD CROPS
UNITED STATES,US,,99,TOTAL,,YEAR - OCT FORECAST,NOT SPECIFIED,"15,057,404,000",,SURVEY,9000,PRODUCTION,,,CROPS,US TOTAL,ALL PRODUCTION PRACTICES,00,,NATIONAL,BU,ANNUAL,GRAIN,,,"CORN, GRAIN - PRODUCTION, MEASURED IN BU",2016-10-12 12:00:00.000,CORN,,,2016,ALL CLASSES,,US TOTAL,,00,00000000,FIELD CROPS
UNITED STATES,US,,99,TOTAL,,YEAR - SEP FORECAST,NOT SPECIFIED,"15,092,908,000",,SURVEY,9000,PRODUCTION,,,CROPS,US TOTAL,ALL PRODUCTION PRACTICES,00,,NATIONAL,BU,ANNUAL,GRAIN,,,"CORN, GRAIN - PRODUCTION, MEASURED IN BU",2016-09-12 12:00:00.000,CORN,,,2016,ALL CLASSES,,US TOTAL,,00,00000000,FIELD CROPS
UNITED STATES,US,,99,TOTAL,,YEAR,NOT SPECIFIED,"14,609,407,000",,SURVEY,9000,PRODUCTION,,,CROPS,US TOTAL,ALL PRODUCTION PRACTICES,00,,NATIONAL,BU,ANNUAL,GRAIN,,,"CORN, GRAIN - PRODUCTION, MEASURED IN BU",2019-02-06 15:00:06.000,CORN,,,2017,ALL CLASSES,,US TOTAL,,00,00000000,FIELD CROPS
UNITED STATES,US,,99,TOTAL,,YEAR - AUG FORECAST,NOT SPECIFIED,"14,152,966,000",,SURVEY,9000,PRODUCTION,,,CROPS,US TOTAL,ALL PRODUCTION PRACTICES,00,,NATIONAL,BU,ANNUAL,GRAIN,,,"CORN, GRAIN - PRODUCTION, MEASURED IN BU",2017-08-10 12:08:28.000,CORN,,,2017,ALL CLASSES,,US TOTAL,,00,00000000,FIELD CROPS
UNITED STATES,US,,99,TOTAL,,YEAR - NOV FORECAST,NOT SPECIFIED,"14,577,502,000",,SURVEY,9000,PRODUCTION,,,CROPS,US TOTAL,ALL PRODUCTION PRACTICES,00,,NATIONAL,BU,ANNUAL,GRAIN,,,"CORN, GRAIN - PRODUCTION, MEASURED IN BU",2017-11-09 12:02:08.000,CORN,,,2017,ALL CLASSES,,US TOTAL,,00,00000000,FIELD CROPS
UNITED STATES,US,,99,TOTAL,,YEAR - OCT FORECAST,NOT SPECIFIED,"14,280,112,000",,SURVEY,9000,PRODUCTION,,,CROPS,US TOTAL,ALL PRODUCTION PRACTICES,00,,NATIONAL,BU,ANNUAL,GRAIN,,,"CORN, GRAIN - PRODUCTION, MEASURED IN BU",2017-10-12 12:04:13.000,CORN,,,2017,ALL CLASSES,,US TOTAL,,00,00000000,FIELD CROPS
UNITED STATES,US,,99,TOTAL,,YEAR - SEP FORECAST,NOT SPECIFIED,"14,184,466,000",,SURVEY,9000,PRODUCTION,,,CROPS,US TOTAL,ALL PRODUCTION PRACTICES,00,,NATIONAL,BU,ANNUAL,GRAIN,,,"CORN, GRAIN - PRODUCTION, MEASURED IN BU",2017-09-12 12:01:44.000,CORN,,,2017,ALL CLASSES,,US TOTAL,,00,00000000,FIELD CROPS
UNITED STATES,US,,99,TOTAL,,YEAR,NOT SPECIFIED,"14,321,674,000",,SURVEY,9000,PRODUCTION,,,CROPS,US TOTAL,ALL PRODUCTION PRACTICES,00,,NATIONAL,BU,ANNUAL,GRAIN,,,"CORN, GRAIN - PRODUCTION, MEASURED IN BU",2024-01-09 15:00:00.000,CORN,,,2018,ALL CLASSES,,US TOTAL,,00,00000000,FIELD CROPS
UNITED STATES,US,,99,TOTAL,,YEAR - AUG FORECAST,NOT SPECIFIED,"14,586,485,000",,SURVEY,9000,PRODUCTION,,,CROPS,US TOTAL,ALL PRODUCTION PRACTICES,00,,NATIONAL,BU,ANNUAL,GRAIN,,,"CORN, GRAIN - PRODUCTION, MEASURED IN BU",2018-08-10 12:01:40.000,CORN,,,2018,ALL CLASSES,,US TOTAL,,00,00000000,FIELD CROPS
UNITED STATES,US,,99,TOTAL,,YEAR - NOV FORECAST,NOT SPECIFIED,"14,625,974,000",,SURVEY,9000,PRODUCTION,,,CROPS,US TOTAL,ALL PRODUCTION PRACTICES,00,,NATIONAL,BU,ANNUAL,GRAIN,,,"CORN, GRAIN - PRODUCTION, MEASURED IN BU",2018-11-08 12:01:20.000,CORN,,,2018,ALL CLASSES,,US TOTAL,,00,00000000,FIELD CROPS
UNITED STATES,US,,99,TOTAL,,YEAR - OCT FORECAST,NOT SPECIFIED,"14,777,826,000",,SURVEY,9000,PRODUCTION,,,CROPS,US TOTAL,ALL PRODUCTION PRACTICES,00,,NATIONAL,BU,ANNUAL,GRAIN,,,"CORN, GRAIN - PRODUCTION, MEASURED IN BU",2018-10-11 12:02:09.000,CORN,,,2018,ALL CLASSES,,US TOTAL,,00,00000000,FIELD CROPS
UNITED STATES,US,,99,TOTAL,,YEAR - SEP FORECAST,NOT SPECIFIED,"14,826,690,000",,SURVEY,9000,PRODUCTION,,,CROPS,US TOTAL,ALL PRODUCTION PRACTICES,00,,NATIONAL,BU,ANNUAL,GRAIN,,,"CORN, GRAIN - PRODUCTION, MEASURED IN BU",2018-09-12 12:02:09.000,CORN,,,2018,ALL CLASSES,,US TOTAL,,00,00000000,FIELD CROPS
UNITED STATES,US,,99,TOTAL,,YEAR,NOT SPECIFIED,"13,568,306,000",,SURVEY,9000,PRODUCTION,,,CROPS,US TOTAL,ALL PRODUCTION PRACTICES,00,,NATIONAL,BU,ANNUAL,GRAIN,,,"CORN, GRAIN - PRODUCTION, MEASURED IN BU",2024-01-09 15:00:00.000,CORN,,,2019,ALL CLASSES,,US TOTAL,,00,00000000,FIELD CROPS
UNITED STATES,US,,99,TOTAL,,YEAR - AUG FORECAST,NOT SPECIFIED,"13,900,651,000",,SURVEY,9000,PRODUCTION,,,CROPS,US TOTAL,ALL PRODUCTION PRACTICES,00,,NATIONAL,BU,ANNUAL,GRAIN,,,"CORN, GRAIN - PRODUCTION, MEASURED IN BU",2019-08-12 12:01:08.000,CORN,,,2019,ALL CLASSES,,US TOTAL,,00,00000000,FIELD CROPS
UNITED STATES,US,,99,TOTAL,,YEAR - NOV FORECAST,NOT SPECIFIED,"13,661,005,000",,SURVEY,9000,PRODUCTION,,,CROPS,US TOTAL,ALL PRODUCTION PRACTICES,00,,NATIONAL,BU,ANNUAL,GRAIN,,,"CORN, GRAIN - PRODUCTION, MEASURED IN BU",2019-11-08 12:00:46.000,CORN,,,2019,ALL CLASSES,,US TOTAL,,00,00000000,FIELD CROPS
UNITED STATES,US,,99,TOTAL,,YEAR - OCT FORECAST,NOT SPECIFIED,"13,779,335,000",,SURVEY,9000,PRODUCTION,,,CROPS,US TOTAL,ALL PRODUCTION PRACTICES,00,,NATIONAL,BU,ANNUAL,GRAIN,,,"CORN, GRAIN - PRODUCTION, MEASURED IN BU",2019-10-10 12:03:54.000,CORN,,,2019,ALL CLASSES,,US TOTAL,,00,00000000,FIELD CROPS
UNITED STATES,US,,99,TOTAL,,YEAR - SEP FORECAST,NOT SPECIFIED,"13,799,151,000",,SURVEY,9000,PRODUCTION,,,CROPS,US TOTAL,ALL PRODUCTION PRACTICES,00,,NATIONAL,BU,ANNUAL,GRAIN,,,"CORN, GRAIN - PRODUCTION, MEASURED IN BU",2019-09-12 12:01:19.000,CORN,,,2019,ALL CLASSES,,US TOTAL,,00,00000000,FIELD CROPS
UNITED STATES,US,,99,TOTAL,,YEAR,NOT SPECIFIED,"14,086,699,000",,SURVEY,9000,PRODUCTION,,,CROPS,US TOTAL,ALL PRODUCTION PRACTICES,00,,NATIONAL,BU,ANNUAL,GRAIN,,,"CORN, GRAIN - PRODUCTION, MEASURED IN BU",2024-01-09 15:00:00.000,CORN,,,2020,ALL CLASSES,,US TOTAL,,00,00000000,FIELD CROPS
UNITED STATES,US,,99,TOTAL,,YEAR - AUG FORECAST,NOT SPECIFIED,"15,278,202,000",,SURVEY,9000,PRODUCTION,,,CROPS,US TOTAL,ALL PRODUCTION PRACTICES,00,,NATIONAL,BU,ANNUAL,GRAIN,,,"CORN, GRAIN - PRODUCTION, MEASURED IN BU",2020-08-12 12:04:12.000,CORN,,,2020,ALL CLASSES,,US TOTAL,,00,00000000,FIELD CROPS
UNITED STATES,US,,99,TOTAL,,YEAR - NOV FORECAST,NOT SPECIFIED,"14,506,795,000",,SURVEY,9000,PRODUCTION,,,CROPS,US TOTAL,ALL PRODUCTION PRACTICES,00,,NATIONAL,BU,ANNUAL,GRAIN,,,"CORN, GRAIN - PRODUCTION, MEASURED IN BU",2020-11-10 12:02:34.000,CORN,,,2020,ALL CLASSES,,US TOTAL,,00,00000000,FIELD CROPS
UNITED STATES,US,,99,TOTAL,,YEAR - OCT FORECAST,NOT SPECIFIED,"14,721,705,000",,SURVEY,9000,PRODUCTION,,,CROPS,US TOTAL,ALL PRODUCTION PRACTICES,00,,NATIONAL,BU,ANNUAL,GRAIN,,,"CORN, GRAIN - PRODUCTION, MEASURED IN BU",2020-10-09 12:01:33.000,CORN,,,2020,ALL CLASSES,,US TOTAL,,00,00000000,FIELD CROPS
UNITED STATES,US,,99,TOTAL,,YEAR - SEP FORECAST,NOT SPECIFIED,"14,899,557,000",,SURVEY,9000,PRODUCTION,,,CROPS,US TOTAL,ALL PRODUCTION PRACTICES,00,,NATIONAL,BU,ANNUAL,GRAIN,,,"CORN, GRAIN - PRODUCTION, MEASURED IN BU",2020-09-11 12:03:32.000,CORN,,,2020,ALL CLASSES,,US TOTAL,,00,00000000,FIELD CROPS
UNITED STATES,US,,99,TOTAL,,YEAR,NOT SPECIFIED,"15,017,788,000",,SURVEY,9000,PRODUCTION,,,CROPS,US TOTAL,ALL PRODUCTION PRACTICES,00,,NATIONAL,BU,ANNUAL,GRAIN,,,"CORN, GRAIN - PRODUCTION, MEASURED IN BU",2024-01-09 15:00:00.000,CORN,,,2021,ALL CLASSES,,US TOTAL,,00,00000000,FIELD CROPS
UNITED STATES,US,,99,TOTAL,,YEAR - AUG FORECAST,NOT SPECIFIED,"14,750,368,000",,SURVEY,9000,PRODUCTION,,,CROPS,US TOTAL,ALL PRODUCTION PRACTICES,00,,NATIONAL,BU,ANNUAL,GRAIN,,,"CORN, GRAIN - PRODUCTION, MEASURED IN BU",2021-08-12 12:01:34.000,CORN,,,2021,ALL CLASSES,,US TOTAL,,00,00000000,FIELD CROPS
UNITED STATES,US,,99,TOTAL,,YEAR - NOV FORECAST,NOT SPECIFIED,"15,062,002,000",,SURVEY,9000,PRODUCTION,,,CROPS,US TOTAL,ALL PRODUCTION PRACTICES,00,,NATIONAL,BU,ANNUAL,GRAIN,,,"CORN, GRAIN - PRODUCTION, MEASURED IN BU",2021-11-09 12:02:06.000,CORN,,,2021,ALL CLASSES,,US TOTAL,,00,00000000,FIELD CROPS
UNITED STATES,US,,99,TOTAL,,YEAR - OCT FORECAST,NOT SPECIFIED,"15,018,542,000",,SURVEY,9000,PRODUCTION,,,CROPS,US TOTAL,ALL PRODUCTION PRACTICES,00,,NATIONAL,BU,ANNUAL,GRAIN,,,"CORN, GRAIN - PRODUCTION, MEASURED IN BU",2021-10-12 12:01:38.000,CORN,,,2021,ALL CLASSES,,US TOTAL,,00,00000000,FIELD CROPS
UNITED STATES,US,,99,TOTAL,,YEAR - SEP FORECAST,NOT SPECIFIED,"14,996,417,000",,SURVEY,9000,PRODUCTION,,,CROPS,US TOTAL,ALL PRODUCTION PRACTICES,00,,NATIONAL,BU,ANNUAL,GRAIN,,,"CORN, GRAIN - PRODUCTION, MEASURED IN BU",2021-09-10 12:08:17.000,CORN,,,2021,ALL CLASSES,,US TOTAL,,00,00000000,FIELD CROPS
UNITED STATES,US,,99,TOTAL,,YEAR,NOT SPECIFIED,"13,650,531,000",,SURVEY,9000,PRODUCTION,,,CROPS,US TOTAL,ALL PRODUCTION PRACTICES,00,,NATIONAL,BU,ANNUAL,GRAIN,,,"CORN, GRAIN - PRODUCTION, MEASURED IN BU",2024-01-09 15:00:00.000,CORN,,,2022,ALL CLASSES,,US TOTAL,,00,00000000,FIELD CROPS
UNITED STATES,US,,99,TOTAL,,YEAR - AUG FORECAST,NOT SPECIFIED,"14,358,679,000",,SURVEY,9000,PRODUCTION,,,CROPS,US TOTAL,ALL PRODUCTION PRACTICES,00,,NATIONAL,BU,ANNUAL,GRAIN,,,"CORN, GRAIN - PRODUCTION, MEASURED IN BU",2022-08-12 12:00:52.000,CORN,,,2022,ALL CLASSES,,US TOTAL,,00,00000000,FIELD CROPS
UNITED STATES,US,,99,TOTAL,,YEAR - NOV FORECAST,NOT SPECIFIED,"13,929,921,000",,SURVEY,9000,PRODUCTION,,,CROPS,US TOTAL,ALL PRODUCTION PRACTICES,00,,NATIONAL,BU,ANNUAL,GRAIN,,,"CORN, GRAIN - PRODUCTION, MEASURED IN BU",2022-11-09 12:00:00.000,CORN,,,2022,ALL CLASSES,,US TOTAL,,00,00000000,FIELD CROPS
UNITED STATES,US,,99,TOTAL,,YEAR - OCT FORECAST,NOT SPECIFIED,"13,895,176,000",,SURVEY,9000,PRODUCTION,,,CROPS,US TOTAL,ALL PRODUCTION PRACTICES,00,,NATIONAL,BU,ANNUAL,GRAIN,,,"CORN, GRAIN - PRODUCTION, MEASURED IN BU",2022-10-12 12:00:00.000,CORN,,,2022,ALL CLASSES,,US TOTAL,,00,00000000,FIELD CROPS
UNITED STATES,US,,99,TOTAL,,YEAR - SEP FORECAST,NOT SPECIFIED,"13,943,913,000",,SURVEY,9000,PRODUCTION,,,CROPS,US TOTAL,ALL PRODUCTION PRACTICES,00,,NATIONAL,BU,ANNUAL,GRAIN,,,"CORN, GRAIN - PRODUCTION, MEASURED IN BU",2022-09-12 12:03:33.000,CORN,,,2022,ALL CLASSES,,US TOTAL,,00,00000000,FIELD CROPS
UNITED STATES,US,,99,TOTAL,,YEAR,NOT SPECIFIED,"15,340,520,000",,SURVEY,9000,PRODUCTION,,,CROPS,US TOTAL,ALL PRODUCTION PRACTICES,00,,NATIONAL,BU,ANNUAL,GRAIN,,,"CORN, GRAIN - PRODUCTION, MEASURED IN BU",2024-09-30 12:00:00.000,CORN,,,2023,ALL CLASSES,,US TOTAL,,00,00000000,FIELD CROPS
UNITED STATES,US,,99,TOTAL,,YEAR - AUG FORECAST,NOT SPECIFIED,"15,110,787,000",,SURVEY,9000,PRODUCTION,,,CROPS,US TOTAL,ALL PRODUCTION PRACTICES,00,,NATIONAL,BU,ANNUAL,GRAIN,,,"CORN, GRAIN - PRODUCTION, MEASURED IN BU",2023-08-11 12:00:00.000,CORN,,,2023,ALL CLASSES,,US TOTAL,,00,00000000,FIELD CROPS
UNITED STATES,US,,99,TOTAL,,YEAR - NOV FORECAST,NOT SPECIFIED,"15,234,285,000",,SURVEY,9000,PRODUCTION,,,CROPS,US TOTAL,ALL PRODUCTION PRACTICES,00,,NATIONAL,BU,ANNUAL,GRAIN,,,"CORN, GRAIN - PRODUCTION, MEASURED IN BU",2023-11-09 12:00:00.000,CORN,,,2023,ALL CLASSES,,US TOTAL,,00,00000000,FIELD CROPS
UNITED STATES,US,,99,TOTAL,,YEAR - OCT FORECAST,NOT SPECIFIED,"15,064,420,000",,SURVEY,9000,PRODUCTION,,,CROPS,US TOTAL,ALL PRODUCTION PRACTICES,00,,NATIONAL,BU,ANNUAL,GRAIN,,,"CORN, GRAIN - PRODUCTION, MEASURED IN BU",2023-10-12 12:00:00.000,CORN,,,2023,ALL CLASSES,,US TOTAL,,00,00000000,FIELD CROPS
UNITED STATES,US,,99,TOTAL,,YEAR - SEP FORECAST,NOT SPECIFIED,"15,133,911,000",,SURVEY,9000,PRODUCTION,,,CROPS,US TOTAL,ALL PRODUCTION PRACTICES,00,,NATIONAL,BU,ANNUAL,GRAIN,,,"CORN, GRAIN - PRODUCTION, MEASURED IN BU",2023-09-12 12:00:00.000,CORN,,,2023,ALL CLASSES,,US TOTAL,,00,00000000,FIELD CROPS
UNITED STATES,US,,99,AREA HARVESTED,,YEAR,"AREA HARVESTED: (1,000 OR MORE ACRES)","1,277,938,564",,CENSUS,9000,PRODUCTION,,,CROPS,US TOTAL,ALL PRODUCTION PRACTICES,00,,NATIONAL,BU,ANNUAL,GRAIN,,,"CORN, GRAIN - PRODUCTION, MEASURED IN BU",2012-01-01 00:00:00.000,CORN,,,1997,ALL CLASSES,,US TOTAL,,00,00000000,FIELD CROPS
UNITED STATES,US,,99,AREA HARVESTED,,YEAR,"AREA HARVESTED: (1,000 TO 1,999 ACRES)","954,782,014",,CENSUS,9000,PRODUCTION,,,CROPS,US TOTAL,ALL PRODUCTION PRACTICES,00,,NATIONAL,BU,ANNUAL,GRAIN,,,"CORN, GRAIN - PRODUCTION, MEASURED IN BU",2012-01-01 00:00:00.000,CORN,,,1997,ALL CLASSES,,US TOTAL,,00,00000000,FIELD CROPS
UNITED STATES,US,,99,AREA HARVESTED,,YEAR,AREA HARVESTED: (1.0 TO 14.9 ACRES),"46,155,082",,CENSUS,9000,PRODUCTION,,,CROPS,US TOTAL,ALL PRODUCTION PRACTICES,00,,NATIONAL,BU,ANNUAL,GRAIN,,,"CORN, GRAIN - PRODUCTION, MEASURED IN BU",2012-01-01 00:00:00.000,CORN,,,1997,ALL CLASSES,,US TOTAL,,00,00000000,FIELD CROPS
UNITED STATES,US,,99,AREA HARVESTED,,YEAR,AREA HARVESTED: (100 TO 249 ACRES),"1,927,695,870",,CENSUS,9000,PRODUCTION,,,CROPS,US TOTAL,ALL PRODUCTION PRACTICES,00,,NATIONAL,BU,ANNUAL,GRAIN,,,"CORN, GRAIN - PRODUCTION, MEASURED IN BU",2012-01-01 00:00:00.000,CORN,,,1997,ALL CLASSES,,US TOTAL,,00,00000000,FIELD CROPS
UNITED STATES,US,,99,AREA HARVESTED,,YEAR,AREA HARVESTED: (15.0 TO 24.9 ACRES),"70,880,772",,CENSUS,9000,PRODUCTION,,,CROPS,US TOTAL,ALL PRODUCTION PRACTICES,00,,NATIONAL,BU,ANNUAL,GRAIN,,,"CORN, GRAIN - PRODUCTION, MEASURED IN BU",2012-01-01 00:00:00.000,CORN,,,1997,ALL CLASSES,,US TOTAL,,00,00000000,FIELD CROPS
UNITED STATES,US,,99,AREA HARVESTED,,YEAR,"AREA HARVESTED: (2,000 TO 2,999 ACRES)","197,387,210",,CENSUS,9000,PRODUCTION,,,CROPS,US TOTAL,ALL PRODUCTION PRACTICES,00,,NATIONAL,BU,ANNUAL,GRAIN,,,"CORN, GRAIN - PRODUCTION, MEASURED IN BU",2012-01-01 00:00:00.000,CORN,,,1997,ALL CLASSES,,US TOTAL,,00,00000000,FIELD CROPS
UNITED STATES,US,,99,AREA HARVESTED,,YEAR,AREA HARVESTED: (25.0 TO 49.9 ACRES),"247,189,880",,CENSUS,9000,PRODUCTION,,,CROPS,US TOTAL,ALL PRODUCTION PRACTICES,00,,NATIONAL,BU,ANNUAL,GRAIN,,,"CORN, GRAIN - PRODUCTION, MEASURED IN BU",2012-01-01 00:00:00.000,CORN,,,1997,ALL CLASSES,,US TOTAL,,00,00000000,FIELD CROPS
UNITED STATES,US,,99,AREA HARVESTED,,YEAR,AREA HARVESTED: (250 TO 499 ACRES),"2,379,211,641",,CENSUS,9000,PRODUCTION,,,CROPS,US TOTAL,ALL PRODUCTION PRACTICES,00,,NATIONAL,BU,ANNUAL,GRAIN,,,"CORN, GRAIN - PRODUCTION, MEASURED IN BU",2012-01-01 00:00:00.000,CORN,,,1997,ALL CLASSES,,US TOTAL,,00,00000000,FIELD CROPS
UNITED STATES,US,,99,AREA HARVESTED,,YEAR,"AREA HARVESTED: (3,000 TO 4,999 ACRES)","91,368,297",,CENSUS,9000,PRODUCTION,,,CROPS,US TOTAL,ALL PRODUCTION PRACTICES,00,,NATIONAL,BU,ANNUAL,GRAIN,,,"CORN, GRAIN - PRODUCTION, MEASURED IN BU",2012-01-01 00:00:00.000,CORN,,,1997,ALL CLASSES,,US TOTAL,,00,00000000,FIELD CROPS
UNITED STATES,US,,99,AREA HARVESTED,,YEAR,"AREA HARVESTED: (5,000 OR MORE ACRES)","34,401,043",,CENSUS,9000,PRODUCTION,,,CROPS,US TOTAL,ALL PRODUCTION PRACTICES,00,,NATIONAL,BU,ANNUAL,GRAIN,,,"CORN, GRAIN - PRODUCTION, MEASURED IN BU",2012-01-01 00:00:00.000,CORN,,,1997,ALL CLASSES,,US TOTAL,,00,00000000,FIELD CROPS
UNITED STATES,US,,99,AREA HARVESTED,,YEAR,AREA HARVESTED: (50.0 TO 99.9 ACRES),"615,230,412",,CENSUS,9000,PRODUCTION,,,CROPS,US TOTAL,ALL PRODUCTION PRACTICES,00,,NATIONAL,BU,ANNUAL,GRAIN,,,"CORN, GRAIN - PRODUCTION, MEASURED IN BU",2012-01-01 00:00:00.000,CORN,,,1997,ALL CLASSES,,US TOTAL,,00,00000000,FIELD CROPS
UNITED STATES,US,,99,AREA HARVESTED,,YEAR,AREA HARVESTED: (500 TO 999 ACRES),"2,168,175,877",,CENSUS,9000,PRODUCTION,,,CROPS,US TOTAL,ALL PRODUCTION PRACTICES,00,,NATIONAL,BU,ANNUAL,GRAIN,,,"CORN, GRAIN - PRODUCTION, MEASURED IN BU",2012-01-01 00:00:00.000,CORN,,,1997,ALL CLASSES,,US TOTAL,,00,00000000,FIELD CROPS
UNITED STATES,US,,99,TOTAL,,YEAR,NOT SPECIFIED,"8,732,478,098",,CENSUS,9000,PRODUCTION,,,CROPS,US TOTAL,ALL PRODUCTION PRACTICES,00,,NATIONAL,BU,ANNUAL,GRAIN,,,"CORN, GRAIN - PRODUCTION, MEASURED IN BU",2012-01-01 00:00:00.000,CORN,,,1997,ALL CLASSES,,US TOTAL,,00,00000000,FIELD CROPS
UNITED STATES,US,,99,AREA HARVESTED,,YEAR,"AREA HARVESTED: (1,000 OR MORE ACRES)","1,797,763,099",,CENSUS,9000,PRODUCTION,,,CROPS,US TOTAL,ALL PRODUCTION PRACTICES,00,,NATIONAL,BU,ANNUAL,GRAIN,,,"CORN, GRAIN - PRODUCTION, MEASURED IN BU",2012-01-01 00:00:00.000,CORN,,,2002,ALL CLASSES,,US TOTAL,,00,00000000,FIELD CROPS
UNITED STATES,US,,99,AREA HARVESTED,,YEAR,"AREA HARVESTED: (1,000 TO 1,999 ACRES)","1,281,012,933",,CENSUS,9000,PRODUCTION,,,CROPS,US TOTAL,ALL PRODUCTION PRACTICES,00,,NATIONAL,BU,ANNUAL,GRAIN,,,"CORN, GRAIN - PRODUCTION, MEASURED IN BU",2012-01-01 00:00:00.000,CORN,,,2002,ALL CLASSES,,US TOTAL,,00,00000000,FIELD CROPS
UNITED STATES,US,,99,AREA HARVESTED,,YEAR,AREA HARVESTED: (1.0 TO 14.9 ACRES),"28,692,851",,CENSUS,9000,PRODUCTION,,,CROPS,US TOTAL,ALL PRODUCTION PRACTICES,00,,NATIONAL,BU,ANNUAL,GRAIN,,,"CORN, GRAIN - PRODUCTION, MEASURED IN BU",2012-01-01 00:00:00.000,CORN,,,2002,ALL CLASSES,,US TOTAL,,00,00000000,FIELD CROPS
UNITED STATES,US,,99,AREA HARVESTED,,YEAR,AREA HARVESTED: (100 TO 249 ACRES),"1,565,808,118",,CENSUS,9000,PRODUCTION,,,CROPS,US TOTAL,ALL PRODUCTION PRACTICES,00,,NATIONAL,BU,ANNUAL,GRAIN,,,"CORN, GRAIN - PRODUCTION, MEASURED IN BU",2012-01-01 00:00:00.000,CORN,,,2002,ALL CLASSES,,US TOTAL,,00,00000000,FIELD CROPS
UNITED STATES,US,,99,AREA HARVESTED,,YEAR,AREA HARVESTED: (15.0 TO 24.9 ACRES),"45,370,212",,CENSUS,9000,PRODUCTION,,,CROPS,US TOTAL,ALL PRODUCTION PRACTICES,00,,NATIONAL,BU,ANNUAL,GRAIN,,,"CORN, GRAIN - PRODUCTION, MEASURED IN BU",2012-01-01 00:00:00.000,CORN,,,2002,ALL CLASSES,,US TOTAL,,00,00000000,FIELD CROPS
UNITED STATES,US,,99,AREA HARVESTED,,YEAR,"AREA HARVESTED: (2,000 TO 2,999 ACRES)","299,890,161",,CENSUS,9000,PRODUCTION,,,CROPS,US TOTAL,ALL PRODUCTION PRACTICES,00,,NATIONAL,BU,ANNUAL,GRAIN,,,"CORN, GRAIN - PRODUCTION, MEASURED IN BU",2012-01-01 00:00:00.000,CORN,,,2002,ALL CLASSES,,US TOTAL,,00,00000000,FIELD CROPS
UNITED STATES,US,,99,AREA HARVESTED,,YEAR,AREA HARVESTED: (25.0 TO 49.9 ACRES),"173,459,715",,CENSUS,9000,PRODUCTION,,,CROPS,US TOTAL,ALL PRODUCTION PRACTICES,00,,NATIONAL,BU,ANNUAL,GRAIN,,,"CORN, GRAIN - PRODUCTION, MEASURED IN BU",2012-01-01 00:00:00.000,CORN,,,2002,ALL CLASSES,,US TOTAL,,00,00000000,FIELD CROPS
UNITED STATES,US,,99,AREA HARVESTED,,YEAR,AREA HARVESTED: (250 TO 499 ACRES),"2,142,549,203",,CENSUS,9000,PRODUCTION,,,CROPS,US TOTAL,ALL PRODUCTION PRACTICES,00,,NATIONAL,BU,ANNUAL,GRAIN,,,"CORN, GRAIN - PRODUCTION, MEASURED IN BU",2012-01-01 00:00:00.000,CORN,,,2002,ALL CLASSES,,US TOTAL,,00,00000000,FIELD CROPS
UNITED STATES,US,,99,AREA HARVESTED,,YEAR,"AREA HARVESTED: (3,000 TO 4,999 ACRES)","150,014,749",,CENSUS,9000,PRODUCTION,,,CROPS,US TOTAL,ALL PRODUCTION PRACTICES,00,,NATIONAL,BU,ANNUAL,GRAIN,,,"CORN, GRAIN - PRODUCTION, MEASURED IN BU",2012-01-01 00:00:00.000,CORN,,,2002,ALL CLASSES,,US TOTAL,,00,00000000,FIELD CROPS
UNITED STATES,US,,99,AREA HARVESTED,,YEAR,"AREA HARVESTED: (5,000 OR MORE ACRES)","66,845,256",,CENSUS,9000,PRODUCTION,,,CROPS,US TOTAL,ALL PRODUCTION PRACTICES,00,,NATIONAL,BU,ANNUAL,GRAIN,,,"CORN, GRAIN - PRODUCTION, MEASURED IN BU",2012-01-01 00:00:00.000,CORN,,,2002,ALL CLASSES,,US TOTAL,,00,00000000,FIELD CROPS
UNITED STATES,US,,99,AREA HARVESTED,,YEAR,AREA HARVESTED: (50.0 TO 99.9 ACRES),"476,455,129",,CENSUS,9000,PRODUCTION,,,CROPS,US TOTAL,ALL PRODUCTION PRACTICES,00,,NATIONAL,BU,ANNUAL,GRAIN,,,"CORN, GRAIN - PRODUCTION, MEASURED IN BU",2012-01-01 00:00:00.000,CORN,,,2002,ALL CLASSES,,US TOTAL,,00,00000000,FIELD CROPS
UNITED STATES,US,,99,AREA HARVESTED,,YEAR,AREA HARVESTED: (500 TO 999 ACRES),"2,382,963,487",,CENSUS,9000,PRODUCTION,,,CROPS,US TOTAL,ALL PRODUCTION PRACTICES,00,,NATIONAL,BU,ANNUAL,GRAIN,,,"CORN, GRAIN - PRODUCTION, MEASURED IN BU",2012-01-01 00:00:00.000,CORN,,,2002,ALL CLASSES,,US TOTAL,,00,00000000,FIELD CROPS
UNITED STATES,US,,99,TOTAL,,YEAR,NOT SPECIFIED,"8,613,061,814",,CENSUS,9000,PRODUCTION,,,CROPS,US TOTAL,ALL PRODUCTION PRACTICES,00,,NATIONAL,BU,ANNUAL,GRAIN,,,"CORN, GRAIN - PRODUCTION, MEASURED IN BU",2012-01-01 00:00:00.000,CORN,,,2002,ALL CLASSES,,US TOTAL,,00,00000000,FIELD CROPS
UNITED STATES,US,,99,AREA HARVESTED,,YEAR,"AREA HARVESTED: (1,000 OR MORE ACRES)","4,282,995,350",,CENSUS,9000,PRODUCTION,,,CROPS,US TOTAL,ALL PRODUCTION PRACTICES,00,,NATIONAL,BU,ANNUAL,GRAIN,,,"CORN, GRAIN - PRODUCTION, MEASURED IN BU",2012-01-01 00:00:00.000,CORN,,,2007,ALL CLASSES,,US TOTAL,,00,00000000,FIELD CROPS
UNITED STATES,US,,99,AREA HARVESTED,,YEAR,"AREA HARVESTED: (1,000 TO 1,999 ACRES)","2,619,062,466",,CENSUS,9000,PRODUCTION,,,CROPS,US TOTAL,ALL PRODUCTION PRACTICES,00,,NATIONAL,BU,ANNUAL,GRAIN,,,"CORN, GRAIN - PRODUCTION, MEASURED IN BU",2012-01-01 00:00:00.000,CORN,,,2007,ALL CLASSES,,US TOTAL,,00,00000000,FIELD CROPS
UNITED STATES,US,,99,AREA HARVESTED,,YEAR,AREA HARVESTED: (1.0 TO 14.9 ACRES),"33,542,995",,CENSUS,9000,PRODUCTION,,,CROPS,US TOTAL,ALL PRODUCTION PRACTICES,00,,NATIONAL,BU,ANNUAL,GRAIN,,,"CORN, GRAIN - PRODUCTION, MEASURED IN BU",2012-01-01 00:00:00.000,CORN,,,2007,ALL CLASSES,,US TOTAL,,00,00000000,FIELD CROPS
UNITED STATES,US,,99,AREA HARVESTED,,YEAR,AREA HARVESTED: (100 TO 249 ACRES),"1,705,815,656",,CENSUS,9000,PRODUCTION,,,CROPS,US TOTAL,ALL PRODUCTION PRACTICES,00,,NATIONAL,BU,ANNUAL,GRAIN,,,"CORN, GRAIN - PRODUCTION, MEASURED IN BU",2012-01-01 00:00:00.000,CORN,,,2007,ALL CLASSES,,US TOTAL,,00,00000000,FIELD CROPS
UNITED STATES,US,,99,AREA HARVESTED,,YEAR,AREA HARVESTED: (15.0 TO 24.9 ACRES),"50,766,917",,CENSUS,9000,PRODUCTION,,,CROPS,US TOTAL,ALL PRODUCTION PRACTICES,00,,NATIONAL,BU,ANNUAL,GRAIN,,,"CORN, GRAIN - PRODUCTION, MEASURED IN BU",2012-01-01 00:00:00.000,CORN,,,2007,ALL CLASSES,,US TOTAL,,00,00000000,FIELD CROPS
UNITED STATES,US,,99,AREA HARVESTED,,YEAR,"AREA HARVESTED: (2,000 TO 2,999 ACRES)","845,597,953",,CENSUS,9000,PRODUCTION,,,CROPS,US TOTAL,ALL PRODUCTION PRACTICES,00,,NATIONAL,BU,ANNUAL,GRAIN,,,"CORN, GRAIN - PRODUCTION, MEASURED IN BU",2012-01-01 00:00:00.000,CORN,,,2007,ALL CLASSES,,US TOTAL,,00,00000000,FIELD CROPS
UNITED STATES,US,,99,AREA HARVESTED,,YEAR,AREA HARVESTED: (25.0 TO 49.9 ACRES),"188,266,152",,CENSUS,9000,PRODUCTION,,,CROPS,US TOTAL,ALL PRODUCTION PRACTICES,00,,NATIONAL,BU,ANNUAL,GRAIN,,,"CORN, GRAIN - PRODUCTION, MEASURED IN BU",2012-01-01 00:00:00.000,CORN,,,2007,ALL CLASSES,,US TOTAL,,00,00000000,FIELD CROPS
UNITED STATES,US,,99,AREA HARVESTED,,YEAR,AREA HARVESTED: (250 TO 499 ACRES),"2,586,255,887",,CENSUS,9000,PRODUCTION,,,CROPS,US TOTAL,ALL PRODUCTION PRACTICES,00,,NATIONAL,BU,ANNUAL,GRAIN,,,"CORN, GRAIN - PRODUCTION, MEASURED IN BU",2012-01-01 00:00:00.000,CORN,,,2007,ALL CLASSES,,US TOTAL,,00,00000000,FIELD CROPS
UNITED STATES,US,,99,AREA HARVESTED,,YEAR,"AREA HARVESTED: (3,000 TO 4,999 ACRES)","564,045,708",,CENSUS,9000,PRODUCTION,,,CROPS,US TOTAL,ALL PRODUCTION PRACTICES,00,,NATIONAL,BU,ANNUAL,GRAIN,,,"CORN, GRAIN - PRODUCTION, MEASURED IN BU",2012-01-01 00:00:00.000,CORN,,,2007,ALL CLASSES,,US TOTAL,,00,00000000,FIELD CROPS
UNITED STATES,US,,99,AREA HARVESTED,,YEAR,"AREA HARVESTED: (5,000 OR MORE ACRES)","254,289,223",,CENSUS,9000,PRODUCTION,,,CROPS,US TOTAL,ALL PRODUCTION PRACTICES,00,,NATIONAL,BU,ANNUAL,GRAIN,,,"CORN, GRAIN - PRODUCTION, MEASURED IN BU",2012-01-01 00:00:00.000,CORN,,,2007,ALL CLASSES,,US TOTAL,,00,00000000,FIELD CROPS
UNITED STATES,US,,99,AREA HARVESTED,,YEAR,AREA HARVESTED: (50.0 TO 99.9 ACRES),"510,979,422",,CENSUS,9000,PRODUCTION,,,CROPS,US TOTAL,ALL PRODUCTION PRACTICES,00,,NATIONAL,BU,ANNUAL,GRAIN,,,"CORN, GRAIN - PRODUCTION, MEASURED IN BU",2012-01-01 00:00:00.000,CORN,,,2007,ALL CLASSES,,US TOTAL,,00,00000000,FIELD CROPS
UNITED STATES,US,,99,AREA HARVESTED,,YEAR,AREA HARVESTED: (500 TO 999 ACRES),"3,379,896,951",,CENSUS,9000,PRODUCTION,,,CROPS,US TOTAL,ALL PRODUCTION PRACTICES,00,,NATIONAL,BU,ANNUAL,GRAIN,,,"CORN, GRAIN - PRODUCTION, MEASURED IN BU",2012-01-01 00:00:00.000,CORN,,,2007,ALL CLASSES,,US TOTAL,,00,00000000,FIELD CROPS
UNITED STATES,US,,99,TOTAL,,YEAR,NOT SPECIFIED,"12,738,519,330",,CENSUS,9000,PRODUCTION,,,CROPS,US TOTAL,ALL PRODUCTION PRACTICES,00,,NATIONAL,BU,ANNUAL,GRAIN,,,"CORN, GRAIN - PRODUCTION, MEASURED IN BU",2012-01-01 00:00:00.000,CORN,,,2007,ALL CLASSES,,US TOTAL,,00,00000000,FIELD CROPS
UNITED STATES,US,,99,ORGANIC STATUS,,YEAR,ORGANIC STATUS: (NOP USDA CERTIFIED & EXEMPT),"15,749,401",,CENSUS,9000,PRODUCTION,,,CROPS,US TOTAL,ORGANIC,00,,NATIONAL,BU,ANNUAL,GRAIN,,,"CORN, GRAIN, ORGANIC - PRODUCTION, MEASURED IN BU",2012-01-01 00:00:00.000,CORN,,,2008,ALL CLASSES,,US TOTAL,,00,00000000,FIELD CROPS
UNITED STATES,US,,99,ORGANIC STATUS,,YEAR,ORGANIC STATUS: (NOP USDA CERTIFIED),"15,702,177",,CENSUS,9000,PRODUCTION,,,CROPS,US TOTAL,ORGANIC,00,,NATIONAL,BU,ANNUAL,GRAIN,,,"CORN, GRAIN, ORGANIC - PRODUCTION, MEASURED IN BU",2012-01-01 00:00:00.000,CORN,,,2008,ALL CLASSES,,US TOTAL,,00,00000000,FIELD CROPS
UNITED STATES,US,,99,ORGANIC STATUS,,YEAR,ORGANIC STATUS: (NOP USDA EXEMPT),"47,224",,CENSUS,9000,PRODUCTION,,,CROPS,US TOTAL,ORGANIC,00,,NATIONAL,BU,ANNUAL,GRAIN,,,"CORN, GRAIN, ORGANIC - PRODUCTION, MEASURED IN BU",2012-01-01 00:00:00.000,CORN,,,2008,ALL CLASSES,,US TOTAL,,00,00000000,FIELD CROPS
UNITED STATES,US,,99,ORGANIC STATUS,,YEAR,ORGANIC STATUS: (NOP USDA CERTIFIED),"14,238,189",,CENSUS,9000,PRODUCTION,,,CROPS,US TOTAL,ORGANIC,00,,NATIONAL,BU,ANNUAL,GRAIN,,,"CORN, GRAIN, ORGANIC - PRODUCTION, MEASURED IN BU",2012-12-31 00:00:00.000,CORN,,,2011,ALL CLASSES,,US TOTAL,,00,00000000,FIELD CROPS
UNITED STATES,US,,99,AREA HARVESTED,,YEAR,"AREA HARVESTED: (1,000 OR MORE ACRES)","3,670,111,522",,CENSUS,9000,PRODUCTION,,,CROPS,US TOTAL,ALL PRODUCTION PRACTICES,00,,NATIONAL,BU,ANNUAL,GRAIN,,,"CORN, GRAIN - PRODUCTION, MEASURED IN BU",2012-12-31 00:00:00.000,CORN,2.3,,2012,ALL CLASSES,,US TOTAL,,00,00000000,FIELD CROPS
UNITED STATES,US,,99,AREA HARVESTED,,YEAR,"AREA HARVESTED: (1,000 TO 1,999 ACRES)","2,200,693,950",,CENSUS,9000,PRODUCTION,,,CROPS,US TOTAL,ALL PRODUCTION PRACTICES,00,,NATIONAL,BU,ANNUAL,GRAIN,,,"CORN, GRAIN - PRODUCTION, MEASURED IN BU",2012-12-31 00:00:00.000,CORN,1.7,,2012,ALL CLASSES,,US TOTAL,,00,00000000,FIELD CROPS
UNITED STATES,US,,99,AREA HARVESTED,,YEAR,AREA HARVESTED: (1.0 TO 14.9 ACRES),"31,996,117",,CENSUS,9000,PRODUCTION,,,CROPS,US TOTAL,ALL PRODUCTION PRACTICES,00,,NATIONAL,BU,ANNUAL,GRAIN,,,"CORN, GRAIN - PRODUCTION, MEASURED IN BU",2012-12-31 00:00:00.000,CORN,2.5,,2012,ALL CLASSES,,US TOTAL,,00,00000000,FIELD CROPS
UNITED STATES,US,,99,AREA HARVESTED,,YEAR,AREA HARVESTED: (100 TO 249 ACRES),"1,353,135,191",,CENSUS,9000,PRODUCTION,,,CROPS,US TOTAL,ALL PRODUCTION PRACTICES,00,,NATIONAL,BU,ANNUAL,GRAIN,,,"CORN, GRAIN - PRODUCTION, MEASURED IN BU",2012-12-31 00:00:00.000,CORN,8.9,,2012,ALL CLASSES,,US TOTAL,,00,00000000,FIELD CROPS
UNITED STATES,US,,99,AREA HARVESTED,,YEAR,AREA HARVESTED: (15.0 TO 24.9 ACRES),"46,824,759",,CENSUS,9000,PRODUCTION,,,CROPS,US TOTAL,ALL PRODUCTION PRACTICES,00,,NATIONAL,BU,ANNUAL,GRAIN,,,"CORN, GRAIN - PRODUCTION, MEASURED IN BU",2012-12-31 00:00:00.000,CORN,4.0,,2012,ALL CLASSES,,US TOTAL,,00,00000000,FIELD CROPS
UNITED STATES,US,,99,AREA HARVESTED,,YEAR,"AREA HARVESTED: (2,000 TO 2,999 ACRES)","691,910,594",,CENSUS,9000,PRODUCTION,,,CROPS,US TOTAL,ALL PRODUCTION PRACTICES,00,,NATIONAL,BU,ANNUAL,GRAIN,,,"CORN, GRAIN - PRODUCTION, MEASURED IN BU",2012-12-31 00:00:00.000,CORN,2.5,,2012,ALL CLASSES,,US TOTAL,,00,00000000,FIELD CROPS
UNITED STATES,US,,99,AREA HARVESTED,,YEAR,AREA HARVESTED: (25.0 TO 49.9 ACRES),"164,867,435",,CENSUS,9000,PRODUCTION,,,CROPS,US TOTAL,ALL PRODUCTION PRACTICES,00,,NATIONAL,BU,ANNUAL,GRAIN,,,"CORN, GRAIN - PRODUCTION, MEASURED IN BU",2012-12-31 00:00:00.000,CORN,3.9,,2012,ALL CLASSES,,US TOTAL,,00,00000000,FIELD CROPS
UNITED STATES,US,,99,AREA HARVESTED,,YEAR,AREA HARVESTED: (250 TO 499 ACRES),"1,995,672,974",,CENSUS,9000,PRODUCTION,,,CROPS,US TOTAL,ALL PRODUCTION PRACTICES,00,,NATIONAL,BU,ANNUAL,GRAIN,,,"CORN, GRAIN - PRODUCTION, MEASURED IN BU",2012-12-31 00:00:00.000,CORN,1.2,,2012,ALL CLASSES,,US TOTAL,,00,00000000,FIELD CROPS
UNITED STATES,US,,99,AREA HARVESTED,,YEAR,"AREA HARVESTED: (3,000 TO 4,999 ACRES)","436,095,935",,CENSUS,9000,PRODUCTION,,,CROPS,US TOTAL,ALL PRODUCTION PRACTICES,00,,NATIONAL,BU,ANNUAL,GRAIN,,,"CORN, GRAIN - PRODUCTION, MEASURED IN BU",2012-12-31 00:00:00.000,CORN,3.0,,2012,ALL CLASSES,,US TOTAL,,00,00000000,FIELD CROPS
UNITED STATES,US,,99,AREA HARVESTED,,YEAR,"AREA HARVESTED: (5,000 OR MORE ACRES)","341,411,043",,CENSUS,9000,PRODUCTION,,,CROPS,US TOTAL,ALL PRODUCTION PRACTICES,00,,NATIONAL,BU,ANNUAL,GRAIN,,,"CORN, GRAIN - PRODUCTION, MEASURED IN BU",2012-12-31 00:00:00.000,CORN,14.4,,2012,ALL CLASSES,,US TOTAL,,00,00000000,FIELD CROPS
UNITED STATES,US,,99,AREA HARVESTED,,YEAR,AREA HARVESTED: (50.0 TO 99.9 ACRES),"422,425,946",,CENSUS,9000,PRODUCTION,,,CROPS,US TOTAL,ALL PRODUCTION PRACTICES,00,,NATIONAL,BU,ANNUAL,GRAIN,,,"CORN, GRAIN - PRODUCTION, MEASURED IN BU",2012-12-31 00:00:00.000,CORN,5.5,,2012,ALL CLASSES,,US TOTAL,,00,00000000,FIELD CROPS
UNITED STATES,US,,99,AREA HARVESTED,,YEAR,AREA HARVESTED: (500 TO 999 ACRES),"2,648,376,213",,CENSUS,9000,PRODUCTION,,,CROPS,US TOTAL,ALL PRODUCTION PRACTICES,00,,NATIONAL,BU,ANNUAL,GRAIN,,,"CORN, GRAIN - PRODUCTION, MEASURED IN BU",2012-12-31 00:00:00.000,CORN,1.5,,2012,ALL CLASSES,,US TOTAL,,00,00000000,FIELD CROPS
UNITED STATES,US,,99,AREA OPERATED,,YEAR,"AREA OPERATED: (1,000 TO 1,999 ACRES)","2,755,823,158",,CENSUS,9000,PRODUCTION,,,CROPS,US TOTAL,ALL PRODUCTION PRACTICES,00,,NATIONAL,BU,ANNUAL,GRAIN,,,"CORN, GRAIN - PRODUCTION, MEASURED IN BU",2012-12-31 00:00:00.000,CORN,1.8,,2012,ALL CLASSES,,US TOTAL,,00,00000000,FIELD CROPS
UNITED STATES,US,,99,AREA OPERATED,,YEAR,AREA OPERATED: (1.0 TO 9.9 ACRES),"1,125,062",,CENSUS,9000,PRODUCTION,,,CROPS,US TOTAL,ALL PRODUCTION PRACTICES,00,,NATIONAL,BU,ANNUAL,GRAIN,,,"CORN, GRAIN - PRODUCTION, MEASURED IN BU",2012-12-31 00:00:00.000,CORN,5.3,,2012,ALL CLASSES,,US TOTAL,,00,00000000,FIELD CROPS
UNITED STATES,US,,99,AREA OPERATED,,YEAR,AREA OPERATED: (10.0 TO 49.9 ACRES),"34,337,667",,CENSUS,9000,PRODUCTION,,,CROPS,US TOTAL,ALL PRODUCTION PRACTICES,00,,NATIONAL,BU,ANNUAL,GRAIN,,,"CORN, GRAIN - PRODUCTION, MEASURED IN BU",2012-12-31 00:00:00.000,CORN,4.9,,2012,ALL CLASSES,,US TOTAL,,00,00000000,FIELD CROPS
UNITED STATES,US,,99,AREA OPERATED,,YEAR,AREA OPERATED: (100 TO 139 ACRES),"106,998,189",,CENSUS,9000,PRODUCTION,,,CROPS,US TOTAL,ALL PRODUCTION PRACTICES,00,,NATIONAL,BU,ANNUAL,GRAIN,,,"CORN, GRAIN - PRODUCTION, MEASURED IN BU",2012-12-31 00:00:00.000,CORN,2.7,,2012,ALL CLASSES,,US TOTAL,,00,00000000,FIELD CROPS
UNITED STATES,US,,99,AREA OPERATED,,YEAR,AREA OPERATED: (140 TO 179 ACRES),"149,964,894",,CENSUS,9000,PRODUCTION,,,CROPS,US TOTAL,ALL PRODUCTION PRACTICES,00,,NATIONAL,BU,ANNUAL,GRAIN,,,"CORN, GRAIN - PRODUCTION, MEASURED IN BU",2012-12-31 00:00:00.000,CORN,9.5,,2012,ALL CLASSES,,US TOTAL,,00,00000000,FIELD CROPS
UNITED STATES,US,,99,AREA OPERATED,,YEAR,AREA OPERATED: (180 TO 219 ACRES),"135,024,469",,CENSUS,9000,PRODUCTION,,,CROPS,US TOTAL,ALL PRODUCTION PRACTICES,00,,NATIONAL,BU,ANNUAL,GRAIN,,,"CORN, GRAIN - PRODUCTION, MEASURED IN BU",2012-12-31 00:00:00.000,CORN,16.1,,2012,ALL CLASSES,,US TOTAL,,00,00000000,FIELD CROPS
UNITED STATES,US,,99,AREA OPERATED,,YEAR,"AREA OPERATED: (2,000 OR MORE ACRES)","3,990,252,069",,CENSUS,9000,PRODUCTION,,,CROPS,US TOTAL,ALL PRODUCTION PRACTICES,00,,NATIONAL,BU,ANNUAL,GRAIN,,,"CORN, GRAIN - PRODUCTION, MEASURED IN BU",2012-12-31 00:00:00.000,CORN,1.8,,2012,ALL CLASSES,,US TOTAL,,00,00000000,FIELD CROPS
UNITED STATES,US,,99,AREA OPERATED,,YEAR,AREA OPERATED: (220 TO 259 ACRES),"151,007,021",,CENSUS,9000,PRODUCTION,,,CROPS,US TOTAL,ALL PRODUCTION PRACTICES,00,,NATIONAL,BU,ANNUAL,GRAIN,,,"CORN, GRAIN - PRODUCTION, MEASURED IN BU",2012-12-31 00:00:00.000,CORN,18.0,,2012,ALL CLASSES,,US TOTAL,,00,00000000,FIELD CROPS
UNITED STATES,US,,99,AREA OPERATED,,YEAR,AREA OPERATED: (260 TO 499 ACRES),"948,568,143",,CENSUS,9000,PRODUCTION,,,CROPS,US TOTAL,ALL PRODUCTION PRACTICES,00,,NATIONAL,BU,ANNUAL,GRAIN,,,"CORN, GRAIN - PRODUCTION, MEASURED IN BU",2012-12-31 00:00:00.000,CORN,10.1,,2012,ALL CLASSES,,US TOTAL,,00,00000000,FIELD CROPS
UNITED STATES,US,,99,AREA OPERATED,,YEAR,AREA OPERATED: (50.0 TO 69.9 ACRES),"29,360,280",,CENSUS,9000,PRODUCTION,,,CROPS,US TOTAL,ALL PRODUCTION PRACTICES,00,,NATIONAL,BU,ANNUAL,GRAIN,,,"CORN, GRAIN - PRODUCTION, MEASURED IN BU",2012-12-31 00:00:00.000,CORN,5.4,,2012,ALL CLASSES,,US TOTAL,,00,00000000,FIELD CROPS
UNITED STATES,US,,99,AREA OPERATED,,YEAR,AREA OPERATED: (500 TO 999 ACRES),"1,954,353,807",,CENSUS,9000,PRODUCTION,,,CROPS,US TOTAL,ALL PRODUCTION PRACTICES,00,,NATIONAL,BU,ANNUAL,GRAIN,,,"CORN, GRAIN - PRODUCTION, MEASURED IN BU",2012-12-31 00:00:00.000,CORN,1.4,,2012,ALL CLASSES,,US TOTAL,,00,00000000,FIELD CROPS
UNITED STATES,US,,99,AREA OPERATED,,YEAR,AREA OPERATED: (70.0 TO 99.9 ACRES),"76,595,398",,CENSUS,9000,PRODUCTION,,,CROPS,US TOTAL,ALL PRODUCTION PRACTICES,00,,NATIONAL,BU,ANNUAL,GRAIN,,,"CORN, GRAIN - PRODUCTION, MEASURED IN BU",2012-12-31 00:00:00.000,CORN,5.7,,2012,ALL CLASSES,,US TOTAL,,00,00000000,FIELD CROPS
UNITED STATES,US,,99,ECONOMIC CLASS,,YEAR,"ECONOMIC CLASS: (1,000 TO 2,499 $)","1,282,348",,CENSUS,9000,PRODUCTION,,,CROPS,US TOTAL,ALL PRODUCTION PRACTICES,00,,NATIONAL,BU,ANNUAL,GRAIN,,,"CORN, GRAIN - PRODUCTION, MEASURED IN BU",2012-12-31 00:00:00.000,CORN,8.6,,2012,ALL CLASSES,,US TOTAL,,00,00000000,FIELD CROPS
UNITED STATES,US,,99,ECONOMIC CLASS,,YEAR,"ECONOMIC CLASS: (1,000,000 OR MORE $)","5,498,175,131",,CENSUS,9000,PRODUCTION,,,CROPS,US TOTAL,ALL PRODUCTION PRACTICES,00,,NATIONAL,BU,ANNUAL,GRAIN,,,"CORN, GRAIN - PRODUCTION, MEASURED IN BU",2012-12-31 00:00:00.000,CORN,5.1,,2012,ALL CLASSES,,US TOTAL,,00,00000000,FIELD CROPS
UNITED STATES,US,,99,ECONOMIC CLASS,,YEAR,"ECONOMIC CLASS: (10,000 TO 24,999 $)","38,960,445",,CENSUS,9000,PRODUCTION,,,CROPS,US TOTAL,ALL PRODUCTION PRACTICES,00,,NATIONAL,BU,ANNUAL,GRAIN,,,"CORN, GRAIN - PRODUCTION, MEASURED IN BU",2012-12-31 00:00:00.000,CORN,5.9,,2012,ALL CLASSES,,US TOTAL,,00,00000000,FIELD CROPS
UNITED STATES,US,,99,ECONOMIC CLASS,,YEAR,"ECONOMIC CLASS: (100,000 TO 249,999 $)","771,305,012",,CENSUS,9000,PRODUCTION,,,CROPS,US TOTAL,ALL PRODUCTION PRACTICES,00,,NATIONAL,BU,ANNUAL,GRAIN,,,"CORN, GRAIN - PRODUCTION, MEASURED IN BU",2012-12-31 00:00:00.000,CORN,15.9,,2012,ALL CLASSES,,US TOTAL,,00,00000000,FIELD CROPS
UNITED STATES,US,,99,ECONOMIC CLASS,,YEAR,"ECONOMIC CLASS: (2,500 TO 4,999 $)","3,407,464",,CENSUS,9000,PRODUCTION,,,CROPS,US TOTAL,ALL PRODUCTION PRACTICES,00,,NATIONAL,BU,ANNUAL,GRAIN,,,"CORN, GRAIN - PRODUCTION, MEASURED IN BU",2012-12-31 00:00:00.000,CORN,6.8,,2012,ALL CLASSES,,US TOTAL,,00,00000000,FIELD CROPS
UNITED STATES,US,,99,ECONOMIC CLASS,,YEAR,"ECONOMIC CLASS: (25,000 TO 49,999 $)","94,330,894",,CENSUS,9000,PRODUCTION,,,CROPS,US TOTAL,ALL PRODUCTION PRACTICES,00,,NATIONAL,BU,ANNUAL,GRAIN,,,"CORN, GRAIN - PRODUCTION, MEASURED IN BU",2012-12-31 00:00:00.000,CORN,7.7,,2012,ALL CLASSES,,US TOTAL,,00,00000000,FIELD CROPS
UNITED STATES,US,,99,ECONOMIC CLASS,,YEAR,"ECONOMIC CLASS: (250,000 TO 499,999 $)","1,366,916,654",,CENSUS,9000,PRODUCTION,,,CROPS,US TOTAL,ALL PRODUCTION PRACTICES,00,,NATIONAL,BU,ANNUAL,GRAIN,,,"CORN, GRAIN - PRODUCTION, MEASURED IN BU",2012-12-31 00:00:00.000,CORN,3.0,,2012,ALL CLASSES,,US TOTAL,,00,00000000,FIELD CROPS
UNITED STATES,US,,99,ECONOMIC CLASS,,YEAR,"ECONOMIC CLASS: (5,000 TO 9,999 $)","10,726,689",,CENSUS,9000,PRODUCTION,,,CROPS,US TOTAL,ALL PRODUCTION PRACTICES,00,,NATIONAL,BU,ANNUAL,GRAIN,,,"CORN, GRAIN - PRODUCTION, MEASURED IN BU",2012-12-31 00:00:00.000,CORN,6.2,,2012,ALL CLASSES,,US TOTAL,,00,00000000,FIELD CROPS
UNITED STATES,US,,99,ECONOMIC CLASS,,YEAR,"ECONOMIC CLASS: (50,000 TO 99,999 $)","251,074,339",,CENSUS,9000,PRODUCTION,,,CROPS,US TOTAL,ALL PRODUCTION PRACTICES,00,,NATIONAL,BU,ANNUAL,GRAIN,,,"CORN, GRAIN - PRODUCTION, MEASURED IN BU",2012-12-31 00:00:00.000,CORN,12.3,,2012,ALL CLASSES,,US TOTAL,,00,00000000,FIELD CROPS
UNITED STATES,US,,99,ECONOMIC CLASS,,YEAR,"ECONOMIC CLASS: (500,000 TO 999,999 $)","2,296,748,122",,CENSUS,9000,PRODUCTION,,,CROPS,US TOTAL,ALL PRODUCTION PRACTICES,00,,NATIONAL,BU,ANNUAL,GRAIN,,,"CORN, GRAIN - PRODUCTION, MEASURED IN BU",2012-12-31 00:00:00.000,CORN,7.2,,2012,ALL CLASSES,,US TOTAL,,00,00000000,FIELD CROPS
UNITED STATES,US,,99,ECONOMIC CLASS,,YEAR,"ECONOMIC CLASS: (LESS THAN 1,000 $)","483,059",,CENSUS,9000,PRODUCTION,,,CROPS,US TOTAL,ALL PRODUCTION PRACTICES,00,,NATIONAL,BU,ANNUAL,GRAIN,,,"CORN, GRAIN - PRODUCTION, MEASURED IN BU",2012-12-31 00:00:00.000,CORN,6.3,,2012,ALL CLASSES,,US TOTAL,,00,00000000,FIELD CROPS
UNITED STATES,US,,99,FARM SALES,,YEAR,"FARM SALES: (1,000 TO 2,499 $)","1,285,747",,CENSUS,9000,PRODUCTION,,,CROPS,US TOTAL,ALL PRODUCTION PRACTICES,00,,NATIONAL,BU,ANNUAL,GRAIN,,,"CORN, GRAIN - PRODUCTION, MEASURED IN BU",2012-12-31 00:00:00.000,CORN,3.7,,2012,ALL CLASSES,,US TOTAL,,00,00000000,FIELD CROPS
UNITED STATES,US,,99,FARM SALES,,YEAR,"FARM SALES: (1,000,000 OR MORE $)","5,370,180,197",,CENSUS,9000,PRODUCTION,,,CROPS,US TOTAL,ALL PRODUCTION PRACTICES,00,,NATIONAL,BU,ANNUAL,GRAIN,,,"CORN, GRAIN - PRODUCTION, MEASURED IN BU",2012-12-31 00:00:00.000,CORN,5.7,,2012,ALL CLASSES,,US TOTAL,,00,00000000,FIELD CROPS
UNITED STATES,US,,99,FARM SALES,,YEAR,"FARM SALES: (10,000 TO 24,999 $)","41,290,732",,CENSUS,9000,PRODUCTION,,,CROPS,US TOTAL,ALL PRODUCTION PRACTICES,00,,NATIONAL,BU,ANNUAL,GRAIN,,,"CORN, GRAIN - PRODUCTION, MEASURED IN BU",2012-12-31 00:00:00.000,CORN,5.1,,2012,ALL CLASSES,,US TOTAL,,00,00000000,FIELD CROPS
UNITED STATES,US,,99,FARM SALES,,YEAR,"FARM SALES: (100,000 TO 249,999 $)","800,434,659",,CENSUS,9000,PRODUCTION,,,CROPS,US TOTAL,ALL PRODUCTION PRACTICES,00,,NATIONAL,BU,ANNUAL,GRAIN,,,"CORN, GRAIN - PRODUCTION, MEASURED IN BU",2012-12-31 00:00:00.000,CORN,16.1,,2012,ALL CLASSES,,US TOTAL,,00,00000000,FIELD CROPS
UNITED STATES,US,,99,FARM SALES,,YEAR,"FARM SALES: (2,500 TO 4,999 $)","3,510,227",,CENSUS,9000,PRODUCTION,,,CROPS,US TOTAL,ALL PRODUCTION PRACTICES,00,,NATIONAL,BU,ANNUAL,GRAIN,,,"CORN, GRAIN - PRODUCTION, MEASURED IN BU",2012-12-31 00:00:00.000,CORN,3.6,,2012,ALL CLASSES,,US TOTAL,,00,00000000,FIELD CROPS
UNITED STATES,US,,99,FARM SALES,,YEAR,"FARM SALES: (25,000 TO 49,999 $)","99,450,037",,CENSUS,9000,PRODUCTION,,,CROPS,US TOTAL,ALL PRODUCTION PRACTICES,00,,NATIONAL,BU,ANNUAL,GRAIN,,,"CORN, GRAIN - PRODUCTION, MEASURED IN BU",2012-12-31 00:00:00.000,CORN,7.8,,2012,ALL CLASSES,,US TOTAL,,00,00000000,FIELD CROPS
UNITED STATES,US,,99,FARM SALES,,YEAR,"FARM SALES: (250,000 TO 499,999 $)","1,407,283,176",,CENSUS,9000,PRODUCTION,,,CROPS,US TOTAL,ALL PRODUCTION PRACTICES,00,,NATIONAL,BU,ANNUAL,GRAIN,,,"CORN, GRAIN - PRODUCTION, MEASURED IN BU",2012-12-31 00:00:00.000,CORN,3.1,,2012,ALL CLASSES,,US TOTAL,,00,00000000,FIELD CROPS
UNITED STATES,US,,99,FARM SALES,,YEAR,"FARM SALES: (5,000 TO 9,999 $)","11,197,089",,CENSUS,9000,PRODUCTION,,,CROPS,US TOTAL,ALL PRODUCTION PRACTICES,00,,NATIONAL,BU,ANNUAL,GRAIN,,,"CORN, GRAIN - PRODUCTION, MEASURED IN BU",2012-12-31 00:00:00.000,CORN,6.1,,2012,ALL CLASSES,,US TOTAL,,00,00000000,FIELD CROPS
UNITED STATES,US,,99,FARM SALES,,YEAR,"FARM SALES: (50,000 TO 99,999 $)","263,359,587",,CENSUS,9000,PRODUCTION,,,CROPS,US TOTAL,ALL PRODUCTION PRACTICES,00,,NATIONAL,BU,ANNUAL,GRAIN,,,"CORN, GRAIN - PRODUCTION, MEASURED IN BU",2012-12-31 00:00:00.000,CORN,12.5,,2012,ALL CLASSES,,US TOTAL,,00,00000000,FIELD CROPS
UNITED STATES,US,,99,FARM SALES,,YEAR,"FARM SALES: (500,000 TO 999,999 $)","2,331,659,208",,CENSUS,9000,PRODUCTION,,,CROPS,US TOTAL,ALL PRODUCTION PRACTICES,00,,NATIONAL,BU,ANNUAL,GRAIN,,,"CORN, GRAIN - PRODUCTION, MEASURED IN BU",2012-12-31 00:00:00.000,CORN,7.7,,2012,ALL CLASSES,,US TOTAL,,00,00000000,FIELD CROPS
UNITED STATES,US,,99,FARM SALES,,YEAR,"FARM SALES: (LESS THAN 1,000 $)","3,759,498",,CENSUS,9000,PRODUCTION,,,CROPS,US TOTAL,ALL PRODUCTION PRACTICES,00,,NATIONAL,BU,ANNUAL,GRAIN,,,"CORN, GRAIN - PRODUCTION, MEASURED IN BU",2012-12-31 00:00:00.000,CORN,29.1,,2012,ALL CLASSES,,US TOTAL,,00,00000000,FIELD CROPS
UNITED STATES,US,,99,NAICS CLASSIFICATION,,YEAR,NAICS CLASSIFICATION: (1111),"9,050,779,510",,CENSUS,9000,PRODUCTION,,,CROPS,US TOTAL,ALL PRODUCTION PRACTICES,00,,NATIONAL,BU,ANNUAL,GRAIN,,,"CORN, GRAIN - PRODUCTION, MEASURED IN BU",2012-12-31 00:00:00.000,CORN,1.9,,2012,ALL CLASSES,,US TOTAL,,00,00000000,FIELD CROPS
UNITED STATES,US,,99,NAICS CLASSIFICATION,,YEAR,NAICS CLASSIFICATION: (1112),"47,816,994",,CENSUS,9000,PRODUCTION,,,CROPS,US TOTAL,ALL PRODUCTION PRACTICES,00,,NATIONAL,BU,ANNUAL,GRAIN,,,"CORN, GRAIN - PRODUCTION, MEASURED IN BU",2012-12-31 00:00:00.000,CORN,2.9,,2012,ALL CLASSES,,US TOTAL,,00,00000000,FIELD CROPS
UNITED STATES,US,,99,NAICS CLASSIFICATION,,YEAR,NAICS CLASSIFICATION: (1113),"5,767,424",,CENSUS,9000,PRODUCTION,,,CROPS,US TOTAL,ALL PRODUCTION PRACTICES,00,,NATIONAL,BU,ANNUAL,GRAIN,,,"CORN, GRAIN - PRODUCTION, MEASURED IN BU",2012-12-31 00:00:00.000,CORN,12.8,,2012,ALL CLASSES,,US TOTAL,,00,00000000,FIELD CROPS
UNITED STATES,US,,99,NAICS CLASSIFICATION,,YEAR,NAICS CLASSIFICATION: (1114),"3,855,186",,CENSUS,9000,PRODUCTION,,,CROPS,US TOTAL,ALL PRODUCTION PRACTICES,00,,NATIONAL,BU,ANNUAL,GRAIN,,,"CORN, GRAIN - PRODUCTION, MEASURED IN BU",2012-12-31 00:00:00.000,CORN,4.4,,2012,ALL CLASSES,,US TOTAL,,00,00000000,FIELD CROPS
UNITED STATES,US,,99,NAICS CLASSIFICATION,,YEAR,NAICS CLASSIFICATION: (1119),"222,260,213",,CENSUS,9000,PRODUCTION,,,CROPS,US TOTAL,ALL PRODUCTION PRACTICES,00,,NATIONAL,BU,ANNUAL,GRAIN,,,"CORN, GRAIN - PRODUCTION, MEASURED IN BU",2012-12-31 00:00:00.000,CORN,2.7,,2012,ALL CLASSES,,US TOTAL,,00,00000000,FIELD CROPS
UNITED STATES,US,,99,NAICS CLASSIFICATION,,YEAR,NAICS CLASSIFICATION: (11191),"5,726,986",,CENSUS,9000,PRODUCTION,,,CROPS,US TOTAL,ALL PRODUCTION PRACTICES,00,,NATIONAL,BU,ANNUAL,GRAIN,,,"CORN, GRAIN - PRODUCTION, MEASURED IN BU",2012-12-31 00:00:00.000,CORN,4.3,,2012,ALL CLASSES,,US TOTAL,,00,00000000,FIELD CROPS
UNITED STATES,US,,99,NAICS CLASSIFICATION,,YEAR,NAICS CLASSIFICATION: (11192),"37,869,650",,CENSUS,9000,PRODUCTION,,,CROPS,US TOTAL,ALL PRODUCTION PRACTICES,00,,NATIONAL,BU,ANNUAL,GRAIN,,,"CORN, GRAIN - PRODUCTION, MEASURED IN BU",2012-12-31 00:00:00.000,CORN,5.6,,2012,ALL CLASSES,,US TOTAL,,00,00000000,FIELD CROPS
UNITED STATES,US,,99,NAICS CLASSIFICATION,,YEAR,NAICS CLASSIFICATION: (11193 & 11194 & 11199),"178,663,577",,CENSUS,9000,PRODUCTION,,,CROPS,US TOTAL,ALL PRODUCTION PRACTICES,00,,NATIONAL,BU,ANNUAL,GRAIN,,,"CORN, GRAIN - PRODUCTION, MEASURED IN BU",2012-12-31 00:00:00.000,CORN,2.9,,2012,ALL CLASSES,,US TOTAL,,00,00000000,FIELD CROPS
UNITED STATES,US,,99,NAICS CLASSIFICATION,,YEAR,NAICS CLASSIFICATION: (112111),"182,513,398",,CENSUS,9000,PRODUCTION,,,CROPS,US TOTAL,ALL PRODUCTION PRACTICES,00,,NATIONAL,BU,ANNUAL,GRAIN,,,"CORN, GRAIN - PRODUCTION, MEASURED IN BU",2012-12-31 00:00:00.000,CORN,1.6,,2012,ALL CLASSES,,US TOTAL,,00,00000000,FIELD CROPS
UNITED STATES,US,,99,NAICS CLASSIFICATION,,YEAR,NAICS CLASSIFICATION: (112112),"176,219,936",,CENSUS,9000,PRODUCTION,,,CROPS,US TOTAL,ALL PRODUCTION PRACTICES,00,,NATIONAL,BU,ANNUAL,GRAIN,,,"CORN, GRAIN - PRODUCTION, MEASURED IN BU",2012-12-31 00:00:00.000,CORN,11.5,,2012,ALL CLASSES,,US TOTAL,,00,00000000,FIELD CROPS
UNITED STATES,US,,99,NAICS CLASSIFICATION,,YEAR,NAICS CLASSIFICATION: (11212),"291,858,850",,CENSUS,9000,PRODUCTION,,,CROPS,US TOTAL,ALL PRODUCTION PRACTICES,00,,NATIONAL,BU,ANNUAL,GRAIN,,,"CORN, GRAIN - PRODUCTION, MEASURED IN BU",2012-12-31 00:00:00.000,CORN,1.1,,2012,ALL CLASSES,,US TOTAL,,00,00000000,FIELD CROPS
UNITED STATES,US,,99,NAICS CLASSIFICATION,,YEAR,NAICS CLASSIFICATION: (1122),"244,677,535",,CENSUS,9000,PRODUCTION,,,CROPS,US TOTAL,ALL PRODUCTION PRACTICES,00,,NATIONAL,BU,ANNUAL,GRAIN,,,"CORN, GRAIN - PRODUCTION, MEASURED IN BU",2012-12-31 00:00:00.000,CORN,8.5,,2012,ALL CLASSES,,US TOTAL,,00,00000000,FIELD CROPS
UNITED STATES,US,,99,NAICS CLASSIFICATION,,YEAR,NAICS CLASSIFICATION: (1123),"57,726,867",,CENSUS,9000,PRODUCTION,,,CROPS,US TOTAL,ALL PRODUCTION PRACTICES,00,,NATIONAL,BU,ANNUAL,GRAIN,,,"CORN, GRAIN - PRODUCTION, MEASURED IN BU",2012-12-31 00:00:00.000,CORN,2.3,,2012,ALL CLASSES,,US TOTAL,,00,00000000,FIELD CROPS
UNITED STATES,US,,99,NAICS CLASSIFICATION,,YEAR,NAICS CLASSIFICATION: (1124),"1,376,682",,CENSUS,9000,PRODUCTION,,,CROPS,US TOTAL,ALL PRODUCTION PRACTICES,00,,NATIONAL,BU,ANNUAL,GRAIN,,,"CORN, GRAIN - PRODUCTION, MEASURED IN BU",2012-12-31 00:00:00.000,CORN,26.3,,2012,ALL CLASSES,,US TOTAL,,00,00000000,FIELD CROPS
UNITED STATES,US,,99,NAICS CLASSIFICATION,,YEAR,NAICS CLASSIFICATION: (1125 & 1129),"48,557,562",,CENSUS,9000,PRODUCTION,,,CROPS,US TOTAL,ALL PRODUCTION PRACTICES,00,,NATIONAL,BU,ANNUAL,GRAIN,,,"CORN, GRAIN - PRODUCTION, MEASURED IN BU",2012-12-31 00:00:00.000,CORN,6.8,,2012,ALL CLASSES,,US TOTAL,,00,00000000,FIELD CROPS
UNITED STATES,US,,99,TOTAL,,YEAR,NOT SPECIFIED,"10,333,410,157",,CENSUS,9000,PRODUCTION,,,CROPS,US TOTAL,ALL PRODUCTION PRACTICES,00,,NATIONAL,BU,ANNUAL,GRAIN,,,"CORN, GRAIN - PRODUCTION, MEASURED IN BU",2012-12-31 00:00:00.000,CORN,2.0,,2012,ALL CLASSES,,US TOTAL,,00,00000000,FIELD CROPS
UNITED STATES,US,,99,ORGANIC STATUS,,YEAR,ORGANIC STATUS: (NOP USDA CERTIFIED & EXEMPT),"18,596,637",,CENSUS,9000,PRODUCTION,,,CROPS,US TOTAL,ORGANIC,00,,NATIONAL,BU,ANNUAL,GRAIN,,,"CORN, GRAIN, ORGANIC - PRODUCTION, MEASURED IN BU",2015-01-31 00:00:00.000,CORN,4.9,,2014,ALL CLASSES,,US TOTAL,,00,00000000,FIELD CROPS
UNITED STATES,US,,99,ORGANIC STATUS,,YEAR,ORGANIC STATUS: (NOP USDA CERTIFIED),"18,589,549",,CENSUS,9000,PRODUCTION,,,CROPS,US TOTAL,ORGANIC,00,,NATIONAL,BU,ANNUAL,GRAIN,,,"CORN, GRAIN, ORGANIC - PRODUCTION, MEASURED IN BU",2015-01-31 00:00:00.000,CORN,4.9,,2014,ALL CLASSES,,US TOTAL,,00,00000000,FIELD CROPS
UNITED STATES,US,,99,ORGANIC STATUS,,YEAR,ORGANIC STATUS: (NOP USDA EXEMPT),"7,088",,CENSUS,9000,PRODUCTION,,,CROPS,US TOTAL,ORGANIC,00,,NATIONAL,BU,ANNUAL,GRAIN,,,"CORN, GRAIN, ORGANIC - PRODUCTION, MEASURED IN BU",2015-01-31 00:00:00.000,CORN,76.7,,2014,ALL CLASSES,,US TOTAL,,00,00000000,FIELD CROPS
UNITED STATES,US,,99,ORGANIC STATUS,,YEAR,ORGANIC STATUS: (NOP USDA CERTIFIED),"18,468,287",,CENSUS,9000,PRODUCTION,,,CROPS,US TOTAL,ORGANIC,00,,NATIONAL,BU,ANNUAL,GRAIN,,,"CORN, GRAIN, ORGANIC - PRODUCTION, MEASURED IN BU",2015-01-31 00:00:00.000,CORN,5.9,,2015,ALL CLASSES,,US TOTAL,,00,00000000,FIELD CROPS
UNITED STATES,US,,99,ORGANIC STATUS,,YEAR,ORGANIC STATUS: (NOP USDA CERTIFIED),"25,562,804",,CENSUS,9000,PRODUCTION,,,CROPS,US TOTAL,ORGANIC,00,,NATIONAL,BU,ANNUAL,GRAIN,,,"CORN, GRAIN, ORGANIC - PRODUCTION, MEASURED IN BU",2016-01-31 00:00:00.000,CORN,1.9,,2016,ALL CLASSES,,US TOTAL,,00,00000000,FIELD CROPS
UNITED STATES,US,,99,AREA HARVESTED,,YEAR,"AREA HARVESTED: (1,000 OR MORE ACRES)","5,422,316,887",,CENSUS,9000,PRODUCTION,,,CROPS,US TOTAL,ALL PRODUCTION PRACTICES,00,,NATIONAL,BU,ANNUAL,GRAIN,,,"CORN, GRAIN - PRODUCTION, MEASURED IN BU",2018-02-01 00:00:00.000,CORN,3.0,,2017,ALL CLASSES,,US TOTAL,,00,00000000,FIELD CROPS
UNITED STATES,US,,99,AREA HARVESTED,,YEAR,"AREA HARVESTED: (1,000 TO 1,999 ACRES)","3,202,832,598",,CENSUS,9000,PRODUCTION,,,CROPS,US TOTAL,ALL PRODUCTION PRACTICES,00,,NATIONAL,BU,ANNUAL,GRAIN,,,"CORN, GRAIN - PRODUCTION, MEASURED IN BU",2018-02-01 00:00:00.000,CORN,2.6,,2017,ALL CLASSES,,US TOTAL,,00,00000000,FIELD CROPS
UNITED STATES,US,,99,AREA HARVESTED,,YEAR,AREA HARVESTED: (1.0 TO 14.9 ACRES),"31,324,842",,CENSUS,9000,PRODUCTION,,,CROPS,US TOTAL,ALL PRODUCTION PRACTICES,00,,NATIONAL,BU,ANNUAL,GRAIN,,,"CORN, GRAIN - PRODUCTION, MEASURED IN BU",2018-02-01 00:00:00.000,CORN,5.2,,2017,ALL CLASSES,,US TOTAL,,00,00000000,FIELD CROPS
UNITED STATES,US,,99,AREA HARVESTED,,YEAR,AREA HARVESTED: (100 TO 249 ACRES),"1,874,794,136",,CENSUS,9000,PRODUCTION,,,CROPS,US TOTAL,ALL PRODUCTION PRACTICES,00,,NATIONAL,BU,ANNUAL,GRAIN,,,"CORN, GRAIN - PRODUCTION, MEASURED IN BU",2018-02-01 00:00:00.000,CORN,1.8,,2017,ALL CLASSES,,US TOTAL,,00,00000000,FIELD CROPS
UNITED STATES,US,,99,AREA HARVESTED,,YEAR,AREA HARVESTED: (15.0 TO 24.9 ACRES),"51,092,503",,CENSUS,9000,PRODUCTION,,,CROPS,US TOTAL,ALL PRODUCTION PRACTICES,00,,NATIONAL,BU,ANNUAL,GRAIN,,,"CORN, GRAIN - PRODUCTION, MEASURED IN BU",2018-02-01 00:00:00.000,CORN,3.3,,2017,ALL CLASSES,,US TOTAL,,00,00000000,FIELD CROPS
UNITED STATES,US,,99,AREA HARVESTED,,YEAR,"AREA HARVESTED: (2,000 TO 2,999 ACRES)","1,093,693,382",,CENSUS,9000,PRODUCTION,,,CROPS,US TOTAL,ALL PRODUCTION PRACTICES,00,,NATIONAL,BU,ANNUAL,GRAIN,,,"CORN, GRAIN - PRODUCTION, MEASURED IN BU",2018-02-01 00:00:00.000,CORN,8.7,,2017,ALL CLASSES,,US TOTAL,,00,00000000,FIELD CROPS
UNITED STATES,US,,99,AREA HARVESTED,,YEAR,AREA HARVESTED: (25.0 TO 49.9 ACRES),"197,853,474",,CENSUS,9000,PRODUCTION,,,CROPS,US TOTAL,ALL PRODUCTION PRACTICES,00,,NATIONAL,BU,ANNUAL,GRAIN,,,"CORN, GRAIN - PRODUCTION, MEASURED IN BU",2018-02-01 00:00:00.000,CORN,3.1,,2017,ALL CLASSES,,US TOTAL,,00,00000000,FIELD CROPS
UNITED STATES,US,,99,AREA HARVESTED,,YEAR,AREA HARVESTED: (250 TO 499 ACRES),"2,827,167,993",,CENSUS,9000,PRODUCTION,,,CROPS,US TOTAL,ALL PRODUCTION PRACTICES,00,,NATIONAL,BU,ANNUAL,GRAIN,,,"CORN, GRAIN - PRODUCTION, MEASURED IN BU",2018-02-01 00:00:00.000,CORN,1.7,,2017,ALL CLASSES,,US TOTAL,,00,00000000,FIELD CROPS
UNITED STATES,US,,99,AREA HARVESTED,,YEAR,"AREA HARVESTED: (3,000 TO 4,999 ACRES)","655,555,260",,CENSUS,9000,PRODUCTION,,,CROPS,US TOTAL,ALL PRODUCTION PRACTICES,00,,NATIONAL,BU,ANNUAL,GRAIN,,,"CORN, GRAIN - PRODUCTION, MEASURED IN BU",2018-02-01 00:00:00.000,CORN,3.6,,2017,ALL CLASSES,,US TOTAL,,00,00000000,FIELD CROPS
UNITED STATES,US,,99,AREA HARVESTED,,YEAR,"AREA HARVESTED: (5,000 OR MORE ACRES)","470,235,647",,CENSUS,9000,PRODUCTION,,,CROPS,US TOTAL,ALL PRODUCTION PRACTICES,00,,NATIONAL,BU,ANNUAL,GRAIN,,,"CORN, GRAIN - PRODUCTION, MEASURED IN BU",2018-02-01 00:00:00.000,CORN,1.9,,2017,ALL CLASSES,,US TOTAL,,00,00000000,FIELD CROPS
UNITED STATES,US,,99,AREA HARVESTED,,YEAR,AREA HARVESTED: (50.0 TO 99.9 ACRES),"544,866,304",,CENSUS,9000,PRODUCTION,,,CROPS,US TOTAL,ALL PRODUCTION PRACTICES,00,,NATIONAL,BU,ANNUAL,GRAIN,,,"CORN, GRAIN - PRODUCTION, MEASURED IN BU",2018-02-01 00:00:00.000,CORN,1.9,,2017,ALL CLASSES,,US TOTAL,,00,00000000,FIELD CROPS
UNITED STATES,US,,99,AREA HARVESTED,,YEAR,AREA HARVESTED: (500 TO 999 ACRES),"3,823,987,291",,CENSUS,9000,PRODUCTION,,,CROPS,US TOTAL,ALL PRODUCTION PRACTICES,00,,NATIONAL,BU,ANNUAL,GRAIN,,,"CORN, GRAIN - PRODUCTION, MEASURED IN BU",2018-02-01 00:00:00.000,CORN,2.3,,2017,ALL CLASSES,,US TOTAL,,00,00000000,FIELD CROPS
UNITED STATES,US,,99,AREA OPERATED,,YEAR,"AREA OPERATED: (1,000 TO 1,999 ACRES)","3,848,672,045",,CENSUS,9000,PRODUCTION,,,CROPS,US TOTAL,ALL PRODUCTION PRACTICES,00,,NATIONAL,BU,ANNUAL,GRAIN,,,"CORN, GRAIN - PRODUCTION, MEASURED IN BU",2018-02-01 00:00:00.000,CORN,2.5,,2017,ALL CLASSES,,US TOTAL,,00,00000000,FIELD CROPS
UNITED STATES,US,,99,AREA OPERATED,,YEAR,AREA OPERATED: (1.0 TO 9.9 ACRES),"1,767,765",,CENSUS,9000,PRODUCTION,,,CROPS,US TOTAL,ALL PRODUCTION PRACTICES,00,,NATIONAL,BU,ANNUAL,GRAIN,,,"CORN, GRAIN - PRODUCTION, MEASURED IN BU",2018-02-01 00:00:00.000,CORN,29.3,,2017,ALL CLASSES,,US TOTAL,,00,00000000,FIELD CROPS
UNITED STATES,US,,99,AREA OPERATED,,YEAR,AREA OPERATED: (10.0 TO 49.9 ACRES),"42,364,522",,CENSUS,9000,PRODUCTION,,,CROPS,US TOTAL,ALL PRODUCTION PRACTICES,00,,NATIONAL,BU,ANNUAL,GRAIN,,,"CORN, GRAIN - PRODUCTION, MEASURED IN BU",2018-02-01 00:00:00.000,CORN,8.9,,2017,ALL CLASSES,,US TOTAL,,00,00000000,FIELD CROPS
UNITED STATES,US,,99,AREA OPERATED,,YEAR,AREA OPERATED: (100 TO 139 ACRES),"127,147,103",,CENSUS,9000,PRODUCTION,,,CROPS,US TOTAL,ALL PRODUCTION PRACTICES,00,,NATIONAL,BU,ANNUAL,GRAIN,,,"CORN, GRAIN - PRODUCTION, MEASURED IN BU",2018-02-01 00:00:00.000,CORN,5.1,,2017,ALL CLASSES,,US TOTAL,,00,00000000,FIELD CROPS
UNITED STATES,US,,99,AREA OPERATED,,YEAR,AREA OPERATED: (140 TO 179 ACRES),"184,759,593",,CENSUS,9000,PRODUCTION,,,CROPS,US TOTAL,ALL PRODUCTION PRACTICES,00,,NATIONAL,BU,ANNUAL,GRAIN,,,"CORN, GRAIN - PRODUCTION, MEASURED IN BU",2018-02-01 00:00:00.000,CORN,5.0,,2017,ALL CLASSES,,US TOTAL,,00,00000000,FIELD CROPS
UNITED STATES,US,,99,AREA OPERATED,,YEAR,AREA OPERATED: (180 TO 219 ACRES),"166,633,598",,CENSUS,9000,PRODUCTION,,,CROPS,US TOTAL,ALL PRODUCTION PRACTICES,00,,NATIONAL,BU,ANNUAL,GRAIN,,,"CORN, GRAIN - PRODUCTION, MEASURED IN BU",2018-02-01 00:00:00.000,CORN,1.9,,2017,ALL CLASSES,,US TOTAL,,00,00000000,FIELD CROPS
UNITED STATES,US,,99,AREA OPERATED,,YEAR,"AREA OPERATED: (2,000 OR MORE ACRES)","6,272,921,963",,CENSUS,9000,PRODUCTION,,,CROPS,US TOTAL,ALL PRODUCTION PRACTICES,00,,NATIONAL,BU,ANNUAL,GRAIN,,,"CORN, GRAIN - PRODUCTION, MEASURED IN BU",2018-02-01 00:00:00.000,CORN,2.7,,2017,ALL CLASSES,,US TOTAL,,00,00000000,FIELD CROPS
UNITED STATES,US,,99,AREA OPERATED,,YEAR,AREA OPERATED: (220 TO 259 ACRES),"200,643,386",,CENSUS,9000,PRODUCTION,,,CROPS,US TOTAL,ALL PRODUCTION PRACTICES,00,,NATIONAL,BU,ANNUAL,GRAIN,,,"CORN, GRAIN - PRODUCTION, MEASURED IN BU",2018-02-01 00:00:00.000,CORN,4.1,,2017,ALL CLASSES,,US TOTAL,,00,00000000,FIELD CROPS
UNITED STATES,US,,99,AREA OPERATED,,YEAR,AREA OPERATED: (260 TO 499 ACRES),"1,243,420,085",,CENSUS,9000,PRODUCTION,,,CROPS,US TOTAL,ALL PRODUCTION PRACTICES,00,,NATIONAL,BU,ANNUAL,GRAIN,,,"CORN, GRAIN - PRODUCTION, MEASURED IN BU",2018-02-01 00:00:00.000,CORN,1.9,,2017,ALL CLASSES,,US TOTAL,,00,00000000,FIELD CROPS
UNITED STATES,US,,99,AREA OPERATED,,YEAR,AREA OPERATED: (50.0 TO 69.9 ACRES),"32,988,863",,CENSUS,9000,PRODUCTION,,,CROPS,US TOTAL,ALL PRODUCTION PRACTICES,00,,NATIONAL,BU,ANNUAL,GRAIN,,,"CORN, GRAIN - PRODUCTION, MEASURED IN BU",2018-02-01 00:00:00.000,CORN,6.3,,2017,ALL CLASSES,,US TOTAL,,00,00000000,FIELD CROPS
UNITED STATES,US,,99,AREA OPERATED,,YEAR,AREA OPERATED: (500 TO 999 ACRES),"2,567,019,954",,CENSUS,9000,PRODUCTION,,,CROPS,US TOTAL,ALL PRODUCTION PRACTICES,00,,NATIONAL,BU,ANNUAL,GRAIN,,,"CORN, GRAIN - PRODUCTION, MEASURED IN BU",2018-02-01 00:00:00.000,CORN,2.6,,2017,ALL CLASSES,,US TOTAL,,00,00000000,FIELD CROPS
UNITED STATES,US,,99,AREA OPERATED,,YEAR,AREA OPERATED: (70.0 TO 99.9 ACRES),"85,064,553",,CENSUS,9000,PRODUCTION,,,CROPS,US TOTAL,ALL PRODUCTION PRACTICES,00,,NATIONAL,BU,ANNUAL,GRAIN,,,"CORN, GRAIN - PRODUCTION, MEASURED IN BU",2018-02-01 00:00:00.000,CORN,3.7,,2017,ALL CLASSES,,US TOTAL,,00,00000000,FIELD CROPS
UNITED STATES,US,,99,ECONOMIC CLASS,,YEAR,"ECONOMIC CLASS: (1,000 TO 2,499 $)","2,379,593",,CENSUS,9000,PRODUCTION,,,CROPS,US TOTAL,ALL PRODUCTION PRACTICES,00,,NATIONAL,BU,ANNUAL,GRAIN,,,"CORN, GRAIN - PRODUCTION, MEASURED IN BU",2018-02-01 00:00:00.000,CORN,20.3,,2017,ALL CLASSES,,US TOTAL,,00,00000000,FIELD CROPS
UNITED STATES,US,,99,ECONOMIC CLASS,,YEAR,"ECONOMIC CLASS: (1,000,000 OR MORE $)","7,197,676,865",,CENSUS,9000,PRODUCTION,,,CROPS,US TOTAL,ALL PRODUCTION PRACTICES,00,,NATIONAL,BU,ANNUAL,GRAIN,,,"CORN, GRAIN - PRODUCTION, MEASURED IN BU",2018-02-01 00:00:00.000,CORN,2.4,,2017,ALL CLASSES,,US TOTAL,,00,00000000,FIELD CROPS
UNITED STATES,US,,99,ECONOMIC CLASS,,YEAR,"ECONOMIC CLASS: (10,000 TO 24,999 $)","61,054,081",,CENSUS,9000,PRODUCTION,,,CROPS,US TOTAL,ALL PRODUCTION PRACTICES,00,,NATIONAL,BU,ANNUAL,GRAIN,,,"CORN, GRAIN - PRODUCTION, MEASURED IN BU",2018-02-01 00:00:00.000,CORN,7.6,,2017,ALL CLASSES,,US TOTAL,,00,00000000,FIELD CROPS
UNITED STATES,US,,99,ECONOMIC CLASS,,YEAR,"ECONOMIC CLASS: (100,000 TO 249,999 $)","1,294,286,031",,CENSUS,9000,PRODUCTION,,,CROPS,US TOTAL,ALL PRODUCTION PRACTICES,00,,NATIONAL,BU,ANNUAL,GRAIN,,,"CORN, GRAIN - PRODUCTION, MEASURED IN BU",2018-02-01 00:00:00.000,CORN,2.3,,2017,ALL CLASSES,,US TOTAL,,00,00000000,FIELD CROPS
UNITED STATES,US,,99,ECONOMIC CLASS,,YEAR,"ECONOMIC CLASS: (2,500 TO 4,999 $)","5,029,822",,CENSUS,9000,PRODUCTION,,,CROPS,US TOTAL,ALL PRODUCTION PRACTICES,00,,NATIONAL,BU,ANNUAL,GRAIN,,,"CORN, GRAIN - PRODUCTION, MEASURED IN BU",2018-02-01 00:00:00.000,CORN,12.0,,2017,ALL CLASSES,,US TOTAL,,00,00000000,FIELD CROPS
UNITED STATES,US,,99,ECONOMIC CLASS,,YEAR,"ECONOMIC CLASS: (25,000 TO 49,999 $)","145,996,038",,CENSUS,9000,PRODUCTION,,,CROPS,US TOTAL,ALL PRODUCTION PRACTICES,00,,NATIONAL,BU,ANNUAL,GRAIN,,,"CORN, GRAIN - PRODUCTION, MEASURED IN BU",2018-02-01 00:00:00.000,CORN,4.8,,2017,ALL CLASSES,,US TOTAL,,00,00000000,FIELD CROPS
UNITED STATES,US,,99,ECONOMIC CLASS,,YEAR,"ECONOMIC CLASS: (250,000 TO 499,999 $)","2,150,836,278",,CENSUS,9000,PRODUCTION,,,CROPS,US TOTAL,ALL PRODUCTION PRACTICES,00,,NATIONAL,BU,ANNUAL,GRAIN,,,"CORN, GRAIN - PRODUCTION, MEASURED IN BU",2018-02-01 00:00:00.000,CORN,2.0,,2017,ALL CLASSES,,US TOTAL,,00,00000000,FIELD CROPS
UNITED STATES,US,,99,ECONOMIC CLASS,,YEAR,"ECONOMIC CLASS: (5,000 TO 9,999 $)","14,188,032",,CENSUS,9000,PRODUCTION,,,CROPS,US TOTAL,ALL PRODUCTION PRACTICES,00,,NATIONAL,BU,ANNUAL,GRAIN,,,"CORN, GRAIN - PRODUCTION, MEASURED IN BU",2018-02-01 00:00:00.000,CORN,10.7,,2017,ALL CLASSES,,US TOTAL,,00,00000000,FIELD CROPS
UNITED STATES,US,,99,ECONOMIC CLASS,,YEAR,"ECONOMIC CLASS: (50,000 TO 99,999 $)","389,399,060",,CENSUS,9000,PRODUCTION,,,CROPS,US TOTAL,ALL PRODUCTION PRACTICES,00,,NATIONAL,BU,ANNUAL,GRAIN,,,"CORN, GRAIN - PRODUCTION, MEASURED IN BU",2018-02-01 00:00:00.000,CORN,2.3,,2017,ALL CLASSES,,US TOTAL,,00,00000000,FIELD CROPS
UNITED STATES,US,,99,ECONOMIC CLASS,,YEAR,"ECONOMIC CLASS: (500,000 TO 999,999 $)","3,511,129,226",,CENSUS,9000,PRODUCTION,,,CROPS,US TOTAL,ALL PRODUCTION PRACTICES,00,,NATIONAL,BU,ANNUAL,GRAIN,,,"CORN, GRAIN - PRODUCTION, MEASURED IN BU",2018-02-01 00:00:00.000,CORN,2.0,,2017,ALL CLASSES,,US TOTAL,,00,00000000,FIELD CROPS
UNITED STATES,US,,99,ECONOMIC CLASS,,YEAR,"ECONOMIC CLASS: (LESS THAN 1,000 $)","1,428,404",,CENSUS,9000,PRODUCTION,,,CROPS,US TOTAL,ALL PRODUCTION PRACTICES,00,,NATIONAL,BU,ANNUAL,GRAIN,,,"CORN, GRAIN - PRODUCTION, MEASURED IN BU",2018-02-01 00:00:00.000,CORN,32.7,,2017,ALL CLASSES,,US TOTAL,,00,00000000,FIELD CROPS
UNITED STATES,US,,99,FARM SALES,,YEAR,"FARM SALES: (1,000 TO 2,499 $)","2,035,426",,CENSUS,9000,PRODUCTION,,,CROPS,US TOTAL,ALL PRODUCTION PRACTICES,00,,NATIONAL,BU,ANNUAL,GRAIN,,,"CORN, GRAIN - PRODUCTION, MEASURED IN BU",2018-02-01 00:00:00.000,CORN,13.5,,2017,ALL CLASSES,,US TOTAL,,00,00000000,FIELD CROPS
UNITED STATES,US,,99,FARM SALES,,YEAR,"FARM SALES: (1,000,000 OR MORE $)","6,990,299,155",,CENSUS,9000,PRODUCTION,,,CROPS,US TOTAL,ALL PRODUCTION PRACTICES,00,,NATIONAL,BU,ANNUAL,GRAIN,,,"CORN, GRAIN - PRODUCTION, MEASURED IN BU",2018-02-01 00:00:00.000,CORN,2.5,,2017,ALL CLASSES,,US TOTAL,,00,00000000,FIELD CROPS
UNITED STATES,US,,99,FARM SALES,,YEAR,"FARM SALES: (10,000 TO 24,999 $)","66,122,002",,CENSUS,9000,PRODUCTION,,,CROPS,US TOTAL,ALL PRODUCTION PRACTICES,00,,NATIONAL,BU,ANNUAL,GRAIN,,,"CORN, GRAIN - PRODUCTION, MEASURED IN BU",2018-02-01 00:00:00.000,CORN,4.6,,2017,ALL CLASSES,,US TOTAL,,00,00000000,FIELD CROPS
UNITED STATES,US,,99,FARM SALES,,YEAR,"FARM SALES: (100,000 TO 249,999 $)","1,345,481,490",,CENSUS,9000,PRODUCTION,,,CROPS,US TOTAL,ALL PRODUCTION PRACTICES,00,,NATIONAL,BU,ANNUAL,GRAIN,,,"CORN, GRAIN - PRODUCTION, MEASURED IN BU",2018-02-01 00:00:00.000,CORN,2.3,,2017,ALL CLASSES,,US TOTAL,,00,00000000,FIELD CROPS
UNITED STATES,US,,99,FARM SALES,,YEAR,"FARM SALES: (2,500 TO 4,999 $)","5,311,266",,CENSUS,9000,PRODUCTION,,,CROPS,US TOTAL,ALL PRODUCTION PRACTICES,00,,NATIONAL,BU,ANNUAL,GRAIN,,,"CORN, GRAIN - PRODUCTION, MEASURED IN BU",2018-02-01 00:00:00.000,CORN,10.0,,2017,ALL CLASSES,,US TOTAL,,00,00000000,FIELD CROPS
UNITED STATES,US,,99,FARM SALES,,YEAR,"FARM SALES: (25,000 TO 49,999 $)","155,544,735",,CENSUS,9000,PRODUCTION,,,CROPS,US TOTAL,ALL PRODUCTION PRACTICES,00,,NATIONAL,BU,ANNUAL,GRAIN,,,"CORN, GRAIN - PRODUCTION, MEASURED IN BU",2018-02-01 00:00:00.000,CORN,4.8,,2017,ALL CLASSES,,US TOTAL,,00,00000000,FIELD CROPS
UNITED STATES,US,,99,FARM SALES,,YEAR,"FARM SALES: (250,000 TO 499,999 $)","2,228,487,271",,CENSUS,9000,PRODUCTION,,,CROPS,US TOTAL,ALL PRODUCTION PRACTICES,00,,NATIONAL,BU,ANNUAL,GRAIN,,,"CORN, GRAIN - PRODUCTION, MEASURED IN BU",2018-02-01 00:00:00.000,CORN,2.1,,2017,ALL CLASSES,,US TOTAL,,00,00000000,FIELD CROPS
UNITED STATES,US,,99,FARM SALES,,YEAR,"FARM SALES: (5,000 TO 9,999 $)","14,864,697",,CENSUS,9000,PRODUCTION,,,CROPS,US TOTAL,ALL PRODUCTION PRACTICES,00,,NATIONAL,BU,ANNUAL,GRAIN,,,"CORN, GRAIN - PRODUCTION, MEASURED IN BU",2018-02-01 00:00:00.000,CORN,13.8,,2017,ALL CLASSES,,US TOTAL,,00,00000000,FIELD CROPS
UNITED STATES,US,,99,FARM SALES,,YEAR,"FARM SALES: (50,000 TO 99,999 $)","405,871,171",,CENSUS,9000,PRODUCTION,,,CROPS,US TOTAL,ALL PRODUCTION PRACTICES,00,,NATIONAL,BU,ANNUAL,GRAIN,,,"CORN, GRAIN - PRODUCTION, MEASURED IN BU",2018-02-01 00:00:00.000,CORN,2.3,,2017,ALL CLASSES,,US TOTAL,,00,00000000,FIELD CROPS
UNITED STATES,US,,99,FARM SALES,,YEAR,"FARM SALES: (500,000 TO 999,999 $)","3,553,745,549",,CENSUS,9000,PRODUCTION,,,CROPS,US TOTAL,ALL PRODUCTION PRACTICES,00,,NATIONAL,BU,ANNUAL,GRAIN,,,"CORN, GRAIN - PRODUCTION, MEASURED IN BU",2018-02-01 00:00:00.000,CORN,2.3,,2017,ALL CLASSES,,US TOTAL,,00,00000000,FIELD CROPS
UNITED STATES,US,,99,FARM SALES,,YEAR,"FARM SALES: (LESS THAN 1,000 $)","5,640,668",,CENSUS,9000,PRODUCTION,,,CROPS,US TOTAL,ALL PRODUCTION PRACTICES,00,,NATIONAL,BU,ANNUAL,GRAIN,,,"CORN, GRAIN - PRODUCTION, MEASURED IN BU",2018-02-01 00:00:00.000,CORN,20.6,,2017,ALL CLASSES,,US TOTAL,,00,00000000,FIELD CROPS
UNITED STATES,US,,99,NAICS CLASSIFICATION,,YEAR,NAICS CLASSIFICATION: (1111),"12,784,542,695",,CENSUS,9000,PRODUCTION,,,CROPS,US TOTAL,ALL PRODUCTION PRACTICES,00,,NATIONAL,BU,ANNUAL,GRAIN,,,"CORN, GRAIN - PRODUCTION, MEASURED IN BU",2018-02-01 00:00:00.000,CORN,1.8,,2017,ALL CLASSES,,US TOTAL,,00,00000000,FIELD CROPS
UNITED STATES,US,,99,NAICS CLASSIFICATION,,YEAR,NAICS CLASSIFICATION: (1112),"78,821,833",,CENSUS,9000,PRODUCTION,,,CROPS,US TOTAL,ALL PRODUCTION PRACTICES,00,,NATIONAL,BU,ANNUAL,GRAIN,,,"CORN, GRAIN - PRODUCTION, MEASURED IN BU",2018-02-01 00:00:00.000,CORN,1.8,,2017,ALL CLASSES,,US TOTAL,,00,00000000,FIELD CROPS
UNITED STATES,US,,99,NAICS CLASSIFICATION,,YEAR,NAICS CLASSIFICATION: (1113),"7,045,134",,CENSUS,9000,PRODUCTION,,,CROPS,US TOTAL,ALL PRODUCTION PRACTICES,00,,NATIONAL,BU,ANNUAL,GRAIN,,,"CORN, GRAIN - PRODUCTION, MEASURED IN BU",2018-02-01 00:00:00.000,CORN,9.0,,2017,ALL CLASSES,,US TOTAL,,00,00000000,FIELD CROPS
UNITED STATES,US,,99,NAICS CLASSIFICATION,,YEAR,NAICS CLASSIFICATION: (1114),"5,213,029",,CENSUS,9000,PRODUCTION,,,CROPS,US TOTAL,ALL PRODUCTION PRACTICES,00,,NATIONAL,BU,ANNUAL,GRAIN,,,"CORN, GRAIN - PRODUCTION, MEASURED IN BU",2018-02-01 00:00:00.000,CORN,6.2,,2017,ALL CLASSES,,US TOTAL,,00,00000000,FIELD CROPS
UNITED STATES,US,,99,NAICS CLASSIFICATION,,YEAR,NAICS CLASSIFICATION: (1119),"307,482,619",,CENSUS,9000,PRODUCTION,,,CROPS,US TOTAL,ALL PRODUCTION PRACTICES,00,,NATIONAL,BU,ANNUAL,GRAIN,,,"CORN, GRAIN - PRODUCTION, MEASURED IN BU",2018-02-01 00:00:00.000,CORN,3.1,,2017,ALL CLASSES,,US TOTAL,,00,00000000,FIELD CROPS
UNITED STATES,US,,99,NAICS CLASSIFICATION,,YEAR,NAICS CLASSIFICATION: (11191),"12,888,041",,CENSUS,9000,PRODUCTION,,,CROPS,US TOTAL,ALL PRODUCTION PRACTICES,00,,NATIONAL,BU,ANNUAL,GRAIN,,,"CORN, GRAIN - PRODUCTION, MEASURED IN BU",2018-02-01 00:00:00.000,CORN,12.3,,2017,ALL CLASSES,,US TOTAL,,00,00000000,FIELD CROPS
UNITED STATES,US,,99,NAICS CLASSIFICATION,,YEAR,NAICS CLASSIFICATION: (11192),"84,634,980",,CENSUS,9000,PRODUCTION,,,CROPS,US TOTAL,ALL PRODUCTION PRACTICES,00,,NATIONAL,BU,ANNUAL,GRAIN,,,"CORN, GRAIN - PRODUCTION, MEASURED IN BU",2018-02-01 00:00:00.000,CORN,4.5,,2017,ALL CLASSES,,US TOTAL,,00,00000000,FIELD CROPS
UNITED STATES,US,,99,NAICS CLASSIFICATION,,YEAR,NAICS CLASSIFICATION: (11193 & 11194 & 11199),"209,959,598",,CENSUS,9000,PRODUCTION,,,CROPS,US TOTAL,ALL PRODUCTION PRACTICES,00,,NATIONAL,BU,ANNUAL,GRAIN,,,"CORN, GRAIN - PRODUCTION, MEASURED IN BU",2018-02-01 00:00:00.000,CORN,3.4,,2017,ALL CLASSES,,US TOTAL,,00,00000000,FIELD CROPS
UNITED STATES,US,,99,NAICS CLASSIFICATION,,YEAR,NAICS CLASSIFICATION: (112111),"304,705,274",,CENSUS,9000,PRODUCTION,,,CROPS,US TOTAL,ALL PRODUCTION PRACTICES,00,,NATIONAL,BU,ANNUAL,GRAIN,,,"CORN, GRAIN - PRODUCTION, MEASURED IN BU",2018-02-01 00:00:00.000,CORN,6.3,,2017,ALL CLASSES,,US TOTAL,,00,00000000,FIELD CROPS
UNITED STATES,US,,99,NAICS CLASSIFICATION,,YEAR,NAICS CLASSIFICATION: (112112),"334,106,669",,CENSUS,9000,PRODUCTION,,,CROPS,US TOTAL,ALL PRODUCTION PRACTICES,00,,NATIONAL,BU,ANNUAL,GRAIN,,,"CORN, GRAIN - PRODUCTION, MEASURED IN BU",2018-02-01 00:00:00.000,CORN,5.7,,2017,ALL CLASSES,,US TOTAL,,00,00000000,FIELD CROPS
UNITED STATES,US,,99,NAICS CLASSIFICATION,,YEAR,NAICS CLASSIFICATION: (11212),"356,049,017",,CENSUS,9000,PRODUCTION,,,CROPS,US TOTAL,ALL PRODUCTION PRACTICES,00,,NATIONAL,BU,ANNUAL,GRAIN,,,"CORN, GRAIN - PRODUCTION, MEASURED IN BU",2018-02-01 00:00:00.000,CORN,5.5,,2017,ALL CLASSES,,US TOTAL,,00,00000000,FIELD CROPS
UNITED STATES,US,,99,NAICS CLASSIFICATION,,YEAR,NAICS CLASSIFICATION: (1122),"432,121,675",,CENSUS,9000,PRODUCTION,,,CROPS,US TOTAL,ALL PRODUCTION PRACTICES,00,,NATIONAL,BU,ANNUAL,GRAIN,,,"CORN, GRAIN - PRODUCTION, MEASURED IN BU",2018-02-01 00:00:00.000,CORN,2.5,,2017,ALL CLASSES,,US TOTAL,,00,00000000,FIELD CROPS
UNITED STATES,US,,99,NAICS CLASSIFICATION,,YEAR,NAICS CLASSIFICATION: (1123),"86,770,183",,CENSUS,9000,PRODUCTION,,,CROPS,US TOTAL,ALL PRODUCTION PRACTICES,00,,NATIONAL,BU,ANNUAL,GRAIN,,,"CORN, GRAIN - PRODUCTION, MEASURED IN BU",2018-02-01 00:00:00.000,CORN,3.7,,2017,ALL CLASSES,,US TOTAL,,00,00000000,FIELD CROPS
UNITED STATES,US,,99,NAICS CLASSIFICATION,,YEAR,NAICS CLASSIFICATION: (1124),"2,981,474",,CENSUS,9000,PRODUCTION,,,CROPS,US TOTAL,ALL PRODUCTION PRACTICES,00,,NATIONAL,BU,ANNUAL,GRAIN,,,"CORN, GRAIN - PRODUCTION, MEASURED IN BU",2018-02-01 00:00:00.000,CORN,9.5,,2017,ALL CLASSES,,US TOTAL,,00,00000000,FIELD CROPS
UNITED STATES,US,,99,NAICS CLASSIFICATION,,YEAR,NAICS CLASSIFICATION: (1125 & 1129),"73,563,828",,CENSUS,9000,PRODUCTION,,,CROPS,US TOTAL,ALL PRODUCTION PRACTICES,00,,NATIONAL,BU,ANNUAL,GRAIN,,,"CORN, GRAIN - PRODUCTION, MEASURED IN BU",2018-02-01 00:00:00.000,CORN,3.1,,2017,ALL CLASSES,,US TOTAL,,00,00000000,FIELD CROPS
UNITED STATES,US,,99,TOTAL,,YEAR,NOT SPECIFIED,"14,773,403,430",,CENSUS,9000,PRODUCTION,,,CROPS,US TOTAL,ALL PRODUCTION PRACTICES,00,,NATIONAL,BU,ANNUAL,GRAIN,,,"CORN, GRAIN - PRODUCTION, MEASURED IN BU",2018-02-01 00:00:00.000,CORN,1.4,,2017,ALL CLASSES,,US TOTAL,,00,00000000,FIELD CROPS
UNITED STATES,US,,99,ORGANIC STATUS,,YEAR,ORGANIC STATUS: (NOP USDA CERTIFIED),"37,856,835",,CENSUS,9000,PRODUCTION,,,CROPS,US TOTAL,ORGANIC,00,,NATIONAL,BU,ANNUAL,GRAIN,,,"CORN, GRAIN, ORGANIC - PRODUCTION, MEASURED IN BU",2018-02-01 00:00:00.000,CORN,4.7,,2019,ALL CLASSES,,US TOTAL,,00,00000000,FIELD CROPS
UNITED STATES,US,,99,ORGANIC STATUS,,YEAR,ORGANIC STATUS: (NOP USDA CERTIFIED),"49,467,464",,CENSUS,9000,PRODUCTION,,,CROPS,US TOTAL,ORGANIC,00,,NATIONAL,BU,ANNUAL,GRAIN,,,"CORN, GRAIN, ORGANIC - PRODUCTION, MEASURED IN BU",2022-12-15 12:00:00.000,CORN,6.8,,2021,ALL CLASSES,,US TOTAL,,00,00000000,FIELD CROPS
UNITED STATES,US,,99,AREA HARVESTED,,YEAR,"AREA HARVESTED: (1,000 OR MORE ACRES)","5,549,379,236",,CENSUS,9000,PRODUCTION,,,CROPS,US TOTAL,ALL PRODUCTION PRACTICES,00,,NATIONAL,BU,ANNUAL,GRAIN,,,"CORN, GRAIN - PRODUCTION, MEASURED IN BU",2024-07-02 12:00:00.000,CORN,6.2,,2022,ALL CLASSES,,US TOTAL,,00,00000000,FIELD CROPS
UNITED STATES,US,,99,AREA HARVESTED,,YEAR,"AREA HARVESTED: (1,000 TO 1,999 ACRES)","3,223,099,952",,CENSUS,9000,PRODUCTION,,,CROPS,US TOTAL,ALL PRODUCTION PRACTICES,00,,NATIONAL,BU,ANNUAL,GRAIN,,,"CORN, GRAIN - PRODUCTION, MEASURED IN BU",2024-07-02 12:00:00.000,CORN,9.6,,2022,ALL CLASSES,,US TOTAL,,00,00000000,FIELD CROPS
UNITED STATES,US,,99,AREA HARVESTED,,YEAR,AREA HARVESTED: (1.0 TO 14.9 ACRES),"29,383,689",,CENSUS,9000,PRODUCTION,,,CROPS,US TOTAL,ALL PRODUCTION PRACTICES,00,,NATIONAL,BU,ANNUAL,GRAIN,,,"CORN, GRAIN - PRODUCTION, MEASURED IN BU",2024-07-02 12:00:00.000,CORN,4.7,,2022,ALL CLASSES,,US TOTAL,,00,00000000,FIELD CROPS
UNITED STATES,US,,99,AREA HARVESTED,,YEAR,AREA HARVESTED: (100 TO 249 ACRES),"1,786,806,400",,CENSUS,9000,PRODUCTION,,,CROPS,US TOTAL,ALL PRODUCTION PRACTICES,00,,NATIONAL,BU,ANNUAL,GRAIN,,,"CORN, GRAIN - PRODUCTION, MEASURED IN BU",2024-07-02 12:00:00.000,CORN,5.4,,2022,ALL CLASSES,,US TOTAL,,00,00000000,FIELD CROPS
UNITED STATES,US,,99,AREA HARVESTED,,YEAR,AREA HARVESTED: (15.0 TO 24.9 ACRES),"48,862,437",,CENSUS,9000,PRODUCTION,,,CROPS,US TOTAL,ALL PRODUCTION PRACTICES,00,,NATIONAL,BU,ANNUAL,GRAIN,,,"CORN, GRAIN - PRODUCTION, MEASURED IN BU",2024-07-02 12:00:00.000,CORN,7.5,,2022,ALL CLASSES,,US TOTAL,,00,00000000,FIELD CROPS
UNITED STATES,US,,99,AREA HARVESTED,,YEAR,"AREA HARVESTED: (2,000 TO 2,999 ACRES)","1,135,796,188",,CENSUS,9000,PRODUCTION,,,CROPS,US TOTAL,ALL PRODUCTION PRACTICES,00,,NATIONAL,BU,ANNUAL,GRAIN,,,"CORN, GRAIN - PRODUCTION, MEASURED IN BU",2024-07-02 12:00:00.000,CORN,4.2,,2022,ALL CLASSES,,US TOTAL,,00,00000000,FIELD CROPS
UNITED STATES,US,,99,AREA HARVESTED,,YEAR,AREA HARVESTED: (25.0 TO 49.9 ACRES),"198,571,011",,CENSUS,9000,PRODUCTION,,,CROPS,US TOTAL,ALL PRODUCTION PRACTICES,00,,NATIONAL,BU,ANNUAL,GRAIN,,,"CORN, GRAIN - PRODUCTION, MEASURED IN BU",2024-07-02 12:00:00.000,CORN,7.0,,2022,ALL CLASSES,,US TOTAL,,00,00000000,FIELD CROPS
UNITED STATES,US,,99,AREA HARVESTED,,YEAR,AREA HARVESTED: (250 TO 499 ACRES),"2,428,156,436",,CENSUS,9000,PRODUCTION,,,CROPS,US TOTAL,ALL PRODUCTION PRACTICES,00,,NATIONAL,BU,ANNUAL,GRAIN,,,"CORN, GRAIN - PRODUCTION, MEASURED IN BU",2024-07-02 12:00:00.000,CORN,2.5,,2022,ALL CLASSES,,US TOTAL,,00,00000000,FIELD CROPS
UNITED STATES,US,,99,AREA HARVESTED,,YEAR,"AREA HARVESTED: (3,000 TO 4,999 ACRES)","703,680,539",,CENSUS,9000,PRODUCTION,,,CROPS,US TOTAL,ALL PRODUCTION PRACTICES,00,,NATIONAL,BU,ANNUAL,GRAIN,,,"CORN, GRAIN - PRODUCTION, MEASURED IN BU",2024-07-02 12:00:00.000,CORN,1.7,,2022,ALL CLASSES,,US TOTAL,,00,00000000,FIELD CROPS
UNITED STATES,US,,99,AREA HARVESTED,,YEAR,"AREA HARVESTED: (5,000 OR MORE ACRES)","486,802,557",,CENSUS,9000,PRODUCTION,,,CROPS,US TOTAL,ALL PRODUCTION PRACTICES,00,,NATIONAL,BU,ANNUAL,GRAIN,,,"CORN, GRAIN - PRODUCTION, MEASURED IN BU",2024-07-02 12:00:00.000,CORN,1.9,,2022,ALL CLASSES,,US TOTAL,,00,00000000,FIELD CROPS
UNITED STATES,US,,99,AREA HARVESTED,,YEAR,AREA HARVESTED: (50.0 TO 99.9 ACRES),"537,724,985",,CENSUS,9000,PRODUCTION,,,CROPS,US TOTAL,ALL PRODUCTION PRACTICES,00,,NATIONAL,BU,ANNUAL,GRAIN,,,"CORN, GRAIN - PRODUCTION, MEASURED IN BU",2024-07-02 12:00:00.000,CORN,9.0,,2022,ALL CLASSES,,US TOTAL,,00,00000000,FIELD CROPS
UNITED STATES,US,,99,AREA HARVESTED,,YEAR,AREA HARVESTED: (500 TO 999 ACRES),"3,143,558,772",,CENSUS,9000,PRODUCTION,,,CROPS,US TOTAL,ALL PRODUCTION PRACTICES,00,,NATIONAL,BU,ANNUAL,GRAIN,,,"CORN, GRAIN - PRODUCTION, MEASURED IN BU",2024-07-02 12:00:00.000,CORN,5.2,,2022,ALL CLASSES,,US TOTAL,,00,00000000,FIELD CROPS
UNITED STATES,US,,99,AREA OPERATED,,YEAR,"AREA OPERATED: (1,000 TO 1,999 ACRES)","3,025,957,047",,CENSUS,9000,PRODUCTION,,,CROPS,US TOTAL,ALL PRODUCTION PRACTICES,00,,NATIONAL,BU,ANNUAL,GRAIN,,,"CORN, GRAIN - PRODUCTION, MEASURED IN BU",2024-07-02 12:00:00.000,CORN,6.4,,2022,ALL CLASSES,,US TOTAL,,00,00000000,FIELD CROPS
UNITED STATES,US,,99,AREA OPERATED,,YEAR,AREA OPERATED: (1.0 TO 9.9 ACRES),"1,823,861",,CENSUS,9000,PRODUCTION,,,CROPS,US TOTAL,ALL PRODUCTION PRACTICES,00,,NATIONAL,BU,ANNUAL,GRAIN,,,"CORN, GRAIN - PRODUCTION, MEASURED IN BU",2024-07-02 12:00:00.000,CORN,12.0,,2022,ALL CLASSES,,US TOTAL,,00,00000000,FIELD CROPS
UNITED STATES,US,,99,AREA OPERATED,,YEAR,AREA OPERATED: (10.0 TO 49.9 ACRES),"58,086,937",,CENSUS,9000,PRODUCTION,,,CROPS,US TOTAL,ALL PRODUCTION PRACTICES,00,,NATIONAL,BU,ANNUAL,GRAIN,,,"CORN, GRAIN - PRODUCTION, MEASURED IN BU",2024-07-02 12:00:00.000,CORN,12.5,,2022,ALL CLASSES,,US TOTAL,,00,00000000,FIELD CROPS
UNITED STATES,US,,99,AREA OPERATED,,YEAR,AREA OPERATED: (100 TO 139 ACRES),"150,676,248",,CENSUS,9000,PRODUCTION,,,CROPS,US TOTAL,ALL PRODUCTION PRACTICES,00,,NATIONAL,BU,ANNUAL,GRAIN,,,"CORN, GRAIN - PRODUCTION, MEASURED IN BU",2024-07-02 12:00:00.000,CORN,13.1,,2022,ALL CLASSES,,US TOTAL,,00,00000000,FIELD CROPS
UNITED STATES,US,,99,AREA OPERATED,,YEAR,AREA OPERATED: (140 TO 179 ACRES),"205,660,395",,CENSUS,9000,PRODUCTION,,,CROPS,US TOTAL,ALL PRODUCTION PRACTICES,00,,NATIONAL,BU,ANNUAL,GRAIN,,,"CORN, GRAIN - PRODUCTION, MEASURED IN BU",2024-07-02 12:00:00.000,CORN,14.9,,2022,ALL CLASSES,,US TOTAL,,00,00000000,FIELD CROPS
UNITED STATES,US,,99,AREA OPERATED,,YEAR,AREA OPERATED: (180 TO 219 ACRES),"180,447,356",,CENSUS,9000,PRODUCTION,,,CROPS,US TOTAL,ALL PRODUCTION PRACTICES,00,,NATIONAL,BU,ANNUAL,GRAIN,,,"CORN, GRAIN - PRODUCTION, MEASURED IN BU",2024-07-02 12:00:00.000,CORN,12.4,,2022,ALL CLASSES,,US TOTAL,,00,00000000,FIELD CROPS
UNITED STATES,US,,99,AREA OPERATED,,YEAR,"AREA OPERATED: (2,000 OR MORE ACRES)","6,306,374,282",,CENSUS,9000,PRODUCTION,,,CROPS,US TOTAL,ALL PRODUCTION PRACTICES,00,,NATIONAL,BU,ANNUAL,GRAIN,,,"CORN, GRAIN - PRODUCTION, MEASURED IN BU",2024-07-02 12:00:00.000,CORN,6.5,,2022,ALL CLASSES,,US TOTAL,,00,00000000,FIELD CROPS
UNITED STATES,US,,99,AREA OPERATED,,YEAR,AREA OPERATED: (220 TO 259 ACRES),"195,563,101",,CENSUS,9000,PRODUCTION,,,CROPS,US TOTAL,ALL PRODUCTION PRACTICES,00,,NATIONAL,BU,ANNUAL,GRAIN,,,"CORN, GRAIN - PRODUCTION, MEASURED IN BU",2024-07-02 12:00:00.000,CORN,14.9,,2022,ALL CLASSES,,US TOTAL,,00,00000000,FIELD CROPS
UNITED STATES,US,,99,AREA OPERATED,,YEAR,AREA OPERATED: (260 TO 499 ACRES),"1,186,155,544",,CENSUS,9000,PRODUCTION,,,CROPS,US TOTAL,ALL PRODUCTION PRACTICES,00,,NATIONAL,BU,ANNUAL,GRAIN,,,"CORN, GRAIN - PRODUCTION, MEASURED IN BU",2024-07-02 12:00:00.000,CORN,5.7,,2022,ALL CLASSES,,US TOTAL,,00,00000000,FIELD CROPS
UNITED STATES,US,,99,AREA OPERATED,,YEAR,AREA OPERATED: (50.0 TO 69.9 ACRES),"46,601,458",,CENSUS,9000,PRODUCTION,,,CROPS,US TOTAL,ALL PRODUCTION PRACTICES,00,,NATIONAL,BU,ANNUAL,GRAIN,,,"CORN, GRAIN - PRODUCTION, MEASURED IN BU",2024-07-02 12:00:00.000,CORN,14.6,,2022,ALL CLASSES,,US TOTAL,,00,00000000,FIELD CROPS
UNITED STATES,US,,99,AREA OPERATED,,YEAR,AREA OPERATED: (500 TO 999 ACRES),"2,252,698,490",,CENSUS,9000,PRODUCTION,,,CROPS,US TOTAL,ALL PRODUCTION PRACTICES,00,,NATIONAL,BU,ANNUAL,GRAIN,,,"CORN, GRAIN - PRODUCTION, MEASURED IN BU",2024-07-02 12:00:00.000,CORN,3.5,,2022,ALL CLASSES,,US TOTAL,,00,00000000,FIELD CROPS
UNITED STATES,US,,99,AREA OPERATED,,YEAR,AREA OPERATED: (70.0 TO 99.9 ACRES),"112,398,247",,CENSUS,9000,PRODUCTION,,,CROPS,US TOTAL,ALL PRODUCTION PRACTICES,00,,NATIONAL,BU,ANNUAL,GRAIN,,,"CORN, GRAIN - PRODUCTION, MEASURED IN BU",2024-07-02 12:00:00.000,CORN,16.8,,2022,ALL CLASSES,,US TOTAL,,00,00000000,FIELD CROPS
UNITED STATES,US,,99,ECONOMIC CLASS,,YEAR,"ECONOMIC CLASS: (1,000 TO 2,499 $)","718,496",,CENSUS,9000,PRODUCTION,,,CROPS,US TOTAL,ALL PRODUCTION PRACTICES,00,,NATIONAL,BU,ANNUAL,GRAIN,,,"CORN, GRAIN - PRODUCTION, MEASURED IN BU",2024-07-02 12:00:00.000,CORN,9.8,,2022,ALL CLASSES,,US TOTAL,,00,00000000,FIELD CROPS
UNITED STATES,US,,99,ECONOMIC CLASS,,YEAR,"ECONOMIC CLASS: (1,000,000 OR MORE $)","8,953,617,940",,CENSUS,9000,PRODUCTION,,,CROPS,US TOTAL,ALL PRODUCTION PRACTICES,00,,NATIONAL,BU,ANNUAL,GRAIN,,,"CORN, GRAIN - PRODUCTION, MEASURED IN BU",2024-07-02 12:00:00.000,CORN,3.8,,2022,ALL CLASSES,,US TOTAL,,00,00000000,FIELD CROPS
UNITED STATES,US,,99,ECONOMIC CLASS,,YEAR,"ECONOMIC CLASS: (10,000 TO 24,999 $)","34,535,567",,CENSUS,9000,PRODUCTION,,,CROPS,US TOTAL,ALL PRODUCTION PRACTICES,00,,NATIONAL,BU,ANNUAL,GRAIN,,,"CORN, GRAIN - PRODUCTION, MEASURED IN BU",2024-07-02 12:00:00.000,CORN,10.1,,2022,ALL CLASSES,,US TOTAL,,00,00000000,FIELD CROPS
UNITED STATES,US,,99,ECONOMIC CLASS,,YEAR,"ECONOMIC CLASS: (100,000 TO 249,999 $)","804,489,216",,CENSUS,9000,PRODUCTION,,,CROPS,US TOTAL,ALL PRODUCTION PRACTICES,00,,NATIONAL,BU,ANNUAL,GRAIN,,,"CORN, GRAIN - PRODUCTION, MEASURED IN BU",2024-07-02 12:00:00.000,CORN,11.8,,2022,ALL CLASSES,,US TOTAL,,00,00000000,FIELD CROPS
UNITED STATES,US,,99,ECONOMIC CLASS,,YEAR,"ECONOMIC CLASS: (2,500 TO 4,999 $)","2,477,954",,CENSUS,9000,PRODUCTION,,,CROPS,US TOTAL,ALL PRODUCTION PRACTICES,00,,NATIONAL,BU,ANNUAL,GRAIN,,,"CORN, GRAIN - PRODUCTION, MEASURED IN BU",2024-07-02 12:00:00.000,CORN,7.0,,2022,ALL CLASSES,,US TOTAL,,00,00000000,FIELD CROPS
UNITED STATES,US,,99,ECONOMIC CLASS,,YEAR,"ECONOMIC CLASS: (25,000 TO 49,999 $)","88,807,947",,CENSUS,9000,PRODUCTION,,,CROPS,US TOTAL,ALL PRODUCTION PRACTICES,00,,NATIONAL,BU,ANNUAL,GRAIN,,,"CORN, GRAIN - PRODUCTION, MEASURED IN BU",2024-07-02 12:00:00.000,CORN,15.0,,2022,ALL CLASSES,,US TOTAL,,00,00000000,FIELD CROPS
UNITED STATES,US,,99,ECONOMIC CLASS,,YEAR,"ECONOMIC CLASS: (250,000 TO 499,999 $)","1,384,982,578",,CENSUS,9000,PRODUCTION,,,CROPS,US TOTAL,ALL PRODUCTION PRACTICES,00,,NATIONAL,BU,ANNUAL,GRAIN,,,"CORN, GRAIN - PRODUCTION, MEASURED IN BU",2024-07-02 12:00:00.000,CORN,6.8,,2022,ALL CLASSES,,US TOTAL,,00,00000000,FIELD CROPS
UNITED STATES,US,,99,ECONOMIC CLASS,,YEAR,"ECONOMIC CLASS: (5,000 TO 9,999 $)","8,434,218",,CENSUS,9000,PRODUCTION,,,CROPS,US TOTAL,ALL PRODUCTION PRACTICES,00,,NATIONAL,BU,ANNUAL,GRAIN,,,"CORN, GRAIN - PRODUCTION, MEASURED IN BU",2024-07-02 12:00:00.000,CORN,9.0,,2022,ALL CLASSES,,US TOTAL,,00,00000000,FIELD CROPS
UNITED STATES,US,,99,ECONOMIC CLASS,,YEAR,"ECONOMIC CLASS: (50,000 TO 99,999 $)","232,726,062",,CENSUS,9000,PRODUCTION,,,CROPS,US TOTAL,ALL PRODUCTION PRACTICES,00,,NATIONAL,BU,ANNUAL,GRAIN,,,"CORN, GRAIN - PRODUCTION, MEASURED IN BU",2024-07-02 12:00:00.000,CORN,14.8,,2022,ALL CLASSES,,US TOTAL,,00,00000000,FIELD CROPS
UNITED STATES,US,,99,ECONOMIC CLASS,,YEAR,"ECONOMIC CLASS: (500,000 TO 999,999 $)","2,210,923,427",,CENSUS,9000,PRODUCTION,,,CROPS,US TOTAL,ALL PRODUCTION PRACTICES,00,,NATIONAL,BU,ANNUAL,GRAIN,,,"CORN, GRAIN - PRODUCTION, MEASURED IN BU",2024-07-02 12:00:00.000,CORN,1.8,,2022,ALL CLASSES,,US TOTAL,,00,00000000,FIELD CROPS
UNITED STATES,US,,99,ECONOMIC CLASS,,YEAR,"ECONOMIC CLASS: (LESS THAN 1,000 $)","729,561",,CENSUS,9000,PRODUCTION,,,CROPS,US TOTAL,ALL PRODUCTION PRACTICES,00,,NATIONAL,BU,ANNUAL,GRAIN,,,"CORN, GRAIN - PRODUCTION, MEASURED IN BU",2024-07-02 12:00:00.000,CORN,18.5,,2022,ALL CLASSES,,US TOTAL,,00,00000000,FIELD CROPS
UNITED STATES,US,,99,FARM SALES,,YEAR,"FARM SALES: (1,000 TO 2,499 $)","795,351",,CENSUS,9000,PRODUCTION,,,CROPS,US TOTAL,ALL PRODUCTION PRACTICES,00,,NATIONAL,BU,ANNUAL,GRAIN,,,"CORN, GRAIN - PRODUCTION, MEASURED IN BU",2024-07-02 12:00:00.000,CORN,10.3,,2022,ALL CLASSES,,US TOTAL,,00,00000000,FIELD CROPS
UNITED STATES,US,,99,FARM SALES,,YEAR,"FARM SALES: (1,000,000 OR MORE $)","8,875,632,030",,CENSUS,9000,PRODUCTION,,,CROPS,US TOTAL,ALL PRODUCTION PRACTICES,00,,NATIONAL,BU,ANNUAL,GRAIN,,,"CORN, GRAIN - PRODUCTION, MEASURED IN BU",2024-07-02 12:00:00.000,CORN,3.8,,2022,ALL CLASSES,,US TOTAL,,00,00000000,FIELD CROPS
UNITED STATES,US,,99,FARM SALES,,YEAR,"FARM SALES: (10,000 TO 24,999 $)","36,859,801",,CENSUS,9000,PRODUCTION,,,CROPS,US TOTAL,ALL PRODUCTION PRACTICES,00,,NATIONAL,BU,ANNUAL,GRAIN,,,"CORN, GRAIN - PRODUCTION, MEASURED IN BU",2024-07-02 12:00:00.000,CORN,10.4,,2022,ALL CLASSES,,US TOTAL,,00,00000000,FIELD CROPS
UNITED STATES,US,,99,FARM SALES,,YEAR,"FARM SALES: (100,000 TO 249,999 $)","822,462,093",,CENSUS,9000,PRODUCTION,,,CROPS,US TOTAL,ALL PRODUCTION PRACTICES,00,,NATIONAL,BU,ANNUAL,GRAIN,,,"CORN, GRAIN - PRODUCTION, MEASURED IN BU",2024-07-02 12:00:00.000,CORN,11.4,,2022,ALL CLASSES,,US TOTAL,,00,00000000,FIELD CROPS
UNITED STATES,US,,99,FARM SALES,,YEAR,"FARM SALES: (2,500 TO 4,999 $)","2,735,765",,CENSUS,9000,PRODUCTION,,,CROPS,US TOTAL,ALL PRODUCTION PRACTICES,00,,NATIONAL,BU,ANNUAL,GRAIN,,,"CORN, GRAIN - PRODUCTION, MEASURED IN BU",2024-07-02 12:00:00.000,CORN,6.6,,2022,ALL CLASSES,,US TOTAL,,00,00000000,FIELD CROPS
UNITED STATES,US,,99,FARM SALES,,YEAR,"FARM SALES: (25,000 TO 49,999 $)","93,089,720",,CENSUS,9000,PRODUCTION,,,CROPS,US TOTAL,ALL PRODUCTION PRACTICES,00,,NATIONAL,BU,ANNUAL,GRAIN,,,"CORN, GRAIN - PRODUCTION, MEASURED IN BU",2024-07-02 12:00:00.000,CORN,15.0,,2022,ALL CLASSES,,US TOTAL,,00,00000000,FIELD CROPS
UNITED STATES,US,,99,FARM SALES,,YEAR,"FARM SALES: (250,000 TO 499,999 $)","1,410,613,572",,CENSUS,9000,PRODUCTION,,,CROPS,US TOTAL,ALL PRODUCTION PRACTICES,00,,NATIONAL,BU,ANNUAL,GRAIN,,,"CORN, GRAIN - PRODUCTION, MEASURED IN BU",2024-07-02 12:00:00.000,CORN,6.4,,2022,ALL CLASSES,,US TOTAL,,00,00000000,FIELD CROPS
UNITED STATES,US,,99,FARM SALES,,YEAR,"FARM SALES: (5,000 TO 9,999 $)","8,916,542",,CENSUS,9000,PRODUCTION,,,CROPS,US TOTAL,ALL PRODUCTION PRACTICES,00,,NATIONAL,BU,ANNUAL,GRAIN,,,"CORN, GRAIN - PRODUCTION, MEASURED IN BU",2024-07-02 12:00:00.000,CORN,9.0,,2022,ALL CLASSES,,US TOTAL,,00,00000000,FIELD CROPS
UNITED STATES,US,,99,FARM SALES,,YEAR,"FARM SALES: (50,000 TO 99,999 $)","239,591,775",,CENSUS,9000,PRODUCTION,,,CROPS,US TOTAL,ALL PRODUCTION PRACTICES,00,,NATIONAL,BU,ANNUAL,GRAIN,,,"CORN, GRAIN - PRODUCTION, MEASURED IN BU",2024-07-02 12:00:00.000,CORN,15.1,,2022,ALL CLASSES,,US TOTAL,,00,00000000,FIELD CROPS
UNITED STATES,US,,99,FARM SALES,,YEAR,"FARM SALES: (500,000 TO 999,999 $)","2,230,786,948",,CENSUS,9000,PRODUCTION,,,CROPS,US TOTAL,ALL PRODUCTION PRACTICES,00,,NATIONAL,BU,ANNUAL,GRAIN,,,"CORN, GRAIN - PRODUCTION, MEASURED IN BU",2024-07-02 12:00:00.000,CORN,1.9,,2022,ALL CLASSES,,US TOTAL,,00,00000000,FIELD CROPS
UNITED STATES,US,,99,FARM SALES,,YEAR,"FARM SALES: (LESS THAN 1,000 $)","959,369",,CENSUS,9000,PRODUCTION,,,CROPS,US TOTAL,ALL PRODUCTION PRACTICES,00,,NATIONAL,BU,ANNUAL,GRAIN,,,"CORN, GRAIN - PRODUCTION, MEASURED IN BU",2024-07-02 12:00:00.000,CORN,44.2,,2022,ALL CLASSES,,US TOTAL,,00,00000000,FIELD CROPS
UNITED STATES,US,,99,NAICS CLASSIFICATION,,YEAR,NAICS CLASSIFICATION: (1111),"12,251,216,816",,CENSUS,9000,PRODUCTION,,,CROPS,US TOTAL,ALL PRODUCTION PRACTICES,00,,NATIONAL,BU,ANNUAL,GRAIN,,,"CORN, GRAIN - PRODUCTION, MEASURED IN BU",2024-07-02 12:00:00.000,CORN,3.0,,2022,ALL CLASSES,,US TOTAL,,00,00000000,FIELD CROPS
UNITED STATES,US,,99,NAICS CLASSIFICATION,,YEAR,NAICS CLASSIFICATION: (1112),"72,927,678",,CENSUS,9000,PRODUCTION,,,CROPS,US TOTAL,ALL PRODUCTION PRACTICES,00,,NATIONAL,BU,ANNUAL,GRAIN,,,"CORN, GRAIN - PRODUCTION, MEASURED IN BU",2024-07-02 12:00:00.000,CORN,7.5,,2022,ALL CLASSES,,US TOTAL,,00,00000000,FIELD CROPS
UNITED STATES,US,,99,NAICS CLASSIFICATION,,YEAR,NAICS CLASSIFICATION: (1113),"5,488,035",,CENSUS,9000,PRODUCTION,,,CROPS,US TOTAL,ALL PRODUCTION PRACTICES,00,,NATIONAL,BU,ANNUAL,GRAIN,,,"CORN, GRAIN - PRODUCTION, MEASURED IN BU",2024-07-02 12:00:00.000,CORN,8.4,,2022,ALL CLASSES,,US TOTAL,,00,00000000,FIELD CROPS
UNITED STATES,US,,99,NAICS CLASSIFICATION,,YEAR,NAICS CLASSIFICATION: (1114),"4,919,407",,CENSUS,9000,PRODUCTION,,,CROPS,US TOTAL,ALL PRODUCTION PRACTICES,00,,NATIONAL,BU,ANNUAL,GRAIN,,,"CORN, GRAIN - PRODUCTION, MEASURED IN BU",2024-07-02 12:00:00.000,CORN,8.9,,2022,ALL CLASSES,,US TOTAL,,00,00000000,FIELD CROPS
UNITED STATES,US,,99,NAICS CLASSIFICATION,,YEAR,NAICS CLASSIFICATION: (1119),"220,530,258",,CENSUS,9000,PRODUCTION,,,CROPS,US TOTAL,ALL PRODUCTION PRACTICES,00,,NATIONAL,BU,ANNUAL,GRAIN,,,"CORN, GRAIN - PRODUCTION, MEASURED IN BU",2024-07-02 12:00:00.000,CORN,4.9,,2022,ALL CLASSES,,US TOTAL,,00,00000000,FIELD CROPS
UNITED STATES,US,,99,NAICS CLASSIFICATION,,YEAR,NAICS CLASSIFICATION: (11191),"4,204,978",,CENSUS,9000,PRODUCTION,,,CROPS,US TOTAL,ALL PRODUCTION PRACTICES,00,,NATIONAL,BU,ANNUAL,GRAIN,,,"CORN, GRAIN - PRODUCTION, MEASURED IN BU",2024-07-02 12:00:00.000,CORN,10.6,,2022,ALL CLASSES,,US TOTAL,,00,00000000,FIELD CROPS
UNITED STATES,US,,99,NAICS CLASSIFICATION,,YEAR,NAICS CLASSIFICATION: (11192),"53,926,081",,CENSUS,9000,PRODUCTION,,,CROPS,US TOTAL,ALL PRODUCTION PRACTICES,00,,NATIONAL,BU,ANNUAL,GRAIN,,,"CORN, GRAIN - PRODUCTION, MEASURED IN BU",2024-07-02 12:00:00.000,CORN,13.1,,2022,ALL CLASSES,,US TOTAL,,00,00000000,FIELD CROPS
UNITED STATES,US,,99,NAICS CLASSIFICATION,,YEAR,NAICS CLASSIFICATION: (11193 & 11194 & 11199),"162,399,199",,CENSUS,9000,PRODUCTION,,,CROPS,US TOTAL,ALL PRODUCTION PRACTICES,00,,NATIONAL,BU,ANNUAL,GRAIN,,,"CORN, GRAIN - PRODUCTION, MEASURED IN BU",2024-07-02 12:00:00.000,CORN,4.4,,2022,ALL CLASSES,,US TOTAL,,00,00000000,FIELD CROPS
UNITED STATES,US,,99,NAICS CLASSIFICATION,,YEAR,NAICS CLASSIFICATION: (112111),"160,961,168",,CENSUS,9000,PRODUCTION,,,CROPS,US TOTAL,ALL PRODUCTION PRACTICES,00,,NATIONAL,BU,ANNUAL,GRAIN,,,"CORN, GRAIN - PRODUCTION, MEASURED IN BU",2024-07-02 12:00:00.000,CORN,7.4,,2022,ALL CLASSES,,US TOTAL,,00,00000000,FIELD CROPS
UNITED STATES,US,,99,NAICS CLASSIFICATION,,YEAR,NAICS CLASSIFICATION: (112112),"211,431,906",,CENSUS,9000,PRODUCTION,,,CROPS,US TOTAL,ALL PRODUCTION PRACTICES,00,,NATIONAL,BU,ANNUAL,GRAIN,,,"CORN, GRAIN - PRODUCTION, MEASURED IN BU",2024-07-02 12:00:00.000,CORN,8.0,,2022,ALL CLASSES,,US TOTAL,,00,00000000,FIELD CROPS
UNITED STATES,US,,99,NAICS CLASSIFICATION,,YEAR,NAICS CLASSIFICATION: (11212),"316,751,155",,CENSUS,9000,PRODUCTION,,,CROPS,US TOTAL,ALL PRODUCTION PRACTICES,00,,NATIONAL,BU,ANNUAL,GRAIN,,,"CORN, GRAIN - PRODUCTION, MEASURED IN BU",2024-07-02 12:00:00.000,CORN,6.1,,2022,ALL CLASSES,,US TOTAL,,00,00000000,FIELD CROPS
UNITED STATES,US,,99,NAICS CLASSIFICATION,,YEAR,NAICS CLASSIFICATION: (1122),"337,816,742",,CENSUS,9000,PRODUCTION,,,CROPS,US TOTAL,ALL PRODUCTION PRACTICES,00,,NATIONAL,BU,ANNUAL,GRAIN,,,"CORN, GRAIN - PRODUCTION, MEASURED IN BU",2024-07-02 12:00:00.000,CORN,17.5,,2022,ALL CLASSES,,US TOTAL,,00,00000000,FIELD CROPS
UNITED STATES,US,,99,NAICS CLASSIFICATION,,YEAR,NAICS CLASSIFICATION: (1123),"83,179,759",,CENSUS,9000,PRODUCTION,,,CROPS,US TOTAL,ALL PRODUCTION PRACTICES,00,,NATIONAL,BU,ANNUAL,GRAIN,,,"CORN, GRAIN - PRODUCTION, MEASURED IN BU",2024-07-02 12:00:00.000,CORN,5.0,,2022,ALL CLASSES,,US TOTAL,,00,00000000,FIELD CROPS
UNITED STATES,US,,99,NAICS CLASSIFICATION,,YEAR,NAICS CLASSIFICATION: (1124),"1,576,491",,CENSUS,9000,PRODUCTION,,,CROPS,US TOTAL,ALL PRODUCTION PRACTICES,00,,NATIONAL,BU,ANNUAL,GRAIN,,,"CORN, GRAIN - PRODUCTION, MEASURED IN BU",2024-07-02 12:00:00.000,CORN,7.3,,2022,ALL CLASSES,,US TOTAL,,00,00000000,FIELD CROPS
UNITED STATES,US,,99,NAICS CLASSIFICATION,,YEAR,NAICS CLASSIFICATION: (1125 & 1129),"55,643,551",,CENSUS,9000,PRODUCTION,,,CROPS,US TOTAL,ALL PRODUCTION PRACTICES,00,,NATIONAL,BU,ANNUAL,GRAIN,,,"CORN, GRAIN - PRODUCTION, MEASURED IN BU",2024-07-02 12:00:00.000,CORN,24.9,,2022,ALL CLASSES,,US TOTAL,,00,00000000,FIELD CROPS
UNITED STATES,US,,99,TOTAL,,YEAR,NOT SPECIFIED,"13,722,442,966",,CENSUS,9000,PRODUCTION,,,CROPS,US TOTAL,ALL PRODUCTION PRACTICES,00,,NATIONAL,BU,ANNUAL,GRAIN,,,"CORN, GRAIN - PRODUCTION, MEASURED IN BU",2025-08-19 12:00:00.000,CORN,2.7,,2022,ALL CLASSES,,US TOTAL,,00,00000000,FIELD CROPS
