domain_desc,country_name,state_alpha,state_fips_code,watershed_desc,reference_period_desc,domaincat_desc,asd_code,source_desc,state_ansi,county_code,statisticcat_desc,country_code,week_ending,Value,unit_desc,congr_district_code,agg_level_desc,location_desc,sector_desc,end_code,prodn_practice_desc,short_desc,load_time,commodity_desc,util_practice_desc,asd_desc,freq_desc,county_ansi,CV (%),zip_5,year,region_desc,class_desc,watershed_code,group_desc,begin_code,state_name,county_name
TOTAL,UNITED STATES,US,99,,YEAR,NOT SPECIFIED,,SURVEY,,,PRODUCTION,9000,,"555,085,000",BU,,NATIONAL,US TOTAL,CROPS,00,ALL PRODUCTION PRACTICES,"SOYBEANS - PRODUCTION, MEASURED IN BU",2012-01-01 00:00:00.000,SOYBEANS,ALL UTILIZATION PRACTICES,,ANNUAL,,,,1960,,ALL CLASSES,00000000,FIELD CROPS,00,US TOTAL,
TOTAL,UNITED STATES,US,99,,YEAR,NOT SPECIFIED,,SURVEY,,,PRODUCTION,9000,,"678,554,000",BU,,NATIONAL,US TOTAL,CROPS,00,ALL PRODUCTION PRACTICES,"SOYBEANS - PRODUCTION, MEASURED IN BU",2012-01-01 00:00:00.000,SOYBEANS,ALL UTILIZATION PRACTICES,,ANNUAL,,,,1961,,ALL CLASSES,00000000,FIELD CROPS,00,US TOTAL,
TOTAL,UNITED STATES,US,99,,YEAR,NOT SPECIFIED,,SURVEY,,,PRODUCTION,9000,,"669,186,000",BU,,NATIONAL,US TOTAL,CROPS,00,ALL PRODUCTION PRACTICES,"SOYBEANS - PRODUCTION, MEASURED IN BU",2012-01-01 00:00:00.000,SOYBEANS,ALL UTILIZATION PRACTICES,,ANNUAL,,,,1962,,ALL CLASSES,00000000,FIELD CROPS,00,US TOTAL,
TOTAL,UNITED STATES,US,99,,YEAR,NOT SPECIFIED,,SURVEY,,,PRODUCTION,9000,,"699,165,000",BU,,NATIONAL,US TOTAL,CROPS,00,ALL PRODUCTION PRACTICES,"SOYBEANS - PRODUCTION, MEASURED IN BU",2012-01-01 00:00:00.000,SOYBEANS,ALL UTILIZATION PRACTICES,,ANNUAL,,,,1963,,ALL CLASSES,00000000,FIELD CROPS,00,US TOTAL,
TOTAL,UNITED STATES,US,99,,YEAR,NOT SPECIFIED,,SURVEY,,,PRODUCTION,9000,,"700,921,000",BU,,NATIONAL,US TOTAL,CROPS,00,ALL PRODUCTION PRACTICES,"SOYBEANS - PRODUCTION, MEASURED IN BU",2012-01-01 00:00:00.000,SOYBEANS,ALL UTILIZATION PRACTICES,,ANNUAL,,,,1964,,ALL CLASSES,00000000,FIELD CROPS,00,US TOTAL,
TOTAL,UNITED STATES,US,99,,YEAR,NOT SPECIFIED,,SURVEY,,,PRODUCTION,9000,,"845,608,000",BU,,NATIONAL,US TOTAL,CROPS,00,ALL PRODUCTION PRACTICES,"SOYBEANS - PRODUCTION, MEASURED IN BU",2012-01-01 00:00:00.000,SOYBEANS,ALL UTILIZATION PRACTICES,,ANNUAL,,,,1965,,ALL CLASSES,00000000,FIELD CROPS,00,US TOTAL,
TOTAL,UNITED STATES,US,99,,YEAR,NOT SPECIFIED,,SURVEY,,,PRODUCTION,9000,,"928,481,000",BU,,NATIONAL,US TOTAL,CROPS,00,ALL PRODUCTION PRACTICES,"SOYBEANS - PRODUCTION, MEASURED IN BU",2012-01-01 00:00:00.000,SOYBEANS,ALL UTILIZATION PRACTICES,,ANNUAL,,,,1966,,ALL CLASSES,00000000,FIELD CROPS,00,US TOTAL,
TOTAL,UNITED STATES,US,99,,YEAR,NOT SPECIFIED,,SURVEY,,,PRODUCTION,9000,,"976,439,000",BU,,NATIONAL,US TOTAL,CROPS,00,ALL PRODUCTION PRACTICES,"SOYBEANS - PRODUCTION, MEASURED IN BU",2012-01-01 00:00:00.000,SOYBEANS,ALL UTILIZATION PRACTICES,,ANNUAL,,,,1967,,ALL CLASSES,00000000,FIELD CROPS,00,US TOTAL,
TOTAL,UNITED STATES,US,99,,YEAR,NOT SPECIFIED,,SURVEY,,,PRODUCTION,9000,,"1,106,958,000",BU,,NATIONAL,US TOTAL,CROPS,00,ALL PRODUCTION PRACTICES,"SOYBEANS - PRODUCTION, MEASURED IN BU",2012-01-01 00:00:00.000,SOYBEANS,ALL UTILIZATION PRACTICES,,ANNUAL,,,,1968,,ALL CLASSES,00000000,FIELD CROPS,00,US TOTAL,
TOTAL,UNITED STATES,US,99,,YEAR,NOT SPECIFIED,,SURVEY,,,PRODUCTION,9000,,"1,133,120,000",BU,,NATIONAL,US TOTAL,CROPS,00,ALL PRODUCTION PRACTICES,"SOYBEANS - PRODUCTION, MEASURED IN BU",2012-01-01 00:00:00.000,SOYBEANS,ALL UTILIZATION PRACTICES,,ANNUAL,,,,1969,,ALL CLASSES,00000000,FIELD CROPS,00,US TOTAL,
TOTAL,UNITED STATES,US,99,,YEAR,NOT SPECIFIED,,SURVEY,,,PRODUCTION,9000,,"1,127,100,000",BU,,NATIONAL,US TOTAL,CROPS,00,ALL PRODUCTION PRACTICES,"SOYBEANS - PRODUCTION, MEASURED IN BU",2012-01-01 00:00:00.000,SOYBEANS,ALL UTILIZATION PRACTICES,,ANNUAL,,,,1970,,ALL CLASSES,00000000,FIELD CROPS,00,US TOTAL,
TOTAL,UNITED STATES,US,99,,YEAR,NOT SPECIFIED,,SURVEY,,,PRODUCTION,9000,,"1,176,101,000",BU,,NATIONAL,US TOTAL,CROPS,00,ALL PRODUCTION PRACTICES,"SOYBEANS - PRODUCTION, MEASURED IN BU",2012-01-01 00:00:00.000,SOYBEANS,ALL UTILIZATION PRACTICES,,ANNUAL,,,,1971,,ALL CLASSES,00000000,FIELD CROPS,00,US TOTAL,
TOTAL,UNITED STATES,US,99,,YEAR,NOT SPECIFIED,,SURVEY,,,PRODUCTION,9000,,"1,270,608,000",BU,,NATIONAL,US TOTAL,CROPS,00,ALL PRODUCTION PRACTICES,"SOYBEANS - PRODUCTION, MEASURED IN BU",2012-01-01 00:00:00.000,SOYBEANS,ALL UTILIZATION PRACTICES,,ANNUAL,,,,1972,,ALL CLASSES,00000000,FIELD CROPS,00,US TOTAL,
TOTAL,UNITED STATES,US,99,,YEAR,NOT SPECIFIED,,SURVEY,,,PRODUCTION,9000,,"1,547,543,000",BU,,NATIONAL,US TOTAL,CROPS,00,ALL PRODUCTION PRACTICES,"SOYBEANS - PRODUCTION, MEASURED IN BU",2012-01-01 00:00:00.000,SOYBEANS,ALL UTILIZATION PRACTICES,,ANNUAL,,,,1973,,ALL CLASSES,00000000,FIELD CROPS,00,US TOTAL,
TOTAL,UNITED STATES,US,99,,YEAR,NOT SPECIFIED,,SURVEY,,,PRODUCTION,9000,,"1,216,287,000",BU,,NATIONAL,US TOTAL,CROPS,00,ALL PRODUCTION PRACTICES,"SOYBEANS - PRODUCTION, MEASURED IN BU",2012-01-01 00:00:00.000,SOYBEANS,ALL UTILIZATION PRACTICES,,ANNUAL,,,,1974,,ALL CLASSES,00000000,FIELD CROPS,00,US TOTAL,
TOTAL,UNITED STATES,US,99,,YEAR,NOT SPECIFIED,,SURVEY,,,PRODUCTION,9000,,"1,548,344,000",BU,,NATIONAL,US TOTAL,CROPS,00,ALL PRODUCTION PRACTICES,"SOYBEANS - PRODUCTION, MEASURED IN BU",2012-01-01 00:00:00.000,SOYBEANS,ALL UTILIZATION PRACTICES,,ANNUAL,,,,1975,,ALL CLASSES,00000000,FIELD CROPS,00,US TOTAL,
TOTAL,UNITED STATES,US,99,,YEAR,NOT SPECIFIED,,SURVEY,,,PRODUCTION,9000,,"1,288,608,000",BU,,NATIONAL,US TOTAL,CROPS,00,ALL PRODUCTION PRACTICES,"SOYBEANS - PRODUCTION, MEASURED IN BU",2012-01-01 00:00:00.000,SOYBEANS,ALL UTILIZATION PRACTICES,,ANNUAL,,,,1976,,ALL CLASSES,00000000,FIELD CROPS,00,US TOTAL,
TOTAL,UNITED STATES,US,99,,YEAR,NOT SPECIFIED,,SURVEY,,,PRODUCTION,9000,,"1,767,267,000",BU,,NATIONAL,US TOTAL,CROPS,00,ALL PRODUCTION PRACTICES,"SOYBEANS - PRODUCTION, MEASURED IN BU",2012-01-01 00:00:00.000,SOYBEANS,ALL UTILIZATION PRACTICES,,ANNUAL,,,,1977,,ALL CLASSES,00000000,FIELD CROPS,00,US TOTAL,
TOTAL,UNITED STATES,US,99,,YEAR,NOT SPECIFIED,,SURVEY,,,PRODUCTION,9000,,"1,868,754,000",BU,,NATIONAL,US TOTAL,CROPS,00,ALL PRODUCTION PRACTICES,"SOYBEANS - PRODUCTION, MEASURED IN BU",2012-01-01 00:00:00.000,SOYBEANS,ALL UTILIZATION PRACTICES,,ANNUAL,,,,1978,,ALL CLASSES,00000000,FIELD CROPS,00,US TOTAL,
TOTAL,UNITED STATES,US,99,,YEAR,NOT SPECIFIED,,SURVEY,,,PRODUCTION,9000,,"2,260,665,000",BU,,NATIONAL,US TOTAL,CROPS,00,ALL PRODUCTION PRACTICES,"SOYBEANS - PRODUCTION, MEASURED IN BU",2012-01-01 00:00:00.000,SOYBEANS,ALL UTILIZATION PRACTICES,,ANNUAL,,,,1979,,ALL CLASSES,00000000,FIELD CROPS,00,US TOTAL,
TOTAL,UNITED STATES,US,99,,YEAR,NOT SPECIFIED,,SURVEY,,,PRODUCTION,9000,,"1,797,543,000",BU,,NATIONAL,US TOTAL,CROPS,00,ALL PRODUCTION PRACTICES,"SOYBEANS - PRODUCTION, MEASURED IN BU",2012-01-01 00:00:00.000,SOYBEANS,ALL UTILIZATION PRACTICES,,ANNUAL,,,,1980,,ALL CLASSES,00000000,FIELD CROPS,00,US TOTAL,
TOTAL,UNITED STATES,US,99,,YEAR,NOT SPECIFIED,,SURVEY,,,PRODUCTION,9000,,"1,989,110,000",BU,,NATIONAL,US TOTAL,CROPS,00,ALL PRODUCTION PRACTICES,"SOYBEANS - PRODUCTION, MEASURED IN BU",2012-01-01 00:00:00.000,SOYBEANS,ALL UTILIZATION PRACTICES,,ANNUAL,,,,1981,,ALL CLASSES,00000000,FIELD CROPS,00,US TOTAL,
TOTAL,UNITED STATES,US,99,,YEAR,NOT SPECIFIED,,SURVEY,,,PRODUCTION,9000,,"2,190,297,000",BU,,NATIONAL,US TOTAL,CROPS,00,ALL PRODUCTION PRACTICES,"SOYBEANS - PRODUCTION, MEASURED IN BU",2012-01-01 00:00:00.000,SOYBEANS,ALL UTILIZATION PRACTICES,,ANNUAL,,,,1982,,ALL CLASSES,00000000,FIELD CROPS,00,US TOTAL,
TOTAL,UNITED STATES,US,99,,YEAR,NOT SPECIFIED,,SURVEY,,,PRODUCTION,9000,,"1,635,772,000",BU,,NATIONAL,US TOTAL,CROPS,00,ALL PRODUCTION PRACTICES,"SOYBEANS - PRODUCTION, MEASURED IN BU",2012-01-01 00:00:00.000,SOYBEANS,ALL UTILIZATION PRACTICES,,ANNUAL,,,,1983,,ALL CLASSES,00000000,FIELD CROPS,00,US TOTAL,
TOTAL,UNITED STATES,US,99,,YEAR,NOT SPECIFIED,,SURVEY,,,PRODUCTION,9000,,"1,860,863,000",BU,,NATIONAL,US TOTAL,CROPS,00,ALL PRODUCTION PRACTICES,"SOYBEANS - PRODUCTION, MEASURED IN BU",2012-01-01 00:00:00.000,SOYBEANS,ALL UTILIZATION PRACTICES,,ANNUAL,,,,1984,,ALL CLASSES,00000000,FIELD CROPS,00,US TOTAL,
TOTAL,UNITED STATES,US,99,,YEAR,NOT SPECIFIED,,SURVEY,,,PRODUCTION,9000,,"2,099,056,000",BU,,NATIONAL,US TOTAL,CROPS,00,ALL PRODUCTION PRACTICES,"SOYBEANS - PRODUCTION, MEASURED IN BU",2012-01-01 00:00:00.000,SOYBEANS,ALL UTILIZATION PRACTICES,,ANNUAL,,,,1985,,ALL CLASSES,00000000,FIELD CROPS,00,US TOTAL,
TOTAL,UNITED STATES,US,99,,YEAR,NOT SPECIFIED,,SURVEY,,,PRODUCTION,9000,,"1,942,558,000",BU,,NATIONAL,US TOTAL,CROPS,00,ALL PRODUCTION PRACTICES,"SOYBEANS - PRODUCTION, MEASURED IN BU",2012-01-01 00:00:00.000,SOYBEANS,ALL UTILIZATION PRACTICES,,ANNUAL,,,,1986,,ALL CLASSES,00000000,FIELD CROPS,00,US TOTAL,
TOTAL,UNITED STATES,US,99,,YEAR,NOT SPECIFIED,,SURVEY,,,PRODUCTION,9000,,"1,937,722,000",BU,,NATIONAL,US TOTAL,CROPS,00,ALL PRODUCTION PRACTICES,"SOYBEANS - PRODUCTION, MEASURED IN BU",2012-01-01 00:00:00.000,SOYBEANS,ALL UTILIZATION PRACTICES,,ANNUAL,,,,1987,,ALL CLASSES,00000000,FIELD CROPS,00,US TOTAL,
TOTAL,UNITED STATES,US,99,,YEAR,NOT SPECIFIED,,SURVEY,,,PRODUCTION,9000,,"1,548,841,000",BU,,NATIONAL,US TOTAL,CROPS,00,ALL PRODUCTION PRACTICES,"SOYBEANS - PRODUCTION, MEASURED IN BU",2012-01-01 00:00:00.000,SOYBEANS,ALL UTILIZATION PRACTICES,,ANNUAL,,,,1988,,ALL CLASSES,00000000,FIELD CROPS,00,US TOTAL,
TOTAL,UNITED STATES,US,99,,YEAR,NOT SPECIFIED,,SURVEY,,,PRODUCTION,9000,,"1,923,666,000",BU,,NATIONAL,US TOTAL,CROPS,00,ALL PRODUCTION PRACTICES,"SOYBEANS - PRODUCTION, MEASURED IN BU",2012-01-01 00:00:00.000,SOYBEANS,ALL UTILIZATION PRACTICES,,ANNUAL,,,,1989,,ALL CLASSES,00000000,FIELD CROPS,00,US TOTAL,
TOTAL,UNITED STATES,US,99,,YEAR,NOT SPECIFIED,,SURVEY,,,PRODUCTION,9000,,"1,925,947,000",BU,,NATIONAL,US TOTAL,CROPS,00,ALL PRODUCTION PRACTICES,"SOYBEANS - PRODUCTION, MEASURED IN BU",2012-01-01 00:00:00.000,SOYBEANS,ALL UTILIZATION PRACTICES,,ANNUAL,,,,1990,,ALL CLASSES,00000000,FIELD CROPS,00,US TOTAL,
TOTAL,UNITED STATES,US,99,,YEAR,NOT SPECIFIED,,SURVEY,,,PRODUCTION,9000,,"1,986,539,000",BU,,NATIONAL,US TOTAL,CROPS,00,ALL PRODUCTION PRACTICES,"SOYBEANS - PRODUCTION, MEASURED IN BU",2012-01-01 00:00:00.000,SOYBEANS,ALL UTILIZATION PRACTICES,,ANNUAL,,,,1991,,ALL CLASSES,00000000,FIELD CROPS,00,US TOTAL,
TOTAL,UNITED STATES,US,99,,YEAR,NOT SPECIFIED,,SURVEY,,,PRODUCTION,9000,,"2,190,354,000",BU,,NATIONAL,US TOTAL,CROPS,00,ALL PRODUCTION PRACTICES,"SOYBEANS - PRODUCTION, MEASURED IN BU",2012-01-01 00:00:00.000,SOYBEANS,ALL UTILIZATION PRACTICES,,ANNUAL,,,,1992,,ALL CLASSES,00000000,FIELD CROPS,00,US TOTAL,
TOTAL,UNITED STATES,US,99,,YEAR,NOT SPECIFIED,,SURVEY,,,PRODUCTION,9000,,"1,869,718,000",BU,,NATIONAL,US TOTAL,CROPS,00,ALL PRODUCTION PRACTICES,"SOYBEANS - PRODUCTION, MEASURED IN BU",2012-01-01 00:00:00.000,SOYBEANS,ALL UTILIZATION PRACTICES,,ANNUAL,,,,1993,,ALL CLASSES,00000000,FIELD CROPS,00,US TOTAL,
TOTAL,UNITED STATES,US,99,,YEAR,NOT SPECIFIED,,SURVEY,,,PRODUCTION,9000,,"2,514,869,000",BU,,NATIONAL,US TOTAL,CROPS,00,ALL PRODUCTION PRACTICES,"SOYBEANS - PRODUCTION, MEASURED IN BU",2012-01-01 00:00:00.000,SOYBEANS,ALL UTILIZATION PRACTICES,,ANNUAL,,,,1994,,ALL CLASSES,00000000,FIELD CROPS,00,US TOTAL,
TOTAL,UNITED STATES,US,99,,YEAR,NOT SPECIFIED,,SURVEY,,,PRODUCTION,9000,,"2,174,254,000",BU,,NATIONAL,US TOTAL,CROPS,00,ALL PRODUCTION PRACTICES,"SOYBEANS - PRODUCTION, MEASURED IN BU",2012-01-01 00:00:00.000,SOYBEANS,ALL UTILIZATION PRACTICES,,ANNUAL,,,,1995,,ALL CLASSES,00000000,FIELD CROPS,00,US TOTAL,
TOTAL,UNITED STATES,US,99,,YEAR,NOT SPECIFIED,,SURVEY,,,PRODUCTION,9000,,"2,380,274,000",BU,,NATIONAL,US TOTAL,CROPS,00,ALL PRODUCTION PRACTICES,"SOYBEANS - PRODUCTION, MEASURED IN BU",2012-01-01 00:00:00.000,SOYBEANS,ALL UTILIZATION PRACTICES,,ANNUAL,,,,1996,,ALL CLASSES,00000000,FIELD CROPS,00,US TOTAL,
TOTAL,UNITED STATES,US,99,,YEAR,NOT SPECIFIED,,SURVEY,,,PRODUCTION,9000,,"2,688,750,000",BU,,NATIONAL,US TOTAL,CROPS,00,ALL PRODUCTION PRACTICES,"SOYBEANS - PRODUCTION, MEASURED IN BU",2012-01-01 00:00:00.000,SOYBEANS,ALL UTILIZATION PRACTICES,,ANNUAL,,,,1997,,ALL CLASSES,00000000,FIELD CROPS,00,US TOTAL,
TOTAL,UNITED STATES,US,99,,YEAR,NOT SPECIFIED,,SURVEY,,,PRODUCTION,9000,,"2,741,014,000",BU,,NATIONAL,US TOTAL,CROPS,00,ALL PRODUCTION PRACTICES,"SOYBEANS - PRODUCTION, MEASURED IN BU",2012-01-01 00:00:00.000,SOYBEANS,ALL UTILIZATION PRACTICES,,ANNUAL,,,,1998,,ALL CLASSES,00000000,FIELD CROPS,00,US TOTAL,
TOTAL,UNITED STATES,US,99,,YEAR,NOT SPECIFIED,,SURVEY,,,PRODUCTION,9000,,"2,653,758,000",BU,,NATIONAL,US TOTAL,CROPS,00,ALL PRODUCTION PRACTICES,"SOYBEANS - PRODUCTION, MEASURED IN BU",2012-01-01 00:00:00.000,SOYBEANS,ALL UTILIZATION PRACTICES,,ANNUAL,,,,1999,,ALL CLASSES,00000000,FIELD CROPS,00,US TOTAL,
TOTAL,UNITED STATES,US,99,,YEAR,NOT SPECIFIED,,SURVEY,,,PRODUCTION,9000,,"2,757,810,000",BU,,NATIONAL,US TOTAL,CROPS,00,ALL PRODUCTION PRACTICES,"SOYBEANS - PRODUCTION, MEASURED IN BU",2012-01-01 00:00:00.000,SOYBEANS,ALL UTILIZATION PRACTICES,,ANNUAL,,,,2000,,ALL CLASSES,00000000,FIELD CROPS,00,US TOTAL,
TOTAL,UNITED STATES,US,99,,YEAR,NOT SPECIFIED,,SURVEY,,,PRODUCTION,9000,,"2,890,682,000",BU,,NATIONAL,US TOTAL,CROPS,00,ALL PRODUCTION PRACTICES,"SOYBEANS - PRODUCTION, MEASURED IN BU",2012-01-01 00:00:00.000,SOYBEANS,ALL UTILIZATION PRACTICES,,ANNUAL,,,,2001,,ALL CLASSES,00000000,FIELD CROPS,00,US TOTAL,
TOTAL,UNITED STATES,US,99,,YEAR,NOT SPECIFIED,,SURVEY,,,PRODUCTION,9000,,"2,756,147,000",BU,,NATIONAL,US TOTAL,CROPS,00,ALL PRODUCTION PRACTICES,"SOYBEANS - PRODUCTION, MEASURED IN BU",2012-01-01 00:00:00.000,SOYBEANS,ALL UTILIZATION PRACTICES,,ANNUAL,,,,2002,,ALL CLASSES,00000000,FIELD CROPS,00,US TOTAL,
TOTAL,UNITED STATES,US,99,,YEAR,NOT SPECIFIED,,SURVEY,,,PRODUCTION,9000,,"2,453,845,000",BU,,NATIONAL,US TOTAL,CROPS,00,ALL PRODUCTION PRACTICES,"SOYBEANS - PRODUCTION, MEASURED IN BU",2012-01-01 00:00:00.000,SOYBEANS,ALL UTILIZATION PRACTICES,,ANNUAL,,,,2003,,ALL CLASSES,00000000,FIELD CROPS,00,US TOTAL,
TOTAL,UNITED STATES,US,99,,YEAR,NOT SPECIFIED,,SURVEY,,,PRODUCTION,9000,,"3,123,790,000",BU,,NATIONAL,US TOTAL,CROPS,00,ALL PRODUCTION PRACTICES,"SOYBEANS - PRODUCTION, MEASURED IN BU",2012-01-01 00:00:00.000,SOYBEANS,ALL UTILIZATION PRACTICES,,ANNUAL,,,,2004,,ALL CLASSES,00000000,FIELD CROPS,00,US TOTAL,
TOTAL,UNITED STATES,US,99,,YEAR,NOT SPECIFIED,,SURVEY,,,PRODUCTION,9000,,"3,068,342,000",BU,,NATIONAL,US TOTAL,CROPS,00,ALL PRODUCTION PRACTICES,"SOYBEANS - PRODUCTION, MEASURED IN BU",2012-01-01 00:00:00.000,SOYBEANS,ALL UTILIZATION PRACTICES,,ANNUAL,,,,2005,,ALL CLASSES,00000000,FIELD CROPS,00,US TOTAL,
TOTAL,UNITED STATES,US,99,,YEAR,NOT SPECIFIED,,SURVEY,,,PRODUCTION,9000,,"3,196,726,000",BU,,NATIONAL,US TOTAL,CROPS,00,ALL PRODUCTION PRACTICES,"SOYBEANS - PRODUCTION, MEASURED IN BU",2012-01-01 00:00:00.000,SOYBEANS,ALL UTILIZATION PRACTICES,,ANNUAL,,,,2006,,ALL CLASSES,00000000,FIELD CROPS,00,US TOTAL,
TOTAL,UNITED STATES,US,99,,YEAR,NOT SPECIFIED,,SURVEY,,,PRODUCTION,9000,,"2,677,117,000",BU,,NATIONAL,US TOTAL,CROPS,00,ALL PRODUCTION PRACTICES,"SOYBEANS - PRODUCTION, MEASURED IN BU",2012-01-01 00:00:00.000,SOYBEANS,ALL UTILIZATION PRACTICES,,ANNUAL,,,,2007,,ALL CLASSES,00000000,FIELD CROPS,00,US TOTAL,
TOTAL,UNITED STATES,US,99,,YEAR,NOT SPECIFIED,,SURVEY,,,PRODUCTION,9000,,"2,967,007,000",BU,,NATIONAL,US TOTAL,CROPS,00,ALL PRODUCTION PRACTICES,"SOYBEANS - PRODUCTION, MEASURED IN BU",2014-11-03 16:18:55.000,SOYBEANS,ALL UTILIZATION PRACTICES,,ANNUAL,,,,2008,,ALL CLASSES,00000000,FIELD CROPS,00,US TOTAL,
TOTAL,UNITED STATES,US,99,,YEAR,NOT SPECIFIED,,SURVEY,,,PRODUCTION,9000,,"3,360,931,000",BU,,NATIONAL,US TOTAL,CROPS,00,ALL PRODUCTION PRACTICES,"SOYBEANS - PRODUCTION, MEASURED IN BU",2014-11-03 16:18:55.000,SOYBEANS,ALL UTILIZATION PRACTICES,,ANNUAL,,,,2009,,ALL CLASSES,00000000,FIELD CROPS,00,US TOTAL,
TOTAL,UNITED STATES,US,99,,YEAR,NOT SPECIFIED,,SURVEY,,,PRODUCTION,9000,,"3,331,306,000",BU,,NATIONAL,US TOTAL,CROPS,00,ALL PRODUCTION PRACTICES,"SOYBEANS - PRODUCTION, MEASURED IN BU",2014-11-03 16:18:55.000,SOYBEANS,ALL UTILIZATION PRACTICES,,ANNUAL,,,,2010,,ALL CLASSES,00000000,FIELD CROPS,00,US TOTAL,
TOTAL,UNITED STATES,US,99,,YEAR,NOT SPECIFIED,,SURVEY,,,PRODUCTION,9000,,"3,097,179,000",BU,,NATIONAL,US TOTAL,CROPS,00,ALL PRODUCTION PRACTICES,"SOYBEANS - PRODUCTION, MEASURED IN BU",2014-11-03 16:18:55.000,SOYBEANS,ALL UTILIZATION PRACTICES,,ANNUAL,,,,2011,,ALL CLASSES,00000000,FIELD CROPS,00,US TOTAL,
TOTAL,UNITED STATES,US,99,,YEAR,NOT SPECIFIED,,SURVEY,,,PRODUCTION,9000,,"3,042,044,000",BU,,NATIONAL,US TOTAL,CROPS,00,ALL PRODUCTION PRACTICES,"SOYBEANS - PRODUCTION, MEASURED IN BU",2014-11-03 16:18:55.000,SOYBEANS,ALL UTILIZATION PRACTICES,,ANNUAL,,,,2012,,ALL CLASSES,00000000,FIELD CROPS,00,US TOTAL,
TOTAL,UNITED STATES,US,99,,YEAR - AUG FORECAST,NOT SPECIFIED,,SURVEY,,,PRODUCTION,9000,,"2,692,014,000",BU,,NATIONAL,US TOTAL,CROPS,00,ALL PRODUCTION PRACTICES,"SOYBEANS - PRODUCTION, MEASURED IN BU",2012-08-10 12:59:15.000,SOYBEANS,ALL UTILIZATION PRACTICES,,ANNUAL,,,,2012,,ALL CLASSES,00000000,FIELD CROPS,00,US TOTAL,
TOTAL,UNITED STATES,US,99,,YEAR - NOV FORECAST,NOT SPECIFIED,,SURVEY,,,PRODUCTION,9000,,"2,971,022,000",BU,,NATIONAL,US TOTAL,CROPS,00,ALL PRODUCTION PRACTICES,"SOYBEANS - PRODUCTION, MEASURED IN BU",2012-11-09 10:26:00.000,SOYBEANS,ALL UTILIZATION PRACTICES,,ANNUAL,,,,2012,,ALL CLASSES,00000000,FIELD CROPS,00,US TOTAL,
TOTAL,UNITED STATES,US,99,,YEAR - OCT FORECAST,NOT SPECIFIED,,SURVEY,,,PRODUCTION,9000,,"2,860,290,000",BU,,NATIONAL,US TOTAL,CROPS,00,ALL PRODUCTION PRACTICES,"SOYBEANS - PRODUCTION, MEASURED IN BU",2012-10-11 11:19:07.000,SOYBEANS,ALL UTILIZATION PRACTICES,,ANNUAL,,,,2012,,ALL CLASSES,00000000,FIELD CROPS,00,US TOTAL,
TOTAL,UNITED STATES,US,99,,YEAR - SEP FORECAST,NOT SPECIFIED,,SURVEY,,,PRODUCTION,9000,,"2,634,310,000",BU,,NATIONAL,US TOTAL,CROPS,00,ALL PRODUCTION PRACTICES,"SOYBEANS - PRODUCTION, MEASURED IN BU",2012-09-12 11:03:54.000,SOYBEANS,ALL UTILIZATION PRACTICES,,ANNUAL,,,,2012,,ALL CLASSES,00000000,FIELD CROPS,00,US TOTAL,
TOTAL,UNITED STATES,US,99,,YEAR,NOT SPECIFIED,,SURVEY,,,PRODUCTION,9000,,"3,357,004,000",BU,,NATIONAL,US TOTAL,CROPS,00,ALL PRODUCTION PRACTICES,"SOYBEANS - PRODUCTION, MEASURED IN BU",2019-02-06 15:00:06.000,SOYBEANS,ALL UTILIZATION PRACTICES,,ANNUAL,,,,2013,,ALL CLASSES,00000000,FIELD CROPS,00,US TOTAL,
TOTAL,UNITED STATES,US,99,,YEAR - AUG FORECAST,NOT SPECIFIED,,SURVEY,,,PRODUCTION,9000,,"3,255,444,000",BU,,NATIONAL,US TOTAL,CROPS,00,ALL PRODUCTION PRACTICES,"SOYBEANS - PRODUCTION, MEASURED IN BU",2013-08-12 12:25:57.000,SOYBEANS,ALL UTILIZATION PRACTICES,,ANNUAL,,,,2013,,ALL CLASSES,00000000,FIELD CROPS,00,US TOTAL,
TOTAL,UNITED STATES,US,99,,YEAR - NOV FORECAST,NOT SPECIFIED,,SURVEY,,,PRODUCTION,9000,,"3,257,746,000",BU,,NATIONAL,US TOTAL,CROPS,00,ALL PRODUCTION PRACTICES,"SOYBEANS - PRODUCTION, MEASURED IN BU",2013-11-08 14:14:29.000,SOYBEANS,ALL UTILIZATION PRACTICES,,ANNUAL,,,,2013,,ALL CLASSES,00000000,FIELD CROPS,00,US TOTAL,
TOTAL,UNITED STATES,US,99,,YEAR - SEP FORECAST,NOT SPECIFIED,,SURVEY,,,PRODUCTION,9000,,"3,149,166,000",BU,,NATIONAL,US TOTAL,CROPS,00,ALL PRODUCTION PRACTICES,"SOYBEANS - PRODUCTION, MEASURED IN BU",2013-09-12 12:27:34.000,SOYBEANS,ALL UTILIZATION PRACTICES,,ANNUAL,,,,2013,,ALL CLASSES,00000000,FIELD CROPS,00,US TOTAL,
TOTAL,UNITED STATES,US,99,,YEAR,NOT SPECIFIED,,SURVEY,,,PRODUCTION,9000,,"3,928,070,000",BU,,NATIONAL,US TOTAL,CROPS,00,ALL PRODUCTION PRACTICES,"SOYBEANS - PRODUCTION, MEASURED IN BU",2019-02-06 15:00:06.000,SOYBEANS,ALL UTILIZATION PRACTICES,,ANNUAL,,,,2014,,ALL CLASSES,00000000,FIELD CROPS,00,US TOTAL,
TOTAL,UNITED STATES,US,99,,YEAR - AUG FORECAST,NOT SPECIFIED,,SURVEY,,,PRODUCTION,9000,,"3,815,679,000",BU,,NATIONAL,US TOTAL,CROPS,00,ALL PRODUCTION PRACTICES,"SOYBEANS - PRODUCTION, MEASURED IN BU",2014-08-12 12:00:16.000,SOYBEANS,ALL UTILIZATION PRACTICES,,ANNUAL,,,,2014,,ALL CLASSES,00000000,FIELD CROPS,00,US TOTAL,
TOTAL,UNITED STATES,US,99,,YEAR - NOV FORECAST,NOT SPECIFIED,,SURVEY,,,PRODUCTION,9000,,"3,958,272,000",BU,,NATIONAL,US TOTAL,CROPS,00,ALL PRODUCTION PRACTICES,"SOYBEANS - PRODUCTION, MEASURED IN BU",2014-11-10 12:04:43.000,SOYBEANS,ALL UTILIZATION PRACTICES,,ANNUAL,,,,2014,,ALL CLASSES,00000000,FIELD CROPS,00,US TOTAL,
TOTAL,UNITED STATES,US,99,,YEAR - OCT FORECAST,NOT SPECIFIED,,SURVEY,,,PRODUCTION,9000,,"3,926,812,000",BU,,NATIONAL,US TOTAL,CROPS,00,ALL PRODUCTION PRACTICES,"SOYBEANS - PRODUCTION, MEASURED IN BU",2014-10-10 12:10:23.000,SOYBEANS,ALL UTILIZATION PRACTICES,,ANNUAL,,,,2014,,ALL CLASSES,00000000,FIELD CROPS,00,US TOTAL,
TOTAL,UNITED STATES,US,99,,YEAR - SEP FORECAST,NOT SPECIFIED,,SURVEY,,,PRODUCTION,9000,,"3,913,079,000",BU,,NATIONAL,US TOTAL,CROPS,00,ALL PRODUCTION PRACTICES,"SOYBEANS - PRODUCTION, MEASURED IN BU",2014-09-11 12:00:26.000,SOYBEANS,ALL UTILIZATION PRACTICES,,ANNUAL,,,,2014,,ALL CLASSES,00000000,FIELD CROPS,00,US TOTAL,
TOTAL,UNITED STATES,US,99,,YEAR,NOT SPECIFIED,,SURVEY,,,PRODUCTION,9000,,"3,926,779,000",BU,,NATIONAL,US TOTAL,CROPS,00,ALL PRODUCTION PRACTICES,"SOYBEANS - PRODUCTION, MEASURED IN BU",2019-02-06 15:00:06.000,SOYBEANS,ALL UTILIZATION PRACTICES,,ANNUAL,,,,2015,,ALL CLASSES,00000000,FIELD CROPS,00,US TOTAL,
TOTAL,UNITED STATES,US,99,,YEAR - AUG FORECAST,NOT SPECIFIED,,SURVEY,,,PRODUCTION,9000,,"3,916,448,000",BU,,NATIONAL,US TOTAL,CROPS,00,ALL PRODUCTION PRACTICES,"SOYBEANS - PRODUCTION, MEASURED IN BU",2015-08-12 12:00:00.000,SOYBEANS,ALL UTILIZATION PRACTICES,,ANNUAL,,,,2015,,ALL CLASSES,00000000,FIELD CROPS,00,US TOTAL,
TOTAL,UNITED STATES,US,99,,YEAR - NOV FORECAST,NOT SPECIFIED,,SURVEY,,,PRODUCTION,9000,,"3,981,337,000",BU,,NATIONAL,US TOTAL,CROPS,00,ALL PRODUCTION PRACTICES,"SOYBEANS - PRODUCTION, MEASURED IN BU",2015-11-10 12:00:00.000,SOYBEANS,ALL UTILIZATION PRACTICES,,ANNUAL,,,,2015,,ALL CLASSES,00000000,FIELD CROPS,00,US TOTAL,
TOTAL,UNITED STATES,US,99,,YEAR - OCT FORECAST,NOT SPECIFIED,,SURVEY,,,PRODUCTION,9000,,"3,887,721,000",BU,,NATIONAL,US TOTAL,CROPS,00,ALL PRODUCTION PRACTICES,"SOYBEANS - PRODUCTION, MEASURED IN BU",2015-10-09 12:00:00.000,SOYBEANS,ALL UTILIZATION PRACTICES,,ANNUAL,,,,2015,,ALL CLASSES,00000000,FIELD CROPS,00,US TOTAL,
TOTAL,UNITED STATES,US,99,,YEAR - SEP FORECAST,NOT SPECIFIED,,SURVEY,,,PRODUCTION,9000,,"3,935,277,000",BU,,NATIONAL,US TOTAL,CROPS,00,ALL PRODUCTION PRACTICES,"SOYBEANS - PRODUCTION, MEASURED IN BU",2015-09-11 12:00:00.000,SOYBEANS,ALL UTILIZATION PRACTICES,,ANNUAL,,,,2015,,ALL CLASSES,00000000,FIELD CROPS,00,US TOTAL,
TOTAL,UNITED STATES,US,99,,YEAR,NOT SPECIFIED,,SURVEY,,,PRODUCTION,9000,,"4,296,496,000",BU,,NATIONAL,US TOTAL,CROPS,00,ALL PRODUCTION PRACTICES,"SOYBEANS - PRODUCTION, MEASURED IN BU",2019-02-06 15:00:06.000,SOYBEANS,ALL UTILIZATION PRACTICES,,ANNUAL,,,,2016,,ALL CLASSES,00000000,FIELD CROPS,00,US TOTAL,
TOTAL,UNITED STATES,US,99,,YEAR - AUG FORECAST,NOT SPECIFIED,,SURVEY,,,PRODUCTION,9000,,"4,060,188,000",BU,,NATIONAL,US TOTAL,CROPS,00,ALL PRODUCTION PRACTICES,"SOYBEANS - PRODUCTION, MEASURED IN BU",2016-08-12 12:00:00.000,SOYBEANS,ALL UTILIZATION PRACTICES,,ANNUAL,,,,2016,,ALL CLASSES,00000000,FIELD CROPS,00,US TOTAL,
TOTAL,UNITED STATES,US,99,,YEAR - NOV FORECAST,NOT SPECIFIED,,SURVEY,,,PRODUCTION,9000,,"4,361,023,000",BU,,NATIONAL,US TOTAL,CROPS,00,ALL PRODUCTION PRACTICES,"SOYBEANS - PRODUCTION, MEASURED IN BU",2016-11-09 13:11:41.000,SOYBEANS,ALL UTILIZATION PRACTICES,,ANNUAL,,,,2016,,ALL CLASSES,00000000,FIELD CROPS,00,US TOTAL,
TOTAL,UNITED STATES,US,99,,YEAR - OCT FORECAST,NOT SPECIFIED,,SURVEY,,,PRODUCTION,9000,,"4,268,884,000",BU,,NATIONAL,US TOTAL,CROPS,00,ALL PRODUCTION PRACTICES,"SOYBEANS - PRODUCTION, MEASURED IN BU",2016-10-12 12:00:00.000,SOYBEANS,ALL UTILIZATION PRACTICES,,ANNUAL,,,,2016,,ALL CLASSES,00000000,FIELD CROPS,00,US TOTAL,
TOTAL,UNITED STATES,US,99,,YEAR - SEP FORECAST,NOT SPECIFIED,,SURVEY,,,PRODUCTION,9000,,"4,200,985,000",BU,,NATIONAL,US TOTAL,CROPS,00,ALL PRODUCTION PRACTICES,"SOYBEANS - PRODUCTION, MEASURED IN BU",2016-09-12 12:00:00.000,SOYBEANS,ALL UTILIZATION PRACTICES,,ANNUAL,,,,2016,,ALL CLASSES,00000000,FIELD CROPS,00,US TOTAL,
TOTAL,UNITED STATES,US,99,,YEAR,NOT SPECIFIED,,SURVEY,,,PRODUCTION,9000,,"4,411,633,000",BU,,NATIONAL,US TOTAL,CROPS,00,ALL PRODUCTION PRACTICES,"SOYBEANS - PRODUCTION, MEASURED IN BU",2019-02-06 15:00:06.000,SOYBEANS,ALL UTILIZATION PRACTICES,,ANNUAL,,,,2017,,ALL CLASSES,00000000,FIELD CROPS,00,US TOTAL,
TOTAL,UNITED STATES,US,99,,YEAR - AUG FORECAST,NOT SPECIFIED,,SURVEY,,,PRODUCTION,9000,,"4,381,053,000",BU,,NATIONAL,US TOTAL,CROPS,00,ALL PRODUCTION PRACTICES,"SOYBEANS - PRODUCTION, MEASURED IN BU",2017-08-10 12:08:28.000,SOYBEANS,ALL UTILIZATION PRACTICES,,ANNUAL,,,,2017,,ALL CLASSES,00000000,FIELD CROPS,00,US TOTAL,
TOTAL,UNITED STATES,US,99,,YEAR - NOV FORECAST,NOT SPECIFIED,,SURVEY,,,PRODUCTION,9000,,"4,425,279,000",BU,,NATIONAL,US TOTAL,CROPS,00,ALL PRODUCTION PRACTICES,"SOYBEANS - PRODUCTION, MEASURED IN BU",2017-11-09 12:02:08.000,SOYBEANS,ALL UTILIZATION PRACTICES,,ANNUAL,,,,2017,,ALL CLASSES,00000000,FIELD CROPS,00,US TOTAL,
TOTAL,UNITED STATES,US,99,,YEAR - OCT FORECAST,NOT SPECIFIED,,SURVEY,,,PRODUCTION,9000,,"4,430,621,000",BU,,NATIONAL,US TOTAL,CROPS,00,ALL PRODUCTION PRACTICES,"SOYBEANS - PRODUCTION, MEASURED IN BU",2017-10-12 12:04:13.000,SOYBEANS,ALL UTILIZATION PRACTICES,,ANNUAL,,,,2017,,ALL CLASSES,00000000,FIELD CROPS,00,US TOTAL,
TOTAL,UNITED STATES,US,99,,YEAR - SEP FORECAST,NOT SPECIFIED,,SURVEY,,,PRODUCTION,9000,,"4,431,043,000",BU,,NATIONAL,US TOTAL,CROPS,00,ALL PRODUCTION PRACTICES,"SOYBEANS - PRODUCTION, MEASURED IN BU",2017-09-12 12:01:44.000,SOYBEANS,ALL UTILIZATION PRACTICES,,ANNUAL,,,,2017,,ALL CLASSES,00000000,FIELD CROPS,00,US TOTAL,
TOTAL,UNITED STATES,US,99,,YEAR,NOT SPECIFIED,,SURVEY,,,PRODUCTION,9000,,"4,428,150,000",BU,,NATIONAL,US TOTAL,CROPS,00,ALL PRODUCTION PRACTICES,"SOYBEANS - PRODUCTION, MEASURED IN BU",2024-01-09 15:00:00.000,SOYBEANS,ALL UTILIZATION PRACTICES,,ANNUAL,,,,2018,,ALL CLASSES,00000000,FIELD CROPS,00,US TOTAL,
TOTAL,UNITED STATES,US,99,,YEAR - AUG FORECAST,NOT SPECIFIED,,SURVEY,,,PRODUCTION,9000,,"4,585,916,000",BU,,NATIONAL,US TOTAL,CROPS,00,ALL PRODUCTION PRACTICES,"SOYBEANS - PRODUCTION, MEASURED IN BU",2018-08-10 12:01:40.000,SOYBEANS,ALL UTILIZATION PRACTICES,,ANNUAL,,,,2018,,ALL CLASSES,00000000,FIELD CROPS,00,US TOTAL,
TOTAL,UNITED STATES,US,99,,YEAR - NOV FORECAST,NOT SPECIFIED,,SURVEY,,,PRODUCTION,9000,,"4,599,530,000",BU,,NATIONAL,US TOTAL,CROPS,00,ALL PRODUCTION PRACTICES,"SOYBEANS - PRODUCTION, MEASURED IN BU",2018-11-08 12:01:20.000,SOYBEANS,ALL UTILIZATION PRACTICES,,ANNUAL,,,,2018,,ALL CLASSES,00000000,FIELD CROPS,00,US TOTAL,
TOTAL,UNITED STATES,US,99,,YEAR - OCT FORECAST,NOT SPECIFIED,,SURVEY,,,PRODUCTION,9000,,"4,689,628,000",BU,,NATIONAL,US TOTAL,CROPS,00,ALL PRODUCTION PRACTICES,"SOYBEANS - PRODUCTION, MEASURED IN BU",2018-10-11 12:02:09.000,SOYBEANS,ALL UTILIZATION PRACTICES,,ANNUAL,,,,2018,,ALL CLASSES,00000000,FIELD CROPS,00,US TOTAL,
TOTAL,UNITED STATES,US,99,,YEAR - SEP FORECAST,NOT SPECIFIED,,SURVEY,,,PRODUCTION,9000,,"4,693,135,000",BU,,NATIONAL,US TOTAL,CROPS,00,ALL PRODUCTION PRACTICES,"SOYBEANS - PRODUCTION, MEASURED IN BU",2018-09-12 12:02:09.000,SOYBEANS,ALL UTILIZATION PRACTICES,,ANNUAL,,,,2018,,ALL CLASSES,00000000,FIELD CROPS,00,US TOTAL,
TOTAL,UNITED STATES,US,99,,YEAR,NOT SPECIFIED,,SURVEY,,,PRODUCTION,9000,,"3,551,070,000",BU,,NATIONAL,US TOTAL,CROPS,00,ALL PRODUCTION PRACTICES,"SOYBEANS - PRODUCTION, MEASURED IN BU",2024-01-09 15:00:00.000,SOYBEANS,ALL UTILIZATION PRACTICES,,ANNUAL,,,,2019,,ALL CLASSES,00000000,FIELD CROPS,00,US TOTAL,
TOTAL,UNITED STATES,US,99,,YEAR - AUG FORECAST,NOT SPECIFIED,,SURVEY,,,PRODUCTION,9000,,"3,680,217,000",BU,,NATIONAL,US TOTAL,CROPS,00,ALL PRODUCTION PRACTICES,"SOYBEANS - PRODUCTION, MEASURED IN BU",2019-08-12 12:01:08.000,SOYBEANS,ALL UTILIZATION PRACTICES,,ANNUAL,,,,2019,,ALL CLASSES,00000000,FIELD CROPS,00,US TOTAL,
TOTAL,UNITED STATES,US,99,,YEAR - NOV FORECAST,NOT SPECIFIED,,SURVEY,,,PRODUCTION,9000,,"3,549,977,000",BU,,NATIONAL,US TOTAL,CROPS,00,ALL PRODUCTION PRACTICES,"SOYBEANS - PRODUCTION, MEASURED IN BU",2019-11-08 12:00:46.000,SOYBEANS,ALL UTILIZATION PRACTICES,,ANNUAL,,,,2019,,ALL CLASSES,00000000,FIELD CROPS,00,US TOTAL,
TOTAL,UNITED STATES,US,99,,YEAR - OCT FORECAST,NOT SPECIFIED,,SURVEY,,,PRODUCTION,9000,,"3,550,281,000",BU,,NATIONAL,US TOTAL,CROPS,00,ALL PRODUCTION PRACTICES,"SOYBEANS - PRODUCTION, MEASURED IN BU",2019-10-10 12:03:54.000,SOYBEANS,ALL UTILIZATION PRACTICES,,ANNUAL,,,,2019,,ALL CLASSES,00000000,FIELD CROPS,00,US TOTAL,
TOTAL,UNITED STATES,US,99,,YEAR - SEP FORECAST,NOT SPECIFIED,,SURVEY,,,PRODUCTION,9000,,"3,632,651,000",BU,,NATIONAL,US TOTAL,CROPS,00,ALL PRODUCTION PRACTICES,"SOYBEANS - PRODUCTION, MEASURED IN BU",2019-09-12 12:01:19.000,SOYBEANS,ALL UTILIZATION PRACTICES,,ANNUAL,,,,2019,,ALL CLASSES,00000000,FIELD CROPS,00,US TOTAL,
TOTAL,UNITED STATES,US,99,,YEAR,NOT SPECIFIED,,SURVEY,,,PRODUCTION,9000,,"4,216,302,000",BU,,NATIONAL,US TOTAL,CROPS,00,ALL PRODUCTION PRACTICES,"SOYBEANS - PRODUCTION, MEASURED IN BU",2024-01-09 15:00:00.000,SOYBEANS,ALL UTILIZATION PRACTICES,,ANNUAL,,,,2020,,ALL CLASSES,00000000,FIELD CROPS,00,US TOTAL,
TOTAL,UNITED STATES,US,99,,YEAR - AUG FORECAST,NOT SPECIFIED,,SURVEY,,,PRODUCTION,9000,,"4,424,800,000",BU,,NATIONAL,US TOTAL,CROPS,00,ALL PRODUCTION PRACTICES,"SOYBEANS - PRODUCTION, MEASURED IN BU",2020-08-12 12:04:12.000,SOYBEANS,ALL UTILIZATION PRACTICES,,ANNUAL,,,,2020,,ALL CLASSES,00000000,FIELD CROPS,00,US TOTAL,
TOTAL,UNITED STATES,US,99,,YEAR - NOV FORECAST,NOT SPECIFIED,,SURVEY,,,PRODUCTION,9000,,"4,170,262,000",BU,,NATIONAL,US TOTAL,CROPS,00,ALL PRODUCTION PRACTICES,"SOYBEANS - PRODUCTION, MEASURED IN BU",2020-11-10 12:02:34.000,SOYBEANS,ALL UTILIZATION PRACTICES,,ANNUAL,,,,2020,,ALL CLASSES,00000000,FIELD CROPS,00,US TOTAL,
TOTAL,UNITED STATES,US,99,,YEAR - OCT FORECAST,NOT SPECIFIED,,SURVEY,,,PRODUCTION,9000,,"4,267,890,000",BU,,NATIONAL,US TOTAL,CROPS,00,ALL PRODUCTION PRACTICES,"SOYBEANS - PRODUCTION, MEASURED IN BU",2020-10-09 12:01:33.000,SOYBEANS,ALL UTILIZATION PRACTICES,,ANNUAL,,,,2020,,ALL CLASSES,00000000,FIELD CROPS,00,US TOTAL,
TOTAL,UNITED STATES,US,99,,YEAR - SEP FORECAST,NOT SPECIFIED,,SURVEY,,,PRODUCTION,9000,,"4,312,819,000",BU,,NATIONAL,US TOTAL,CROPS,00,ALL PRODUCTION PRACTICES,"SOYBEANS - PRODUCTION, MEASURED IN BU",2020-09-11 12:03:32.000,SOYBEANS,ALL UTILIZATION PRACTICES,,ANNUAL,,,,2020,,ALL CLASSES,00000000,FIELD CROPS,00,US TOTAL,
TOTAL,UNITED STATES,US,99,,YEAR,NOT SPECIFIED,,SURVEY,,,PRODUCTION,9000,,"4,464,492,000",BU,,NATIONAL,US TOTAL,CROPS,00,ALL PRODUCTION PRACTICES,"SOYBEANS - PRODUCTION, MEASURED IN BU",2024-01-09 15:00:00.000,SOYBEANS,ALL UTILIZATION PRACTICES,,ANNUAL,,,,2021,,ALL CLASSES,00000000,FIELD CROPS,00,US TOTAL,
TOTAL,UNITED STATES,US,99,,YEAR - AUG FORECAST,NOT SPECIFIED,,SURVEY,,,PRODUCTION,9000,,"4,338,853,000",BU,,NATIONAL,US TOTAL,CROPS,00,ALL PRODUCTION PRACTICES,"SOYBEANS - PRODUCTION, MEASURED IN BU",2021-08-12 12:01:34.000,SOYBEANS,ALL UTILIZATION PRACTICES,,ANNUAL,,,,2021,,ALL CLASSES,00000000,FIELD CROPS,00,US TOTAL,
TOTAL,UNITED STATES,US,99,,YEAR - NOV FORECAST,NOT SPECIFIED,,SURVEY,,,PRODUCTION,9000,,"4,424,942,000",BU,,NATIONAL,US TOTAL,CROPS,00,ALL PRODUCTION PRACTICES,"SOYBEANS - PRODUCTION, MEASURED IN BU",2021-11-09 12:02:06.000,SOYBEANS,ALL UTILIZATION PRACTICES,,ANNUAL,,,,2021,,ALL CLASSES,00000000,FIELD CROPS,00,US TOTAL,
TOTAL,UNITED STATES,US,99,,YEAR - OCT FORECAST,NOT SPECIFIED,,SURVEY,,,PRODUCTION,9000,,"4,448,043,000",BU,,NATIONAL,US TOTAL,CROPS,00,ALL PRODUCTION PRACTICES,"SOYBEANS - PRODUCTION, MEASURED IN BU",2021-10-12 12:01:38.000,SOYBEANS,ALL UTILIZATION PRACTICES,,ANNUAL,,,,2021,,ALL CLASSES,00000000,FIELD CROPS,00,US TOTAL,
TOTAL,UNITED STATES,US,99,,YEAR - SEP FORECAST,NOT SPECIFIED,,SURVEY,,,PRODUCTION,9000,,"4,373,927,000",BU,,NATIONAL,US TOTAL,CROPS,00,ALL PRODUCTION PRACTICES,"SOYBEANS - PRODUCTION, MEASURED IN BU",2021-09-10 12:08:17.000,SOYBEANS,ALL UTILIZATION PRACTICES,,ANNUAL,,,,2021,,ALL CLASSES,00000000,FIELD CROPS,00,US TOTAL,
TOTAL,UNITED STATES,US,99,,YEAR,NOT SPECIFIED,,SURVEY,,,PRODUCTION,9000,,"4,270,381,000",BU,,NATIONAL,US TOTAL,CROPS,00,ALL PRODUCTION PRACTICES,"SOYBEANS - PRODUCTION, MEASURED IN BU",2024-01-09 15:00:00.000,SOYBEANS,ALL UTILIZATION PRACTICES,,ANNUAL,,,,2022,,ALL CLASSES,00000000,FIELD CROPS,00,US TOTAL,
TOTAL,UNITED STATES,US,99,,YEAR - AUG FORECAST,NOT SPECIFIED,,SURVEY,,,PRODUCTION,9000,,"4,530,561,000",BU,,NATIONAL,US TOTAL,CROPS,00,ALL PRODUCTION PRACTICES,"SOYBEANS - PRODUCTION, MEASURED IN BU",2022-08-12 12:00:52.000,SOYBEANS,ALL UTILIZATION PRACTICES,,ANNUAL,,,,2022,,ALL CLASSES,00000000,FIELD CROPS,00,US TOTAL,
TOTAL,UNITED STATES,US,99,,YEAR - NOV FORECAST,NOT SPECIFIED,,SURVEY,,,PRODUCTION,9000,,"4,345,524,000",BU,,NATIONAL,US TOTAL,CROPS,00,ALL PRODUCTION PRACTICES,"SOYBEANS - PRODUCTION, MEASURED IN BU",2022-11-09 12:00:00.000,SOYBEANS,ALL UTILIZATION PRACTICES,,ANNUAL,,,,2022,,ALL CLASSES,00000000,FIELD CROPS,00,US TOTAL,
TOTAL,UNITED STATES,US,99,,YEAR - OCT FORECAST,NOT SPECIFIED,,SURVEY,,,PRODUCTION,9000,,"4,312,949,000",BU,,NATIONAL,US TOTAL,CROPS,00,ALL PRODUCTION PRACTICES,"SOYBEANS - PRODUCTION, MEASURED IN BU",2022-10-12 12:00:00.000,SOYBEANS,ALL UTILIZATION PRACTICES,,ANNUAL,,,,2022,,ALL CLASSES,00000000,FIELD CROPS,00,US TOTAL,
TOTAL,UNITED STATES,US,99,,YEAR - SEP FORECAST,NOT SPECIFIED,,SURVEY,,,PRODUCTION,9000,,"4,378,194,000",BU,,NATIONAL,US TOTAL,CROPS,00,ALL PRODUCTION PRACTICES,"SOYBEANS - PRODUCTION, MEASURED IN BU",2022-09-12 12:03:33.000,SOYBEANS,ALL UTILIZATION PRACTICES,,ANNUAL,,,,2022,,ALL CLASSES,00000000,FIELD CROPS,00,US TOTAL,
TOTAL,UNITED STATES,US,99,,YEAR,NOT SPECIFIED,,SURVEY,,,PRODUCTION,9000,,"4,162,057,000",BU,,NATIONAL,US TOTAL,CROPS,00,ALL PRODUCTION PRACTICES,"SOYBEANS - PRODUCTION, MEASURED IN BU",2024-09-30 12:00:00.000,SOYBEANS,ALL UTILIZATION PRACTICES,,ANNUAL,,,,2023,,ALL CLASSES,00000000,FIELD CROPS,00,US TOTAL,
TOTAL,UNITED STATES,US,99,,YEAR - AUG FORECAST,NOT SPECIFIED,,SURVEY,,,PRODUCTION,9000,,"4,205,450,000",BU,,NATIONAL,US TOTAL,CROPS,00,ALL PRODUCTION PRACTICES,"SOYBEANS - PRODUCTION, MEASURED IN BU",2023-08-11 12:00:00.000,SOYBEANS,ALL UTILIZATION PRACTICES,,ANNUAL,,,,2023,,ALL CLASSES,00000000,FIELD CROPS,00,US TOTAL,
TOTAL,UNITED STATES,US,99,,YEAR - NOV FORECAST,NOT SPECIFIED,,SURVEY,,,PRODUCTION,9000,,"4,129,449,000",BU,,NATIONAL,US TOTAL,CROPS,00,ALL PRODUCTION PRACTICES,"SOYBEANS - PRODUCTION, MEASURED IN BU",2023-11-09 12:00:00.000,SOYBEANS,ALL UTILIZATION PRACTICES,,ANNUAL,,,,2023,,ALL CLASSES,00000000,FIELD CROPS,00,US TOTAL,
TOTAL,UNITED STATES,US,99,,YEAR - OCT FORECAST,NOT SPECIFIED,,SURVEY,,,PRODUCTION,9000,,"4,104,379,000",BU,,NATIONAL,US TOTAL,CROPS,00,ALL PRODUCTION PRACTICES,"SOYBEANS - PRODUCTION, MEASURED IN BU",2023-10-12 12:00:00.000,SOYBEANS,ALL UTILIZATION PRACTICES,,ANNUAL,,,,2023,,ALL CLASSES,00000000,FIELD CROPS,00,US TOTAL,
TOTAL,UNITED STATES,US,99,,YEAR - SEP FORECAST,NOT SPECIFIED,,SURVEY,,,PRODUCTION,9000,,"4,146,036,000",BU,,NATIONAL,US TOTAL,CROPS,00,ALL PRODUCTION PRACTICES,"SOYBEANS - PRODUCTION, MEASURED IN BU",2023-09-12 12:00:00.000,SOYBEANS,ALL UTILIZATION PRACTICES,,ANNUAL,,,,2023,,ALL CLASSES,00000000,FIELD CROPS,00,US TOTAL,
AREA HARVESTED,UNITED STATES,US,99,,YEAR,"AREA HARVESTED: (1,000 OR MORE ACRES)",,CENSUS,,,PRODUCTION,9000,,"390,429,205",BU,,NATIONAL,US TOTAL,CROPS,00,ALL PRODUCTION PRACTICES,"SOYBEANS - PRODUCTION, MEASURED IN BU",2012-01-01 00:00:00.000,SOYBEANS,ALL UTILIZATION PRACTICES,,ANNUAL,,,,1997,,ALL CLASSES,00000000,FIELD CROPS,00,US TOTAL,
AREA HARVESTED,UNITED STATES,US,99,,YEAR,"AREA HARVESTED: (1,000 TO 1,999 ACRES)",,CENSUS,,,PRODUCTION,9000,,"277,276,024",BU,,NATIONAL,US TOTAL,CROPS,00,ALL PRODUCTION PRACTICES,"SOYBEANS - PRODUCTION, MEASURED IN BU",2012-01-01 00:00:00.000,SOYBEANS,ALL UTILIZATION PRACTICES,,ANNUAL,,,,1997,,ALL CLASSES,00000000,FIELD CROPS,00,US TOTAL,
AREA HARVESTED,UNITED STATES,US,99,,YEAR,AREA HARVESTED: (1.0 TO 14.9 ACRES),,CENSUS,,,PRODUCTION,9000,,"8,758,783",BU,,NATIONAL,US TOTAL,CROPS,00,ALL PRODUCTION PRACTICES,"SOYBEANS - PRODUCTION, MEASURED IN BU",2012-01-01 00:00:00.000,SOYBEANS,ALL UTILIZATION PRACTICES,,ANNUAL,,,,1997,,ALL CLASSES,00000000,FIELD CROPS,00,US TOTAL,
AREA HARVESTED,UNITED STATES,US,99,,YEAR,AREA HARVESTED: (100 TO 249 ACRES),,CENSUS,,,PRODUCTION,9000,,"571,155,358",BU,,NATIONAL,US TOTAL,CROPS,00,ALL PRODUCTION PRACTICES,"SOYBEANS - PRODUCTION, MEASURED IN BU",2012-01-01 00:00:00.000,SOYBEANS,ALL UTILIZATION PRACTICES,,ANNUAL,,,,1997,,ALL CLASSES,00000000,FIELD CROPS,00,US TOTAL,
AREA HARVESTED,UNITED STATES,US,99,,YEAR,AREA HARVESTED: (15.0 TO 24.9 ACRES),,CENSUS,,,PRODUCTION,9000,,"19,589,256",BU,,NATIONAL,US TOTAL,CROPS,00,ALL PRODUCTION PRACTICES,"SOYBEANS - PRODUCTION, MEASURED IN BU",2012-01-01 00:00:00.000,SOYBEANS,ALL UTILIZATION PRACTICES,,ANNUAL,,,,1997,,ALL CLASSES,00000000,FIELD CROPS,00,US TOTAL,
AREA HARVESTED,UNITED STATES,US,99,,YEAR,"AREA HARVESTED: (2,000 TO 2,999 ACRES)",,CENSUS,,,PRODUCTION,9000,,"66,732,807",BU,,NATIONAL,US TOTAL,CROPS,00,ALL PRODUCTION PRACTICES,"SOYBEANS - PRODUCTION, MEASURED IN BU",2012-01-01 00:00:00.000,SOYBEANS,ALL UTILIZATION PRACTICES,,ANNUAL,,,,1997,,ALL CLASSES,00000000,FIELD CROPS,00,US TOTAL,
AREA HARVESTED,UNITED STATES,US,99,,YEAR,AREA HARVESTED: (25.0 TO 49.9 ACRES),,CENSUS,,,PRODUCTION,9000,,"74,886,193",BU,,NATIONAL,US TOTAL,CROPS,00,ALL PRODUCTION PRACTICES,"SOYBEANS - PRODUCTION, MEASURED IN BU",2012-01-01 00:00:00.000,SOYBEANS,ALL UTILIZATION PRACTICES,,ANNUAL,,,,1997,,ALL CLASSES,00000000,FIELD CROPS,00,US TOTAL,
AREA HARVESTED,UNITED STATES,US,99,,YEAR,AREA HARVESTED: (250 TO 499 ACRES),,CENSUS,,,PRODUCTION,9000,,"695,500,268",BU,,NATIONAL,US TOTAL,CROPS,00,ALL PRODUCTION PRACTICES,"SOYBEANS - PRODUCTION, MEASURED IN BU",2012-01-01 00:00:00.000,SOYBEANS,ALL UTILIZATION PRACTICES,,ANNUAL,,,,1997,,ALL CLASSES,00000000,FIELD CROPS,00,US TOTAL,
AREA HARVESTED,UNITED STATES,US,99,,YEAR,"AREA HARVESTED: (3,000 TO 4,999 ACRES)",,CENSUS,,,PRODUCTION,9000,,"33,488,994",BU,,NATIONAL,US TOTAL,CROPS,00,ALL PRODUCTION PRACTICES,"SOYBEANS - PRODUCTION, MEASURED IN BU",2012-01-01 00:00:00.000,SOYBEANS,ALL UTILIZATION PRACTICES,,ANNUAL,,,,1997,,ALL CLASSES,00000000,FIELD CROPS,00,US TOTAL,
AREA HARVESTED,UNITED STATES,US,99,,YEAR,"AREA HARVESTED: (5,000 OR MORE ACRES)",,CENSUS,,,PRODUCTION,9000,,"12,931,380",BU,,NATIONAL,US TOTAL,CROPS,00,ALL PRODUCTION PRACTICES,"SOYBEANS - PRODUCTION, MEASURED IN BU",2012-01-01 00:00:00.000,SOYBEANS,ALL UTILIZATION PRACTICES,,ANNUAL,,,,1997,,ALL CLASSES,00000000,FIELD CROPS,00,US TOTAL,
AREA HARVESTED,UNITED STATES,US,99,,YEAR,AREA HARVESTED: (50.0 TO 99.9 ACRES),,CENSUS,,,PRODUCTION,9000,,"186,546,227",BU,,NATIONAL,US TOTAL,CROPS,00,ALL PRODUCTION PRACTICES,"SOYBEANS - PRODUCTION, MEASURED IN BU",2012-01-01 00:00:00.000,SOYBEANS,ALL UTILIZATION PRACTICES,,ANNUAL,,,,1997,,ALL CLASSES,00000000,FIELD CROPS,00,US TOTAL,
AREA HARVESTED,UNITED STATES,US,99,,YEAR,AREA HARVESTED: (500 TO 999 ACRES),,CENSUS,,,PRODUCTION,9000,,"613,465,514",BU,,NATIONAL,US TOTAL,CROPS,00,ALL PRODUCTION PRACTICES,"SOYBEANS - PRODUCTION, MEASURED IN BU",2012-01-01 00:00:00.000,SOYBEANS,ALL UTILIZATION PRACTICES,,ANNUAL,,,,1997,,ALL CLASSES,00000000,FIELD CROPS,00,US TOTAL,
TOTAL,UNITED STATES,US,99,,YEAR,NOT SPECIFIED,,CENSUS,,,PRODUCTION,9000,,"2,560,330,804",BU,,NATIONAL,US TOTAL,CROPS,00,ALL PRODUCTION PRACTICES,"SOYBEANS - PRODUCTION, MEASURED IN BU",2012-01-01 00:00:00.000,SOYBEANS,ALL UTILIZATION PRACTICES,,ANNUAL,,,,1997,,ALL CLASSES,00000000,FIELD CROPS,00,US TOTAL,
AREA HARVESTED,UNITED STATES,US,99,,YEAR,"AREA HARVESTED: (1,000 OR MORE ACRES)",,CENSUS,,,PRODUCTION,9000,,"572,776,404",BU,,NATIONAL,US TOTAL,CROPS,00,ALL PRODUCTION PRACTICES,"SOYBEANS - PRODUCTION, MEASURED IN BU",2012-01-01 00:00:00.000,SOYBEANS,ALL UTILIZATION PRACTICES,,ANNUAL,,,,2002,,ALL CLASSES,00000000,FIELD CROPS,00,US TOTAL,
AREA HARVESTED,UNITED STATES,US,99,,YEAR,"AREA HARVESTED: (1,000 TO 1,999 ACRES)",,CENSUS,,,PRODUCTION,9000,,"410,382,670",BU,,NATIONAL,US TOTAL,CROPS,00,ALL PRODUCTION PRACTICES,"SOYBEANS - PRODUCTION, MEASURED IN BU",2012-01-01 00:00:00.000,SOYBEANS,ALL UTILIZATION PRACTICES,,ANNUAL,,,,2002,,ALL CLASSES,00000000,FIELD CROPS,00,US TOTAL,
AREA HARVESTED,UNITED STATES,US,99,,YEAR,AREA HARVESTED: (1.0 TO 14.9 ACRES),,CENSUS,,,PRODUCTION,9000,,"5,738,536",BU,,NATIONAL,US TOTAL,CROPS,00,ALL PRODUCTION PRACTICES,"SOYBEANS - PRODUCTION, MEASURED IN BU",2012-01-01 00:00:00.000,SOYBEANS,ALL UTILIZATION PRACTICES,,ANNUAL,,,,2002,,ALL CLASSES,00000000,FIELD CROPS,00,US TOTAL,
AREA HARVESTED,UNITED STATES,US,99,,YEAR,AREA HARVESTED: (100 TO 249 ACRES),,CENSUS,,,PRODUCTION,9000,,"489,589,238",BU,,NATIONAL,US TOTAL,CROPS,00,ALL PRODUCTION PRACTICES,"SOYBEANS - PRODUCTION, MEASURED IN BU",2012-01-01 00:00:00.000,SOYBEANS,ALL UTILIZATION PRACTICES,,ANNUAL,,,,2002,,ALL CLASSES,00000000,FIELD CROPS,00,US TOTAL,
AREA HARVESTED,UNITED STATES,US,99,,YEAR,AREA HARVESTED: (15.0 TO 24.9 ACRES),,CENSUS,,,PRODUCTION,9000,,"13,385,144",BU,,NATIONAL,US TOTAL,CROPS,00,ALL PRODUCTION PRACTICES,"SOYBEANS - PRODUCTION, MEASURED IN BU",2012-01-01 00:00:00.000,SOYBEANS,ALL UTILIZATION PRACTICES,,ANNUAL,,,,2002,,ALL CLASSES,00000000,FIELD CROPS,00,US TOTAL,
AREA HARVESTED,UNITED STATES,US,99,,YEAR,"AREA HARVESTED: (2,000 TO 2,999 ACRES)",,CENSUS,,,PRODUCTION,9000,,"98,150,869",BU,,NATIONAL,US TOTAL,CROPS,00,ALL PRODUCTION PRACTICES,"SOYBEANS - PRODUCTION, MEASURED IN BU",2012-01-01 00:00:00.000,SOYBEANS,ALL UTILIZATION PRACTICES,,ANNUAL,,,,2002,,ALL CLASSES,00000000,FIELD CROPS,00,US TOTAL,
AREA HARVESTED,UNITED STATES,US,99,,YEAR,AREA HARVESTED: (25.0 TO 49.9 ACRES),,CENSUS,,,PRODUCTION,9000,,"54,595,467",BU,,NATIONAL,US TOTAL,CROPS,00,ALL PRODUCTION PRACTICES,"SOYBEANS - PRODUCTION, MEASURED IN BU",2012-01-01 00:00:00.000,SOYBEANS,ALL UTILIZATION PRACTICES,,ANNUAL,,,,2002,,ALL CLASSES,00000000,FIELD CROPS,00,US TOTAL,
AREA HARVESTED,UNITED STATES,US,99,,YEAR,AREA HARVESTED: (250 TO 499 ACRES),,CENSUS,,,PRODUCTION,9000,,"682,423,159",BU,,NATIONAL,US TOTAL,CROPS,00,ALL PRODUCTION PRACTICES,"SOYBEANS - PRODUCTION, MEASURED IN BU",2012-01-01 00:00:00.000,SOYBEANS,ALL UTILIZATION PRACTICES,,ANNUAL,,,,2002,,ALL CLASSES,00000000,FIELD CROPS,00,US TOTAL,
AREA HARVESTED,UNITED STATES,US,99,,YEAR,"AREA HARVESTED: (3,000 TO 4,999 ACRES)",,CENSUS,,,PRODUCTION,9000,,"44,293,693",BU,,NATIONAL,US TOTAL,CROPS,00,ALL PRODUCTION PRACTICES,"SOYBEANS - PRODUCTION, MEASURED IN BU",2012-01-01 00:00:00.000,SOYBEANS,ALL UTILIZATION PRACTICES,,ANNUAL,,,,2002,,ALL CLASSES,00000000,FIELD CROPS,00,US TOTAL,
AREA HARVESTED,UNITED STATES,US,99,,YEAR,"AREA HARVESTED: (5,000 OR MORE ACRES)",,CENSUS,,,PRODUCTION,9000,,"19,949,172",BU,,NATIONAL,US TOTAL,CROPS,00,ALL PRODUCTION PRACTICES,"SOYBEANS - PRODUCTION, MEASURED IN BU",2012-01-01 00:00:00.000,SOYBEANS,ALL UTILIZATION PRACTICES,,ANNUAL,,,,2002,,ALL CLASSES,00000000,FIELD CROPS,00,US TOTAL,
AREA HARVESTED,UNITED STATES,US,99,,YEAR,AREA HARVESTED: (50.0 TO 99.9 ACRES),,CENSUS,,,PRODUCTION,9000,,"150,656,410",BU,,NATIONAL,US TOTAL,CROPS,00,ALL PRODUCTION PRACTICES,"SOYBEANS - PRODUCTION, MEASURED IN BU",2012-01-01 00:00:00.000,SOYBEANS,ALL UTILIZATION PRACTICES,,ANNUAL,,,,2002,,ALL CLASSES,00000000,FIELD CROPS,00,US TOTAL,
AREA HARVESTED,UNITED STATES,US,99,,YEAR,AREA HARVESTED: (500 TO 999 ACRES),,CENSUS,,,PRODUCTION,9000,,"738,554,858",BU,,NATIONAL,US TOTAL,CROPS,00,ALL PRODUCTION PRACTICES,"SOYBEANS - PRODUCTION, MEASURED IN BU",2012-01-01 00:00:00.000,SOYBEANS,ALL UTILIZATION PRACTICES,,ANNUAL,,,,2002,,ALL CLASSES,00000000,FIELD CROPS,00,US TOTAL,
TOTAL,UNITED STATES,US,99,,YEAR,NOT SPECIFIED,,CENSUS,,,PRODUCTION,9000,,"2,707,719,216",BU,,NATIONAL,US TOTAL,CROPS,00,ALL PRODUCTION PRACTICES,"SOYBEANS - PRODUCTION, MEASURED IN BU",2012-01-01 00:00:00.000,SOYBEANS,ALL UTILIZATION PRACTICES,,ANNUAL,,,,2002,,ALL CLASSES,00000000,FIELD CROPS,00,US TOTAL,
AREA HARVESTED,UNITED STATES,US,99,,YEAR,"AREA HARVESTED: (1,000 OR MORE ACRES)",,CENSUS,,,PRODUCTION,9000,,"571,530,393",BU,,NATIONAL,US TOTAL,CROPS,00,ALL PRODUCTION PRACTICES,"SOYBEANS - PRODUCTION, MEASURED IN BU",2012-01-01 00:00:00.000,SOYBEANS,ALL UTILIZATION PRACTICES,,ANNUAL,,,,2007,,ALL CLASSES,00000000,FIELD CROPS,00,US TOTAL,
AREA HARVESTED,UNITED STATES,US,99,,YEAR,"AREA HARVESTED: (1,000 TO 1,999 ACRES)",,CENSUS,,,PRODUCTION,9000,,"397,841,512",BU,,NATIONAL,US TOTAL,CROPS,00,ALL PRODUCTION PRACTICES,"SOYBEANS - PRODUCTION, MEASURED IN BU",2012-01-01 00:00:00.000,SOYBEANS,ALL UTILIZATION PRACTICES,,ANNUAL,,,,2007,,ALL CLASSES,00000000,FIELD CROPS,00,US TOTAL,
AREA HARVESTED,UNITED STATES,US,99,,YEAR,AREA HARVESTED: (1.0 TO 14.9 ACRES),,CENSUS,,,PRODUCTION,9000,,"6,016,303",BU,,NATIONAL,US TOTAL,CROPS,00,ALL PRODUCTION PRACTICES,"SOYBEANS - PRODUCTION, MEASURED IN BU",2012-01-01 00:00:00.000,SOYBEANS,ALL UTILIZATION PRACTICES,,ANNUAL,,,,2007,,ALL CLASSES,00000000,FIELD CROPS,00,US TOTAL,
AREA HARVESTED,UNITED STATES,US,99,,YEAR,AREA HARVESTED: (100 TO 249 ACRES),,CENSUS,,,PRODUCTION,9000,,"464,265,830",BU,,NATIONAL,US TOTAL,CROPS,00,ALL PRODUCTION PRACTICES,"SOYBEANS - PRODUCTION, MEASURED IN BU",2012-01-01 00:00:00.000,SOYBEANS,ALL UTILIZATION PRACTICES,,ANNUAL,,,,2007,,ALL CLASSES,00000000,FIELD CROPS,00,US TOTAL,
AREA HARVESTED,UNITED STATES,US,99,,YEAR,AREA HARVESTED: (15.0 TO 24.9 ACRES),,CENSUS,,,PRODUCTION,9000,,"12,828,026",BU,,NATIONAL,US TOTAL,CROPS,00,ALL PRODUCTION PRACTICES,"SOYBEANS - PRODUCTION, MEASURED IN BU",2012-01-01 00:00:00.000,SOYBEANS,ALL UTILIZATION PRACTICES,,ANNUAL,,,,2007,,ALL CLASSES,00000000,FIELD CROPS,00,US TOTAL,
AREA HARVESTED,UNITED STATES,US,99,,YEAR,"AREA HARVESTED: (2,000 TO 2,999 ACRES)",,CENSUS,,,PRODUCTION,9000,,"102,073,492",BU,,NATIONAL,US TOTAL,CROPS,00,ALL PRODUCTION PRACTICES,"SOYBEANS - PRODUCTION, MEASURED IN BU",2012-01-01 00:00:00.000,SOYBEANS,ALL UTILIZATION PRACTICES,,ANNUAL,,,,2007,,ALL CLASSES,00000000,FIELD CROPS,00,US TOTAL,
AREA HARVESTED,UNITED STATES,US,99,,YEAR,AREA HARVESTED: (25.0 TO 49.9 ACRES),,CENSUS,,,PRODUCTION,9000,,"53,168,014",BU,,NATIONAL,US TOTAL,CROPS,00,ALL PRODUCTION PRACTICES,"SOYBEANS - PRODUCTION, MEASURED IN BU",2012-01-01 00:00:00.000,SOYBEANS,ALL UTILIZATION PRACTICES,,ANNUAL,,,,2007,,ALL CLASSES,00000000,FIELD CROPS,00,US TOTAL,
AREA HARVESTED,UNITED STATES,US,99,,YEAR,AREA HARVESTED: (250 TO 499 ACRES),,CENSUS,,,PRODUCTION,9000,,"642,969,207",BU,,NATIONAL,US TOTAL,CROPS,00,ALL PRODUCTION PRACTICES,"SOYBEANS - PRODUCTION, MEASURED IN BU",2012-01-01 00:00:00.000,SOYBEANS,ALL UTILIZATION PRACTICES,,ANNUAL,,,,2007,,ALL CLASSES,00000000,FIELD CROPS,00,US TOTAL,
AREA HARVESTED,UNITED STATES,US,99,,YEAR,"AREA HARVESTED: (3,000 TO 4,999 ACRES)",,CENSUS,,,PRODUCTION,9000,,"54,222,674",BU,,NATIONAL,US TOTAL,CROPS,00,ALL PRODUCTION PRACTICES,"SOYBEANS - PRODUCTION, MEASURED IN BU",2012-01-01 00:00:00.000,SOYBEANS,ALL UTILIZATION PRACTICES,,ANNUAL,,,,2007,,ALL CLASSES,00000000,FIELD CROPS,00,US TOTAL,
AREA HARVESTED,UNITED STATES,US,99,,YEAR,"AREA HARVESTED: (5,000 OR MORE ACRES)",,CENSUS,,,PRODUCTION,9000,,"17,392,715",BU,,NATIONAL,US TOTAL,CROPS,00,ALL PRODUCTION PRACTICES,"SOYBEANS - PRODUCTION, MEASURED IN BU",2012-01-01 00:00:00.000,SOYBEANS,ALL UTILIZATION PRACTICES,,ANNUAL,,,,2007,,ALL CLASSES,00000000,FIELD CROPS,00,US TOTAL,
AREA HARVESTED,UNITED STATES,US,99,,YEAR,AREA HARVESTED: (50.0 TO 99.9 ACRES),,CENSUS,,,PRODUCTION,9000,,"145,072,555",BU,,NATIONAL,US TOTAL,CROPS,00,ALL PRODUCTION PRACTICES,"SOYBEANS - PRODUCTION, MEASURED IN BU",2012-01-01 00:00:00.000,SOYBEANS,ALL UTILIZATION PRACTICES,,ANNUAL,,,,2007,,ALL CLASSES,00000000,FIELD CROPS,00,US TOTAL,
AREA HARVESTED,UNITED STATES,US,99,,YEAR,AREA HARVESTED: (500 TO 999 ACRES),,CENSUS,,,PRODUCTION,9000,,"686,573,369",BU,,NATIONAL,US TOTAL,CROPS,00,ALL PRODUCTION PRACTICES,"SOYBEANS - PRODUCTION, MEASURED IN BU",2012-01-01 00:00:00.000,SOYBEANS,ALL UTILIZATION PRACTICES,,ANNUAL,,,,2007,,ALL CLASSES,00000000,FIELD CROPS,00,US TOTAL,
TOTAL,UNITED STATES,US,99,,YEAR,NOT SPECIFIED,,CENSUS,,,PRODUCTION,9000,,"2,582,423,697",BU,,NATIONAL,US TOTAL,CROPS,00,ALL PRODUCTION PRACTICES,"SOYBEANS - PRODUCTION, MEASURED IN BU",2012-01-01 00:00:00.000,SOYBEANS,ALL UTILIZATION PRACTICES,,ANNUAL,,,,2007,,ALL CLASSES,00000000,FIELD CROPS,00,US TOTAL,
ORGANIC STATUS,UNITED STATES,US,99,,YEAR,ORGANIC STATUS: (NOP USDA CERTIFIED & EXEMPT),,CENSUS,,,PRODUCTION,9000,,"2,582,095",BU,,NATIONAL,US TOTAL,CROPS,00,ORGANIC,"SOYBEANS, ORGANIC - PRODUCTION, MEASURED IN BU",2012-01-01 00:00:00.000,SOYBEANS,ALL UTILIZATION PRACTICES,,ANNUAL,,,,2008,,ALL CLASSES,00000000,FIELD CROPS,00,US TOTAL,
ORGANIC STATUS,UNITED STATES,US,99,,YEAR,ORGANIC STATUS: (NOP USDA CERTIFIED),,CENSUS,,,PRODUCTION,9000,,"2,578,495",BU,,NATIONAL,US TOTAL,CROPS,00,ORGANIC,"SOYBEANS, ORGANIC - PRODUCTION, MEASURED IN BU",2012-01-01 00:00:00.000,SOYBEANS,ALL UTILIZATION PRACTICES,,ANNUAL,,,,2008,,ALL CLASSES,00000000,FIELD CROPS,00,US TOTAL,
ORGANIC STATUS,UNITED STATES,US,99,,YEAR,ORGANIC STATUS: (NOP USDA EXEMPT),,CENSUS,,,PRODUCTION,9000,,"3,600",BU,,NATIONAL,US TOTAL,CROPS,00,ORGANIC,"SOYBEANS, ORGANIC - PRODUCTION, MEASURED IN BU",2012-01-01 00:00:00.000,SOYBEANS,ALL UTILIZATION PRACTICES,,ANNUAL,,,,2008,,ALL CLASSES,00000000,FIELD CROPS,00,US TOTAL,
ORGANIC STATUS,UNITED STATES,US,99,,YEAR,ORGANIC STATUS: (NOP USDA CERTIFIED),,CENSUS,,,PRODUCTION,9000,,"2,895,170",BU,,NATIONAL,US TOTAL,CROPS,00,ORGANIC,"SOYBEANS, ORGANIC - PRODUCTION, MEASURED IN BU",2012-12-31 00:00:00.000,SOYBEANS,ALL UTILIZATION PRACTICES,,ANNUAL,,,,2011,,ALL CLASSES,00000000,FIELD CROPS,00,US TOTAL,
AREA HARVESTED,UNITED STATES,US,99,,YEAR,"AREA HARVESTED: (1,000 OR MORE ACRES)",,CENSUS,,,PRODUCTION,9000,,"862,605,786",BU,,NATIONAL,US TOTAL,CROPS,00,ALL PRODUCTION PRACTICES,"SOYBEANS - PRODUCTION, MEASURED IN BU",2012-12-31 00:00:00.000,SOYBEANS,ALL UTILIZATION PRACTICES,,ANNUAL,,2.3,,2012,,ALL CLASSES,00000000,FIELD CROPS,00,US TOTAL,
AREA HARVESTED,UNITED STATES,US,99,,YEAR,"AREA HARVESTED: (1,000 TO 1,999 ACRES)",,CENSUS,,,PRODUCTION,9000,,"561,223,144",BU,,NATIONAL,US TOTAL,CROPS,00,ALL PRODUCTION PRACTICES,"SOYBEANS - PRODUCTION, MEASURED IN BU",2012-12-31 00:00:00.000,SOYBEANS,ALL UTILIZATION PRACTICES,,ANNUAL,,4.8,,2012,,ALL CLASSES,00000000,FIELD CROPS,00,US TOTAL,
AREA HARVESTED,UNITED STATES,US,99,,YEAR,AREA HARVESTED: (1.0 TO 14.9 ACRES),,CENSUS,,,PRODUCTION,9000,,"7,025,579",BU,,NATIONAL,US TOTAL,CROPS,00,ALL PRODUCTION PRACTICES,"SOYBEANS - PRODUCTION, MEASURED IN BU",2012-12-31 00:00:00.000,SOYBEANS,ALL UTILIZATION PRACTICES,,ANNUAL,,2.8,,2012,,ALL CLASSES,00000000,FIELD CROPS,00,US TOTAL,
AREA HARVESTED,UNITED STATES,US,99,,YEAR,AREA HARVESTED: (100 TO 249 ACRES),,CENSUS,,,PRODUCTION,9000,,"445,672,617",BU,,NATIONAL,US TOTAL,CROPS,00,ALL PRODUCTION PRACTICES,"SOYBEANS - PRODUCTION, MEASURED IN BU",2012-12-31 00:00:00.000,SOYBEANS,ALL UTILIZATION PRACTICES,,ANNUAL,,7.2,,2012,,ALL CLASSES,00000000,FIELD CROPS,00,US TOTAL,
AREA HARVESTED,UNITED STATES,US,99,,YEAR,AREA HARVESTED: (15.0 TO 24.9 ACRES),,CENSUS,,,PRODUCTION,9000,,"13,890,308",BU,,NATIONAL,US TOTAL,CROPS,00,ALL PRODUCTION PRACTICES,"SOYBEANS - PRODUCTION, MEASURED IN BU",2012-12-31 00:00:00.000,SOYBEANS,ALL UTILIZATION PRACTICES,,ANNUAL,,2.9,,2012,,ALL CLASSES,00000000,FIELD CROPS,00,US TOTAL,
AREA HARVESTED,UNITED STATES,US,99,,YEAR,"AREA HARVESTED: (2,000 TO 2,999 ACRES)",,CENSUS,,,PRODUCTION,9000,,"157,378,772",BU,,NATIONAL,US TOTAL,CROPS,00,ALL PRODUCTION PRACTICES,"SOYBEANS - PRODUCTION, MEASURED IN BU",2012-12-31 00:00:00.000,SOYBEANS,ALL UTILIZATION PRACTICES,,ANNUAL,,3.9,,2012,,ALL CLASSES,00000000,FIELD CROPS,00,US TOTAL,
AREA HARVESTED,UNITED STATES,US,99,,YEAR,AREA HARVESTED: (25.0 TO 49.9 ACRES),,CENSUS,,,PRODUCTION,9000,,"54,354,618",BU,,NATIONAL,US TOTAL,CROPS,00,ALL PRODUCTION PRACTICES,"SOYBEANS - PRODUCTION, MEASURED IN BU",2012-12-31 00:00:00.000,SOYBEANS,ALL UTILIZATION PRACTICES,,ANNUAL,,1.7,,2012,,ALL CLASSES,00000000,FIELD CROPS,00,US TOTAL,
AREA HARVESTED,UNITED STATES,US,99,,YEAR,AREA HARVESTED: (250 TO 499 ACRES),,CENSUS,,,PRODUCTION,9000,,"637,086,850",BU,,NATIONAL,US TOTAL,CROPS,00,ALL PRODUCTION PRACTICES,"SOYBEANS - PRODUCTION, MEASURED IN BU",2012-12-31 00:00:00.000,SOYBEANS,ALL UTILIZATION PRACTICES,,ANNUAL,,0.9,,2012,,ALL CLASSES,00000000,FIELD CROPS,00,US TOTAL,
AREA HARVESTED,UNITED STATES,US,99,,YEAR,"AREA HARVESTED: (3,000 TO 4,999 ACRES)",,CENSUS,,,PRODUCTION,9000,,"102,242,043",BU,,NATIONAL,US TOTAL,CROPS,00,ALL PRODUCTION PRACTICES,"SOYBEANS - PRODUCTION, MEASURED IN BU",2012-12-31 00:00:00.000,SOYBEANS,ALL UTILIZATION PRACTICES,,ANNUAL,,7.7,,2012,,ALL CLASSES,00000000,FIELD CROPS,00,US TOTAL,
AREA HARVESTED,UNITED STATES,US,99,,YEAR,"AREA HARVESTED: (5,000 OR MORE ACRES)",,CENSUS,,,PRODUCTION,9000,,"41,761,827",BU,,NATIONAL,US TOTAL,CROPS,00,ALL PRODUCTION PRACTICES,"SOYBEANS - PRODUCTION, MEASURED IN BU",2012-12-31 00:00:00.000,SOYBEANS,ALL UTILIZATION PRACTICES,,ANNUAL,,20.5,,2012,,ALL CLASSES,00000000,FIELD CROPS,00,US TOTAL,
AREA HARVESTED,UNITED STATES,US,99,,YEAR,AREA HARVESTED: (50.0 TO 99.9 ACRES),,CENSUS,,,PRODUCTION,9000,,"143,027,770",BU,,NATIONAL,US TOTAL,CROPS,00,ALL PRODUCTION PRACTICES,"SOYBEANS - PRODUCTION, MEASURED IN BU",2012-12-31 00:00:00.000,SOYBEANS,ALL UTILIZATION PRACTICES,,ANNUAL,,5.3,,2012,,ALL CLASSES,00000000,FIELD CROPS,00,US TOTAL,
AREA HARVESTED,UNITED STATES,US,99,,YEAR,AREA HARVESTED: (500 TO 999 ACRES),,CENSUS,,,PRODUCTION,9000,,"763,159,249",BU,,NATIONAL,US TOTAL,CROPS,00,ALL PRODUCTION PRACTICES,"SOYBEANS - PRODUCTION, MEASURED IN BU",2012-12-31 00:00:00.000,SOYBEANS,ALL UTILIZATION PRACTICES,,ANNUAL,,1.6,,2012,,ALL CLASSES,00000000,FIELD CROPS,00,US TOTAL,
AREA OPERATED,UNITED STATES,US,99,,YEAR,"AREA OPERATED: (1,000 TO 1,999 ACRES)",,CENSUS,,,PRODUCTION,9000,,"801,372,688",BU,,NATIONAL,US TOTAL,CROPS,00,ALL PRODUCTION PRACTICES,"SOYBEANS - PRODUCTION, MEASURED IN BU",2012-12-31 00:00:00.000,SOYBEANS,ALL UTILIZATION PRACTICES,,ANNUAL,,2.4,,2012,,ALL CLASSES,00000000,FIELD CROPS,00,US TOTAL,
AREA OPERATED,UNITED STATES,US,99,,YEAR,AREA OPERATED: (1.0 TO 9.9 ACRES),,CENSUS,,,PRODUCTION,9000,,"349,278",BU,,NATIONAL,US TOTAL,CROPS,00,ALL PRODUCTION PRACTICES,"SOYBEANS - PRODUCTION, MEASURED IN BU",2012-12-31 00:00:00.000,SOYBEANS,ALL UTILIZATION PRACTICES,,ANNUAL,,7.0,,2012,,ALL CLASSES,00000000,FIELD CROPS,00,US TOTAL,
AREA OPERATED,UNITED STATES,US,99,,YEAR,AREA OPERATED: (10.0 TO 49.9 ACRES),,CENSUS,,,PRODUCTION,9000,,"12,114,989",BU,,NATIONAL,US TOTAL,CROPS,00,ALL PRODUCTION PRACTICES,"SOYBEANS - PRODUCTION, MEASURED IN BU",2012-12-31 00:00:00.000,SOYBEANS,ALL UTILIZATION PRACTICES,,ANNUAL,,4.0,,2012,,ALL CLASSES,00000000,FIELD CROPS,00,US TOTAL,
AREA OPERATED,UNITED STATES,US,99,,YEAR,AREA OPERATED: (100 TO 139 ACRES),,CENSUS,,,PRODUCTION,9000,,"34,653,384",BU,,NATIONAL,US TOTAL,CROPS,00,ALL PRODUCTION PRACTICES,"SOYBEANS - PRODUCTION, MEASURED IN BU",2012-12-31 00:00:00.000,SOYBEANS,ALL UTILIZATION PRACTICES,,ANNUAL,,2.6,,2012,,ALL CLASSES,00000000,FIELD CROPS,00,US TOTAL,
AREA OPERATED,UNITED STATES,US,99,,YEAR,AREA OPERATED: (140 TO 179 ACRES),,CENSUS,,,PRODUCTION,9000,,"45,801,159",BU,,NATIONAL,US TOTAL,CROPS,00,ALL PRODUCTION PRACTICES,"SOYBEANS - PRODUCTION, MEASURED IN BU",2012-12-31 00:00:00.000,SOYBEANS,ALL UTILIZATION PRACTICES,,ANNUAL,,4.8,,2012,,ALL CLASSES,00000000,FIELD CROPS,00,US TOTAL,
AREA OPERATED,UNITED STATES,US,99,,YEAR,AREA OPERATED: (180 TO 219 ACRES),,CENSUS,,,PRODUCTION,9000,,"42,313,377",BU,,NATIONAL,US TOTAL,CROPS,00,ALL PRODUCTION PRACTICES,"SOYBEANS - PRODUCTION, MEASURED IN BU",2012-12-31 00:00:00.000,SOYBEANS,ALL UTILIZATION PRACTICES,,ANNUAL,,10.9,,2012,,ALL CLASSES,00000000,FIELD CROPS,00,US TOTAL,
AREA OPERATED,UNITED STATES,US,99,,YEAR,"AREA OPERATED: (2,000 OR MORE ACRES)",,CENSUS,,,PRODUCTION,9000,,"1,070,299,804",BU,,NATIONAL,US TOTAL,CROPS,00,ALL PRODUCTION PRACTICES,"SOYBEANS - PRODUCTION, MEASURED IN BU",2012-12-31 00:00:00.000,SOYBEANS,ALL UTILIZATION PRACTICES,,ANNUAL,,2.1,,2012,,ALL CLASSES,00000000,FIELD CROPS,00,US TOTAL,
AREA OPERATED,UNITED STATES,US,99,,YEAR,AREA OPERATED: (220 TO 259 ACRES),,CENSUS,,,PRODUCTION,9000,,"45,615,116",BU,,NATIONAL,US TOTAL,CROPS,00,ALL PRODUCTION PRACTICES,"SOYBEANS - PRODUCTION, MEASURED IN BU",2012-12-31 00:00:00.000,SOYBEANS,ALL UTILIZATION PRACTICES,,ANNUAL,,13.6,,2012,,ALL CLASSES,00000000,FIELD CROPS,00,US TOTAL,
AREA OPERATED,UNITED STATES,US,99,,YEAR,AREA OPERATED: (260 TO 499 ACRES),,CENSUS,,,PRODUCTION,9000,,"277,235,684",BU,,NATIONAL,US TOTAL,CROPS,00,ALL PRODUCTION PRACTICES,"SOYBEANS - PRODUCTION, MEASURED IN BU",2012-12-31 00:00:00.000,SOYBEANS,ALL UTILIZATION PRACTICES,,ANNUAL,,10.1,,2012,,ALL CLASSES,00000000,FIELD CROPS,00,US TOTAL,
AREA OPERATED,UNITED STATES,US,99,,YEAR,AREA OPERATED: (50.0 TO 69.9 ACRES),,CENSUS,,,PRODUCTION,9000,,"10,233,794",BU,,NATIONAL,US TOTAL,CROPS,00,ALL PRODUCTION PRACTICES,"SOYBEANS - PRODUCTION, MEASURED IN BU",2012-12-31 00:00:00.000,SOYBEANS,ALL UTILIZATION PRACTICES,,ANNUAL,,4.5,,2012,,ALL CLASSES,00000000,FIELD CROPS,00,US TOTAL,
AREA OPERATED,UNITED STATES,US,99,,YEAR,AREA OPERATED: (500 TO 999 ACRES),,CENSUS,,,PRODUCTION,9000,,"562,732,035",BU,,NATIONAL,US TOTAL,CROPS,00,ALL PRODUCTION PRACTICES,"SOYBEANS - PRODUCTION, MEASURED IN BU",2012-12-31 00:00:00.000,SOYBEANS,ALL UTILIZATION PRACTICES,,ANNUAL,,2.3,,2012,,ALL CLASSES,00000000,FIELD CROPS,00,US TOTAL,
AREA OPERATED,UNITED STATES,US,99,,YEAR,AREA OPERATED: (70.0 TO 99.9 ACRES),,CENSUS,,,PRODUCTION,9000,,"24,101,469",BU,,NATIONAL,US TOTAL,CROPS,00,ALL PRODUCTION PRACTICES,"SOYBEANS - PRODUCTION, MEASURED IN BU",2012-12-31 00:00:00.000,SOYBEANS,ALL UTILIZATION PRACTICES,,ANNUAL,,4.5,,2012,,ALL CLASSES,00000000,FIELD CROPS,00,US TOTAL,
ECONOMIC CLASS,UNITED STATES,US,99,,YEAR,"ECONOMIC CLASS: (1,000 TO 2,499 $)",,CENSUS,,,PRODUCTION,9000,,"463,890",BU,,NATIONAL,US TOTAL,CROPS,00,ALL PRODUCTION PRACTICES,"SOYBEANS - PRODUCTION, MEASURED IN BU",2012-12-31 00:00:00.000,SOYBEANS,ALL UTILIZATION PRACTICES,,ANNUAL,,11.3,,2012,,ALL CLASSES,00000000,FIELD CROPS,00,US TOTAL,
ECONOMIC CLASS,UNITED STATES,US,99,,YEAR,"ECONOMIC CLASS: (1,000,000 OR MORE $)",,CENSUS,,,PRODUCTION,9000,,"1,360,029,747",BU,,NATIONAL,US TOTAL,CROPS,00,ALL PRODUCTION PRACTICES,"SOYBEANS - PRODUCTION, MEASURED IN BU",2012-12-31 00:00:00.000,SOYBEANS,ALL UTILIZATION PRACTICES,,ANNUAL,,2.5,,2012,,ALL CLASSES,00000000,FIELD CROPS,00,US TOTAL,
ECONOMIC CLASS,UNITED STATES,US,99,,YEAR,"ECONOMIC CLASS: (10,000 TO 24,999 $)",,CENSUS,,,PRODUCTION,9000,,"18,048,776",BU,,NATIONAL,US TOTAL,CROPS,00,ALL PRODUCTION PRACTICES,"SOYBEANS - PRODUCTION, MEASURED IN BU",2012-12-31 00:00:00.000,SOYBEANS,ALL UTILIZATION PRACTICES,,ANNUAL,,6.1,,2012,,ALL CLASSES,00000000,FIELD CROPS,00,US TOTAL,
ECONOMIC CLASS,UNITED STATES,US,99,,YEAR,"ECONOMIC CLASS: (100,000 TO 249,999 $)",,CENSUS,,,PRODUCTION,9000,,"280,279,797",BU,,NATIONAL,US TOTAL,CROPS,00,ALL PRODUCTION PRACTICES,"SOYBEANS - PRODUCTION, MEASURED IN BU",2012-12-31 00:00:00.000,SOYBEANS,ALL UTILIZATION PRACTICES,,ANNUAL,,10.0,,2012,,ALL CLASSES,00000000,FIELD CROPS,00,US TOTAL,
ECONOMIC CLASS,UNITED STATES,US,99,,YEAR,"ECONOMIC CLASS: (2,500 TO 4,999 $)",,CENSUS,,,PRODUCTION,9000,,"1,547,044",BU,,NATIONAL,US TOTAL,CROPS,00,ALL PRODUCTION PRACTICES,"SOYBEANS - PRODUCTION, MEASURED IN BU",2012-12-31 00:00:00.000,SOYBEANS,ALL UTILIZATION PRACTICES,,ANNUAL,,11.1,,2012,,ALL CLASSES,00000000,FIELD CROPS,00,US TOTAL,
ECONOMIC CLASS,UNITED STATES,US,99,,YEAR,"ECONOMIC CLASS: (25,000 TO 49,999 $)",,CENSUS,,,PRODUCTION,9000,,"41,784,169",BU,,NATIONAL,US TOTAL,CROPS,00,ALL PRODUCTION PRACTICES,"SOYBEANS - PRODUCTION, MEASURED IN BU",2012-12-31 00:00:00.000,SOYBEANS,ALL UTILIZATION PRACTICES,,ANNUAL,,5.2,,2012,,ALL CLASSES,00000000,FIELD CROPS,00,US TOTAL,
ECONOMIC CLASS,UNITED STATES,US,99,,YEAR,"ECONOMIC CLASS: (250,000 TO 499,999 $)",,CENSUS,,,PRODUCTION,9000,,"441,945,064",BU,,NATIONAL,US TOTAL,CROPS,00,ALL PRODUCTION PRACTICES,"SOYBEANS - PRODUCTION, MEASURED IN BU",2012-12-31 00:00:00.000,SOYBEANS,ALL UTILIZATION PRACTICES,,ANNUAL,,5.4,,2012,,ALL CLASSES,00000000,FIELD CROPS,00,US TOTAL,
ECONOMIC CLASS,UNITED STATES,US,99,,YEAR,"ECONOMIC CLASS: (5,000 TO 9,999 $)",,CENSUS,,,PRODUCTION,9000,,"4,645,748",BU,,NATIONAL,US TOTAL,CROPS,00,ALL PRODUCTION PRACTICES,"SOYBEANS - PRODUCTION, MEASURED IN BU",2012-12-31 00:00:00.000,SOYBEANS,ALL UTILIZATION PRACTICES,,ANNUAL,,5.9,,2012,,ALL CLASSES,00000000,FIELD CROPS,00,US TOTAL,
ECONOMIC CLASS,UNITED STATES,US,99,,YEAR,"ECONOMIC CLASS: (50,000 TO 99,999 $)",,CENSUS,,,PRODUCTION,9000,,"99,343,255",BU,,NATIONAL,US TOTAL,CROPS,00,ALL PRODUCTION PRACTICES,"SOYBEANS - PRODUCTION, MEASURED IN BU",2012-12-31 00:00:00.000,SOYBEANS,ALL UTILIZATION PRACTICES,,ANNUAL,,8.2,,2012,,ALL CLASSES,00000000,FIELD CROPS,00,US TOTAL,
ECONOMIC CLASS,UNITED STATES,US,99,,YEAR,"ECONOMIC CLASS: (500,000 TO 999,999 $)",,CENSUS,,,PRODUCTION,9000,,"678,608,431",BU,,NATIONAL,US TOTAL,CROPS,00,ALL PRODUCTION PRACTICES,"SOYBEANS - PRODUCTION, MEASURED IN BU",2012-12-31 00:00:00.000,SOYBEANS,ALL UTILIZATION PRACTICES,,ANNUAL,,5.6,,2012,,ALL CLASSES,00000000,FIELD CROPS,00,US TOTAL,
ECONOMIC CLASS,UNITED STATES,US,99,,YEAR,"ECONOMIC CLASS: (LESS THAN 1,000 $)",,CENSUS,,,PRODUCTION,9000,,"126,856",BU,,NATIONAL,US TOTAL,CROPS,00,ALL PRODUCTION PRACTICES,"SOYBEANS - PRODUCTION, MEASURED IN BU",2012-12-31 00:00:00.000,SOYBEANS,ALL UTILIZATION PRACTICES,,ANNUAL,,12.1,,2012,,ALL CLASSES,00000000,FIELD CROPS,00,US TOTAL,
FARM SALES,UNITED STATES,US,99,,YEAR,"FARM SALES: (1,000 TO 2,499 $)",,CENSUS,,,PRODUCTION,9000,,"464,046",BU,,NATIONAL,US TOTAL,CROPS,00,ALL PRODUCTION PRACTICES,"SOYBEANS - PRODUCTION, MEASURED IN BU",2012-12-31 00:00:00.000,SOYBEANS,ALL UTILIZATION PRACTICES,,ANNUAL,,5.7,,2012,,ALL CLASSES,00000000,FIELD CROPS,00,US TOTAL,
FARM SALES,UNITED STATES,US,99,,YEAR,"FARM SALES: (1,000,000 OR MORE $)",,CENSUS,,,PRODUCTION,9000,,"1,319,666,650",BU,,NATIONAL,US TOTAL,CROPS,00,ALL PRODUCTION PRACTICES,"SOYBEANS - PRODUCTION, MEASURED IN BU",2012-12-31 00:00:00.000,SOYBEANS,ALL UTILIZATION PRACTICES,,ANNUAL,,3.0,,2012,,ALL CLASSES,00000000,FIELD CROPS,00,US TOTAL,
FARM SALES,UNITED STATES,US,99,,YEAR,"FARM SALES: (10,000 TO 24,999 $)",,CENSUS,,,PRODUCTION,9000,,"19,323,501",BU,,NATIONAL,US TOTAL,CROPS,00,ALL PRODUCTION PRACTICES,"SOYBEANS - PRODUCTION, MEASURED IN BU",2012-12-31 00:00:00.000,SOYBEANS,ALL UTILIZATION PRACTICES,,ANNUAL,,5.3,,2012,,ALL CLASSES,00000000,FIELD CROPS,00,US TOTAL,
FARM SALES,UNITED STATES,US,99,,YEAR,"FARM SALES: (100,000 TO 249,999 $)",,CENSUS,,,PRODUCTION,9000,,"289,687,960",BU,,NATIONAL,US TOTAL,CROPS,00,ALL PRODUCTION PRACTICES,"SOYBEANS - PRODUCTION, MEASURED IN BU",2012-12-31 00:00:00.000,SOYBEANS,ALL UTILIZATION PRACTICES,,ANNUAL,,10.4,,2012,,ALL CLASSES,00000000,FIELD CROPS,00,US TOTAL,
FARM SALES,UNITED STATES,US,99,,YEAR,"FARM SALES: (2,500 TO 4,999 $)",,CENSUS,,,PRODUCTION,9000,,"1,588,087",BU,,NATIONAL,US TOTAL,CROPS,00,ALL PRODUCTION PRACTICES,"SOYBEANS - PRODUCTION, MEASURED IN BU",2012-12-31 00:00:00.000,SOYBEANS,ALL UTILIZATION PRACTICES,,ANNUAL,,7.1,,2012,,ALL CLASSES,00000000,FIELD CROPS,00,US TOTAL,
FARM SALES,UNITED STATES,US,99,,YEAR,"FARM SALES: (25,000 TO 49,999 $)",,CENSUS,,,PRODUCTION,9000,,"44,796,402",BU,,NATIONAL,US TOTAL,CROPS,00,ALL PRODUCTION PRACTICES,"SOYBEANS - PRODUCTION, MEASURED IN BU",2012-12-31 00:00:00.000,SOYBEANS,ALL UTILIZATION PRACTICES,,ANNUAL,,5.6,,2012,,ALL CLASSES,00000000,FIELD CROPS,00,US TOTAL,
FARM SALES,UNITED STATES,US,99,,YEAR,"FARM SALES: (250,000 TO 499,999 $)",,CENSUS,,,PRODUCTION,9000,,"452,935,521",BU,,NATIONAL,US TOTAL,CROPS,00,ALL PRODUCTION PRACTICES,"SOYBEANS - PRODUCTION, MEASURED IN BU",2012-12-31 00:00:00.000,SOYBEANS,ALL UTILIZATION PRACTICES,,ANNUAL,,5.3,,2012,,ALL CLASSES,00000000,FIELD CROPS,00,US TOTAL,
FARM SALES,UNITED STATES,US,99,,YEAR,"FARM SALES: (5,000 TO 9,999 $)",,CENSUS,,,PRODUCTION,9000,,"4,933,283",BU,,NATIONAL,US TOTAL,CROPS,00,ALL PRODUCTION PRACTICES,"SOYBEANS - PRODUCTION, MEASURED IN BU",2012-12-31 00:00:00.000,SOYBEANS,ALL UTILIZATION PRACTICES,,ANNUAL,,5.1,,2012,,ALL CLASSES,00000000,FIELD CROPS,00,US TOTAL,
FARM SALES,UNITED STATES,US,99,,YEAR,"FARM SALES: (50,000 TO 99,999 $)",,CENSUS,,,PRODUCTION,9000,,"104,274,169",BU,,NATIONAL,US TOTAL,CROPS,00,ALL PRODUCTION PRACTICES,"SOYBEANS - PRODUCTION, MEASURED IN BU",2012-12-31 00:00:00.000,SOYBEANS,ALL UTILIZATION PRACTICES,,ANNUAL,,8.7,,2012,,ALL CLASSES,00000000,FIELD CROPS,00,US TOTAL,
FARM SALES,UNITED STATES,US,99,,YEAR,"FARM SALES: (500,000 TO 999,999 $)",,CENSUS,,,PRODUCTION,9000,,"687,554,710",BU,,NATIONAL,US TOTAL,CROPS,00,ALL PRODUCTION PRACTICES,"SOYBEANS - PRODUCTION, MEASURED IN BU",2012-12-31 00:00:00.000,SOYBEANS,ALL UTILIZATION PRACTICES,,ANNUAL,,6.5,,2012,,ALL CLASSES,00000000,FIELD CROPS,00,US TOTAL,
FARM SALES,UNITED STATES,US,99,,YEAR,"FARM SALES: (LESS THAN 1,000 $)",,CENSUS,,,PRODUCTION,9000,,"1,598,448",BU,,NATIONAL,US TOTAL,CROPS,00,ALL PRODUCTION PRACTICES,"SOYBEANS - PRODUCTION, MEASURED IN BU",2012-12-31 00:00:00.000,SOYBEANS,ALL UTILIZATION PRACTICES,,ANNUAL,,28.3,,2012,,ALL CLASSES,00000000,FIELD CROPS,00,US TOTAL,
NAICS CLASSIFICATION,UNITED STATES,US,99,,YEAR,NAICS CLASSIFICATION: (1111),,CENSUS,,,PRODUCTION,9000,,"2,672,971,643",BU,,NATIONAL,US TOTAL,CROPS,00,ALL PRODUCTION PRACTICES,"SOYBEANS - PRODUCTION, MEASURED IN BU",2012-12-31 00:00:00.000,SOYBEANS,ALL UTILIZATION PRACTICES,,ANNUAL,,0.9,,2012,,ALL CLASSES,00000000,FIELD CROPS,00,US TOTAL,
NAICS CLASSIFICATION,UNITED STATES,US,99,,YEAR,NAICS CLASSIFICATION: (1112),,CENSUS,,,PRODUCTION,9000,,"9,674,202",BU,,NATIONAL,US TOTAL,CROPS,00,ALL PRODUCTION PRACTICES,"SOYBEANS - PRODUCTION, MEASURED IN BU",2012-12-31 00:00:00.000,SOYBEANS,ALL UTILIZATION PRACTICES,,ANNUAL,,5.3,,2012,,ALL CLASSES,00000000,FIELD CROPS,00,US TOTAL,
NAICS CLASSIFICATION,UNITED STATES,US,99,,YEAR,NAICS CLASSIFICATION: (1113),,CENSUS,,,PRODUCTION,9000,,"631,640",BU,,NATIONAL,US TOTAL,CROPS,00,ALL PRODUCTION PRACTICES,"SOYBEANS - PRODUCTION, MEASURED IN BU",2012-12-31 00:00:00.000,SOYBEANS,ALL UTILIZATION PRACTICES,,ANNUAL,,5.9,,2012,,ALL CLASSES,00000000,FIELD CROPS,00,US TOTAL,
NAICS CLASSIFICATION,UNITED STATES,US,99,,YEAR,NAICS CLASSIFICATION: (1114),,CENSUS,,,PRODUCTION,9000,,"1,739,766",BU,,NATIONAL,US TOTAL,CROPS,00,ALL PRODUCTION PRACTICES,"SOYBEANS - PRODUCTION, MEASURED IN BU",2012-12-31 00:00:00.000,SOYBEANS,ALL UTILIZATION PRACTICES,,ANNUAL,,3.6,,2012,,ALL CLASSES,00000000,FIELD CROPS,00,US TOTAL,
NAICS CLASSIFICATION,UNITED STATES,US,99,,YEAR,NAICS CLASSIFICATION: (1119),,CENSUS,,,PRODUCTION,9000,,"59,001,616",BU,,NATIONAL,US TOTAL,CROPS,00,ALL PRODUCTION PRACTICES,"SOYBEANS - PRODUCTION, MEASURED IN BU",2012-12-31 00:00:00.000,SOYBEANS,ALL UTILIZATION PRACTICES,,ANNUAL,,2.1,,2012,,ALL CLASSES,00000000,FIELD CROPS,00,US TOTAL,
NAICS CLASSIFICATION,UNITED STATES,US,99,,YEAR,NAICS CLASSIFICATION: (11191),,CENSUS,,,PRODUCTION,9000,,"7,496,295",BU,,NATIONAL,US TOTAL,CROPS,00,ALL PRODUCTION PRACTICES,"SOYBEANS - PRODUCTION, MEASURED IN BU",2012-12-31 00:00:00.000,SOYBEANS,ALL UTILIZATION PRACTICES,,ANNUAL,,6.8,,2012,,ALL CLASSES,00000000,FIELD CROPS,00,US TOTAL,
NAICS CLASSIFICATION,UNITED STATES,US,99,,YEAR,NAICS CLASSIFICATION: (11192),,CENSUS,,,PRODUCTION,9000,,"13,722,132",BU,,NATIONAL,US TOTAL,CROPS,00,ALL PRODUCTION PRACTICES,"SOYBEANS - PRODUCTION, MEASURED IN BU",2012-12-31 00:00:00.000,SOYBEANS,ALL UTILIZATION PRACTICES,,ANNUAL,,7.0,,2012,,ALL CLASSES,00000000,FIELD CROPS,00,US TOTAL,
NAICS CLASSIFICATION,UNITED STATES,US,99,,YEAR,NAICS CLASSIFICATION: (11193 & 11194 & 11199),,CENSUS,,,PRODUCTION,9000,,"37,783,189",BU,,NATIONAL,US TOTAL,CROPS,00,ALL PRODUCTION PRACTICES,"SOYBEANS - PRODUCTION, MEASURED IN BU",2012-12-31 00:00:00.000,SOYBEANS,ALL UTILIZATION PRACTICES,,ANNUAL,,2.6,,2012,,ALL CLASSES,00000000,FIELD CROPS,00,US TOTAL,
NAICS CLASSIFICATION,UNITED STATES,US,99,,YEAR,NAICS CLASSIFICATION: (112111),,CENSUS,,,PRODUCTION,9000,,"38,808,625",BU,,NATIONAL,US TOTAL,CROPS,00,ALL PRODUCTION PRACTICES,"SOYBEANS - PRODUCTION, MEASURED IN BU",2012-12-31 00:00:00.000,SOYBEANS,ALL UTILIZATION PRACTICES,,ANNUAL,,3.6,,2012,,ALL CLASSES,00000000,FIELD CROPS,00,US TOTAL,
NAICS CLASSIFICATION,UNITED STATES,US,99,,YEAR,NAICS CLASSIFICATION: (112112),,CENSUS,,,PRODUCTION,9000,,"24,631,665",BU,,NATIONAL,US TOTAL,CROPS,00,ALL PRODUCTION PRACTICES,"SOYBEANS - PRODUCTION, MEASURED IN BU",2012-12-31 00:00:00.000,SOYBEANS,ALL UTILIZATION PRACTICES,,ANNUAL,,5.6,,2012,,ALL CLASSES,00000000,FIELD CROPS,00,US TOTAL,
NAICS CLASSIFICATION,UNITED STATES,US,99,,YEAR,NAICS CLASSIFICATION: (11212),,CENSUS,,,PRODUCTION,9000,,"38,638,523",BU,,NATIONAL,US TOTAL,CROPS,00,ALL PRODUCTION PRACTICES,"SOYBEANS - PRODUCTION, MEASURED IN BU",2012-12-31 00:00:00.000,SOYBEANS,ALL UTILIZATION PRACTICES,,ANNUAL,,1.5,,2012,,ALL CLASSES,00000000,FIELD CROPS,00,US TOTAL,
NAICS CLASSIFICATION,UNITED STATES,US,99,,YEAR,NAICS CLASSIFICATION: (1122),,CENSUS,,,PRODUCTION,9000,,"51,112,206",BU,,NATIONAL,US TOTAL,CROPS,00,ALL PRODUCTION PRACTICES,"SOYBEANS - PRODUCTION, MEASURED IN BU",2012-12-31 00:00:00.000,SOYBEANS,ALL UTILIZATION PRACTICES,,ANNUAL,,7.7,,2012,,ALL CLASSES,00000000,FIELD CROPS,00,US TOTAL,
NAICS CLASSIFICATION,UNITED STATES,US,99,,YEAR,NAICS CLASSIFICATION: (1123),,CENSUS,,,PRODUCTION,9000,,"18,153,251",BU,,NATIONAL,US TOTAL,CROPS,00,ALL PRODUCTION PRACTICES,"SOYBEANS - PRODUCTION, MEASURED IN BU",2012-12-31 00:00:00.000,SOYBEANS,ALL UTILIZATION PRACTICES,,ANNUAL,,1.9,,2012,,ALL CLASSES,00000000,FIELD CROPS,00,US TOTAL,
NAICS CLASSIFICATION,UNITED STATES,US,99,,YEAR,NAICS CLASSIFICATION: (1124),,CENSUS,,,PRODUCTION,9000,,"257,696",BU,,NATIONAL,US TOTAL,CROPS,00,ALL PRODUCTION PRACTICES,"SOYBEANS - PRODUCTION, MEASURED IN BU",2012-12-31 00:00:00.000,SOYBEANS,ALL UTILIZATION PRACTICES,,ANNUAL,,23.4,,2012,,ALL CLASSES,00000000,FIELD CROPS,00,US TOTAL,
NAICS CLASSIFICATION,UNITED STATES,US,99,,YEAR,NAICS CLASSIFICATION: (1125 & 1129),,CENSUS,,,PRODUCTION,9000,,"11,201,944",BU,,NATIONAL,US TOTAL,CROPS,00,ALL PRODUCTION PRACTICES,"SOYBEANS - PRODUCTION, MEASURED IN BU",2012-12-31 00:00:00.000,SOYBEANS,ALL UTILIZATION PRACTICES,,ANNUAL,,4.6,,2012,,ALL CLASSES,00000000,FIELD CROPS,00,US TOTAL,
TOTAL,UNITED STATES,US,99,,YEAR,NOT SPECIFIED,,CENSUS,,,PRODUCTION,9000,,"2,926,822,777",BU,,NATIONAL,US TOTAL,CROPS,00,ALL PRODUCTION PRACTICES,"SOYBEANS - PRODUCTION, MEASURED IN BU",2012-12-31 00:00:00.000,SOYBEANS,ALL UTILIZATION PRACTICES,,ANNUAL,,1.0,,2012,,ALL CLASSES,00000000,FIELD CROPS,00,US TOTAL,
ORGANIC STATUS,UNITED STATES,US,99,,YEAR,ORGANIC STATUS: (NOP USDA CERTIFIED & EXEMPT),,CENSUS,,,PRODUCTION,9000,,"3,249,058",BU,,NATIONAL,US TOTAL,CROPS,00,ORGANIC,"SOYBEANS, ORGANIC - PRODUCTION, MEASURED IN BU",2015-01-31 00:00:00.000,SOYBEANS,ALL UTILIZATION PRACTICES,,ANNUAL,,7.7,,2014,,ALL CLASSES,00000000,FIELD CROPS,00,US TOTAL,
ORGANIC STATUS,UNITED STATES,US,99,,YEAR,ORGANIC STATUS: (NOP USDA CERTIFIED),,CENSUS,,,PRODUCTION,9000,,"3,248,351",BU,,NATIONAL,US TOTAL,CROPS,00,ORGANIC,"SOYBEANS, ORGANIC - PRODUCTION, MEASURED IN BU",2015-01-31 00:00:00.000,SOYBEANS,ALL UTILIZATION PRACTICES,,ANNUAL,,7.8,,2014,,ALL CLASSES,00000000,FIELD CROPS,00,US TOTAL,
ORGANIC STATUS,UNITED STATES,US,99,,YEAR,ORGANIC STATUS: (NOP USDA EXEMPT),,CENSUS,,,PRODUCTION,9000,,707,BU,,NATIONAL,US TOTAL,CROPS,00,ORGANIC,"SOYBEANS, ORGANIC - PRODUCTION, MEASURED IN BU",2015-01-31 00:00:00.000,SOYBEANS,ALL UTILIZATION PRACTICES,,ANNUAL,,(H),,2014,,ALL CLASSES,00000000,FIELD CROPS,00,US TOTAL,
ORGANIC STATUS,UNITED STATES,US,99,,YEAR,ORGANIC STATUS: (NOP USDA CERTIFIED),,CENSUS,,,PRODUCTION,9000,,"3,183,364",BU,,NATIONAL,US TOTAL,CROPS,00,ORGANIC,"SOYBEANS, ORGANIC - PRODUCTION, MEASURED IN BU",2015-01-31 00:00:00.000,SOYBEANS,ALL UTILIZATION PRACTICES,,ANNUAL,,7.7,,2015,,ALL CLASSES,00000000,FIELD CROPS,00,US TOTAL,
ORGANIC STATUS,UNITED STATES,US,99,,YEAR,ORGANIC STATUS: (NOP USDA CERTIFIED),,CENSUS,,,PRODUCTION,9000,,"4,602,376",BU,,NATIONAL,US TOTAL,CROPS,00,ORGANIC,"SOYBEANS, ORGANIC - PRODUCTION, MEASURED IN BU",2016-01-31 00:00:00.000,SOYBEANS,ALL UTILIZATION PRACTICES,,ANNUAL,,2,,2016,,ALL CLASSES,00000000,FIELD CROPS,00,US TOTAL,
AREA HARVESTED,UNITED STATES,US,99,,YEAR,"AREA HARVESTED: (1,000 OR MORE ACRES)",,CENSUS,,,PRODUCTION,9000,,"1,617,936,261",BU,,NATIONAL,US TOTAL,CROPS,00,ALL PRODUCTION PRACTICES,"SOYBEANS - PRODUCTION, MEASURED IN BU",2018-02-01 00:00:00.000,SOYBEANS,ALL UTILIZATION PRACTICES,,ANNUAL,,2.6,,2017,,ALL CLASSES,00000000,FIELD CROPS,00,US TOTAL,
AREA HARVESTED,UNITED STATES,US,99,,YEAR,"AREA HARVESTED: (1,000 TO 1,999 ACRES)",,CENSUS,,,PRODUCTION,9000,,"938,195,182",BU,,NATIONAL,US TOTAL,CROPS,00,ALL PRODUCTION PRACTICES,"SOYBEANS - PRODUCTION, MEASURED IN BU",2018-02-01 00:00:00.000,SOYBEANS,ALL UTILIZATION PRACTICES,,ANNUAL,,3.7,,2017,,ALL CLASSES,00000000,FIELD CROPS,00,US TOTAL,
AREA HARVESTED,UNITED STATES,US,99,,YEAR,AREA HARVESTED: (1.0 TO 14.9 ACRES),,CENSUS,,,PRODUCTION,9000,,"7,623,893",BU,,NATIONAL,US TOTAL,CROPS,00,ALL PRODUCTION PRACTICES,"SOYBEANS - PRODUCTION, MEASURED IN BU",2018-02-01 00:00:00.000,SOYBEANS,ALL UTILIZATION PRACTICES,,ANNUAL,,3.8,,2017,,ALL CLASSES,00000000,FIELD CROPS,00,US TOTAL,
AREA HARVESTED,UNITED STATES,US,99,,YEAR,AREA HARVESTED: (100 TO 249 ACRES),,CENSUS,,,PRODUCTION,9000,,"550,453,754",BU,,NATIONAL,US TOTAL,CROPS,00,ALL PRODUCTION PRACTICES,"SOYBEANS - PRODUCTION, MEASURED IN BU",2018-02-01 00:00:00.000,SOYBEANS,ALL UTILIZATION PRACTICES,,ANNUAL,,1.6,,2017,,ALL CLASSES,00000000,FIELD CROPS,00,US TOTAL,
AREA HARVESTED,UNITED STATES,US,99,,YEAR,AREA HARVESTED: (15.0 TO 24.9 ACRES),,CENSUS,,,PRODUCTION,9000,,"15,013,812",BU,,NATIONAL,US TOTAL,CROPS,00,ALL PRODUCTION PRACTICES,"SOYBEANS - PRODUCTION, MEASURED IN BU",2018-02-01 00:00:00.000,SOYBEANS,ALL UTILIZATION PRACTICES,,ANNUAL,,3.5,,2017,,ALL CLASSES,00000000,FIELD CROPS,00,US TOTAL,
AREA HARVESTED,UNITED STATES,US,99,,YEAR,"AREA HARVESTED: (2,000 TO 2,999 ACRES)",,CENSUS,,,PRODUCTION,9000,,"347,461,299",BU,,NATIONAL,US TOTAL,CROPS,00,ALL PRODUCTION PRACTICES,"SOYBEANS - PRODUCTION, MEASURED IN BU",2018-02-01 00:00:00.000,SOYBEANS,ALL UTILIZATION PRACTICES,,ANNUAL,,4.7,,2017,,ALL CLASSES,00000000,FIELD CROPS,00,US TOTAL,
AREA HARVESTED,UNITED STATES,US,99,,YEAR,AREA HARVESTED: (25.0 TO 49.9 ACRES),,CENSUS,,,PRODUCTION,9000,,"61,556,885",BU,,NATIONAL,US TOTAL,CROPS,00,ALL PRODUCTION PRACTICES,"SOYBEANS - PRODUCTION, MEASURED IN BU",2018-02-01 00:00:00.000,SOYBEANS,ALL UTILIZATION PRACTICES,,ANNUAL,,3.4,,2017,,ALL CLASSES,00000000,FIELD CROPS,00,US TOTAL,
AREA HARVESTED,UNITED STATES,US,99,,YEAR,AREA HARVESTED: (250 TO 499 ACRES),,CENSUS,,,PRODUCTION,9000,,"832,035,981",BU,,NATIONAL,US TOTAL,CROPS,00,ALL PRODUCTION PRACTICES,"SOYBEANS - PRODUCTION, MEASURED IN BU",2018-02-01 00:00:00.000,SOYBEANS,ALL UTILIZATION PRACTICES,,ANNUAL,,1.6,,2017,,ALL CLASSES,00000000,FIELD CROPS,00,US TOTAL,
AREA HARVESTED,UNITED STATES,US,99,,YEAR,"AREA HARVESTED: (3,000 TO 4,999 ACRES)",,CENSUS,,,PRODUCTION,9000,,"224,187,880",BU,,NATIONAL,US TOTAL,CROPS,00,ALL PRODUCTION PRACTICES,"SOYBEANS - PRODUCTION, MEASURED IN BU",2018-02-01 00:00:00.000,SOYBEANS,ALL UTILIZATION PRACTICES,,ANNUAL,,4.5,,2017,,ALL CLASSES,00000000,FIELD CROPS,00,US TOTAL,
AREA HARVESTED,UNITED STATES,US,99,,YEAR,"AREA HARVESTED: (5,000 OR MORE ACRES)",,CENSUS,,,PRODUCTION,9000,,"108,091,900",BU,,NATIONAL,US TOTAL,CROPS,00,ALL PRODUCTION PRACTICES,"SOYBEANS - PRODUCTION, MEASURED IN BU",2018-02-01 00:00:00.000,SOYBEANS,ALL UTILIZATION PRACTICES,,ANNUAL,,5.7,,2017,,ALL CLASSES,00000000,FIELD CROPS,00,US TOTAL,
AREA HARVESTED,UNITED STATES,US,99,,YEAR,AREA HARVESTED: (50.0 TO 99.9 ACRES),,CENSUS,,,PRODUCTION,9000,,"173,267,120",BU,,NATIONAL,US TOTAL,CROPS,00,ALL PRODUCTION PRACTICES,"SOYBEANS - PRODUCTION, MEASURED IN BU",2018-02-01 00:00:00.000,SOYBEANS,ALL UTILIZATION PRACTICES,,ANNUAL,,2.0,,2017,,ALL CLASSES,00000000,FIELD CROPS,00,US TOTAL,
AREA HARVESTED,UNITED STATES,US,99,,YEAR,AREA HARVESTED: (500 TO 999 ACRES),,CENSUS,,,PRODUCTION,9000,,"1,098,136,480",BU,,NATIONAL,US TOTAL,CROPS,00,ALL PRODUCTION PRACTICES,"SOYBEANS - PRODUCTION, MEASURED IN BU",2018-02-01 00:00:00.000,SOYBEANS,ALL UTILIZATION PRACTICES,,ANNUAL,,2.5,,2017,,ALL CLASSES,00000000,FIELD CROPS,00,US TOTAL,
AREA OPERATED,UNITED STATES,US,99,,YEAR,"AREA OPERATED: (1,000 TO 1,999 ACRES)",,CENSUS,,,PRODUCTION,9000,,"1,133,325,993",BU,,NATIONAL,US TOTAL,CROPS,00,ALL PRODUCTION PRACTICES,"SOYBEANS - PRODUCTION, MEASURED IN BU",2018-02-01 00:00:00.000,SOYBEANS,ALL UTILIZATION PRACTICES,,ANNUAL,,3.0,,2017,,ALL CLASSES,00000000,FIELD CROPS,00,US TOTAL,
AREA OPERATED,UNITED STATES,US,99,,YEAR,AREA OPERATED: (1.0 TO 9.9 ACRES),,CENSUS,,,PRODUCTION,9000,,"614,428",BU,,NATIONAL,US TOTAL,CROPS,00,ALL PRODUCTION PRACTICES,"SOYBEANS - PRODUCTION, MEASURED IN BU",2018-02-01 00:00:00.000,SOYBEANS,ALL UTILIZATION PRACTICES,,ANNUAL,,15.4,,2017,,ALL CLASSES,00000000,FIELD CROPS,00,US TOTAL,
AREA OPERATED,UNITED STATES,US,99,,YEAR,AREA OPERATED: (10.0 TO 49.9 ACRES),,CENSUS,,,PRODUCTION,9000,,"17,610,346",BU,,NATIONAL,US TOTAL,CROPS,00,ALL PRODUCTION PRACTICES,"SOYBEANS - PRODUCTION, MEASURED IN BU",2018-02-01 00:00:00.000,SOYBEANS,ALL UTILIZATION PRACTICES,,ANNUAL,,6.5,,2017,,ALL CLASSES,00000000,FIELD CROPS,00,US TOTAL,
AREA OPERATED,UNITED STATES,US,99,,YEAR,AREA OPERATED: (100 TO 139 ACRES),,CENSUS,,,PRODUCTION,9000,,"44,873,263",BU,,NATIONAL,US TOTAL,CROPS,00,ALL PRODUCTION PRACTICES,"SOYBEANS - PRODUCTION, MEASURED IN BU",2018-02-01 00:00:00.000,SOYBEANS,ALL UTILIZATION PRACTICES,,ANNUAL,,4.5,,2017,,ALL CLASSES,00000000,FIELD CROPS,00,US TOTAL,
AREA OPERATED,UNITED STATES,US,99,,YEAR,AREA OPERATED: (140 TO 179 ACRES),,CENSUS,,,PRODUCTION,9000,,"60,361,469",BU,,NATIONAL,US TOTAL,CROPS,00,ALL PRODUCTION PRACTICES,"SOYBEANS - PRODUCTION, MEASURED IN BU",2018-02-01 00:00:00.000,SOYBEANS,ALL UTILIZATION PRACTICES,,ANNUAL,,3.4,,2017,,ALL CLASSES,00000000,FIELD CROPS,00,US TOTAL,
AREA OPERATED,UNITED STATES,US,99,,YEAR,AREA OPERATED: (180 TO 219 ACRES),,CENSUS,,,PRODUCTION,9000,,"55,325,643",BU,,NATIONAL,US TOTAL,CROPS,00,ALL PRODUCTION PRACTICES,"SOYBEANS - PRODUCTION, MEASURED IN BU",2018-02-01 00:00:00.000,SOYBEANS,ALL UTILIZATION PRACTICES,,ANNUAL,,3.9,,2017,,ALL CLASSES,00000000,FIELD CROPS,00,US TOTAL,
AREA OPERATED,UNITED STATES,US,99,,YEAR,"AREA OPERATED: (2,000 OR MORE ACRES)",,CENSUS,,,PRODUCTION,9000,,"1,823,636,521",BU,,NATIONAL,US TOTAL,CROPS,00,ALL PRODUCTION PRACTICES,"SOYBEANS - PRODUCTION, MEASURED IN BU",2018-02-01 00:00:00.000,SOYBEANS,ALL UTILIZATION PRACTICES,,ANNUAL,,2.9,,2017,,ALL CLASSES,00000000,FIELD CROPS,00,US TOTAL,
AREA OPERATED,UNITED STATES,US,99,,YEAR,AREA OPERATED: (220 TO 259 ACRES),,CENSUS,,,PRODUCTION,9000,,"60,065,771",BU,,NATIONAL,US TOTAL,CROPS,00,ALL PRODUCTION PRACTICES,"SOYBEANS - PRODUCTION, MEASURED IN BU",2018-02-01 00:00:00.000,SOYBEANS,ALL UTILIZATION PRACTICES,,ANNUAL,,4.7,,2017,,ALL CLASSES,00000000,FIELD CROPS,00,US TOTAL,
AREA OPERATED,UNITED STATES,US,99,,YEAR,AREA OPERATED: (260 TO 499 ACRES),,CENSUS,,,PRODUCTION,9000,,"367,212,667",BU,,NATIONAL,US TOTAL,CROPS,00,ALL PRODUCTION PRACTICES,"SOYBEANS - PRODUCTION, MEASURED IN BU",2018-02-01 00:00:00.000,SOYBEANS,ALL UTILIZATION PRACTICES,,ANNUAL,,2.2,,2017,,ALL CLASSES,00000000,FIELD CROPS,00,US TOTAL,
AREA OPERATED,UNITED STATES,US,99,,YEAR,AREA OPERATED: (50.0 TO 69.9 ACRES),,CENSUS,,,PRODUCTION,9000,,"13,270,258",BU,,NATIONAL,US TOTAL,CROPS,00,ALL PRODUCTION PRACTICES,"SOYBEANS - PRODUCTION, MEASURED IN BU",2018-02-01 00:00:00.000,SOYBEANS,ALL UTILIZATION PRACTICES,,ANNUAL,,6.4,,2017,,ALL CLASSES,00000000,FIELD CROPS,00,US TOTAL,
AREA OPERATED,UNITED STATES,US,99,,YEAR,AREA OPERATED: (500 TO 999 ACRES),,CENSUS,,,PRODUCTION,9000,,"749,037,393",BU,,NATIONAL,US TOTAL,CROPS,00,ALL PRODUCTION PRACTICES,"SOYBEANS - PRODUCTION, MEASURED IN BU",2018-02-01 00:00:00.000,SOYBEANS,ALL UTILIZATION PRACTICES,,ANNUAL,,2.4,,2017,,ALL CLASSES,00000000,FIELD CROPS,00,US TOTAL,
AREA OPERATED,UNITED STATES,US,99,,YEAR,AREA OPERATED: (70.0 TO 99.9 ACRES),,CENSUS,,,PRODUCTION,9000,,"30,690,434",BU,,NATIONAL,US TOTAL,CROPS,00,ALL PRODUCTION PRACTICES,"SOYBEANS - PRODUCTION, MEASURED IN BU",2018-02-01 00:00:00.000,SOYBEANS,ALL UTILIZATION PRACTICES,,ANNUAL,,3.8,,2017,,ALL CLASSES,00000000,FIELD CROPS,00,US TOTAL,
ECONOMIC CLASS,UNITED STATES,US,99,,YEAR,"ECONOMIC CLASS: (1,000 TO 2,499 $)",,CENSUS,,,PRODUCTION,9000,,"916,410",BU,,NATIONAL,US TOTAL,CROPS,00,ALL PRODUCTION PRACTICES,"SOYBEANS - PRODUCTION, MEASURED IN BU",2018-02-01 00:00:00.000,SOYBEANS,ALL UTILIZATION PRACTICES,,ANNUAL,,15.9,,2017,,ALL CLASSES,00000000,FIELD CROPS,00,US TOTAL,
ECONOMIC CLASS,UNITED STATES,US,99,,YEAR,"ECONOMIC CLASS: (1,000,000 OR MORE $)",,CENSUS,,,PRODUCTION,9000,,"1,953,552,857",BU,,NATIONAL,US TOTAL,CROPS,00,ALL PRODUCTION PRACTICES,"SOYBEANS - PRODUCTION, MEASURED IN BU",2018-02-01 00:00:00.000,SOYBEANS,ALL UTILIZATION PRACTICES,,ANNUAL,,2.4,,2017,,ALL CLASSES,00000000,FIELD CROPS,00,US TOTAL,
ECONOMIC CLASS,UNITED STATES,US,99,,YEAR,"ECONOMIC CLASS: (10,000 TO 24,999 $)",,CENSUS,,,PRODUCTION,9000,,"32,026,162",BU,,NATIONAL,US TOTAL,CROPS,00,ALL PRODUCTION PRACTICES,"SOYBEANS - PRODUCTION, MEASURED IN BU",2018-02-01 00:00:00.000,SOYBEANS,ALL UTILIZATION PRACTICES,,ANNUAL,,2.3,,2017,,ALL CLASSES,00000000,FIELD CROPS,00,US TOTAL,
ECONOMIC CLASS,UNITED STATES,US,99,,YEAR,"ECONOMIC CLASS: (100,000 TO 249,999 $)",,CENSUS,,,PRODUCTION,9000,,"438,918,371",BU,,NATIONAL,US TOTAL,CROPS,00,ALL PRODUCTION PRACTICES,"SOYBEANS - PRODUCTION, MEASURED IN BU",2018-02-01 00:00:00.000,SOYBEANS,ALL UTILIZATION PRACTICES,,ANNUAL,,2.2,,2017,,ALL CLASSES,00000000,FIELD CROPS,00,US TOTAL,
ECONOMIC CLASS,UNITED STATES,US,99,,YEAR,"ECONOMIC CLASS: (2,500 TO 4,999 $)",,CENSUS,,,PRODUCTION,9000,,"2,401,316",BU,,NATIONAL,US TOTAL,CROPS,00,ALL PRODUCTION PRACTICES,"SOYBEANS - PRODUCTION, MEASURED IN BU",2018-02-01 00:00:00.000,SOYBEANS,ALL UTILIZATION PRACTICES,,ANNUAL,,9.0,,2017,,ALL CLASSES,00000000,FIELD CROPS,00,US TOTAL,
ECONOMIC CLASS,UNITED STATES,US,99,,YEAR,"ECONOMIC CLASS: (25,000 TO 49,999 $)",,CENSUS,,,PRODUCTION,9000,,"65,853,409",BU,,NATIONAL,US TOTAL,CROPS,00,ALL PRODUCTION PRACTICES,"SOYBEANS - PRODUCTION, MEASURED IN BU",2018-02-01 00:00:00.000,SOYBEANS,ALL UTILIZATION PRACTICES,,ANNUAL,,3.3,,2017,,ALL CLASSES,00000000,FIELD CROPS,00,US TOTAL,
ECONOMIC CLASS,UNITED STATES,US,99,,YEAR,"ECONOMIC CLASS: (250,000 TO 499,999 $)",,CENSUS,,,PRODUCTION,9000,,"667,814,257",BU,,NATIONAL,US TOTAL,CROPS,00,ALL PRODUCTION PRACTICES,"SOYBEANS - PRODUCTION, MEASURED IN BU",2018-02-01 00:00:00.000,SOYBEANS,ALL UTILIZATION PRACTICES,,ANNUAL,,3.7,,2017,,ALL CLASSES,00000000,FIELD CROPS,00,US TOTAL,
ECONOMIC CLASS,UNITED STATES,US,99,,YEAR,"ECONOMIC CLASS: (5,000 TO 9,999 $)",,CENSUS,,,PRODUCTION,9000,,"7,633,680",BU,,NATIONAL,US TOTAL,CROPS,00,ALL PRODUCTION PRACTICES,"SOYBEANS - PRODUCTION, MEASURED IN BU",2018-02-01 00:00:00.000,SOYBEANS,ALL UTILIZATION PRACTICES,,ANNUAL,,7.7,,2017,,ALL CLASSES,00000000,FIELD CROPS,00,US TOTAL,
ECONOMIC CLASS,UNITED STATES,US,99,,YEAR,"ECONOMIC CLASS: (50,000 TO 99,999 $)",,CENSUS,,,PRODUCTION,9000,,"147,295,750",BU,,NATIONAL,US TOTAL,CROPS,00,ALL PRODUCTION PRACTICES,"SOYBEANS - PRODUCTION, MEASURED IN BU",2018-02-01 00:00:00.000,SOYBEANS,ALL UTILIZATION PRACTICES,,ANNUAL,,2.4,,2017,,ALL CLASSES,00000000,FIELD CROPS,00,US TOTAL,
ECONOMIC CLASS,UNITED STATES,US,99,,YEAR,"ECONOMIC CLASS: (500,000 TO 999,999 $)",,CENSUS,,,PRODUCTION,9000,,"1,039,216,267",BU,,NATIONAL,US TOTAL,CROPS,00,ALL PRODUCTION PRACTICES,"SOYBEANS - PRODUCTION, MEASURED IN BU",2018-02-01 00:00:00.000,SOYBEANS,ALL UTILIZATION PRACTICES,,ANNUAL,,2.6,,2017,,ALL CLASSES,00000000,FIELD CROPS,00,US TOTAL,
ECONOMIC CLASS,UNITED STATES,US,99,,YEAR,"ECONOMIC CLASS: (LESS THAN 1,000 $)",,CENSUS,,,PRODUCTION,9000,,"395,707",BU,,NATIONAL,US TOTAL,CROPS,00,ALL PRODUCTION PRACTICES,"SOYBEANS - PRODUCTION, MEASURED IN BU",2018-02-01 00:00:00.000,SOYBEANS,ALL UTILIZATION PRACTICES,,ANNUAL,,20.6,,2017,,ALL CLASSES,00000000,FIELD CROPS,00,US TOTAL,
FARM SALES,UNITED STATES,US,99,,YEAR,"FARM SALES: (1,000 TO 2,499 $)",,CENSUS,,,PRODUCTION,9000,,"839,458",BU,,NATIONAL,US TOTAL,CROPS,00,ALL PRODUCTION PRACTICES,"SOYBEANS - PRODUCTION, MEASURED IN BU",2018-02-01 00:00:00.000,SOYBEANS,ALL UTILIZATION PRACTICES,,ANNUAL,,14.1,,2017,,ALL CLASSES,00000000,FIELD CROPS,00,US TOTAL,
FARM SALES,UNITED STATES,US,99,,YEAR,"FARM SALES: (1,000,000 OR MORE $)",,CENSUS,,,PRODUCTION,9000,,"1,883,589,103",BU,,NATIONAL,US TOTAL,CROPS,00,ALL PRODUCTION PRACTICES,"SOYBEANS - PRODUCTION, MEASURED IN BU",2018-02-01 00:00:00.000,SOYBEANS,ALL UTILIZATION PRACTICES,,ANNUAL,,2.5,,2017,,ALL CLASSES,00000000,FIELD CROPS,00,US TOTAL,
FARM SALES,UNITED STATES,US,99,,YEAR,"FARM SALES: (10,000 TO 24,999 $)",,CENSUS,,,PRODUCTION,9000,,"34,436,482",BU,,NATIONAL,US TOTAL,CROPS,00,ALL PRODUCTION PRACTICES,"SOYBEANS - PRODUCTION, MEASURED IN BU",2018-02-01 00:00:00.000,SOYBEANS,ALL UTILIZATION PRACTICES,,ANNUAL,,2.5,,2017,,ALL CLASSES,00000000,FIELD CROPS,00,US TOTAL,
FARM SALES,UNITED STATES,US,99,,YEAR,"FARM SALES: (100,000 TO 249,999 $)",,CENSUS,,,PRODUCTION,9000,,"455,553,284",BU,,NATIONAL,US TOTAL,CROPS,00,ALL PRODUCTION PRACTICES,"SOYBEANS - PRODUCTION, MEASURED IN BU",2018-02-01 00:00:00.000,SOYBEANS,ALL UTILIZATION PRACTICES,,ANNUAL,,2.3,,2017,,ALL CLASSES,00000000,FIELD CROPS,00,US TOTAL,
FARM SALES,UNITED STATES,US,99,,YEAR,"FARM SALES: (2,500 TO 4,999 $)",,CENSUS,,,PRODUCTION,9000,,"2,661,113",BU,,NATIONAL,US TOTAL,CROPS,00,ALL PRODUCTION PRACTICES,"SOYBEANS - PRODUCTION, MEASURED IN BU",2018-02-01 00:00:00.000,SOYBEANS,ALL UTILIZATION PRACTICES,,ANNUAL,,8.0,,2017,,ALL CLASSES,00000000,FIELD CROPS,00,US TOTAL,
FARM SALES,UNITED STATES,US,99,,YEAR,"FARM SALES: (25,000 TO 49,999 $)",,CENSUS,,,PRODUCTION,9000,,"69,895,394",BU,,NATIONAL,US TOTAL,CROPS,00,ALL PRODUCTION PRACTICES,"SOYBEANS - PRODUCTION, MEASURED IN BU",2018-02-01 00:00:00.000,SOYBEANS,ALL UTILIZATION PRACTICES,,ANNUAL,,3.1,,2017,,ALL CLASSES,00000000,FIELD CROPS,00,US TOTAL,
FARM SALES,UNITED STATES,US,99,,YEAR,"FARM SALES: (250,000 TO 499,999 $)",,CENSUS,,,PRODUCTION,9000,,"690,856,637",BU,,NATIONAL,US TOTAL,CROPS,00,ALL PRODUCTION PRACTICES,"SOYBEANS - PRODUCTION, MEASURED IN BU",2018-02-01 00:00:00.000,SOYBEANS,ALL UTILIZATION PRACTICES,,ANNUAL,,3.5,,2017,,ALL CLASSES,00000000,FIELD CROPS,00,US TOTAL,
FARM SALES,UNITED STATES,US,99,,YEAR,"FARM SALES: (5,000 TO 9,999 $)",,CENSUS,,,PRODUCTION,9000,,"8,478,953",BU,,NATIONAL,US TOTAL,CROPS,00,ALL PRODUCTION PRACTICES,"SOYBEANS - PRODUCTION, MEASURED IN BU",2018-02-01 00:00:00.000,SOYBEANS,ALL UTILIZATION PRACTICES,,ANNUAL,,6.3,,2017,,ALL CLASSES,00000000,FIELD CROPS,00,US TOTAL,
FARM SALES,UNITED STATES,US,99,,YEAR,"FARM SALES: (50,000 TO 99,999 $)",,CENSUS,,,PRODUCTION,9000,,"153,272,802",BU,,NATIONAL,US TOTAL,CROPS,00,ALL PRODUCTION PRACTICES,"SOYBEANS - PRODUCTION, MEASURED IN BU",2018-02-01 00:00:00.000,SOYBEANS,ALL UTILIZATION PRACTICES,,ANNUAL,,2.9,,2017,,ALL CLASSES,00000000,FIELD CROPS,00,US TOTAL,
FARM SALES,UNITED STATES,US,99,,YEAR,"FARM SALES: (500,000 TO 999,999 $)",,CENSUS,,,PRODUCTION,9000,,"1,054,622,787",BU,,NATIONAL,US TOTAL,CROPS,00,ALL PRODUCTION PRACTICES,"SOYBEANS - PRODUCTION, MEASURED IN BU",2018-02-01 00:00:00.000,SOYBEANS,ALL UTILIZATION PRACTICES,,ANNUAL,,3.0,,2017,,ALL CLASSES,00000000,FIELD CROPS,00,US TOTAL,
FARM SALES,UNITED STATES,US,99,,YEAR,"FARM SALES: (LESS THAN 1,000 $)",,CENSUS,,,PRODUCTION,9000,,"1,818,173",BU,,NATIONAL,US TOTAL,CROPS,00,ALL PRODUCTION PRACTICES,"SOYBEANS - PRODUCTION, MEASURED IN BU",2018-02-01 00:00:00.000,SOYBEANS,ALL UTILIZATION PRACTICES,,ANNUAL,,11.9,,2017,,ALL CLASSES,00000000,FIELD CROPS,00,US TOTAL,
NAICS CLASSIFICATION,UNITED STATES,US,99,,YEAR,NAICS CLASSIFICATION: (1111),,CENSUS,,,PRODUCTION,9000,,"3,940,546,552",BU,,NATIONAL,US TOTAL,CROPS,00,ALL PRODUCTION PRACTICES,"SOYBEANS - PRODUCTION, MEASURED IN BU",2018-02-01 00:00:00.000,SOYBEANS,ALL UTILIZATION PRACTICES,,ANNUAL,,2.1,,2017,,ALL CLASSES,00000000,FIELD CROPS,00,US TOTAL,
NAICS CLASSIFICATION,UNITED STATES,US,99,,YEAR,NAICS CLASSIFICATION: (1112),,CENSUS,,,PRODUCTION,9000,,"16,467,807",BU,,NATIONAL,US TOTAL,CROPS,00,ALL PRODUCTION PRACTICES,"SOYBEANS - PRODUCTION, MEASURED IN BU",2018-02-01 00:00:00.000,SOYBEANS,ALL UTILIZATION PRACTICES,,ANNUAL,,5.3,,2017,,ALL CLASSES,00000000,FIELD CROPS,00,US TOTAL,
NAICS CLASSIFICATION,UNITED STATES,US,99,,YEAR,NAICS CLASSIFICATION: (1113),,CENSUS,,,PRODUCTION,9000,,"1,379,604",BU,,NATIONAL,US TOTAL,CROPS,00,ALL PRODUCTION PRACTICES,"SOYBEANS - PRODUCTION, MEASURED IN BU",2018-02-01 00:00:00.000,SOYBEANS,ALL UTILIZATION PRACTICES,,ANNUAL,,3.5,,2017,,ALL CLASSES,00000000,FIELD CROPS,00,US TOTAL,
NAICS CLASSIFICATION,UNITED STATES,US,99,,YEAR,NAICS CLASSIFICATION: (1114),,CENSUS,,,PRODUCTION,9000,,"2,686,025",BU,,NATIONAL,US TOTAL,CROPS,00,ALL PRODUCTION PRACTICES,"SOYBEANS - PRODUCTION, MEASURED IN BU",2018-02-01 00:00:00.000,SOYBEANS,ALL UTILIZATION PRACTICES,,ANNUAL,,5.2,,2017,,ALL CLASSES,00000000,FIELD CROPS,00,US TOTAL,
NAICS CLASSIFICATION,UNITED STATES,US,99,,YEAR,NAICS CLASSIFICATION: (1119),,CENSUS,,,PRODUCTION,9000,,"87,641,532",BU,,NATIONAL,US TOTAL,CROPS,00,ALL PRODUCTION PRACTICES,"SOYBEANS - PRODUCTION, MEASURED IN BU",2018-02-01 00:00:00.000,SOYBEANS,ALL UTILIZATION PRACTICES,,ANNUAL,,3.1,,2017,,ALL CLASSES,00000000,FIELD CROPS,00,US TOTAL,
NAICS CLASSIFICATION,UNITED STATES,US,99,,YEAR,NAICS CLASSIFICATION: (11191),,CENSUS,,,PRODUCTION,9000,,"12,139,900",BU,,NATIONAL,US TOTAL,CROPS,00,ALL PRODUCTION PRACTICES,"SOYBEANS - PRODUCTION, MEASURED IN BU",2018-02-01 00:00:00.000,SOYBEANS,ALL UTILIZATION PRACTICES,,ANNUAL,,9.1,,2017,,ALL CLASSES,00000000,FIELD CROPS,00,US TOTAL,
NAICS CLASSIFICATION,UNITED STATES,US,99,,YEAR,NAICS CLASSIFICATION: (11192),,CENSUS,,,PRODUCTION,9000,,"27,332,124",BU,,NATIONAL,US TOTAL,CROPS,00,ALL PRODUCTION PRACTICES,"SOYBEANS - PRODUCTION, MEASURED IN BU",2018-02-01 00:00:00.000,SOYBEANS,ALL UTILIZATION PRACTICES,,ANNUAL,,7.7,,2017,,ALL CLASSES,00000000,FIELD CROPS,00,US TOTAL,
NAICS CLASSIFICATION,UNITED STATES,US,99,,YEAR,NAICS CLASSIFICATION: (11193 & 11194 & 11199),,CENSUS,,,PRODUCTION,9000,,"48,169,508",BU,,NATIONAL,US TOTAL,CROPS,00,ALL PRODUCTION PRACTICES,"SOYBEANS - PRODUCTION, MEASURED IN BU",2018-02-01 00:00:00.000,SOYBEANS,ALL UTILIZATION PRACTICES,,ANNUAL,,2.6,,2017,,ALL CLASSES,00000000,FIELD CROPS,00,US TOTAL,
NAICS CLASSIFICATION,UNITED STATES,US,99,,YEAR,NAICS CLASSIFICATION: (112111),,CENSUS,,,PRODUCTION,9000,,"68,810,702",BU,,NATIONAL,US TOTAL,CROPS,00,ALL PRODUCTION PRACTICES,"SOYBEANS - PRODUCTION, MEASURED IN BU",2018-02-01 00:00:00.000,SOYBEANS,ALL UTILIZATION PRACTICES,,ANNUAL,,7.5,,2017,,ALL CLASSES,00000000,FIELD CROPS,00,US TOTAL,
NAICS CLASSIFICATION,UNITED STATES,US,99,,YEAR,NAICS CLASSIFICATION: (112112),,CENSUS,,,PRODUCTION,9000,,"50,630,994",BU,,NATIONAL,US TOTAL,CROPS,00,ALL PRODUCTION PRACTICES,"SOYBEANS - PRODUCTION, MEASURED IN BU",2018-02-01 00:00:00.000,SOYBEANS,ALL UTILIZATION PRACTICES,,ANNUAL,,5.5,,2017,,ALL CLASSES,00000000,FIELD CROPS,00,US TOTAL,
NAICS CLASSIFICATION,UNITED STATES,US,99,,YEAR,NAICS CLASSIFICATION: (11212),,CENSUS,,,PRODUCTION,9000,,"55,149,045",BU,,NATIONAL,US TOTAL,CROPS,00,ALL PRODUCTION PRACTICES,"SOYBEANS - PRODUCTION, MEASURED IN BU",2018-02-01 00:00:00.000,SOYBEANS,ALL UTILIZATION PRACTICES,,ANNUAL,,5.1,,2017,,ALL CLASSES,00000000,FIELD CROPS,00,US TOTAL,
NAICS CLASSIFICATION,UNITED STATES,US,99,,YEAR,NAICS CLASSIFICATION: (1122),,CENSUS,,,PRODUCTION,9000,,"89,367,736",BU,,NATIONAL,US TOTAL,CROPS,00,ALL PRODUCTION PRACTICES,"SOYBEANS - PRODUCTION, MEASURED IN BU",2018-02-01 00:00:00.000,SOYBEANS,ALL UTILIZATION PRACTICES,,ANNUAL,,2.0,,2017,,ALL CLASSES,00000000,FIELD CROPS,00,US TOTAL,
NAICS CLASSIFICATION,UNITED STATES,US,99,,YEAR,NAICS CLASSIFICATION: (1123),,CENSUS,,,PRODUCTION,9000,,"25,133,440",BU,,NATIONAL,US TOTAL,CROPS,00,ALL PRODUCTION PRACTICES,"SOYBEANS - PRODUCTION, MEASURED IN BU",2018-02-01 00:00:00.000,SOYBEANS,ALL UTILIZATION PRACTICES,,ANNUAL,,2.9,,2017,,ALL CLASSES,00000000,FIELD CROPS,00,US TOTAL,
NAICS CLASSIFICATION,UNITED STATES,US,99,,YEAR,NAICS CLASSIFICATION: (1124),,CENSUS,,,PRODUCTION,9000,,"530,391",BU,,NATIONAL,US TOTAL,CROPS,00,ALL PRODUCTION PRACTICES,"SOYBEANS - PRODUCTION, MEASURED IN BU",2018-02-01 00:00:00.000,SOYBEANS,ALL UTILIZATION PRACTICES,,ANNUAL,,11.1,,2017,,ALL CLASSES,00000000,FIELD CROPS,00,US TOTAL,
NAICS CLASSIFICATION,UNITED STATES,US,99,,YEAR,NAICS CLASSIFICATION: (1125 & 1129),,CENSUS,,,PRODUCTION,9000,,"17,680,358",BU,,NATIONAL,US TOTAL,CROPS,00,ALL PRODUCTION PRACTICES,"SOYBEANS - PRODUCTION, MEASURED IN BU",2018-02-01 00:00:00.000,SOYBEANS,ALL UTILIZATION PRACTICES,,ANNUAL,,2.9,,2017,,ALL CLASSES,00000000,FIELD CROPS,00,US TOTAL,
TOTAL,UNITED STATES,US,99,,YEAR,NOT SPECIFIED,,CENSUS,,,PRODUCTION,9000,,"4,356,024,186",BU,,NATIONAL,US TOTAL,CROPS,00,ALL PRODUCTION PRACTICES,"SOYBEANS - PRODUCTION, MEASURED IN BU",2018-02-01 00:00:00.000,SOYBEANS,ALL UTILIZATION PRACTICES,,ANNUAL,,1.8,,2017,,ALL CLASSES,00000000,FIELD CROPS,00,US TOTAL,
ORGANIC STATUS,UNITED STATES,US,99,,YEAR,ORGANIC STATUS: (NOP USDA CERTIFIED),,CENSUS,,,PRODUCTION,9000,,"5,757,938",BU,,NATIONAL,US TOTAL,CROPS,00,ORGANIC,"SOYBEANS, ORGANIC - PRODUCTION, MEASURED IN BU",2018-02-01 00:00:00.000,SOYBEANS,ALL UTILIZATION PRACTICES,,ANNUAL,,6.5,,2019,,ALL CLASSES,00000000,FIELD CROPS,00,US TOTAL,
ORGANIC STATUS,UNITED STATES,US,99,,YEAR,ORGANIC STATUS: (NOP USDA CERTIFIED),,CENSUS,,,PRODUCTION,9000,,"9,505,846",BU,,NATIONAL,US TOTAL,CROPS,00,ORGANIC,"SOYBEANS, ORGANIC - PRODUCTION, MEASURED IN BU",2022-12-15 12:00:00.000,SOYBEANS,ALL UTILIZATION PRACTICES,,ANNUAL,,3.9,,2021,,ALL CLASSES,00000000,FIELD CROPS,00,US TOTAL,
AREA HARVESTED,UNITED STATES,US,99,,YEAR,"AREA HARVESTED: (1,000 OR MORE ACRES)",,CENSUS,,,PRODUCTION,9000,,"1,723,169,011",BU,,NATIONAL,US TOTAL,CROPS,00,ALL PRODUCTION PRACTICES,"SOYBEANS - PRODUCTION, MEASURED IN BU",2024-07-02 12:00:00.000,SOYBEANS,ALL UTILIZATION PRACTICES,,ANNUAL,,6.9,,2022,,ALL CLASSES,00000000,FIELD CROPS,00,US TOTAL,
AREA HARVESTED,UNITED STATES,US,99,,YEAR,"AREA HARVESTED: (1,000 TO 1,999 ACRES)",,CENSUS,,,PRODUCTION,9000,,"1,001,506,300",BU,,NATIONAL,US TOTAL,CROPS,00,ALL PRODUCTION PRACTICES,"SOYBEANS - PRODUCTION, MEASURED IN BU",2024-07-02 12:00:00.000,SOYBEANS,ALL UTILIZATION PRACTICES,,ANNUAL,,10.5,,2022,,ALL CLASSES,00000000,FIELD CROPS,00,US TOTAL,
AREA HARVESTED,UNITED STATES,US,99,,YEAR,AREA HARVESTED: (1.0 TO 14.9 ACRES),,CENSUS,,,PRODUCTION,9000,,"6,866,684",BU,,NATIONAL,US TOTAL,CROPS,00,ALL PRODUCTION PRACTICES,"SOYBEANS - PRODUCTION, MEASURED IN BU",2024-07-02 12:00:00.000,SOYBEANS,ALL UTILIZATION PRACTICES,,ANNUAL,,6.7,,2022,,ALL CLASSES,00000000,FIELD CROPS,00,US TOTAL,
AREA HARVESTED,UNITED STATES,US,99,,YEAR,AREA HARVESTED: (100 TO 249 ACRES),,CENSUS,,,PRODUCTION,9000,,"495,277,849",BU,,NATIONAL,US TOTAL,CROPS,00,ALL PRODUCTION PRACTICES,"SOYBEANS - PRODUCTION, MEASURED IN BU",2024-07-02 12:00:00.000,SOYBEANS,ALL UTILIZATION PRACTICES,,ANNUAL,,3.8,,2022,,ALL CLASSES,00000000,FIELD CROPS,00,US TOTAL,
AREA HARVESTED,UNITED STATES,US,99,,YEAR,AREA HARVESTED: (15.0 TO 24.9 ACRES),,CENSUS,,,PRODUCTION,9000,,"13,604,287",BU,,NATIONAL,US TOTAL,CROPS,00,ALL PRODUCTION PRACTICES,"SOYBEANS - PRODUCTION, MEASURED IN BU",2024-07-02 12:00:00.000,SOYBEANS,ALL UTILIZATION PRACTICES,,ANNUAL,,9.0,,2022,,ALL CLASSES,00000000,FIELD CROPS,00,US TOTAL,
AREA HARVESTED,UNITED STATES,US,99,,YEAR,"AREA HARVESTED: (2,000 TO 2,999 ACRES)",,CENSUS,,,PRODUCTION,9000,,"373,692,892",BU,,NATIONAL,US TOTAL,CROPS,00,ALL PRODUCTION PRACTICES,"SOYBEANS - PRODUCTION, MEASURED IN BU",2024-07-02 12:00:00.000,SOYBEANS,ALL UTILIZATION PRACTICES,,ANNUAL,,6.1,,2022,,ALL CLASSES,00000000,FIELD CROPS,00,US TOTAL,
AREA HARVESTED,UNITED STATES,US,99,,YEAR,AREA HARVESTED: (25.0 TO 49.9 ACRES),,CENSUS,,,PRODUCTION,9000,,"56,519,696",BU,,NATIONAL,US TOTAL,CROPS,00,ALL PRODUCTION PRACTICES,"SOYBEANS - PRODUCTION, MEASURED IN BU",2024-07-02 12:00:00.000,SOYBEANS,ALL UTILIZATION PRACTICES,,ANNUAL,,5.6,,2022,,ALL CLASSES,00000000,FIELD CROPS,00,US TOTAL,
AREA HARVESTED,UNITED STATES,US,99,,YEAR,AREA HARVESTED: (250 TO 499 ACRES),,CENSUS,,,PRODUCTION,9000,,"696,234,529",BU,,NATIONAL,US TOTAL,CROPS,00,ALL PRODUCTION PRACTICES,"SOYBEANS - PRODUCTION, MEASURED IN BU",2024-07-02 12:00:00.000,SOYBEANS,ALL UTILIZATION PRACTICES,,ANNUAL,,3.8,,2022,,ALL CLASSES,00000000,FIELD CROPS,00,US TOTAL,
AREA HARVESTED,UNITED STATES,US,99,,YEAR,"AREA HARVESTED: (3,000 TO 4,999 ACRES)",,CENSUS,,,PRODUCTION,9000,,"233,630,932",BU,,NATIONAL,US TOTAL,CROPS,00,ALL PRODUCTION PRACTICES,"SOYBEANS - PRODUCTION, MEASURED IN BU",2024-07-02 12:00:00.000,SOYBEANS,ALL UTILIZATION PRACTICES,,ANNUAL,,3.9,,2022,,ALL CLASSES,00000000,FIELD CROPS,00,US TOTAL,
AREA HARVESTED,UNITED STATES,US,99,,YEAR,"AREA HARVESTED: (5,000 OR MORE ACRES)",,CENSUS,,,PRODUCTION,9000,,"114,338,887",BU,,NATIONAL,US TOTAL,CROPS,00,ALL PRODUCTION PRACTICES,"SOYBEANS - PRODUCTION, MEASURED IN BU",2024-07-02 12:00:00.000,SOYBEANS,ALL UTILIZATION PRACTICES,,ANNUAL,,1.4,,2022,,ALL CLASSES,00000000,FIELD CROPS,00,US TOTAL,
AREA HARVESTED,UNITED STATES,US,99,,YEAR,AREA HARVESTED: (50.0 TO 99.9 ACRES),,CENSUS,,,PRODUCTION,9000,,"157,881,868",BU,,NATIONAL,US TOTAL,CROPS,00,ALL PRODUCTION PRACTICES,"SOYBEANS - PRODUCTION, MEASURED IN BU",2024-07-02 12:00:00.000,SOYBEANS,ALL UTILIZATION PRACTICES,,ANNUAL,,5.2,,2022,,ALL CLASSES,00000000,FIELD CROPS,00,US TOTAL,
AREA HARVESTED,UNITED STATES,US,99,,YEAR,AREA HARVESTED: (500 TO 999 ACRES),,CENSUS,,,PRODUCTION,9000,,"926,743,384",BU,,NATIONAL,US TOTAL,CROPS,00,ALL PRODUCTION PRACTICES,"SOYBEANS - PRODUCTION, MEASURED IN BU",2024-07-02 12:00:00.000,SOYBEANS,ALL UTILIZATION PRACTICES,,ANNUAL,,5.1,,2022,,ALL CLASSES,00000000,FIELD CROPS,00,US TOTAL,
AREA OPERATED,UNITED STATES,US,99,,YEAR,"AREA OPERATED: (1,000 TO 1,999 ACRES)",,CENSUS,,,PRODUCTION,9000,,"908,863,416",BU,,NATIONAL,US TOTAL,CROPS,00,ALL PRODUCTION PRACTICES,"SOYBEANS - PRODUCTION, MEASURED IN BU",2024-07-02 12:00:00.000,SOYBEANS,ALL UTILIZATION PRACTICES,,ANNUAL,,4.7,,2022,,ALL CLASSES,00000000,FIELD CROPS,00,US TOTAL,
AREA OPERATED,UNITED STATES,US,99,,YEAR,AREA OPERATED: (1.0 TO 9.9 ACRES),,CENSUS,,,PRODUCTION,9000,,"521,296",BU,,NATIONAL,US TOTAL,CROPS,00,ALL PRODUCTION PRACTICES,"SOYBEANS - PRODUCTION, MEASURED IN BU",2024-07-02 12:00:00.000,SOYBEANS,ALL UTILIZATION PRACTICES,,ANNUAL,,10.8,,2022,,ALL CLASSES,00000000,FIELD CROPS,00,US TOTAL,
AREA OPERATED,UNITED STATES,US,99,,YEAR,AREA OPERATED: (10.0 TO 49.9 ACRES),,CENSUS,,,PRODUCTION,9000,,"16,702,999",BU,,NATIONAL,US TOTAL,CROPS,00,ALL PRODUCTION PRACTICES,"SOYBEANS - PRODUCTION, MEASURED IN BU",2024-07-02 12:00:00.000,SOYBEANS,ALL UTILIZATION PRACTICES,,ANNUAL,,11.1,,2022,,ALL CLASSES,00000000,FIELD CROPS,00,US TOTAL,
AREA OPERATED,UNITED STATES,US,99,,YEAR,AREA OPERATED: (100 TO 139 ACRES),,CENSUS,,,PRODUCTION,9000,,"43,726,487",BU,,NATIONAL,US TOTAL,CROPS,00,ALL PRODUCTION PRACTICES,"SOYBEANS - PRODUCTION, MEASURED IN BU",2024-07-02 12:00:00.000,SOYBEANS,ALL UTILIZATION PRACTICES,,ANNUAL,,8.5,,2022,,ALL CLASSES,00000000,FIELD CROPS,00,US TOTAL,
AREA OPERATED,UNITED STATES,US,99,,YEAR,AREA OPERATED: (140 TO 179 ACRES),,CENSUS,,,PRODUCTION,9000,,"56,757,856",BU,,NATIONAL,US TOTAL,CROPS,00,ALL PRODUCTION PRACTICES,"SOYBEANS - PRODUCTION, MEASURED IN BU",2024-07-02 12:00:00.000,SOYBEANS,ALL UTILIZATION PRACTICES,,ANNUAL,,7.4,,2022,,ALL CLASSES,00000000,FIELD CROPS,00,US TOTAL,
AREA OPERATED,UNITED STATES,US,99,,YEAR,AREA OPERATED: (180 TO 219 ACRES),,CENSUS,,,PRODUCTION,9000,,"50,706,558",BU,,NATIONAL,US TOTAL,CROPS,00,ALL PRODUCTION PRACTICES,"SOYBEANS - PRODUCTION, MEASURED IN BU",2024-07-02 12:00:00.000,SOYBEANS,ALL UTILIZATION PRACTICES,,ANNUAL,,6.0,,2022,,ALL CLASSES,00000000,FIELD CROPS,00,US TOTAL,
AREA OPERATED,UNITED STATES,US,99,,YEAR,"AREA OPERATED: (2,000 OR MORE ACRES)",,CENSUS,,,PRODUCTION,9000,,"1,910,226,214",BU,,NATIONAL,US TOTAL,CROPS,00,ALL PRODUCTION PRACTICES,"SOYBEANS - PRODUCTION, MEASURED IN BU",2024-07-02 12:00:00.000,SOYBEANS,ALL UTILIZATION PRACTICES,,ANNUAL,,6.3,,2022,,ALL CLASSES,00000000,FIELD CROPS,00,US TOTAL,
AREA OPERATED,UNITED STATES,US,99,,YEAR,AREA OPERATED: (220 TO 259 ACRES),,CENSUS,,,PRODUCTION,9000,,"55,356,618",BU,,NATIONAL,US TOTAL,CROPS,00,ALL PRODUCTION PRACTICES,"SOYBEANS - PRODUCTION, MEASURED IN BU",2024-07-02 12:00:00.000,SOYBEANS,ALL UTILIZATION PRACTICES,,ANNUAL,,6.9,,2022,,ALL CLASSES,00000000,FIELD CROPS,00,US TOTAL,
AREA OPERATED,UNITED STATES,US,99,,YEAR,AREA OPERATED: (260 TO 499 ACRES),,CENSUS,,,PRODUCTION,9000,,"337,482,388",BU,,NATIONAL,US TOTAL,CROPS,00,ALL PRODUCTION PRACTICES,"SOYBEANS - PRODUCTION, MEASURED IN BU",2024-07-02 12:00:00.000,SOYBEANS,ALL UTILIZATION PRACTICES,,ANNUAL,,4.0,,2022,,ALL CLASSES,00000000,FIELD CROPS,00,US TOTAL,
AREA OPERATED,UNITED STATES,US,99,,YEAR,AREA OPERATED: (50.0 TO 69.9 ACRES),,CENSUS,,,PRODUCTION,9000,,"13,040,325",BU,,NATIONAL,US TOTAL,CROPS,00,ALL PRODUCTION PRACTICES,"SOYBEANS - PRODUCTION, MEASURED IN BU",2024-07-02 12:00:00.000,SOYBEANS,ALL UTILIZATION PRACTICES,,ANNUAL,,10.4,,2022,,ALL CLASSES,00000000,FIELD CROPS,00,US TOTAL,
AREA OPERATED,UNITED STATES,US,99,,YEAR,AREA OPERATED: (500 TO 999 ACRES),,CENSUS,,,PRODUCTION,9000,,"651,851,537",BU,,NATIONAL,US TOTAL,CROPS,00,ALL PRODUCTION PRACTICES,"SOYBEANS - PRODUCTION, MEASURED IN BU",2024-07-02 12:00:00.000,SOYBEANS,ALL UTILIZATION PRACTICES,,ANNUAL,,6.2,,2022,,ALL CLASSES,00000000,FIELD CROPS,00,US TOTAL,
AREA OPERATED,UNITED STATES,US,99,,YEAR,AREA OPERATED: (70.0 TO 99.9 ACRES),,CENSUS,,,PRODUCTION,9000,,"31,061,614",BU,,NATIONAL,US TOTAL,CROPS,00,ALL PRODUCTION PRACTICES,"SOYBEANS - PRODUCTION, MEASURED IN BU",2024-07-02 12:00:00.000,SOYBEANS,ALL UTILIZATION PRACTICES,,ANNUAL,,11.4,,2022,,ALL CLASSES,00000000,FIELD CROPS,00,US TOTAL,
ECONOMIC CLASS,UNITED STATES,US,99,,YEAR,"ECONOMIC CLASS: (1,000 TO 2,499 $)",,CENSUS,,,PRODUCTION,9000,,"310,432",BU,,NATIONAL,US TOTAL,CROPS,00,ALL PRODUCTION PRACTICES,"SOYBEANS - PRODUCTION, MEASURED IN BU",2024-07-02 12:00:00.000,SOYBEANS,ALL UTILIZATION PRACTICES,,ANNUAL,,29.2,,2022,,ALL CLASSES,00000000,FIELD CROPS,00,US TOTAL,
ECONOMIC CLASS,UNITED STATES,US,99,,YEAR,"ECONOMIC CLASS: (1,000,000 OR MORE $)",,CENSUS,,,PRODUCTION,9000,,"2,545,994,049",BU,,NATIONAL,US TOTAL,CROPS,00,ALL PRODUCTION PRACTICES,"SOYBEANS - PRODUCTION, MEASURED IN BU",2024-07-02 12:00:00.000,SOYBEANS,ALL UTILIZATION PRACTICES,,ANNUAL,,4.8,,2022,,ALL CLASSES,00000000,FIELD CROPS,00,US TOTAL,
ECONOMIC CLASS,UNITED STATES,US,99,,YEAR,"ECONOMIC CLASS: (10,000 TO 24,999 $)",,CENSUS,,,PRODUCTION,9000,,"16,997,824",BU,,NATIONAL,US TOTAL,CROPS,00,ALL PRODUCTION PRACTICES,"SOYBEANS - PRODUCTION, MEASURED IN BU",2024-07-02 12:00:00.000,SOYBEANS,ALL UTILIZATION PRACTICES,,ANNUAL,,13.5,,2022,,ALL CLASSES,00000000,FIELD CROPS,00,US TOTAL,
ECONOMIC CLASS,UNITED STATES,US,99,,YEAR,"ECONOMIC CLASS: (100,000 TO 249,999 $)",,CENSUS,,,PRODUCTION,9000,,"252,817,854",BU,,NATIONAL,US TOTAL,CROPS,00,ALL PRODUCTION PRACTICES,"SOYBEANS - PRODUCTION, MEASURED IN BU",2024-07-02 12:00:00.000,SOYBEANS,ALL UTILIZATION PRACTICES,,ANNUAL,,6.7,,2022,,ALL CLASSES,00000000,FIELD CROPS,00,US TOTAL,
ECONOMIC CLASS,UNITED STATES,US,99,,YEAR,"ECONOMIC CLASS: (2,500 TO 4,999 $)",,CENSUS,,,PRODUCTION,9000,,"1,238,176",BU,,NATIONAL,US TOTAL,CROPS,00,ALL PRODUCTION PRACTICES,"SOYBEANS - PRODUCTION, MEASURED IN BU",2024-07-02 12:00:00.000,SOYBEANS,ALL UTILIZATION PRACTICES,,ANNUAL,,10.3,,2022,,ALL CLASSES,00000000,FIELD CROPS,00,US TOTAL,
ECONOMIC CLASS,UNITED STATES,US,99,,YEAR,"ECONOMIC CLASS: (25,000 TO 49,999 $)",,CENSUS,,,PRODUCTION,9000,,"38,909,271",BU,,NATIONAL,US TOTAL,CROPS,00,ALL PRODUCTION PRACTICES,"SOYBEANS - PRODUCTION, MEASURED IN BU",2024-07-02 12:00:00.000,SOYBEANS,ALL UTILIZATION PRACTICES,,ANNUAL,,18.6,,2022,,ALL CLASSES,00000000,FIELD CROPS,00,US TOTAL,
ECONOMIC CLASS,UNITED STATES,US,99,,YEAR,"ECONOMIC CLASS: (250,000 TO 499,999 $)",,CENSUS,,,PRODUCTION,9000,,"448,657,371",BU,,NATIONAL,US TOTAL,CROPS,00,ALL PRODUCTION PRACTICES,"SOYBEANS - PRODUCTION, MEASURED IN BU",2024-07-02 12:00:00.000,SOYBEANS,ALL UTILIZATION PRACTICES,,ANNUAL,,11.2,,2022,,ALL CLASSES,00000000,FIELD CROPS,00,US TOTAL,
ECONOMIC CLASS,UNITED STATES,US,99,,YEAR,"ECONOMIC CLASS: (5,000 TO 9,999 $)",,CENSUS,,,PRODUCTION,9000,,"4,641,469",BU,,NATIONAL,US TOTAL,CROPS,00,ALL PRODUCTION PRACTICES,"SOYBEANS - PRODUCTION, MEASURED IN BU",2024-07-02 12:00:00.000,SOYBEANS,ALL UTILIZATION PRACTICES,,ANNUAL,,12.6,,2022,,ALL CLASSES,00000000,FIELD CROPS,00,US TOTAL,
ECONOMIC CLASS,UNITED STATES,US,99,,YEAR,"ECONOMIC CLASS: (50,000 TO 99,999 $)",,CENSUS,,,PRODUCTION,9000,,"84,223,659",BU,,NATIONAL,US TOTAL,CROPS,00,ALL PRODUCTION PRACTICES,"SOYBEANS - PRODUCTION, MEASURED IN BU",2024-07-02 12:00:00.000,SOYBEANS,ALL UTILIZATION PRACTICES,,ANNUAL,,9.2,,2022,,ALL CLASSES,00000000,FIELD CROPS,00,US TOTAL,
ECONOMIC CLASS,UNITED STATES,US,99,,YEAR,"ECONOMIC CLASS: (500,000 TO 999,999 $)",,CENSUS,,,PRODUCTION,9000,,"682,322,534",BU,,NATIONAL,US TOTAL,CROPS,00,ALL PRODUCTION PRACTICES,"SOYBEANS - PRODUCTION, MEASURED IN BU",2024-07-02 12:00:00.000,SOYBEANS,ALL UTILIZATION PRACTICES,,ANNUAL,,3.9,,2022,,ALL CLASSES,00000000,FIELD CROPS,00,US TOTAL,
ECONOMIC CLASS,UNITED STATES,US,99,,YEAR,"ECONOMIC CLASS: (LESS THAN 1,000 $)",,CENSUS,,,PRODUCTION,9000,,"184,669",BU,,NATIONAL,US TOTAL,CROPS,00,ALL PRODUCTION PRACTICES,"SOYBEANS - PRODUCTION, MEASURED IN BU",2024-07-02 12:00:00.000,SOYBEANS,ALL UTILIZATION PRACTICES,,ANNUAL,,34.8,,2022,,ALL CLASSES,00000000,FIELD CROPS,00,US TOTAL,
FARM SALES,UNITED STATES,US,99,,YEAR,"FARM SALES: (1,000 TO 2,499 $)",,CENSUS,,,PRODUCTION,9000,,"347,912",BU,,NATIONAL,US TOTAL,CROPS,00,ALL PRODUCTION PRACTICES,"SOYBEANS - PRODUCTION, MEASURED IN BU",2024-07-02 12:00:00.000,SOYBEANS,ALL UTILIZATION PRACTICES,,ANNUAL,,33.9,,2022,,ALL CLASSES,00000000,FIELD CROPS,00,US TOTAL,
FARM SALES,UNITED STATES,US,99,,YEAR,"FARM SALES: (1,000,000 OR MORE $)",,CENSUS,,,PRODUCTION,9000,,"2,518,258,259",BU,,NATIONAL,US TOTAL,CROPS,00,ALL PRODUCTION PRACTICES,"SOYBEANS - PRODUCTION, MEASURED IN BU",2024-07-02 12:00:00.000,SOYBEANS,ALL UTILIZATION PRACTICES,,ANNUAL,,4.8,,2022,,ALL CLASSES,00000000,FIELD CROPS,00,US TOTAL,
FARM SALES,UNITED STATES,US,99,,YEAR,"FARM SALES: (10,000 TO 24,999 $)",,CENSUS,,,PRODUCTION,9000,,"17,951,340",BU,,NATIONAL,US TOTAL,CROPS,00,ALL PRODUCTION PRACTICES,"SOYBEANS - PRODUCTION, MEASURED IN BU",2024-07-02 12:00:00.000,SOYBEANS,ALL UTILIZATION PRACTICES,,ANNUAL,,14.1,,2022,,ALL CLASSES,00000000,FIELD CROPS,00,US TOTAL,
FARM SALES,UNITED STATES,US,99,,YEAR,"FARM SALES: (100,000 TO 249,999 $)",,CENSUS,,,PRODUCTION,9000,,"260,749,603",BU,,NATIONAL,US TOTAL,CROPS,00,ALL PRODUCTION PRACTICES,"SOYBEANS - PRODUCTION, MEASURED IN BU",2024-07-02 12:00:00.000,SOYBEANS,ALL UTILIZATION PRACTICES,,ANNUAL,,6.5,,2022,,ALL CLASSES,00000000,FIELD CROPS,00,US TOTAL,
FARM SALES,UNITED STATES,US,99,,YEAR,"FARM SALES: (2,500 TO 4,999 $)",,CENSUS,,,PRODUCTION,9000,,"1,367,733",BU,,NATIONAL,US TOTAL,CROPS,00,ALL PRODUCTION PRACTICES,"SOYBEANS - PRODUCTION, MEASURED IN BU",2024-07-02 12:00:00.000,SOYBEANS,ALL UTILIZATION PRACTICES,,ANNUAL,,10.2,,2022,,ALL CLASSES,00000000,FIELD CROPS,00,US TOTAL,
FARM SALES,UNITED STATES,US,99,,YEAR,"FARM SALES: (25,000 TO 49,999 $)",,CENSUS,,,PRODUCTION,9000,,"41,032,574",BU,,NATIONAL,US TOTAL,CROPS,00,ALL PRODUCTION PRACTICES,"SOYBEANS - PRODUCTION, MEASURED IN BU",2024-07-02 12:00:00.000,SOYBEANS,ALL UTILIZATION PRACTICES,,ANNUAL,,18.6,,2022,,ALL CLASSES,00000000,FIELD CROPS,00,US TOTAL,
FARM SALES,UNITED STATES,US,99,,YEAR,"FARM SALES: (250,000 TO 499,999 $)",,CENSUS,,,PRODUCTION,9000,,"458,799,701",BU,,NATIONAL,US TOTAL,CROPS,00,ALL PRODUCTION PRACTICES,"SOYBEANS - PRODUCTION, MEASURED IN BU",2024-07-02 12:00:00.000,SOYBEANS,ALL UTILIZATION PRACTICES,,ANNUAL,,10.2,,2022,,ALL CLASSES,00000000,FIELD CROPS,00,US TOTAL,
FARM SALES,UNITED STATES,US,99,,YEAR,"FARM SALES: (5,000 TO 9,999 $)",,CENSUS,,,PRODUCTION,9000,,"4,967,124",BU,,NATIONAL,US TOTAL,CROPS,00,ALL PRODUCTION PRACTICES,"SOYBEANS - PRODUCTION, MEASURED IN BU",2024-07-02 12:00:00.000,SOYBEANS,ALL UTILIZATION PRACTICES,,ANNUAL,,12.6,,2022,,ALL CLASSES,00000000,FIELD CROPS,00,US TOTAL,
FARM SALES,UNITED STATES,US,99,,YEAR,"FARM SALES: (50,000 TO 99,999 $)",,CENSUS,,,PRODUCTION,9000,,"86,175,317",BU,,NATIONAL,US TOTAL,CROPS,00,ALL PRODUCTION PRACTICES,"SOYBEANS - PRODUCTION, MEASURED IN BU",2024-07-02 12:00:00.000,SOYBEANS,ALL UTILIZATION PRACTICES,,ANNUAL,,9.2,,2022,,ALL CLASSES,00000000,FIELD CROPS,00,US TOTAL,
FARM SALES,UNITED STATES,US,99,,YEAR,"FARM SALES: (500,000 TO 999,999 $)",,CENSUS,,,PRODUCTION,9000,,"686,395,644",BU,,NATIONAL,US TOTAL,CROPS,00,ALL PRODUCTION PRACTICES,"SOYBEANS - PRODUCTION, MEASURED IN BU",2024-07-02 12:00:00.000,SOYBEANS,ALL UTILIZATION PRACTICES,,ANNUAL,,4.1,,2022,,ALL CLASSES,00000000,FIELD CROPS,00,US TOTAL,
FARM SALES,UNITED STATES,US,99,,YEAR,"FARM SALES: (LESS THAN 1,000 $)",,CENSUS,,,PRODUCTION,9000,,"252,101",BU,,NATIONAL,US TOTAL,CROPS,00,ALL PRODUCTION PRACTICES,"SOYBEANS - PRODUCTION, MEASURED IN BU",2024-07-02 12:00:00.000,SOYBEANS,ALL UTILIZATION PRACTICES,,ANNUAL,,44.2,,2022,,ALL CLASSES,00000000,FIELD CROPS,00,US TOTAL,
NAICS CLASSIFICATION,UNITED STATES,US,99,,YEAR,NAICS CLASSIFICATION: (1111),,CENSUS,,,PRODUCTION,9000,,"3,770,429,150",BU,,NATIONAL,US TOTAL,CROPS,00,ALL PRODUCTION PRACTICES,"SOYBEANS - PRODUCTION, MEASURED IN BU",2024-07-02 12:00:00.000,SOYBEANS,ALL UTILIZATION PRACTICES,,ANNUAL,,4.6,,2022,,ALL CLASSES,00000000,FIELD CROPS,00,US TOTAL,
NAICS CLASSIFICATION,UNITED STATES,US,99,,YEAR,NAICS CLASSIFICATION: (1112),,CENSUS,,,PRODUCTION,9000,,"14,254,084",BU,,NATIONAL,US TOTAL,CROPS,00,ALL PRODUCTION PRACTICES,"SOYBEANS - PRODUCTION, MEASURED IN BU",2024-07-02 12:00:00.000,SOYBEANS,ALL UTILIZATION PRACTICES,,ANNUAL,,7.6,,2022,,ALL CLASSES,00000000,FIELD CROPS,00,US TOTAL,
NAICS CLASSIFICATION,UNITED STATES,US,99,,YEAR,NAICS CLASSIFICATION: (1113),,CENSUS,,,PRODUCTION,9000,,"1,162,698",BU,,NATIONAL,US TOTAL,CROPS,00,ALL PRODUCTION PRACTICES,"SOYBEANS - PRODUCTION, MEASURED IN BU",2024-07-02 12:00:00.000,SOYBEANS,ALL UTILIZATION PRACTICES,,ANNUAL,,5.0,,2022,,ALL CLASSES,00000000,FIELD CROPS,00,US TOTAL,
NAICS CLASSIFICATION,UNITED STATES,US,99,,YEAR,NAICS CLASSIFICATION: (1114),,CENSUS,,,PRODUCTION,9000,,"1,902,116",BU,,NATIONAL,US TOTAL,CROPS,00,ALL PRODUCTION PRACTICES,"SOYBEANS - PRODUCTION, MEASURED IN BU",2024-07-02 12:00:00.000,SOYBEANS,ALL UTILIZATION PRACTICES,,ANNUAL,,6.9,,2022,,ALL CLASSES,00000000,FIELD CROPS,00,US TOTAL,
NAICS CLASSIFICATION,UNITED STATES,US,99,,YEAR,NAICS CLASSIFICATION: (1119),,CENSUS,,,PRODUCTION,9000,,"64,989,451",BU,,NATIONAL,US TOTAL,CROPS,00,ALL PRODUCTION PRACTICES,"SOYBEANS - PRODUCTION, MEASURED IN BU",2024-07-02 12:00:00.000,SOYBEANS,ALL UTILIZATION PRACTICES,,ANNUAL,,9.6,,2022,,ALL CLASSES,00000000,FIELD CROPS,00,US TOTAL,
NAICS CLASSIFICATION,UNITED STATES,US,99,,YEAR,NAICS CLASSIFICATION: (11191),,CENSUS,,,PRODUCTION,9000,,"5,220,570",BU,,NATIONAL,US TOTAL,CROPS,00,ALL PRODUCTION PRACTICES,"SOYBEANS - PRODUCTION, MEASURED IN BU",2024-07-02 12:00:00.000,SOYBEANS,ALL UTILIZATION PRACTICES,,ANNUAL,,11.9,,2022,,ALL CLASSES,00000000,FIELD CROPS,00,US TOTAL,
NAICS CLASSIFICATION,UNITED STATES,US,99,,YEAR,NAICS CLASSIFICATION: (11192),,CENSUS,,,PRODUCTION,9000,,"21,825,070",BU,,NATIONAL,US TOTAL,CROPS,00,ALL PRODUCTION PRACTICES,"SOYBEANS - PRODUCTION, MEASURED IN BU",2024-07-02 12:00:00.000,SOYBEANS,ALL UTILIZATION PRACTICES,,ANNUAL,,12.7,,2022,,ALL CLASSES,00000000,FIELD CROPS,00,US TOTAL,
NAICS CLASSIFICATION,UNITED STATES,US,99,,YEAR,NAICS CLASSIFICATION: (11193 & 11194 & 11199),,CENSUS,,,PRODUCTION,9000,,"37,943,811",BU,,NATIONAL,US TOTAL,CROPS,00,ALL PRODUCTION PRACTICES,"SOYBEANS - PRODUCTION, MEASURED IN BU",2024-07-02 12:00:00.000,SOYBEANS,ALL UTILIZATION PRACTICES,,ANNUAL,,11.7,,2022,,ALL CLASSES,00000000,FIELD CROPS,00,US TOTAL,
NAICS CLASSIFICATION,UNITED STATES,US,99,,YEAR,NAICS CLASSIFICATION: (112111),,CENSUS,,,PRODUCTION,9000,,"35,076,304",BU,,NATIONAL,US TOTAL,CROPS,00,ALL PRODUCTION PRACTICES,"SOYBEANS - PRODUCTION, MEASURED IN BU",2024-07-02 12:00:00.000,SOYBEANS,ALL UTILIZATION PRACTICES,,ANNUAL,,4.2,,2022,,ALL CLASSES,00000000,FIELD CROPS,00,US TOTAL,
NAICS CLASSIFICATION,UNITED STATES,US,99,,YEAR,NAICS CLASSIFICATION: (112112),,CENSUS,,,PRODUCTION,9000,,"30,568,602",BU,,NATIONAL,US TOTAL,CROPS,00,ALL PRODUCTION PRACTICES,"SOYBEANS - PRODUCTION, MEASURED IN BU",2024-07-02 12:00:00.000,SOYBEANS,ALL UTILIZATION PRACTICES,,ANNUAL,,4.3,,2022,,ALL CLASSES,00000000,FIELD CROPS,00,US TOTAL,
NAICS CLASSIFICATION,UNITED STATES,US,99,,YEAR,NAICS CLASSIFICATION: (11212),,CENSUS,,,PRODUCTION,9000,,"43,891,127",BU,,NATIONAL,US TOTAL,CROPS,00,ALL PRODUCTION PRACTICES,"SOYBEANS - PRODUCTION, MEASURED IN BU",2024-07-02 12:00:00.000,SOYBEANS,ALL UTILIZATION PRACTICES,,ANNUAL,,6.2,,2022,,ALL CLASSES,00000000,FIELD CROPS,00,US TOTAL,
NAICS CLASSIFICATION,UNITED STATES,US,99,,YEAR,NAICS CLASSIFICATION: (1122),,CENSUS,,,PRODUCTION,9000,,"77,411,166",BU,,NATIONAL,US TOTAL,CROPS,00,ALL PRODUCTION PRACTICES,"SOYBEANS - PRODUCTION, MEASURED IN BU",2024-07-02 12:00:00.000,SOYBEANS,ALL UTILIZATION PRACTICES,,ANNUAL,,16.4,,2022,,ALL CLASSES,00000000,FIELD CROPS,00,US TOTAL,
NAICS CLASSIFICATION,UNITED STATES,US,99,,YEAR,NAICS CLASSIFICATION: (1123),,CENSUS,,,PRODUCTION,9000,,"24,649,908",BU,,NATIONAL,US TOTAL,CROPS,00,ALL PRODUCTION PRACTICES,"SOYBEANS - PRODUCTION, MEASURED IN BU",2024-07-02 12:00:00.000,SOYBEANS,ALL UTILIZATION PRACTICES,,ANNUAL,,6.0,,2022,,ALL CLASSES,00000000,FIELD CROPS,00,US TOTAL,
NAICS CLASSIFICATION,UNITED STATES,US,99,,YEAR,NAICS CLASSIFICATION: (1124),,CENSUS,,,PRODUCTION,9000,,"290,768",BU,,NATIONAL,US TOTAL,CROPS,00,ALL PRODUCTION PRACTICES,"SOYBEANS - PRODUCTION, MEASURED IN BU",2024-07-02 12:00:00.000,SOYBEANS,ALL UTILIZATION PRACTICES,,ANNUAL,,12.8,,2022,,ALL CLASSES,00000000,FIELD CROPS,00,US TOTAL,
NAICS CLASSIFICATION,UNITED STATES,US,99,,YEAR,NAICS CLASSIFICATION: (1125 & 1129),,CENSUS,,,PRODUCTION,9000,,"11,671,934",BU,,NATIONAL,US TOTAL,CROPS,00,ALL PRODUCTION PRACTICES,"SOYBEANS - PRODUCTION, MEASURED IN BU",2024-07-02 12:00:00.000,SOYBEANS,ALL UTILIZATION PRACTICES,,ANNUAL,,24.5,,2022,,ALL CLASSES,00000000,FIELD CROPS,00,US TOTAL,
TOTAL,UNITED STATES,US,99,,YEAR,NOT SPECIFIED,,CENSUS,,,PRODUCTION,9000,,"4,076,297,308",BU,,NATIONAL,US TOTAL,CROPS,00,ALL PRODUCTION PRACTICES,"SOYBEANS - PRODUCTION, MEASURED IN BU",2025-08-19 12:00:00.000,SOYBEANS,ALL UTILIZATION PRACTICES,,ANNUAL,,4.4,,2022,,ALL CLASSES,00000000,FIELD CROPS,00,US TOTAL,
