group_desc,watershed_code,begin_code,state_name,county_name,zip_5,year,region_desc,class_desc,CV (%),short_desc,load_time,commodity_desc,asd_desc,util_practice_desc,freq_desc,county_ansi,unit_desc,congr_district_code,agg_level_desc,location_desc,sector_desc,prodn_practice_desc,end_code,source_desc,state_ansi,county_code,country_code,statisticcat_desc,week_ending,Value,reference_period_desc,domaincat_desc,asd_code,domain_desc,country_name,state_alpha,state_fips_code,watershed_desc
FIELD CROPS,00000000,00,US TOTAL,,,1960,,ALL CLASSES,,"CORN, GRAIN - ACRES HARVESTED",2012-01-01 00:00:00.000,CORN,,GRAIN,ANNUAL,,ACRES,,NATIONAL,US TOTAL,CROPS,ALL PRODUCTION PRACTICES,00,SURVEY,,,9000,AREA HARVESTED,,"71,422,000",YEAR,NOT SPECIFIED,,TOTAL,UNITED STATES,US,99,
FIELD CROPS,00000000,00,US TOTAL,,,1960,,ALL CLASSES,,"CORN, SILAGE - ACRES HARVESTED",2012-01-01 00:00:00.000,CORN,,SILAGE,ANNUAL,,ACRES,,NATIONAL,US TOTAL,CROPS,ALL PRODUCTION PRACTICES,00,SURVEY,,,9000,AREA HARVESTED,,"7,176,000",YEAR,NOT SPECIFIED,,TOTAL,UNITED STATES,US,99,
FIELD CROPS,00000000,00,US TOTAL,,,1961,,ALL CLASSES,,"CORN, GRAIN - ACRES HARVESTED",2012-01-01 00:00:00.000,CORN,,GRAIN,ANNUAL,,ACRES,,NATIONAL,US TOTAL,CROPS,ALL PRODUCTION PRACTICES,00,SURVEY,,,9000,AREA HARVESTED,,"57,634,000",YEAR,NOT SPECIFIED,,TOTAL,UNITED STATES,US,99,
FIELD CROPS,00000000,00,US TOTAL,,,1961,,ALL CLASSES,,"CORN, SILAGE - ACRES HARVESTED",2012-01-01 00:00:00.000,CORN,,SILAGE,ANNUAL,,ACRES,,NATIONAL,US TOTAL,CROPS,ALL PRODUCTION PRACTICES,00,SURVEY,,,9000,AREA HARVESTED,,"6,261,000",YEAR,NOT SPECIFIED,,TOTAL,UNITED STATES,US,99,
FIELD CROPS,00000000,00,US TOTAL,,,1962,,ALL CLASSES,,"CORN, GRAIN - ACRES HARVESTED",2012-01-01 00:00:00.000,CORN,,GRAIN,ANNUAL,,ACRES,,NATIONAL,US TOTAL,CROPS,ALL PRODUCTION PRACTICES,00,SURVEY,,,9000,AREA HARVESTED,,"55,726,000",YEAR,NOT SPECIFIED,,TOTAL,UNITED STATES,US,99,
FIELD CROPS,00000000,00,US TOTAL,,,1962,,ALL CLASSES,,"CORN, SILAGE - ACRES HARVESTED",2012-01-01 00:00:00.000,CORN,,SILAGE,ANNUAL,,ACRES,,NATIONAL,US TOTAL,CROPS,ALL PRODUCTION PRACTICES,00,SURVEY,,,9000,AREA HARVESTED,,"7,201,000",YEAR,NOT SPECIFIED,,TOTAL,UNITED STATES,US,99,
FIELD CROPS,00000000,00,US TOTAL,,,1963,,ALL CLASSES,,"CORN, GRAIN - ACRES HARVESTED",2012-01-01 00:00:00.000,CORN,,GRAIN,ANNUAL,,ACRES,,NATIONAL,US TOTAL,CROPS,ALL PRODUCTION PRACTICES,00,SURVEY,,,9000,AREA HARVESTED,,"59,227,000",YEAR,NOT SPECIFIED,,TOTAL,UNITED STATES,US,99,
FIELD CROPS,00000000,00,US TOTAL,,,1963,,ALL CLASSES,,"CORN, SILAGE - ACRES HARVESTED",2012-01-01 00:00:00.000,CORN,,SILAGE,ANNUAL,,ACRES,,NATIONAL,US TOTAL,CROPS,ALL PRODUCTION PRACTICES,00,SURVEY,,,9000,AREA HARVESTED,,"7,692,000",YEAR,NOT SPECIFIED,,TOTAL,UNITED STATES,US,99,
FIELD CROPS,00000000,00,US TOTAL,,,1964,,ALL CLASSES,,"CORN, GRAIN - ACRES HARVESTED",2012-01-01 00:00:00.000,CORN,,GRAIN,ANNUAL,,ACRES,,NATIONAL,US TOTAL,CROPS,ALL PRODUCTION PRACTICES,00,SURVEY,,,9000,AREA HARVESTED,,"55,369,000",YEAR,NOT SPECIFIED,,TOTAL,UNITED STATES,US,99,
FIELD CROPS,00000000,00,US TOTAL,,,1964,,ALL CLASSES,,"CORN, SILAGE - ACRES HARVESTED",2012-01-01 00:00:00.000,CORN,,SILAGE,ANNUAL,,ACRES,,NATIONAL,US TOTAL,CROPS,ALL PRODUCTION PRACTICES,00,SURVEY,,,9000,AREA HARVESTED,,"8,620,000",YEAR,NOT SPECIFIED,,TOTAL,UNITED STATES,US,99,
FIELD CROPS,00000000,00,US TOTAL,,,1965,,ALL CLASSES,,"CORN, GRAIN - ACRES HARVESTED",2012-01-01 00:00:00.000,CORN,,GRAIN,ANNUAL,,ACRES,,NATIONAL,US TOTAL,CROPS,ALL PRODUCTION PRACTICES,00,SURVEY,,,9000,AREA HARVESTED,,"55,392,000",YEAR,NOT SPECIFIED,,TOTAL,UNITED STATES,US,99,
FIELD CROPS,00000000,00,US TOTAL,,,1965,,ALL CLASSES,,"CORN, SILAGE - ACRES HARVESTED",2012-01-01 00:00:00.000,CORN,,SILAGE,ANNUAL,,ACRES,,NATIONAL,US TOTAL,CROPS,ALL PRODUCTION PRACTICES,00,SURVEY,,,9000,AREA HARVESTED,,"8,054,000",YEAR,NOT SPECIFIED,,TOTAL,UNITED STATES,US,99,
FIELD CROPS,00000000,00,US TOTAL,,,1966,,ALL CLASSES,,"CORN, GRAIN - ACRES HARVESTED",2012-01-01 00:00:00.000,CORN,,GRAIN,ANNUAL,,ACRES,,NATIONAL,US TOTAL,CROPS,ALL PRODUCTION PRACTICES,00,SURVEY,,,9000,AREA HARVESTED,,"57,002,000",YEAR,NOT SPECIFIED,,TOTAL,UNITED STATES,US,99,
FIELD CROPS,00000000,00,US TOTAL,,,1966,,ALL CLASSES,,"CORN, SILAGE - ACRES HARVESTED",2012-01-01 00:00:00.000,CORN,,SILAGE,ANNUAL,,ACRES,,NATIONAL,US TOTAL,CROPS,ALL PRODUCTION PRACTICES,00,SURVEY,,,9000,AREA HARVESTED,,"7,934,000",YEAR,NOT SPECIFIED,,TOTAL,UNITED STATES,US,99,
FIELD CROPS,00000000,00,US TOTAL,,,1967,,ALL CLASSES,,"CORN, GRAIN - ACRES HARVESTED",2012-01-01 00:00:00.000,CORN,,GRAIN,ANNUAL,,ACRES,,NATIONAL,US TOTAL,CROPS,ALL PRODUCTION PRACTICES,00,SURVEY,,,9000,AREA HARVESTED,,"60,694,000",YEAR,NOT SPECIFIED,,TOTAL,UNITED STATES,US,99,
FIELD CROPS,00000000,00,US TOTAL,,,1967,,ALL CLASSES,,"CORN, SILAGE - ACRES HARVESTED",2012-01-01 00:00:00.000,CORN,,SILAGE,ANNUAL,,ACRES,,NATIONAL,US TOTAL,CROPS,ALL PRODUCTION PRACTICES,00,SURVEY,,,9000,AREA HARVESTED,,"8,363,000",YEAR,NOT SPECIFIED,,TOTAL,UNITED STATES,US,99,
FIELD CROPS,00000000,00,US TOTAL,,,1968,,ALL CLASSES,,"CORN, GRAIN - ACRES HARVESTED",2012-01-01 00:00:00.000,CORN,,GRAIN,ANNUAL,,ACRES,,NATIONAL,US TOTAL,CROPS,ALL PRODUCTION PRACTICES,00,SURVEY,,,9000,AREA HARVESTED,,"55,980,000",YEAR,NOT SPECIFIED,,TOTAL,UNITED STATES,US,99,
FIELD CROPS,00000000,00,US TOTAL,,,1968,,ALL CLASSES,,"CORN, SILAGE - ACRES HARVESTED",2012-01-01 00:00:00.000,CORN,,SILAGE,ANNUAL,,ACRES,,NATIONAL,US TOTAL,CROPS,ALL PRODUCTION PRACTICES,00,SURVEY,,,9000,AREA HARVESTED,,"7,879,000",YEAR,NOT SPECIFIED,,TOTAL,UNITED STATES,US,99,
FIELD CROPS,00000000,00,US TOTAL,,,1969,,ALL CLASSES,,"CORN, GRAIN - ACRES HARVESTED",2012-01-01 00:00:00.000,CORN,,GRAIN,ANNUAL,,ACRES,,NATIONAL,US TOTAL,CROPS,ALL PRODUCTION PRACTICES,00,SURVEY,,,9000,AREA HARVESTED,,"54,574,000",YEAR,NOT SPECIFIED,,TOTAL,UNITED STATES,US,99,
FIELD CROPS,00000000,00,US TOTAL,,,1969,,ALL CLASSES,,"CORN, SILAGE - ACRES HARVESTED",2012-01-01 00:00:00.000,CORN,,SILAGE,ANNUAL,,ACRES,,NATIONAL,US TOTAL,CROPS,ALL PRODUCTION PRACTICES,00,SURVEY,,,9000,AREA HARVESTED,,"7,892,000",YEAR,NOT SPECIFIED,,TOTAL,UNITED STATES,US,99,
FIELD CROPS,00000000,00,US TOTAL,,,1970,,ALL CLASSES,,"CORN, GRAIN - ACRES HARVESTED",2012-01-01 00:00:00.000,CORN,,GRAIN,ANNUAL,,ACRES,,NATIONAL,US TOTAL,CROPS,ALL PRODUCTION PRACTICES,00,SURVEY,,,9000,AREA HARVESTED,,"57,358,000",YEAR,NOT SPECIFIED,,TOTAL,UNITED STATES,US,99,
FIELD CROPS,00000000,00,US TOTAL,,,1970,,ALL CLASSES,,"CORN, SILAGE - ACRES HARVESTED",2012-01-01 00:00:00.000,CORN,,SILAGE,ANNUAL,,ACRES,,NATIONAL,US TOTAL,CROPS,ALL PRODUCTION PRACTICES,00,SURVEY,,,9000,AREA HARVESTED,,"8,078,000",YEAR,NOT SPECIFIED,,TOTAL,UNITED STATES,US,99,
FIELD CROPS,00000000,00,US TOTAL,,,1971,,ALL CLASSES,,"CORN, GRAIN - ACRES HARVESTED",2012-01-01 00:00:00.000,CORN,,GRAIN,ANNUAL,,ACRES,,NATIONAL,US TOTAL,CROPS,ALL PRODUCTION PRACTICES,00,SURVEY,,,9000,AREA HARVESTED,,"64,123,000",YEAR,NOT SPECIFIED,,TOTAL,UNITED STATES,US,99,
FIELD CROPS,00000000,00,US TOTAL,,,1971,,ALL CLASSES,,"CORN, SILAGE - ACRES HARVESTED",2012-01-01 00:00:00.000,CORN,,SILAGE,ANNUAL,,ACRES,,NATIONAL,US TOTAL,CROPS,ALL PRODUCTION PRACTICES,00,SURVEY,,,9000,AREA HARVESTED,,"8,814,000",YEAR,NOT SPECIFIED,,TOTAL,UNITED STATES,US,99,
FIELD CROPS,00000000,00,US TOTAL,,,1972,,ALL CLASSES,,"CORN, GRAIN - ACRES HARVESTED",2012-01-01 00:00:00.000,CORN,,GRAIN,ANNUAL,,ACRES,,NATIONAL,US TOTAL,CROPS,ALL PRODUCTION PRACTICES,00,SURVEY,,,9000,AREA HARVESTED,,"57,513,000",YEAR,NOT SPECIFIED,,TOTAL,UNITED STATES,US,99,
FIELD CROPS,00000000,00,US TOTAL,,,1972,,ALL CLASSES,,"CORN, SILAGE - ACRES HARVESTED",2012-01-01 00:00:00.000,CORN,,SILAGE,ANNUAL,,ACRES,,NATIONAL,US TOTAL,CROPS,ALL PRODUCTION PRACTICES,00,SURVEY,,,9000,AREA HARVESTED,,"8,351,000",YEAR,NOT SPECIFIED,,TOTAL,UNITED STATES,US,99,
FIELD CROPS,00000000,00,US TOTAL,,,1973,,ALL CLASSES,,"CORN, GRAIN - ACRES HARVESTED",2012-01-01 00:00:00.000,CORN,,GRAIN,ANNUAL,,ACRES,,NATIONAL,US TOTAL,CROPS,ALL PRODUCTION PRACTICES,00,SURVEY,,,9000,AREA HARVESTED,,"62,143,000",YEAR,NOT SPECIFIED,,TOTAL,UNITED STATES,US,99,
FIELD CROPS,00000000,00,US TOTAL,,,1973,,ALL CLASSES,,"CORN, SILAGE - ACRES HARVESTED",2012-01-01 00:00:00.000,CORN,,SILAGE,ANNUAL,,ACRES,,NATIONAL,US TOTAL,CROPS,ALL PRODUCTION PRACTICES,00,SURVEY,,,9000,AREA HARVESTED,,"9,023,000",YEAR,NOT SPECIFIED,,TOTAL,UNITED STATES,US,99,
FIELD CROPS,00000000,00,US TOTAL,,,1974,,ALL CLASSES,,"CORN, GRAIN - ACRES HARVESTED",2012-01-01 00:00:00.000,CORN,,GRAIN,ANNUAL,,ACRES,,NATIONAL,US TOTAL,CROPS,ALL PRODUCTION PRACTICES,00,SURVEY,,,9000,AREA HARVESTED,,"65,405,000",YEAR,NOT SPECIFIED,,TOTAL,UNITED STATES,US,99,
FIELD CROPS,00000000,00,US TOTAL,,,1974,,ALL CLASSES,,"CORN, SILAGE - ACRES HARVESTED",2012-01-01 00:00:00.000,CORN,,SILAGE,ANNUAL,,ACRES,,NATIONAL,US TOTAL,CROPS,ALL PRODUCTION PRACTICES,00,SURVEY,,,9000,AREA HARVESTED,,"10,844,000",YEAR,NOT SPECIFIED,,TOTAL,UNITED STATES,US,99,
FIELD CROPS,00000000,00,US TOTAL,,,1975,,ALL CLASSES,,"CORN, GRAIN - ACRES HARVESTED",2012-01-01 00:00:00.000,CORN,,GRAIN,ANNUAL,,ACRES,,NATIONAL,US TOTAL,CROPS,ALL PRODUCTION PRACTICES,00,SURVEY,,,9000,AREA HARVESTED,,"67,625,000",YEAR,NOT SPECIFIED,,TOTAL,UNITED STATES,US,99,
FIELD CROPS,00000000,00,US TOTAL,,,1975,,ALL CLASSES,,"CORN, SILAGE - ACRES HARVESTED",2012-01-01 00:00:00.000,CORN,,SILAGE,ANNUAL,,ACRES,,NATIONAL,US TOTAL,CROPS,ALL PRODUCTION PRACTICES,00,SURVEY,,,9000,AREA HARVESTED,,"9,848,000",YEAR,NOT SPECIFIED,,TOTAL,UNITED STATES,US,99,
FIELD CROPS,00000000,00,US TOTAL,,,1976,,ALL CLASSES,,"CORN, GRAIN - ACRES HARVESTED",2012-01-01 00:00:00.000,CORN,,GRAIN,ANNUAL,,ACRES,,NATIONAL,US TOTAL,CROPS,ALL PRODUCTION PRACTICES,00,SURVEY,,,9000,AREA HARVESTED,,"71,506,000",YEAR,NOT SPECIFIED,,TOTAL,UNITED STATES,US,99,
FIELD CROPS,00000000,00,US TOTAL,,,1976,,ALL CLASSES,,"CORN, SILAGE - ACRES HARVESTED",2012-01-01 00:00:00.000,CORN,,SILAGE,ANNUAL,,ACRES,,NATIONAL,US TOTAL,CROPS,ALL PRODUCTION PRACTICES,00,SURVEY,,,9000,AREA HARVESTED,,"11,281,000",YEAR,NOT SPECIFIED,,TOTAL,UNITED STATES,US,99,
FIELD CROPS,00000000,00,US TOTAL,,,1977,,ALL CLASSES,,"CORN, GRAIN - ACRES HARVESTED",2012-01-01 00:00:00.000,CORN,,GRAIN,ANNUAL,,ACRES,,NATIONAL,US TOTAL,CROPS,ALL PRODUCTION PRACTICES,00,SURVEY,,,9000,AREA HARVESTED,,"71,614,000",YEAR,NOT SPECIFIED,,TOTAL,UNITED STATES,US,99,
FIELD CROPS,00000000,00,US TOTAL,,,1977,,ALL CLASSES,,"CORN, SILAGE - ACRES HARVESTED",2012-01-01 00:00:00.000,CORN,,SILAGE,ANNUAL,,ACRES,,NATIONAL,US TOTAL,CROPS,ALL PRODUCTION PRACTICES,00,SURVEY,,,9000,AREA HARVESTED,,"9,314,000",YEAR,NOT SPECIFIED,,TOTAL,UNITED STATES,US,99,
FIELD CROPS,00000000,00,US TOTAL,,,1978,,ALL CLASSES,,"CORN, GRAIN - ACRES HARVESTED",2012-01-01 00:00:00.000,CORN,,GRAIN,ANNUAL,,ACRES,,NATIONAL,US TOTAL,CROPS,ALL PRODUCTION PRACTICES,00,SURVEY,,,9000,AREA HARVESTED,,"71,930,000",YEAR,NOT SPECIFIED,,TOTAL,UNITED STATES,US,99,
FIELD CROPS,00000000,00,US TOTAL,,,1978,,ALL CLASSES,,"CORN, SILAGE - ACRES HARVESTED",2012-01-01 00:00:00.000,CORN,,SILAGE,ANNUAL,,ACRES,,NATIONAL,US TOTAL,CROPS,ALL PRODUCTION PRACTICES,00,SURVEY,,,9000,AREA HARVESTED,,"8,624,000",YEAR,NOT SPECIFIED,,TOTAL,UNITED STATES,US,99,
FIELD CROPS,00000000,00,US TOTAL,,,1979,,ALL CLASSES,,"CORN, GRAIN - ACRES HARVESTED",2012-01-01 00:00:00.000,CORN,,GRAIN,ANNUAL,,ACRES,,NATIONAL,US TOTAL,CROPS,ALL PRODUCTION PRACTICES,00,SURVEY,,,9000,AREA HARVESTED,,"72,400,000",YEAR,NOT SPECIFIED,,TOTAL,UNITED STATES,US,99,
FIELD CROPS,00000000,00,US TOTAL,,,1979,,ALL CLASSES,,"CORN, SILAGE - ACRES HARVESTED",2012-01-01 00:00:00.000,CORN,,SILAGE,ANNUAL,,ACRES,,NATIONAL,US TOTAL,CROPS,ALL PRODUCTION PRACTICES,00,SURVEY,,,9000,AREA HARVESTED,,"7,989,000",YEAR,NOT SPECIFIED,,TOTAL,UNITED STATES,US,99,
FIELD CROPS,00000000,00,US TOTAL,,,1980,,ALL CLASSES,,"CORN, GRAIN - ACRES HARVESTED",2012-01-01 00:00:00.000,CORN,,GRAIN,ANNUAL,,ACRES,,NATIONAL,US TOTAL,CROPS,ALL PRODUCTION PRACTICES,00,SURVEY,,,9000,AREA HARVESTED,,"72,961,000",YEAR,NOT SPECIFIED,,TOTAL,UNITED STATES,US,99,
FIELD CROPS,00000000,00,US TOTAL,,,1980,,ALL CLASSES,,"CORN, SILAGE - ACRES HARVESTED",2012-01-01 00:00:00.000,CORN,,SILAGE,ANNUAL,,ACRES,,NATIONAL,US TOTAL,CROPS,ALL PRODUCTION PRACTICES,00,SURVEY,,,9000,AREA HARVESTED,,"9,299,000",YEAR,NOT SPECIFIED,,TOTAL,UNITED STATES,US,99,
FIELD CROPS,00000000,00,US TOTAL,,,1981,,ALL CLASSES,,"CORN, GRAIN - ACRES HARVESTED",2012-01-01 00:00:00.000,CORN,,GRAIN,ANNUAL,,ACRES,,NATIONAL,US TOTAL,CROPS,ALL PRODUCTION PRACTICES,00,SURVEY,,,9000,AREA HARVESTED,,"74,524,000",YEAR,NOT SPECIFIED,,TOTAL,UNITED STATES,US,99,
FIELD CROPS,00000000,00,US TOTAL,,,1981,,ALL CLASSES,,"CORN, SILAGE - ACRES HARVESTED",2012-01-01 00:00:00.000,CORN,,SILAGE,ANNUAL,,ACRES,,NATIONAL,US TOTAL,CROPS,ALL PRODUCTION PRACTICES,00,SURVEY,,,9000,AREA HARVESTED,,"8,307,000",YEAR,NOT SPECIFIED,,TOTAL,UNITED STATES,US,99,
FIELD CROPS,00000000,00,US TOTAL,,,1982,,ALL CLASSES,,"CORN, GRAIN - ACRES HARVESTED",2012-01-01 00:00:00.000,CORN,,GRAIN,ANNUAL,,ACRES,,NATIONAL,US TOTAL,CROPS,ALL PRODUCTION PRACTICES,00,SURVEY,,,9000,AREA HARVESTED,,"72,719,000",YEAR,NOT SPECIFIED,,TOTAL,UNITED STATES,US,99,
FIELD CROPS,00000000,00,US TOTAL,,,1982,,ALL CLASSES,,"CORN, SILAGE - ACRES HARVESTED",2012-01-01 00:00:00.000,CORN,,SILAGE,ANNUAL,,ACRES,,NATIONAL,US TOTAL,CROPS,ALL PRODUCTION PRACTICES,00,SURVEY,,,9000,AREA HARVESTED,,"8,252,000",YEAR,NOT SPECIFIED,,TOTAL,UNITED STATES,US,99,
FIELD CROPS,00000000,00,US TOTAL,,,1983,,ALL CLASSES,,"CORN, GRAIN - ACRES HARVESTED",2012-01-01 00:00:00.000,CORN,,GRAIN,ANNUAL,,ACRES,,NATIONAL,US TOTAL,CROPS,ALL PRODUCTION PRACTICES,00,SURVEY,,,9000,AREA HARVESTED,,"51,479,000",YEAR,NOT SPECIFIED,,TOTAL,UNITED STATES,US,99,
FIELD CROPS,00000000,00,US TOTAL,,,1983,,ALL CLASSES,,"CORN, SILAGE - ACRES HARVESTED",2012-01-01 00:00:00.000,CORN,,SILAGE,ANNUAL,,ACRES,,NATIONAL,US TOTAL,CROPS,ALL PRODUCTION PRACTICES,00,SURVEY,,,9000,AREA HARVESTED,,"7,808,000",YEAR,NOT SPECIFIED,,TOTAL,UNITED STATES,US,99,
FIELD CROPS,00000000,00,US TOTAL,,,1984,,ALL CLASSES,,"CORN, GRAIN - ACRES HARVESTED",2012-01-01 00:00:00.000,CORN,,GRAIN,ANNUAL,,ACRES,,NATIONAL,US TOTAL,CROPS,ALL PRODUCTION PRACTICES,00,SURVEY,,,9000,AREA HARVESTED,,"71,897,000",YEAR,NOT SPECIFIED,,TOTAL,UNITED STATES,US,99,
FIELD CROPS,00000000,00,US TOTAL,,,1984,,ALL CLASSES,,"CORN, SILAGE - ACRES HARVESTED",2012-01-01 00:00:00.000,CORN,,SILAGE,ANNUAL,,ACRES,,NATIONAL,US TOTAL,CROPS,ALL PRODUCTION PRACTICES,00,SURVEY,,,9000,AREA HARVESTED,,"7,535,000",YEAR,NOT SPECIFIED,,TOTAL,UNITED STATES,US,99,
FIELD CROPS,00000000,00,US TOTAL,,,1985,,ALL CLASSES,,"CORN, GRAIN - ACRES HARVESTED",2012-01-01 00:00:00.000,CORN,,GRAIN,ANNUAL,,ACRES,,NATIONAL,US TOTAL,CROPS,ALL PRODUCTION PRACTICES,00,SURVEY,,,9000,AREA HARVESTED,,"75,209,000",YEAR,NOT SPECIFIED,,TOTAL,UNITED STATES,US,99,
FIELD CROPS,00000000,00,US TOTAL,,,1985,,ALL CLASSES,,"CORN, SILAGE - ACRES HARVESTED",2012-01-01 00:00:00.000,CORN,,SILAGE,ANNUAL,,ACRES,,NATIONAL,US TOTAL,CROPS,ALL PRODUCTION PRACTICES,00,SURVEY,,,9000,AREA HARVESTED,,"7,155,000",YEAR,NOT SPECIFIED,,TOTAL,UNITED STATES,US,99,
FIELD CROPS,00000000,00,US TOTAL,,,1986,,ALL CLASSES,,"CORN, GRAIN - ACRES HARVESTED",2012-01-01 00:00:00.000,CORN,,GRAIN,ANNUAL,,ACRES,,NATIONAL,US TOTAL,CROPS,ALL PRODUCTION PRACTICES,00,SURVEY,,,9000,AREA HARVESTED,,"68,907,000",YEAR,NOT SPECIFIED,,TOTAL,UNITED STATES,US,99,
FIELD CROPS,00000000,00,US TOTAL,,,1986,,ALL CLASSES,,"CORN, SILAGE - ACRES HARVESTED",2012-01-01 00:00:00.000,CORN,,SILAGE,ANNUAL,,ACRES,,NATIONAL,US TOTAL,CROPS,ALL PRODUCTION PRACTICES,00,SURVEY,,,9000,AREA HARVESTED,,"6,418,000",YEAR,NOT SPECIFIED,,TOTAL,UNITED STATES,US,99,
FIELD CROPS,00000000,00,US TOTAL,,,1987,,ALL CLASSES,,"CORN, GRAIN - ACRES HARVESTED",2012-01-01 00:00:00.000,CORN,,GRAIN,ANNUAL,,ACRES,,NATIONAL,US TOTAL,CROPS,ALL PRODUCTION PRACTICES,00,SURVEY,,,9000,AREA HARVESTED,,"59,505,000",YEAR,NOT SPECIFIED,,TOTAL,UNITED STATES,US,99,
FIELD CROPS,00000000,00,US TOTAL,,,1987,,ALL CLASSES,,"CORN, SILAGE - ACRES HARVESTED",2012-01-01 00:00:00.000,CORN,,SILAGE,ANNUAL,,ACRES,,NATIONAL,US TOTAL,CROPS,ALL PRODUCTION PRACTICES,00,SURVEY,,,9000,AREA HARVESTED,,"5,994,000",YEAR,NOT SPECIFIED,,TOTAL,UNITED STATES,US,99,
FIELD CROPS,00000000,00,US TOTAL,,,1988,,ALL CLASSES,,"CORN, GRAIN - ACRES HARVESTED",2012-01-01 00:00:00.000,CORN,,GRAIN,ANNUAL,,ACRES,,NATIONAL,US TOTAL,CROPS,ALL PRODUCTION PRACTICES,00,SURVEY,,,9000,AREA HARVESTED,,"58,250,000",YEAR,NOT SPECIFIED,,TOTAL,UNITED STATES,US,99,
FIELD CROPS,00000000,00,US TOTAL,,,1988,,ALL CLASSES,,"CORN, SILAGE - ACRES HARVESTED",2012-01-01 00:00:00.000,CORN,,SILAGE,ANNUAL,,ACRES,,NATIONAL,US TOTAL,CROPS,ALL PRODUCTION PRACTICES,00,SURVEY,,,9000,AREA HARVESTED,,"8,301,000",YEAR,NOT SPECIFIED,,TOTAL,UNITED STATES,US,99,
FIELD CROPS,00000000,00,US TOTAL,,,1989,,ALL CLASSES,,"CORN, GRAIN - ACRES HARVESTED",2012-01-01 00:00:00.000,CORN,,GRAIN,ANNUAL,,ACRES,,NATIONAL,US TOTAL,CROPS,ALL PRODUCTION PRACTICES,00,SURVEY,,,9000,AREA HARVESTED,,"64,783,000",YEAR,NOT SPECIFIED,,TOTAL,UNITED STATES,US,99,
FIELD CROPS,00000000,00,US TOTAL,,,1989,,ALL CLASSES,,"CORN, SILAGE - ACRES HARVESTED",2012-01-01 00:00:00.000,CORN,,SILAGE,ANNUAL,,ACRES,,NATIONAL,US TOTAL,CROPS,ALL PRODUCTION PRACTICES,00,SURVEY,,,9000,AREA HARVESTED,,"6,606,000",YEAR,NOT SPECIFIED,,TOTAL,UNITED STATES,US,99,
FIELD CROPS,00000000,00,US TOTAL,,,1990,,ALL CLASSES,,"CORN, GRAIN - ACRES HARVESTED",2012-01-01 00:00:00.000,CORN,,GRAIN,ANNUAL,,ACRES,,NATIONAL,US TOTAL,CROPS,ALL PRODUCTION PRACTICES,00,SURVEY,,,9000,AREA HARVESTED,,"66,952,000",YEAR,NOT SPECIFIED,,TOTAL,UNITED STATES,US,99,
FIELD CROPS,00000000,00,US TOTAL,,,1990,,ALL CLASSES,,"CORN, SILAGE - ACRES HARVESTED",2012-01-01 00:00:00.000,CORN,,SILAGE,ANNUAL,,ACRES,,NATIONAL,US TOTAL,CROPS,ALL PRODUCTION PRACTICES,00,SURVEY,,,9000,AREA HARVESTED,,"6,123,000",YEAR,NOT SPECIFIED,,TOTAL,UNITED STATES,US,99,
FIELD CROPS,00000000,00,US TOTAL,,,1991,,ALL CLASSES,,"CORN, GRAIN - ACRES HARVESTED",2012-01-01 00:00:00.000,CORN,,GRAIN,ANNUAL,,ACRES,,NATIONAL,US TOTAL,CROPS,ALL PRODUCTION PRACTICES,00,SURVEY,,,9000,AREA HARVESTED,,"68,822,000",YEAR,NOT SPECIFIED,,TOTAL,UNITED STATES,US,99,
FIELD CROPS,00000000,00,US TOTAL,,,1991,,ALL CLASSES,,"CORN, SILAGE - ACRES HARVESTED",2012-01-01 00:00:00.000,CORN,,SILAGE,ANNUAL,,ACRES,,NATIONAL,US TOTAL,CROPS,ALL PRODUCTION PRACTICES,00,SURVEY,,,9000,AREA HARVESTED,,"6,140,000",YEAR,NOT SPECIFIED,,TOTAL,UNITED STATES,US,99,
FIELD CROPS,00000000,00,US TOTAL,,,1992,,ALL CLASSES,,"CORN, GRAIN - ACRES HARVESTED",2012-01-01 00:00:00.000,CORN,,GRAIN,ANNUAL,,ACRES,,NATIONAL,US TOTAL,CROPS,ALL PRODUCTION PRACTICES,00,SURVEY,,,9000,AREA HARVESTED,,"72,077,000",YEAR,NOT SPECIFIED,,TOTAL,UNITED STATES,US,99,
FIELD CROPS,00000000,00,US TOTAL,,,1992,,ALL CLASSES,,"CORN, SILAGE - ACRES HARVESTED",2012-01-01 00:00:00.000,CORN,,SILAGE,ANNUAL,,ACRES,,NATIONAL,US TOTAL,CROPS,ALL PRODUCTION PRACTICES,00,SURVEY,,,9000,AREA HARVESTED,,"6,069,000",YEAR,NOT SPECIFIED,,TOTAL,UNITED STATES,US,99,
FIELD CROPS,00000000,00,US TOTAL,,,1993,,ALL CLASSES,,"CORN, GRAIN - ACRES HARVESTED",2012-01-01 00:00:00.000,CORN,,GRAIN,ANNUAL,,ACRES,,NATIONAL,US TOTAL,CROPS,ALL PRODUCTION PRACTICES,00,SURVEY,,,9000,AREA HARVESTED,,"62,933,000",YEAR,NOT SPECIFIED,,TOTAL,UNITED STATES,US,99,
FIELD CROPS,00000000,00,US TOTAL,,,1993,,ALL CLASSES,,"CORN, SILAGE - ACRES HARVESTED",2012-01-01 00:00:00.000,CORN,,SILAGE,ANNUAL,,ACRES,,NATIONAL,US TOTAL,CROPS,ALL PRODUCTION PRACTICES,00,SURVEY,,,9000,AREA HARVESTED,,"6,823,000",YEAR,NOT SPECIFIED,,TOTAL,UNITED STATES,US,99,
FIELD CROPS,00000000,00,US TOTAL,,,1994,,ALL CLASSES,,"CORN, GRAIN - ACRES HARVESTED",2012-01-01 00:00:00.000,CORN,,GRAIN,ANNUAL,,ACRES,,NATIONAL,US TOTAL,CROPS,ALL PRODUCTION PRACTICES,00,SURVEY,,,9000,AREA HARVESTED,,"72,514,000",YEAR,NOT SPECIFIED,,TOTAL,UNITED STATES,US,99,
FIELD CROPS,00000000,00,US TOTAL,,,1994,,ALL CLASSES,,"CORN, SILAGE - ACRES HARVESTED",2012-01-01 00:00:00.000,CORN,,SILAGE,ANNUAL,,ACRES,,NATIONAL,US TOTAL,CROPS,ALL PRODUCTION PRACTICES,00,SURVEY,,,9000,AREA HARVESTED,,"5,717,000",YEAR,NOT SPECIFIED,,TOTAL,UNITED STATES,US,99,
FIELD CROPS,00000000,00,US TOTAL,,,1995,,ALL CLASSES,,"CORN, GRAIN - ACRES HARVESTED",2012-01-01 00:00:00.000,CORN,,GRAIN,ANNUAL,,ACRES,,NATIONAL,US TOTAL,CROPS,ALL PRODUCTION PRACTICES,00,SURVEY,,,9000,AREA HARVESTED,,"65,210,000",YEAR,NOT SPECIFIED,,TOTAL,UNITED STATES,US,99,
FIELD CROPS,00000000,00,US TOTAL,,,1995,,ALL CLASSES,,"CORN, SILAGE - ACRES HARVESTED",2012-01-01 00:00:00.000,CORN,,SILAGE,ANNUAL,,ACRES,,NATIONAL,US TOTAL,CROPS,ALL PRODUCTION PRACTICES,00,SURVEY,,,9000,AREA HARVESTED,,"5,321,000",YEAR,NOT SPECIFIED,,TOTAL,UNITED STATES,US,99,
FIELD CROPS,00000000,00,US TOTAL,,,1996,,ALL CLASSES,,"CORN, GRAIN - ACRES HARVESTED",2012-01-01 00:00:00.000,CORN,,GRAIN,ANNUAL,,ACRES,,NATIONAL,US TOTAL,CROPS,ALL PRODUCTION PRACTICES,00,SURVEY,,,9000,AREA HARVESTED,,"72,644,000",YEAR,NOT SPECIFIED,,TOTAL,UNITED STATES,US,99,
FIELD CROPS,00000000,00,US TOTAL,,,1996,,ALL CLASSES,,"CORN, SILAGE - ACRES HARVESTED",2012-01-01 00:00:00.000,CORN,,SILAGE,ANNUAL,,ACRES,,NATIONAL,US TOTAL,CROPS,ALL PRODUCTION PRACTICES,00,SURVEY,,,9000,AREA HARVESTED,,"5,607,000",YEAR,NOT SPECIFIED,,TOTAL,UNITED STATES,US,99,
FIELD CROPS,00000000,00,US TOTAL,,,1997,,ALL CLASSES,,"CORN, GRAIN - ACRES HARVESTED",2012-01-01 00:00:00.000,CORN,,GRAIN,ANNUAL,,ACRES,,NATIONAL,US TOTAL,CROPS,ALL PRODUCTION PRACTICES,00,SURVEY,,,9000,AREA HARVESTED,,"72,671,000",YEAR,NOT SPECIFIED,,TOTAL,UNITED STATES,US,99,
FIELD CROPS,00000000,00,US TOTAL,,,1997,,ALL CLASSES,,"CORN, SILAGE - ACRES HARVESTED",2012-01-01 00:00:00.000,CORN,,SILAGE,ANNUAL,,ACRES,,NATIONAL,US TOTAL,CROPS,ALL PRODUCTION PRACTICES,00,SURVEY,,,9000,AREA HARVESTED,,"6,054,000",YEAR,NOT SPECIFIED,,TOTAL,UNITED STATES,US,99,
FIELD CROPS,00000000,00,US TOTAL,,,1998,,ALL CLASSES,,"CORN, GRAIN - ACRES HARVESTED",2012-01-01 00:00:00.000,CORN,,GRAIN,ANNUAL,,ACRES,,NATIONAL,US TOTAL,CROPS,ALL PRODUCTION PRACTICES,00,SURVEY,,,9000,AREA HARVESTED,,"72,589,000",YEAR,NOT SPECIFIED,,TOTAL,UNITED STATES,US,99,
FIELD CROPS,00000000,00,US TOTAL,,,1998,,ALL CLASSES,,"CORN, SILAGE - ACRES HARVESTED",2012-01-01 00:00:00.000,CORN,,SILAGE,ANNUAL,,ACRES,,NATIONAL,US TOTAL,CROPS,ALL PRODUCTION PRACTICES,00,SURVEY,,,9000,AREA HARVESTED,,"5,913,000",YEAR,NOT SPECIFIED,,TOTAL,UNITED STATES,US,99,
FIELD CROPS,00000000,00,US TOTAL,,,1999,,ALL CLASSES,,"CORN, GRAIN - ACRES HARVESTED",2012-01-01 00:00:00.000,CORN,,GRAIN,ANNUAL,,ACRES,,NATIONAL,US TOTAL,CROPS,ALL PRODUCTION PRACTICES,00,SURVEY,,,9000,AREA HARVESTED,,"70,487,000",YEAR,NOT SPECIFIED,,TOTAL,UNITED STATES,US,99,
FIELD CROPS,00000000,00,US TOTAL,,,1999,,ALL CLASSES,,"CORN, SILAGE - ACRES HARVESTED",2012-01-01 00:00:00.000,CORN,,SILAGE,ANNUAL,,ACRES,,NATIONAL,US TOTAL,CROPS,ALL PRODUCTION PRACTICES,00,SURVEY,,,9000,AREA HARVESTED,,"6,037,000",YEAR,NOT SPECIFIED,,TOTAL,UNITED STATES,US,99,
FIELD CROPS,00000000,00,US TOTAL,,,2000,,ALL CLASSES,,"CORN, GRAIN - ACRES HARVESTED",2012-01-01 00:00:00.000,CORN,,GRAIN,ANNUAL,,ACRES,,NATIONAL,US TOTAL,CROPS,ALL PRODUCTION PRACTICES,00,SURVEY,,,9000,AREA HARVESTED,,"72,440,000",YEAR,NOT SPECIFIED,,TOTAL,UNITED STATES,US,99,
FIELD CROPS,00000000,00,US TOTAL,,,2000,,ALL CLASSES,,"CORN, SILAGE - ACRES HARVESTED",2012-01-01 00:00:00.000,CORN,,SILAGE,ANNUAL,,ACRES,,NATIONAL,US TOTAL,CROPS,ALL PRODUCTION PRACTICES,00,SURVEY,,,9000,AREA HARVESTED,,"6,082,000",YEAR,NOT SPECIFIED,,TOTAL,UNITED STATES,US,99,
FIELD CROPS,00000000,00,US TOTAL,,,2001,,ALL CLASSES,,"CORN, GRAIN - ACRES HARVESTED",2012-01-01 00:00:00.000,CORN,,GRAIN,ANNUAL,,ACRES,,NATIONAL,US TOTAL,CROPS,ALL PRODUCTION PRACTICES,00,SURVEY,,,9000,AREA HARVESTED,,"68,768,000",YEAR,NOT SPECIFIED,,TOTAL,UNITED STATES,US,99,
FIELD CROPS,00000000,00,US TOTAL,,,2001,,ALL CLASSES,,"CORN, SILAGE - ACRES HARVESTED",2012-01-01 00:00:00.000,CORN,,SILAGE,ANNUAL,,ACRES,,NATIONAL,US TOTAL,CROPS,ALL PRODUCTION PRACTICES,00,SURVEY,,,9000,AREA HARVESTED,,"6,142,000",YEAR,NOT SPECIFIED,,TOTAL,UNITED STATES,US,99,
FIELD CROPS,00000000,00,US TOTAL,,,2002,,ALL CLASSES,,"CORN, GRAIN - ACRES HARVESTED",2012-01-01 00:00:00.000,CORN,,GRAIN,ANNUAL,,ACRES,,NATIONAL,US TOTAL,CROPS,ALL PRODUCTION PRACTICES,00,SURVEY,,,9000,AREA HARVESTED,,"69,330,000",YEAR,NOT SPECIFIED,,TOTAL,UNITED STATES,US,99,
FIELD CROPS,00000000,00,US TOTAL,,,2002,,ALL CLASSES,,"CORN, SILAGE - ACRES HARVESTED",2012-01-01 00:00:00.000,CORN,,SILAGE,ANNUAL,,ACRES,,NATIONAL,US TOTAL,CROPS,ALL PRODUCTION PRACTICES,00,SURVEY,,,9000,AREA HARVESTED,,"7,122,000",YEAR,NOT SPECIFIED,,TOTAL,UNITED STATES,US,99,
FIELD CROPS,00000000,00,US TOTAL,,,2003,,ALL CLASSES,,"CORN, GRAIN - ACRES HARVESTED",2012-01-01 00:00:00.000,CORN,,GRAIN,ANNUAL,,ACRES,,NATIONAL,US TOTAL,CROPS,ALL PRODUCTION PRACTICES,00,SURVEY,,,9000,AREA HARVESTED,,"70,944,000",YEAR,NOT SPECIFIED,,TOTAL,UNITED STATES,US,99,
FIELD CROPS,00000000,00,US TOTAL,,,2003,,ALL CLASSES,,"CORN, SILAGE - ACRES HARVESTED",2012-01-01 00:00:00.000,CORN,,SILAGE,ANNUAL,,ACRES,,NATIONAL,US TOTAL,CROPS,ALL PRODUCTION PRACTICES,00,SURVEY,,,9000,AREA HARVESTED,,"6,583,000",YEAR,NOT SPECIFIED,,TOTAL,UNITED STATES,US,99,
FIELD CROPS,00000000,00,US TOTAL,,,2004,,ALL CLASSES,,"CORN, GRAIN - ACRES HARVESTED",2012-01-01 00:00:00.000,CORN,,GRAIN,ANNUAL,,ACRES,,NATIONAL,US TOTAL,CROPS,ALL PRODUCTION PRACTICES,00,SURVEY,,,9000,AREA HARVESTED,,"73,631,000",YEAR,NOT SPECIFIED,,TOTAL,UNITED STATES,US,99,
FIELD CROPS,00000000,00,US TOTAL,,,2004,,ALL CLASSES,,"CORN, SILAGE - ACRES HARVESTED",2012-01-01 00:00:00.000,CORN,,SILAGE,ANNUAL,,ACRES,,NATIONAL,US TOTAL,CROPS,ALL PRODUCTION PRACTICES,00,SURVEY,,,9000,AREA HARVESTED,,"6,101,000",YEAR,NOT SPECIFIED,,TOTAL,UNITED STATES,US,99,
FIELD CROPS,00000000,00,US TOTAL,,,2005,,ALL CLASSES,,"CORN, GRAIN - ACRES HARVESTED",2012-01-01 00:00:00.000,CORN,,GRAIN,ANNUAL,,ACRES,,NATIONAL,US TOTAL,CROPS,ALL PRODUCTION PRACTICES,00,SURVEY,,,9000,AREA HARVESTED,,"75,117,000",YEAR,NOT SPECIFIED,,TOTAL,UNITED STATES,US,99,
FIELD CROPS,00000000,00,US TOTAL,,,2005,,ALL CLASSES,,"CORN, SILAGE - ACRES HARVESTED",2012-01-01 00:00:00.000,CORN,,SILAGE,ANNUAL,,ACRES,,NATIONAL,US TOTAL,CROPS,ALL PRODUCTION PRACTICES,00,SURVEY,,,9000,AREA HARVESTED,,"5,930,000",YEAR,NOT SPECIFIED,,TOTAL,UNITED STATES,US,99,
FIELD CROPS,00000000,00,US TOTAL,,,2006,,ALL CLASSES,,"CORN, GRAIN - ACRES HARVESTED",2012-01-01 00:00:00.000,CORN,,GRAIN,ANNUAL,,ACRES,,NATIONAL,US TOTAL,CROPS,ALL PRODUCTION PRACTICES,00,SURVEY,,,9000,AREA HARVESTED,,"70,638,000",YEAR,NOT SPECIFIED,,TOTAL,UNITED STATES,US,99,
FIELD CROPS,00000000,00,US TOTAL,,,2006,,ALL CLASSES,,"CORN, SILAGE - ACRES HARVESTED",2012-01-01 00:00:00.000,CORN,,SILAGE,ANNUAL,,ACRES,,NATIONAL,US TOTAL,CROPS,ALL PRODUCTION PRACTICES,00,SURVEY,,,9000,AREA HARVESTED,,"6,487,000",YEAR,NOT SPECIFIED,,TOTAL,UNITED STATES,US,99,
FIELD CROPS,00000000,00,US TOTAL,,,2007,,ALL CLASSES,,"CORN, GRAIN - ACRES HARVESTED",2012-01-01 00:00:00.000,CORN,,GRAIN,ANNUAL,,ACRES,,NATIONAL,US TOTAL,CROPS,ALL PRODUCTION PRACTICES,00,SURVEY,,,9000,AREA HARVESTED,,"86,520,000",YEAR,NOT SPECIFIED,,TOTAL,UNITED STATES,US,99,
FIELD CROPS,00000000,00,US TOTAL,,,2007,,ALL CLASSES,,"CORN, SILAGE - ACRES HARVESTED",2012-01-01 00:00:00.000,CORN,,SILAGE,ANNUAL,,ACRES,,NATIONAL,US TOTAL,CROPS,ALL PRODUCTION PRACTICES,00,SURVEY,,,9000,AREA HARVESTED,,"6,060,000",YEAR,NOT SPECIFIED,,TOTAL,UNITED STATES,US,99,
FIELD CROPS,00000000,00,US TOTAL,,,2008,,ALL CLASSES,,"CORN, GRAIN - ACRES HARVESTED",2014-11-03 16:18:55.000,CORN,,GRAIN,ANNUAL,,ACRES,,NATIONAL,US TOTAL,CROPS,ALL PRODUCTION PRACTICES,00,SURVEY,,,9000,AREA HARVESTED,,"78,570,000",YEAR,NOT SPECIFIED,,TOTAL,UNITED STATES,US,99,
FIELD CROPS,00000000,00,US TOTAL,,,2008,,ALL CLASSES,,"CORN, SILAGE - ACRES HARVESTED",2014-11-03 16:18:55.000,CORN,,SILAGE,ANNUAL,,ACRES,,NATIONAL,US TOTAL,CROPS,ALL PRODUCTION PRACTICES,00,SURVEY,,,9000,AREA HARVESTED,,"5,971,000",YEAR,NOT SPECIFIED,,TOTAL,UNITED STATES,US,99,
FIELD CROPS,00000000,00,US TOTAL,,,2009,,ALL CLASSES,,"CORN, GRAIN - ACRES HARVESTED",2014-11-03 16:18:55.000,CORN,,GRAIN,ANNUAL,,ACRES,,NATIONAL,US TOTAL,CROPS,ALL PRODUCTION PRACTICES,00,SURVEY,,,9000,AREA HARVESTED,,"79,490,000",YEAR,NOT SPECIFIED,,TOTAL,UNITED STATES,US,99,
FIELD CROPS,00000000,00,US TOTAL,,,2009,,ALL CLASSES,,"CORN, SILAGE - ACRES HARVESTED",2014-11-03 16:18:55.000,CORN,,SILAGE,ANNUAL,,ACRES,,NATIONAL,US TOTAL,CROPS,ALL PRODUCTION PRACTICES,00,SURVEY,,,9000,AREA HARVESTED,,"5,605,000",YEAR,NOT SPECIFIED,,TOTAL,UNITED STATES,US,99,
FIELD CROPS,00000000,00,US TOTAL,,,2010,,ALL CLASSES,,"CORN, GRAIN - ACRES HARVESTED",2014-11-03 16:18:55.000,CORN,,GRAIN,ANNUAL,,ACRES,,NATIONAL,US TOTAL,CROPS,ALL PRODUCTION PRACTICES,00,SURVEY,,,9000,AREA HARVESTED,,"81,446,000",YEAR,NOT SPECIFIED,,TOTAL,UNITED STATES,US,99,
FIELD CROPS,00000000,00,US TOTAL,,,2010,,ALL CLASSES,,"CORN, SILAGE - ACRES HARVESTED",2014-11-03 16:18:55.000,CORN,,SILAGE,ANNUAL,,ACRES,,NATIONAL,US TOTAL,CROPS,ALL PRODUCTION PRACTICES,00,SURVEY,,,9000,AREA HARVESTED,,"5,567,000",YEAR,NOT SPECIFIED,,TOTAL,UNITED STATES,US,99,
FIELD CROPS,00000000,00,US TOTAL,,,2011,,ALL CLASSES,,"CORN, GRAIN - ACRES HARVESTED",2014-11-03 16:18:55.000,CORN,,GRAIN,ANNUAL,,ACRES,,NATIONAL,US TOTAL,CROPS,ALL PRODUCTION PRACTICES,00,SURVEY,,,9000,AREA HARVESTED,,"83,879,000",YEAR,NOT SPECIFIED,,TOTAL,UNITED STATES,US,99,
FIELD CROPS,00000000,00,US TOTAL,,,2011,,ALL CLASSES,,"CORN, SILAGE - ACRES HARVESTED",2014-11-03 16:18:55.000,CORN,,SILAGE,ANNUAL,,ACRES,,NATIONAL,US TOTAL,CROPS,ALL PRODUCTION PRACTICES,00,SURVEY,,,9000,AREA HARVESTED,,"5,935,000",YEAR,NOT SPECIFIED,,TOTAL,UNITED STATES,US,99,
FIELD CROPS,00000000,00,US TOTAL,,,2012,,ALL CLASSES,,"CORN, GRAIN - ACRES HARVESTED",2014-11-03 16:18:55.000,CORN,,GRAIN,ANNUAL,,ACRES,,NATIONAL,US TOTAL,CROPS,ALL PRODUCTION PRACTICES,00,SURVEY,,,9000,AREA HARVESTED,,"87,365,000",YEAR,NOT SPECIFIED,,TOTAL,UNITED STATES,US,99,
FIELD CROPS,00000000,00,US TOTAL,,,2012,,ALL CLASSES,,"CORN, GRAIN - ACRES HARVESTED",2012-08-10 12:59:15.000,CORN,,GRAIN,ANNUAL,,ACRES,,NATIONAL,US TOTAL,CROPS,ALL PRODUCTION PRACTICES,00,SURVEY,,,9000,AREA HARVESTED,,"87,361,000",YEAR - AUG FORECAST,NOT SPECIFIED,,TOTAL,UNITED STATES,US,99,
FIELD CROPS,00000000,00,US TOTAL,,,2012,,ALL CLASSES,,"CORN, GRAIN - ACRES HARVESTED",2012-06-29 08:37:20.000,CORN,,GRAIN,ANNUAL,,ACRES,,NATIONAL,US TOTAL,CROPS,ALL PRODUCTION PRACTICES,00,SURVEY,,,9000,AREA HARVESTED,,"88,851,000",YEAR - JUN ACREAGE,NOT SPECIFIED,,TOTAL,UNITED STATES,US,99,
FIELD CROPS,00000000,00,US TOTAL,,,2012,,ALL CLASSES,,"CORN, GRAIN - ACRES HARVESTED",2012-11-09 10:26:00.000,CORN,,GRAIN,ANNUAL,,ACRES,,NATIONAL,US TOTAL,CROPS,ALL PRODUCTION PRACTICES,00,SURVEY,,,9000,AREA HARVESTED,,"87,721,000",YEAR - NOV FORECAST,NOT SPECIFIED,,TOTAL,UNITED STATES,US,99,
FIELD CROPS,00000000,00,US TOTAL,,,2012,,ALL CLASSES,,"CORN, GRAIN - ACRES HARVESTED",2012-10-11 11:19:07.000,CORN,,GRAIN,ANNUAL,,ACRES,,NATIONAL,US TOTAL,CROPS,ALL PRODUCTION PRACTICES,00,SURVEY,,,9000,AREA HARVESTED,,"87,721,000",YEAR - OCT FORECAST,NOT SPECIFIED,,TOTAL,UNITED STATES,US,99,
FIELD CROPS,00000000,00,US TOTAL,,,2012,,ALL CLASSES,,"CORN, GRAIN - ACRES HARVESTED",2012-09-12 11:03:54.000,CORN,,GRAIN,ANNUAL,,ACRES,,NATIONAL,US TOTAL,CROPS,ALL PRODUCTION PRACTICES,00,SURVEY,,,9000,AREA HARVESTED,,"87,361,000",YEAR - SEP FORECAST,NOT SPECIFIED,,TOTAL,UNITED STATES,US,99,
FIELD CROPS,00000000,00,US TOTAL,,,2012,,ALL CLASSES,,"CORN, SILAGE - ACRES HARVESTED",2014-11-03 16:18:55.000,CORN,,SILAGE,ANNUAL,,ACRES,,NATIONAL,US TOTAL,CROPS,ALL PRODUCTION PRACTICES,00,SURVEY,,,9000,AREA HARVESTED,,"7,419,000",YEAR,NOT SPECIFIED,,TOTAL,UNITED STATES,US,99,
FIELD CROPS,00000000,00,US TOTAL,,,2013,,ALL CLASSES,,"CORN, GRAIN - ACRES HARVESTED",2019-02-06 15:00:06.000,CORN,,GRAIN,ANNUAL,,ACRES,,NATIONAL,US TOTAL,CROPS,ALL PRODUCTION PRACTICES,00,SURVEY,,,9000,AREA HARVESTED,,"87,461,000",YEAR,NOT SPECIFIED,,TOTAL,UNITED STATES,US,99,
FIELD CROPS,00000000,00,US TOTAL,,,2013,,ALL CLASSES,,"CORN, GRAIN - ACRES HARVESTED",2013-08-12 12:25:57.000,CORN,,GRAIN,ANNUAL,,ACRES,,NATIONAL,US TOTAL,CROPS,ALL PRODUCTION PRACTICES,00,SURVEY,,,9000,AREA HARVESTED,,"89,135,000",YEAR - AUG FORECAST,NOT SPECIFIED,,TOTAL,UNITED STATES,US,99,
FIELD CROPS,00000000,00,US TOTAL,,,2013,,ALL CLASSES,,"CORN, GRAIN - ACRES HARVESTED",2013-11-08 14:14:29.000,CORN,,GRAIN,ANNUAL,,ACRES,,NATIONAL,US TOTAL,CROPS,ALL PRODUCTION PRACTICES,00,SURVEY,,,9000,AREA HARVESTED,,"87,232,000",YEAR - NOV FORECAST,NOT SPECIFIED,,TOTAL,UNITED STATES,US,99,
FIELD CROPS,00000000,00,US TOTAL,,,2013,,ALL CLASSES,,"CORN, GRAIN - ACRES HARVESTED",2013-09-12 12:27:34.000,CORN,,GRAIN,ANNUAL,,ACRES,,NATIONAL,US TOTAL,CROPS,ALL PRODUCTION PRACTICES,00,SURVEY,,,9000,AREA HARVESTED,,"89,135,000",YEAR - SEP FORECAST,NOT SPECIFIED,,TOTAL,UNITED STATES,US,99,
FIELD CROPS,00000000,00,US TOTAL,,,2013,,ALL CLASSES,,"CORN, SILAGE - ACRES HARVESTED",2019-02-06 15:00:06.000,CORN,,SILAGE,ANNUAL,,ACRES,,NATIONAL,US TOTAL,CROPS,ALL PRODUCTION PRACTICES,00,SURVEY,,,9000,AREA HARVESTED,,"6,271,000",YEAR,NOT SPECIFIED,,TOTAL,UNITED STATES,US,99,
FIELD CROPS,00000000,00,US TOTAL,,,2014,,ALL CLASSES,,"CORN, GRAIN - ACRES HARVESTED",2019-02-06 15:00:06.000,CORN,,GRAIN,ANNUAL,,ACRES,,NATIONAL,US TOTAL,CROPS,ALL PRODUCTION PRACTICES,00,SURVEY,,,9000,AREA HARVESTED,,"83,146,000",YEAR,NOT SPECIFIED,,TOTAL,UNITED STATES,US,99,
FIELD CROPS,00000000,00,US TOTAL,,,2014,,ALL CLASSES,,"CORN, GRAIN - ACRES HARVESTED",2014-08-12 12:00:16.000,CORN,,GRAIN,ANNUAL,,ACRES,,NATIONAL,US TOTAL,CROPS,ALL PRODUCTION PRACTICES,00,SURVEY,,,9000,AREA HARVESTED,,"83,839,000",YEAR - AUG FORECAST,NOT SPECIFIED,,TOTAL,UNITED STATES,US,99,
FIELD CROPS,00000000,00,US TOTAL,,,2014,,ALL CLASSES,,"CORN, GRAIN - ACRES HARVESTED",2014-06-30 12:24:30.000,CORN,,GRAIN,ANNUAL,,ACRES,,NATIONAL,US TOTAL,CROPS,ALL PRODUCTION PRACTICES,00,SURVEY,,,9000,AREA HARVESTED,,"83,839,000",YEAR - JUN ACREAGE,NOT SPECIFIED,,TOTAL,UNITED STATES,US,99,
FIELD CROPS,00000000,00,US TOTAL,,,2014,,ALL CLASSES,,"CORN, GRAIN - ACRES HARVESTED",2014-11-10 12:04:43.000,CORN,,GRAIN,ANNUAL,,ACRES,,NATIONAL,US TOTAL,CROPS,ALL PRODUCTION PRACTICES,00,SURVEY,,,9000,AREA HARVESTED,,"83,097,000",YEAR - NOV FORECAST,NOT SPECIFIED,,TOTAL,UNITED STATES,US,99,
FIELD CROPS,00000000,00,US TOTAL,,,2014,,ALL CLASSES,,"CORN, GRAIN - ACRES HARVESTED",2014-10-10 12:10:23.000,CORN,,GRAIN,ANNUAL,,ACRES,,NATIONAL,US TOTAL,CROPS,ALL PRODUCTION PRACTICES,00,SURVEY,,,9000,AREA HARVESTED,,"83,097,000",YEAR - OCT FORECAST,NOT SPECIFIED,,TOTAL,UNITED STATES,US,99,
FIELD CROPS,00000000,00,US TOTAL,,,2014,,ALL CLASSES,,"CORN, GRAIN - ACRES HARVESTED",2014-09-11 12:00:26.000,CORN,,GRAIN,ANNUAL,,ACRES,,NATIONAL,US TOTAL,CROPS,ALL PRODUCTION PRACTICES,00,SURVEY,,,9000,AREA HARVESTED,,"83,839,000",YEAR - SEP FORECAST,NOT SPECIFIED,,TOTAL,UNITED STATES,US,99,
FIELD CROPS,00000000,00,US TOTAL,,,2014,,ALL CLASSES,,"CORN, SILAGE - ACRES HARVESTED",2019-02-06 15:00:06.000,CORN,,SILAGE,ANNUAL,,ACRES,,NATIONAL,US TOTAL,CROPS,ALL PRODUCTION PRACTICES,00,SURVEY,,,9000,AREA HARVESTED,,"6,361,000",YEAR,NOT SPECIFIED,,TOTAL,UNITED STATES,US,99,
FIELD CROPS,00000000,00,US TOTAL,,,2015,,ALL CLASSES,,"CORN, GRAIN - ACRES HARVESTED",2019-02-06 15:00:06.000,CORN,,GRAIN,ANNUAL,,ACRES,,NATIONAL,US TOTAL,CROPS,ALL PRODUCTION PRACTICES,00,SURVEY,,,9000,AREA HARVESTED,,"80,753,000",YEAR,NOT SPECIFIED,,TOTAL,UNITED STATES,US,99,
FIELD CROPS,00000000,00,US TOTAL,,,2015,,ALL CLASSES,,"CORN, GRAIN - ACRES HARVESTED",2015-08-12 12:00:00.000,CORN,,GRAIN,ANNUAL,,ACRES,,NATIONAL,US TOTAL,CROPS,ALL PRODUCTION PRACTICES,00,SURVEY,,,9000,AREA HARVESTED,,"81,101,000",YEAR - AUG FORECAST,NOT SPECIFIED,,TOTAL,UNITED STATES,US,99,
FIELD CROPS,00000000,00,US TOTAL,,,2015,,ALL CLASSES,,"CORN, GRAIN - ACRES HARVESTED",2015-06-30 12:00:00.000,CORN,,GRAIN,ANNUAL,,ACRES,,NATIONAL,US TOTAL,CROPS,ALL PRODUCTION PRACTICES,00,SURVEY,,,9000,AREA HARVESTED,,"81,101,000",YEAR - JUN ACREAGE,NOT SPECIFIED,,TOTAL,UNITED STATES,US,99,
FIELD CROPS,00000000,00,US TOTAL,,,2015,,ALL CLASSES,,"CORN, GRAIN - ACRES HARVESTED",2015-11-10 12:00:00.000,CORN,,GRAIN,ANNUAL,,ACRES,,NATIONAL,US TOTAL,CROPS,ALL PRODUCTION PRACTICES,00,SURVEY,,,9000,AREA HARVESTED,,"80,664,000",YEAR - NOV FORECAST,NOT SPECIFIED,,TOTAL,UNITED STATES,US,99,
FIELD CROPS,00000000,00,US TOTAL,,,2015,,ALL CLASSES,,"CORN, GRAIN - ACRES HARVESTED",2015-10-09 12:00:00.000,CORN,,GRAIN,ANNUAL,,ACRES,,NATIONAL,US TOTAL,CROPS,ALL PRODUCTION PRACTICES,00,SURVEY,,,9000,AREA HARVESTED,,"80,664,000",YEAR - OCT FORECAST,NOT SPECIFIED,,TOTAL,UNITED STATES,US,99,
FIELD CROPS,00000000,00,US TOTAL,,,2015,,ALL CLASSES,,"CORN, GRAIN - ACRES HARVESTED",2015-09-11 12:00:00.000,CORN,,GRAIN,ANNUAL,,ACRES,,NATIONAL,US TOTAL,CROPS,ALL PRODUCTION PRACTICES,00,SURVEY,,,9000,AREA HARVESTED,,"81,101,000",YEAR - SEP FORECAST,NOT SPECIFIED,,TOTAL,UNITED STATES,US,99,
FIELD CROPS,00000000,00,US TOTAL,,,2015,,ALL CLASSES,,"CORN, SILAGE - ACRES HARVESTED",2019-02-06 15:00:06.000,CORN,,SILAGE,ANNUAL,,ACRES,,NATIONAL,US TOTAL,CROPS,ALL PRODUCTION PRACTICES,00,SURVEY,,,9000,AREA HARVESTED,,"6,237,000",YEAR,NOT SPECIFIED,,TOTAL,UNITED STATES,US,99,
FIELD CROPS,00000000,00,US TOTAL,,,2016,,ALL CLASSES,,"CORN, GRAIN - ACRES HARVESTED",2019-02-06 15:00:06.000,CORN,,GRAIN,ANNUAL,,ACRES,,NATIONAL,US TOTAL,CROPS,ALL PRODUCTION PRACTICES,00,SURVEY,,,9000,AREA HARVESTED,,"86,748,000",YEAR,NOT SPECIFIED,,TOTAL,UNITED STATES,US,99,
FIELD CROPS,00000000,00,US TOTAL,,,2016,,ALL CLASSES,,"CORN, GRAIN - ACRES HARVESTED",2016-08-12 12:00:00.000,CORN,,GRAIN,ANNUAL,,ACRES,,NATIONAL,US TOTAL,CROPS,ALL PRODUCTION PRACTICES,00,SURVEY,,,9000,AREA HARVESTED,,"86,550,000",YEAR - AUG FORECAST,NOT SPECIFIED,,TOTAL,UNITED STATES,US,99,
FIELD CROPS,00000000,00,US TOTAL,,,2016,,ALL CLASSES,,"CORN, GRAIN - ACRES HARVESTED",2016-06-30 12:00:00.000,CORN,,GRAIN,ANNUAL,,ACRES,,NATIONAL,US TOTAL,CROPS,ALL PRODUCTION PRACTICES,00,SURVEY,,,9000,AREA HARVESTED,,"86,550,000",YEAR - JUN ACREAGE,NOT SPECIFIED,,TOTAL,UNITED STATES,US,99,
FIELD CROPS,00000000,00,US TOTAL,,,2016,,ALL CLASSES,,"CORN, GRAIN - ACRES HARVESTED",2016-11-09 13:11:41.000,CORN,,GRAIN,ANNUAL,,ACRES,,NATIONAL,US TOTAL,CROPS,ALL PRODUCTION PRACTICES,00,SURVEY,,,9000,AREA HARVESTED,,"86,836,000",YEAR - NOV FORECAST,NOT SPECIFIED,,TOTAL,UNITED STATES,US,99,
FIELD CROPS,00000000,00,US TOTAL,,,2016,,ALL CLASSES,,"CORN, GRAIN - ACRES HARVESTED",2016-10-12 12:00:00.000,CORN,,GRAIN,ANNUAL,,ACRES,,NATIONAL,US TOTAL,CROPS,ALL PRODUCTION PRACTICES,00,SURVEY,,,9000,AREA HARVESTED,,"86,836,000",YEAR - OCT FORECAST,NOT SPECIFIED,,TOTAL,UNITED STATES,US,99,
FIELD CROPS,00000000,00,US TOTAL,,,2016,,ALL CLASSES,,"CORN, GRAIN - ACRES HARVESTED",2016-09-12 12:00:00.000,CORN,,GRAIN,ANNUAL,,ACRES,,NATIONAL,US TOTAL,CROPS,ALL PRODUCTION PRACTICES,00,SURVEY,,,9000,AREA HARVESTED,,"86,550,000",YEAR - SEP FORECAST,NOT SPECIFIED,,TOTAL,UNITED STATES,US,99,
FIELD CROPS,00000000,00,US TOTAL,,,2016,,ALL CLASSES,,"CORN, SILAGE - ACRES HARVESTED",2019-02-06 15:00:06.000,CORN,,SILAGE,ANNUAL,,ACRES,,NATIONAL,US TOTAL,CROPS,ALL PRODUCTION PRACTICES,00,SURVEY,,,9000,AREA HARVESTED,,"6,206,000",YEAR,NOT SPECIFIED,,TOTAL,UNITED STATES,US,99,
FIELD CROPS,00000000,00,US TOTAL,,,2017,,ALL CLASSES,,"CORN, GRAIN - ACRES HARVESTED",2019-02-06 15:00:06.000,CORN,,GRAIN,ANNUAL,,ACRES,,NATIONAL,US TOTAL,CROPS,ALL PRODUCTION PRACTICES,00,SURVEY,,,9000,AREA HARVESTED,,"82,733,000",YEAR,NOT SPECIFIED,,TOTAL,UNITED STATES,US,99,
FIELD CROPS,00000000,00,US TOTAL,,,2017,,ALL CLASSES,,"CORN, GRAIN - ACRES HARVESTED",2017-08-10 12:08:28.000,CORN,,GRAIN,ANNUAL,,ACRES,,NATIONAL,US TOTAL,CROPS,ALL PRODUCTION PRACTICES,00,SURVEY,,,9000,AREA HARVESTED,,"83,496,000",YEAR - AUG FORECAST,NOT SPECIFIED,,TOTAL,UNITED STATES,US,99,
FIELD CROPS,00000000,00,US TOTAL,,,2017,,ALL CLASSES,,"CORN, GRAIN - ACRES HARVESTED",2017-06-30 12:02:44.000,CORN,,GRAIN,ANNUAL,,ACRES,,NATIONAL,US TOTAL,CROPS,ALL PRODUCTION PRACTICES,00,SURVEY,,,9000,AREA HARVESTED,,"83,496,000",YEAR - JUN ACREAGE,NOT SPECIFIED,,TOTAL,UNITED STATES,US,99,
FIELD CROPS,00000000,00,US TOTAL,,,2017,,ALL CLASSES,,"CORN, GRAIN - ACRES HARVESTED",2017-11-09 12:02:08.000,CORN,,GRAIN,ANNUAL,,ACRES,,NATIONAL,US TOTAL,CROPS,ALL PRODUCTION PRACTICES,00,SURVEY,,,9000,AREA HARVESTED,,"83,119,000",YEAR - NOV FORECAST,NOT SPECIFIED,,TOTAL,UNITED STATES,US,99,
FIELD CROPS,00000000,00,US TOTAL,,,2017,,ALL CLASSES,,"CORN, GRAIN - ACRES HARVESTED",2017-10-12 12:04:13.000,CORN,,GRAIN,ANNUAL,,ACRES,,NATIONAL,US TOTAL,CROPS,ALL PRODUCTION PRACTICES,00,SURVEY,,,9000,AREA HARVESTED,,"83,119,000",YEAR - OCT FORECAST,NOT SPECIFIED,,TOTAL,UNITED STATES,US,99,
FIELD CROPS,00000000,00,US TOTAL,,,2017,,ALL CLASSES,,"CORN, GRAIN - ACRES HARVESTED",2017-09-12 12:01:44.000,CORN,,GRAIN,ANNUAL,,ACRES,,NATIONAL,US TOTAL,CROPS,ALL PRODUCTION PRACTICES,00,SURVEY,,,9000,AREA HARVESTED,,"83,496,000",YEAR - SEP FORECAST,NOT SPECIFIED,,TOTAL,UNITED STATES,US,99,
FIELD CROPS,00000000,00,US TOTAL,,,2017,,ALL CLASSES,,"CORN, SILAGE - ACRES HARVESTED",2019-02-06 15:00:06.000,CORN,,SILAGE,ANNUAL,,ACRES,,NATIONAL,US TOTAL,CROPS,ALL PRODUCTION PRACTICES,00,SURVEY,,,9000,AREA HARVESTED,,"6,385,000",YEAR,NOT SPECIFIED,,TOTAL,UNITED STATES,US,99,
FIELD CROPS,00000000,00,US TOTAL,,,2018,,ALL CLASSES,,"CORN, GRAIN - ACRES HARVESTED",2024-01-09 15:00:00.000,CORN,,GRAIN,ANNUAL,,ACRES,,NATIONAL,US TOTAL,CROPS,ALL PRODUCTION PRACTICES,00,SURVEY,,,9000,AREA HARVESTED,,"81,169,000",YEAR,NOT SPECIFIED,,TOTAL,UNITED STATES,US,99,
FIELD CROPS,00000000,00,US TOTAL,,,2018,,ALL CLASSES,,"CORN, GRAIN - ACRES HARVESTED",2018-08-10 12:01:40.000,CORN,,GRAIN,ANNUAL,,ACRES,,NATIONAL,US TOTAL,CROPS,ALL PRODUCTION PRACTICES,00,SURVEY,,,9000,AREA HARVESTED,,"81,770,000",YEAR - AUG FORECAST,NOT SPECIFIED,,TOTAL,UNITED STATES,US,99,
FIELD CROPS,00000000,00,US TOTAL,,,2018,,ALL CLASSES,,"CORN, GRAIN - ACRES HARVESTED",2018-06-29 12:07:05.000,CORN,,GRAIN,ANNUAL,,ACRES,,NATIONAL,US TOTAL,CROPS,ALL PRODUCTION PRACTICES,00,SURVEY,,,9000,AREA HARVESTED,,"81,770,000",YEAR - JUN ACREAGE,NOT SPECIFIED,,TOTAL,UNITED STATES,US,99,
FIELD CROPS,00000000,00,US TOTAL,,,2018,,ALL CLASSES,,"CORN, GRAIN - ACRES HARVESTED",2018-11-08 12:01:20.000,CORN,,GRAIN,ANNUAL,,ACRES,,NATIONAL,US TOTAL,CROPS,ALL PRODUCTION PRACTICES,00,SURVEY,,,9000,AREA HARVESTED,,"81,767,000",YEAR - NOV FORECAST,NOT SPECIFIED,,TOTAL,UNITED STATES,US,99,
FIELD CROPS,00000000,00,US TOTAL,,,2018,,ALL CLASSES,,"CORN, GRAIN - ACRES HARVESTED",2018-10-11 12:02:09.000,CORN,,GRAIN,ANNUAL,,ACRES,,NATIONAL,US TOTAL,CROPS,ALL PRODUCTION PRACTICES,00,SURVEY,,,9000,AREA HARVESTED,,"81,767,000",YEAR - OCT FORECAST,NOT SPECIFIED,,TOTAL,UNITED STATES,US,99,
FIELD CROPS,00000000,00,US TOTAL,,,2018,,ALL CLASSES,,"CORN, GRAIN - ACRES HARVESTED",2018-09-12 12:02:09.000,CORN,,GRAIN,ANNUAL,,ACRES,,NATIONAL,US TOTAL,CROPS,ALL PRODUCTION PRACTICES,00,SURVEY,,,9000,AREA HARVESTED,,"81,770,000",YEAR - SEP FORECAST,NOT SPECIFIED,,TOTAL,UNITED STATES,US,99,
FIELD CROPS,00000000,00,US TOTAL,,,2018,,ALL CLASSES,,"CORN, SILAGE - ACRES HARVESTED",2024-01-09 15:00:00.000,CORN,,SILAGE,ANNUAL,,ACRES,,NATIONAL,US TOTAL,CROPS,ALL PRODUCTION PRACTICES,00,SURVEY,,,9000,AREA HARVESTED,,"6,090,000",YEAR,NOT SPECIFIED,,TOTAL,UNITED STATES,US,99,
FIELD CROPS,00000000,00,US TOTAL,,,2019,,ALL CLASSES,,"CORN, GRAIN - ACRES HARVESTED",2024-01-09 15:00:00.000,CORN,,GRAIN,ANNUAL,,ACRES,,NATIONAL,US TOTAL,CROPS,ALL PRODUCTION PRACTICES,00,SURVEY,,,9000,AREA HARVESTED,,"80,991,000",YEAR,NOT SPECIFIED,,TOTAL,UNITED STATES,US,99,
FIELD CROPS,00000000,00,US TOTAL,,,2019,,ALL CLASSES,,"CORN, GRAIN - ACRES HARVESTED",2019-08-12 12:01:08.000,CORN,,GRAIN,ANNUAL,,ACRES,,NATIONAL,US TOTAL,CROPS,ALL PRODUCTION PRACTICES,00,SURVEY,,,9000,AREA HARVESTED,,"82,017,000",YEAR - AUG FORECAST,NOT SPECIFIED,,TOTAL,UNITED STATES,US,99,
FIELD CROPS,00000000,00,US TOTAL,,,2019,,ALL CLASSES,,"CORN, GRAIN - ACRES HARVESTED",2019-06-28 12:03:02.000,CORN,,GRAIN,ANNUAL,,ACRES,,NATIONAL,US TOTAL,CROPS,ALL PRODUCTION PRACTICES,00,SURVEY,,,9000,AREA HARVESTED,,"83,595,000",YEAR - JUN ACREAGE,NOT SPECIFIED,,TOTAL,UNITED STATES,US,99,
FIELD CROPS,00000000,00,US TOTAL,,,2019,,ALL CLASSES,,"CORN, GRAIN - ACRES HARVESTED",2019-11-08 12:00:46.000,CORN,,GRAIN,ANNUAL,,ACRES,,NATIONAL,US TOTAL,CROPS,ALL PRODUCTION PRACTICES,00,SURVEY,,,9000,AREA HARVESTED,,"81,815,000",YEAR - NOV FORECAST,NOT SPECIFIED,,TOTAL,UNITED STATES,US,99,
FIELD CROPS,00000000,00,US TOTAL,,,2019,,ALL CLASSES,,"CORN, GRAIN - ACRES HARVESTED",2019-10-10 12:03:54.000,CORN,,GRAIN,ANNUAL,,ACRES,,NATIONAL,US TOTAL,CROPS,ALL PRODUCTION PRACTICES,00,SURVEY,,,9000,AREA HARVESTED,,"81,815,000",YEAR - OCT FORECAST,NOT SPECIFIED,,TOTAL,UNITED STATES,US,99,
FIELD CROPS,00000000,00,US TOTAL,,,2019,,ALL CLASSES,,"CORN, GRAIN - ACRES HARVESTED",2019-09-12 12:01:19.000,CORN,,GRAIN,ANNUAL,,ACRES,,NATIONAL,US TOTAL,CROPS,ALL PRODUCTION PRACTICES,00,SURVEY,,,9000,AREA HARVESTED,,"82,017,000",YEAR - SEP FORECAST,NOT SPECIFIED,,TOTAL,UNITED STATES,US,99,
FIELD CROPS,00000000,00,US TOTAL,,,2019,,ALL CLASSES,,"CORN, SILAGE - ACRES HARVESTED",2024-01-09 15:00:00.000,CORN,,SILAGE,ANNUAL,,ACRES,,NATIONAL,US TOTAL,CROPS,ALL PRODUCTION PRACTICES,00,SURVEY,,,9000,AREA HARVESTED,,"6,565,000",YEAR,NOT SPECIFIED,,TOTAL,UNITED STATES,US,99,
FIELD CROPS,00000000,00,US TOTAL,,,2020,,ALL CLASSES,,"CORN, GRAIN - ACRES HARVESTED",2024-01-09 15:00:00.000,CORN,,GRAIN,ANNUAL,,ACRES,,NATIONAL,US TOTAL,CROPS,ALL PRODUCTION PRACTICES,00,SURVEY,,,9000,AREA HARVESTED,,"82,168,000",YEAR,NOT SPECIFIED,,TOTAL,UNITED STATES,US,99,
FIELD CROPS,00000000,00,US TOTAL,,,2020,,ALL CLASSES,,"CORN, GRAIN - ACRES HARVESTED",2020-08-12 12:04:12.000,CORN,,GRAIN,ANNUAL,,ACRES,,NATIONAL,US TOTAL,CROPS,ALL PRODUCTION PRACTICES,00,SURVEY,,,9000,AREA HARVESTED,,"84,023,000",YEAR - AUG FORECAST,NOT SPECIFIED,,TOTAL,UNITED STATES,US,99,
FIELD CROPS,00000000,00,US TOTAL,,,2020,,ALL CLASSES,,"CORN, GRAIN - ACRES HARVESTED",2020-06-30 12:02:25.000,CORN,,GRAIN,ANNUAL,,ACRES,,NATIONAL,US TOTAL,CROPS,ALL PRODUCTION PRACTICES,00,SURVEY,,,9000,AREA HARVESTED,,"84,023,000",YEAR - JUN ACREAGE,NOT SPECIFIED,,TOTAL,UNITED STATES,US,99,
FIELD CROPS,00000000,00,US TOTAL,,,2020,,ALL CLASSES,,"CORN, GRAIN - ACRES HARVESTED",2020-11-10 12:02:34.000,CORN,,GRAIN,ANNUAL,,ACRES,,NATIONAL,US TOTAL,CROPS,ALL PRODUCTION PRACTICES,00,SURVEY,,,9000,AREA HARVESTED,,"82,527,000",YEAR - NOV FORECAST,NOT SPECIFIED,,TOTAL,UNITED STATES,US,99,
FIELD CROPS,00000000,00,US TOTAL,,,2020,,ALL CLASSES,,"CORN, GRAIN - ACRES HARVESTED",2020-10-09 12:01:33.000,CORN,,GRAIN,ANNUAL,,ACRES,,NATIONAL,US TOTAL,CROPS,ALL PRODUCTION PRACTICES,00,SURVEY,,,9000,AREA HARVESTED,,"82,527,000",YEAR - OCT FORECAST,NOT SPECIFIED,,TOTAL,UNITED STATES,US,99,
FIELD CROPS,00000000,00,US TOTAL,,,2020,,ALL CLASSES,,"CORN, GRAIN - ACRES HARVESTED",2020-09-11 12:03:32.000,CORN,,GRAIN,ANNUAL,,ACRES,,NATIONAL,US TOTAL,CROPS,ALL PRODUCTION PRACTICES,00,SURVEY,,,9000,AREA HARVESTED,,"83,473,000",YEAR - SEP FORECAST,NOT SPECIFIED,,TOTAL,UNITED STATES,US,99,
FIELD CROPS,00000000,00,US TOTAL,,,2020,,ALL CLASSES,,"CORN, SILAGE - ACRES HARVESTED",2024-01-09 15:00:00.000,CORN,,SILAGE,ANNUAL,,ACRES,,NATIONAL,US TOTAL,CROPS,ALL PRODUCTION PRACTICES,00,SURVEY,,,9000,AREA HARVESTED,,"6,560,000",YEAR,NOT SPECIFIED,,TOTAL,UNITED STATES,US,99,
FIELD CROPS,00000000,00,US TOTAL,,,2021,,ALL CLASSES,,"CORN, GRAIN - ACRES HARVESTED",2024-01-09 15:00:00.000,CORN,,GRAIN,ANNUAL,,ACRES,,NATIONAL,US TOTAL,CROPS,ALL PRODUCTION PRACTICES,00,SURVEY,,,9000,AREA HARVESTED,,"84,988,000",YEAR,NOT SPECIFIED,,TOTAL,UNITED STATES,US,99,
FIELD CROPS,00000000,00,US TOTAL,,,2021,,ALL CLASSES,,"CORN, GRAIN - ACRES HARVESTED",2021-08-12 12:01:34.000,CORN,,GRAIN,ANNUAL,,ACRES,,NATIONAL,US TOTAL,CROPS,ALL PRODUCTION PRACTICES,00,SURVEY,,,9000,AREA HARVESTED,,"84,495,000",YEAR - AUG FORECAST,NOT SPECIFIED,,TOTAL,UNITED STATES,US,99,
FIELD CROPS,00000000,00,US TOTAL,,,2021,,ALL CLASSES,,"CORN, GRAIN - ACRES HARVESTED",2021-06-30 12:01:34.000,CORN,,GRAIN,ANNUAL,,ACRES,,NATIONAL,US TOTAL,CROPS,ALL PRODUCTION PRACTICES,00,SURVEY,,,9000,AREA HARVESTED,,"84,495,000",YEAR - JUN ACREAGE,NOT SPECIFIED,,TOTAL,UNITED STATES,US,99,
FIELD CROPS,00000000,00,US TOTAL,,,2021,,ALL CLASSES,,"CORN, GRAIN - ACRES HARVESTED",2021-11-09 12:02:06.000,CORN,,GRAIN,ANNUAL,,ACRES,,NATIONAL,US TOTAL,CROPS,ALL PRODUCTION PRACTICES,00,SURVEY,,,9000,AREA HARVESTED,,"85,085,000",YEAR - NOV FORECAST,NOT SPECIFIED,,TOTAL,UNITED STATES,US,99,
FIELD CROPS,00000000,00,US TOTAL,,,2021,,ALL CLASSES,,"CORN, GRAIN - ACRES HARVESTED",2021-10-12 12:01:38.000,CORN,,GRAIN,ANNUAL,,ACRES,,NATIONAL,US TOTAL,CROPS,ALL PRODUCTION PRACTICES,00,SURVEY,,,9000,AREA HARVESTED,,"85,085,000",YEAR - OCT FORECAST,NOT SPECIFIED,,TOTAL,UNITED STATES,US,99,
FIELD CROPS,00000000,00,US TOTAL,,,2021,,ALL CLASSES,,"CORN, GRAIN - ACRES HARVESTED",2021-09-10 12:08:17.000,CORN,,GRAIN,ANNUAL,,ACRES,,NATIONAL,US TOTAL,CROPS,ALL PRODUCTION PRACTICES,00,SURVEY,,,9000,AREA HARVESTED,,"85,085,000",YEAR - SEP FORECAST,NOT SPECIFIED,,TOTAL,UNITED STATES,US,99,
FIELD CROPS,00000000,00,US TOTAL,,,2021,,ALL CLASSES,,"CORN, SILAGE - ACRES HARVESTED",2024-01-09 15:00:00.000,CORN,,SILAGE,ANNUAL,,ACRES,,NATIONAL,US TOTAL,CROPS,ALL PRODUCTION PRACTICES,00,SURVEY,,,9000,AREA HARVESTED,,"6,451,000",YEAR,NOT SPECIFIED,,TOTAL,UNITED STATES,US,99,
FIELD CROPS,00000000,00,US TOTAL,,,2022,,ALL CLASSES,,"CORN, GRAIN - ACRES HARVESTED",2024-01-09 15:00:00.000,CORN,,GRAIN,ANNUAL,,ACRES,,NATIONAL,US TOTAL,CROPS,ALL PRODUCTION PRACTICES,00,SURVEY,,,9000,AREA HARVESTED,,"78,705,000",YEAR,NOT SPECIFIED,,TOTAL,UNITED STATES,US,99,
FIELD CROPS,00000000,00,US TOTAL,,,2022,,ALL CLASSES,,"CORN, GRAIN - ACRES HARVESTED",2022-08-12 12:00:52.000,CORN,,GRAIN,ANNUAL,,ACRES,,NATIONAL,US TOTAL,CROPS,ALL PRODUCTION PRACTICES,00,SURVEY,,,9000,AREA HARVESTED,,"81,840,000",YEAR - AUG FORECAST,NOT SPECIFIED,,TOTAL,UNITED STATES,US,99,
FIELD CROPS,00000000,00,US TOTAL,,,2022,,ALL CLASSES,,"CORN, GRAIN - ACRES HARVESTED",2022-06-30 12:00:49.000,CORN,,GRAIN,ANNUAL,,ACRES,,NATIONAL,US TOTAL,CROPS,ALL PRODUCTION PRACTICES,00,SURVEY,,,9000,AREA HARVESTED,,"81,940,000",YEAR - JUN ACREAGE,NOT SPECIFIED,,TOTAL,UNITED STATES,US,99,
FIELD CROPS,00000000,00,US TOTAL,,,2022,,ALL CLASSES,,"CORN, GRAIN - ACRES HARVESTED",2022-11-09 12:00:00.000,CORN,,GRAIN,ANNUAL,,ACRES,,NATIONAL,US TOTAL,CROPS,ALL PRODUCTION PRACTICES,00,SURVEY,,,9000,AREA HARVESTED,,"80,844,000",YEAR - NOV FORECAST,NOT SPECIFIED,,TOTAL,UNITED STATES,US,99,
FIELD CROPS,00000000,00,US TOTAL,,,2022,,ALL CLASSES,,"CORN, GRAIN - ACRES HARVESTED",2022-10-12 12:00:00.000,CORN,,GRAIN,ANNUAL,,ACRES,,NATIONAL,US TOTAL,CROPS,ALL PRODUCTION PRACTICES,00,SURVEY,,,9000,AREA HARVESTED,,"80,844,000",YEAR - OCT FORECAST,NOT SPECIFIED,,TOTAL,UNITED STATES,US,99,
FIELD CROPS,00000000,00,US TOTAL,,,2022,,ALL CLASSES,,"CORN, GRAIN - ACRES HARVESTED",2022-09-12 12:03:33.000,CORN,,GRAIN,ANNUAL,,ACRES,,NATIONAL,US TOTAL,CROPS,ALL PRODUCTION PRACTICES,00,SURVEY,,,9000,AREA HARVESTED,,"80,844,000",YEAR - SEP FORECAST,NOT SPECIFIED,,TOTAL,UNITED STATES,US,99,
FIELD CROPS,00000000,00,US TOTAL,,,2022,,ALL CLASSES,,"CORN, SILAGE - ACRES HARVESTED",2024-01-09 15:00:00.000,CORN,,SILAGE,ANNUAL,,ACRES,,NATIONAL,US TOTAL,CROPS,ALL PRODUCTION PRACTICES,00,SURVEY,,,9000,AREA HARVESTED,,"6,851,000",YEAR,NOT SPECIFIED,,TOTAL,UNITED STATES,US,99,
FIELD CROPS,00000000,00,US TOTAL,,,2023,,ALL CLASSES,,"CORN, GRAIN - ACRES HARVESTED",2024-09-30 12:00:00.000,CORN,,GRAIN,ANNUAL,,ACRES,,NATIONAL,US TOTAL,CROPS,ALL PRODUCTION PRACTICES,00,SURVEY,,,9000,AREA HARVESTED,,"86,506,000",YEAR,NOT SPECIFIED,,TOTAL,UNITED STATES,US,99,
FIELD CROPS,00000000,00,US TOTAL,,,2023,,ALL CLASSES,,"CORN, GRAIN - ACRES HARVESTED",2023-08-11 12:00:00.000,CORN,,GRAIN,ANNUAL,,ACRES,,NATIONAL,US TOTAL,CROPS,ALL PRODUCTION PRACTICES,00,SURVEY,,,9000,AREA HARVESTED,,"86,322,000",YEAR - AUG FORECAST,NOT SPECIFIED,,TOTAL,UNITED STATES,US,99,
FIELD CROPS,00000000,00,US TOTAL,,,2023,,ALL CLASSES,,"CORN, GRAIN - ACRES HARVESTED",2023-06-30 12:00:00.000,CORN,,GRAIN,ANNUAL,,ACRES,,NATIONAL,US TOTAL,CROPS,ALL PRODUCTION PRACTICES,00,SURVEY,,,9000,AREA HARVESTED,,"86,322,000",YEAR - JUN ACREAGE,NOT SPECIFIED,,TOTAL,UNITED STATES,US,99,
FIELD CROPS,00000000,00,US TOTAL,,,2023,,ALL CLASSES,,"CORN, GRAIN - ACRES HARVESTED",2023-11-09 12:00:00.000,CORN,,GRAIN,ANNUAL,,ACRES,,NATIONAL,US TOTAL,CROPS,ALL PRODUCTION PRACTICES,00,SURVEY,,,9000,AREA HARVESTED,,"87,096,000",YEAR - NOV FORECAST,NOT SPECIFIED,,TOTAL,UNITED STATES,US,99,
FIELD CROPS,00000000,00,US TOTAL,,,2023,,ALL CLASSES,,"CORN, GRAIN - ACRES HARVESTED",2023-10-12 12:00:00.000,CORN,,GRAIN,ANNUAL,,ACRES,,NATIONAL,US TOTAL,CROPS,ALL PRODUCTION PRACTICES,00,SURVEY,,,9000,AREA HARVESTED,,"87,096,000",YEAR - OCT FORECAST,NOT SPECIFIED,,TOTAL,UNITED STATES,US,99,
FIELD CROPS,00000000,00,US TOTAL,,,2023,,ALL CLASSES,,"CORN, GRAIN - ACRES HARVESTED",2023-09-12 12:00:00.000,CORN,,GRAIN,ANNUAL,,ACRES,,NATIONAL,US TOTAL,CROPS,ALL PRODUCTION PRACTICES,00,SURVEY,,,9000,AREA HARVESTED,,"87,096,000",YEAR - SEP FORECAST,NOT SPECIFIED,,TOTAL,UNITED STATES,US,99,
FIELD CROPS,00000000,00,US TOTAL,,,2023,,ALL CLASSES,,"CORN, SILAGE - ACRES HARVESTED",2024-09-30 12:00:00.000,CORN,,SILAGE,ANNUAL,,ACRES,,NATIONAL,US TOTAL,CROPS,ALL PRODUCTION PRACTICES,00,SURVEY,,,9000,AREA HARVESTED,,"6,461,000",YEAR,NOT SPECIFIED,,TOTAL,UNITED STATES,US,99,
FIELD CROPS,00000000,00,US TOTAL,,,1997,,ALL CLASSES,,"CORN, GRAIN - ACRES HARVESTED",2012-01-01 00:00:00.000,CORN,,GRAIN,ANNUAL,,ACRES,,NATIONAL,US TOTAL,CROPS,ALL PRODUCTION PRACTICES,00,CENSUS,,,9000,AREA HARVESTED,,"9,713,191",YEAR,"AREA HARVESTED: (1,000 OR MORE ACRES)",,AREA HARVESTED,UNITED STATES,US,99,
FIELD CROPS,00000000,00,US TOTAL,,,1997,,ALL CLASSES,,"CORN, GRAIN - ACRES HARVESTED",2012-01-01 00:00:00.000,CORN,,GRAIN,ANNUAL,,ACRES,,NATIONAL,US TOTAL,CROPS,ALL PRODUCTION PRACTICES,00,CENSUS,,,9000,AREA HARVESTED,,"7,304,070",YEAR,"AREA HARVESTED: (1,000 TO 1,999 ACRES)",,AREA HARVESTED,UNITED STATES,US,99,
FIELD CROPS,00000000,00,US TOTAL,,,1997,,ALL CLASSES,,"CORN, GRAIN - ACRES HARVESTED",2012-01-01 00:00:00.000,CORN,,GRAIN,ANNUAL,,ACRES,,NATIONAL,US TOTAL,CROPS,ALL PRODUCTION PRACTICES,00,CENSUS,,,9000,AREA HARVESTED,,"527,998",YEAR,AREA HARVESTED: (1.0 TO 14.9 ACRES),,AREA HARVESTED,UNITED STATES,US,99,
FIELD CROPS,00000000,00,US TOTAL,,,1997,,ALL CLASSES,,"CORN, GRAIN - ACRES HARVESTED",2012-01-01 00:00:00.000,CORN,,GRAIN,ANNUAL,,ACRES,,NATIONAL,US TOTAL,CROPS,ALL PRODUCTION PRACTICES,00,CENSUS,,,9000,AREA HARVESTED,,"16,284,005",YEAR,AREA HARVESTED: (100 TO 249 ACRES),,AREA HARVESTED,UNITED STATES,US,99,
FIELD CROPS,00000000,00,US TOTAL,,,1997,,ALL CLASSES,,"CORN, GRAIN - ACRES HARVESTED",2012-01-01 00:00:00.000,CORN,,GRAIN,ANNUAL,,ACRES,,NATIONAL,US TOTAL,CROPS,ALL PRODUCTION PRACTICES,00,CENSUS,,,9000,AREA HARVESTED,,"746,730",YEAR,AREA HARVESTED: (15.0 TO 24.9 ACRES),,AREA HARVESTED,UNITED STATES,US,99,
FIELD CROPS,00000000,00,US TOTAL,,,1997,,ALL CLASSES,,"CORN, GRAIN - ACRES HARVESTED",2012-01-01 00:00:00.000,CORN,,GRAIN,ANNUAL,,ACRES,,NATIONAL,US TOTAL,CROPS,ALL PRODUCTION PRACTICES,00,CENSUS,,,9000,AREA HARVESTED,,"1,472,237",YEAR,"AREA HARVESTED: (2,000 TO 2,999 ACRES)",,AREA HARVESTED,UNITED STATES,US,99,
FIELD CROPS,00000000,00,US TOTAL,,,1997,,ALL CLASSES,,"CORN, GRAIN - ACRES HARVESTED",2012-01-01 00:00:00.000,CORN,,GRAIN,ANNUAL,,ACRES,,NATIONAL,US TOTAL,CROPS,ALL PRODUCTION PRACTICES,00,CENSUS,,,9000,AREA HARVESTED,,"2,352,026",YEAR,AREA HARVESTED: (25.0 TO 49.9 ACRES),,AREA HARVESTED,UNITED STATES,US,99,
FIELD CROPS,00000000,00,US TOTAL,,,1997,,ALL CLASSES,,"CORN, GRAIN - ACRES HARVESTED",2012-01-01 00:00:00.000,CORN,,GRAIN,ANNUAL,,ACRES,,NATIONAL,US TOTAL,CROPS,ALL PRODUCTION PRACTICES,00,CENSUS,,,9000,AREA HARVESTED,,"19,130,322",YEAR,AREA HARVESTED: (250 TO 499 ACRES),,AREA HARVESTED,UNITED STATES,US,99,
FIELD CROPS,00000000,00,US TOTAL,,,1997,,ALL CLASSES,,"CORN, GRAIN - ACRES HARVESTED",2012-01-01 00:00:00.000,CORN,,GRAIN,ANNUAL,,ACRES,,NATIONAL,US TOTAL,CROPS,ALL PRODUCTION PRACTICES,00,CENSUS,,,9000,AREA HARVESTED,,"685,792",YEAR,"AREA HARVESTED: (3,000 TO 4,999 ACRES)",,AREA HARVESTED,UNITED STATES,US,99,
FIELD CROPS,00000000,00,US TOTAL,,,1997,,ALL CLASSES,,"CORN, GRAIN - ACRES HARVESTED",2012-01-01 00:00:00.000,CORN,,GRAIN,ANNUAL,,ACRES,,NATIONAL,US TOTAL,CROPS,ALL PRODUCTION PRACTICES,00,CENSUS,,,9000,AREA HARVESTED,,"251,092",YEAR,"AREA HARVESTED: (5,000 OR MORE ACRES)",,AREA HARVESTED,UNITED STATES,US,99,
FIELD CROPS,00000000,00,US TOTAL,,,1997,,ALL CLASSES,,"CORN, GRAIN - ACRES HARVESTED",2012-01-01 00:00:00.000,CORN,,GRAIN,ANNUAL,,ACRES,,NATIONAL,US TOTAL,CROPS,ALL PRODUCTION PRACTICES,00,CENSUS,,,9000,AREA HARVESTED,,"5,532,051",YEAR,AREA HARVESTED: (50.0 TO 99.9 ACRES),,AREA HARVESTED,UNITED STATES,US,99,
FIELD CROPS,00000000,00,US TOTAL,,,1997,,ALL CLASSES,,"CORN, GRAIN - ACRES HARVESTED",2012-01-01 00:00:00.000,CORN,,GRAIN,ANNUAL,,ACRES,,NATIONAL,US TOTAL,CROPS,ALL PRODUCTION PRACTICES,00,CENSUS,,,9000,AREA HARVESTED,,"16,802,131",YEAR,AREA HARVESTED: (500 TO 999 ACRES),,AREA HARVESTED,UNITED STATES,US,99,
FIELD CROPS,00000000,00,US TOTAL,,,1997,,ALL CLASSES,,"CORN, GRAIN - ACRES HARVESTED",2012-01-01 00:00:00.000,CORN,,GRAIN,ANNUAL,,ACRES,,NATIONAL,US TOTAL,CROPS,ALL PRODUCTION PRACTICES,00,CENSUS,,,9000,AREA HARVESTED,,"71,088,454",YEAR,NOT SPECIFIED,,TOTAL,UNITED STATES,US,99,
FIELD CROPS,00000000,00,US TOTAL,,,1997,,ALL CLASSES,,"CORN, SILAGE - ACRES HARVESTED",2012-01-01 00:00:00.000,CORN,,SILAGE,ANNUAL,,ACRES,,NATIONAL,US TOTAL,CROPS,ALL PRODUCTION PRACTICES,00,CENSUS,,,9000,AREA HARVESTED,,"201,889",YEAR,"AREA HARVESTED: (1,000 OR MORE ACRES)",,AREA HARVESTED,UNITED STATES,US,99,
FIELD CROPS,00000000,00,US TOTAL,,,1997,,ALL CLASSES,,"CORN, SILAGE - ACRES HARVESTED",2012-01-01 00:00:00.000,CORN,,SILAGE,ANNUAL,,ACRES,,NATIONAL,US TOTAL,CROPS,ALL PRODUCTION PRACTICES,00,CENSUS,,,9000,AREA HARVESTED,,"275,045",YEAR,AREA HARVESTED: (1.0 TO 14.9 ACRES),,AREA HARVESTED,UNITED STATES,US,99,
FIELD CROPS,00000000,00,US TOTAL,,,1997,,ALL CLASSES,,"CORN, SILAGE - ACRES HARVESTED",2012-01-01 00:00:00.000,CORN,,SILAGE,ANNUAL,,ACRES,,NATIONAL,US TOTAL,CROPS,ALL PRODUCTION PRACTICES,00,CENSUS,,,9000,AREA HARVESTED,,"1,544,294",YEAR,AREA HARVESTED: (100 TO 249 ACRES),,AREA HARVESTED,UNITED STATES,US,99,
FIELD CROPS,00000000,00,US TOTAL,,,1997,,ALL CLASSES,,"CORN, SILAGE - ACRES HARVESTED",2012-01-01 00:00:00.000,CORN,,SILAGE,ANNUAL,,ACRES,,NATIONAL,US TOTAL,CROPS,ALL PRODUCTION PRACTICES,00,CENSUS,,,9000,AREA HARVESTED,,"462,080",YEAR,AREA HARVESTED: (15.0 TO 24.9 ACRES),,AREA HARVESTED,UNITED STATES,US,99,
FIELD CROPS,00000000,00,US TOTAL,,,1997,,ALL CLASSES,,"CORN, SILAGE - ACRES HARVESTED",2012-01-01 00:00:00.000,CORN,,SILAGE,ANNUAL,,ACRES,,NATIONAL,US TOTAL,CROPS,ALL PRODUCTION PRACTICES,00,CENSUS,,,9000,AREA HARVESTED,,"1,040,150",YEAR,AREA HARVESTED: (25.0 TO 49.9 ACRES),,AREA HARVESTED,UNITED STATES,US,99,
FIELD CROPS,00000000,00,US TOTAL,,,1997,,ALL CLASSES,,"CORN, SILAGE - ACRES HARVESTED",2012-01-01 00:00:00.000,CORN,,SILAGE,ANNUAL,,ACRES,,NATIONAL,US TOTAL,CROPS,ALL PRODUCTION PRACTICES,00,CENSUS,,,9000,AREA HARVESTED,,"645,707",YEAR,AREA HARVESTED: (250 TO 499 ACRES),,AREA HARVESTED,UNITED STATES,US,99,
FIELD CROPS,00000000,00,US TOTAL,,,1997,,ALL CLASSES,,"CORN, SILAGE - ACRES HARVESTED",2012-01-01 00:00:00.000,CORN,,SILAGE,ANNUAL,,ACRES,,NATIONAL,US TOTAL,CROPS,ALL PRODUCTION PRACTICES,00,CENSUS,,,9000,AREA HARVESTED,,"1,263,510",YEAR,AREA HARVESTED: (50.0 TO 99.9 ACRES),,AREA HARVESTED,UNITED STATES,US,99,
FIELD CROPS,00000000,00,US TOTAL,,,1997,,ALL CLASSES,,"CORN, SILAGE - ACRES HARVESTED",2012-01-01 00:00:00.000,CORN,,SILAGE,ANNUAL,,ACRES,,NATIONAL,US TOTAL,CROPS,ALL PRODUCTION PRACTICES,00,CENSUS,,,9000,AREA HARVESTED,,"338,991",YEAR,AREA HARVESTED: (500 TO 999 ACRES),,AREA HARVESTED,UNITED STATES,US,99,
FIELD CROPS,00000000,00,US TOTAL,,,1997,,ALL CLASSES,,"CORN, SILAGE - ACRES HARVESTED",2012-01-01 00:00:00.000,CORN,,SILAGE,ANNUAL,,ACRES,,NATIONAL,US TOTAL,CROPS,ALL PRODUCTION PRACTICES,00,CENSUS,,,9000,AREA HARVESTED,,"5,771,666",YEAR,NOT SPECIFIED,,TOTAL,UNITED STATES,US,99,
FIELD CROPS,00000000,00,US TOTAL,,,1997,,ALL CLASSES,,"CORN, GRAIN, IRRIGATED - ACRES HARVESTED",2012-01-01 00:00:00.000,CORN,,GRAIN,ANNUAL,,ACRES,,NATIONAL,US TOTAL,CROPS,IRRIGATED,00,CENSUS,,,9000,AREA HARVESTED,,"2,801,440",YEAR,"AREA HARVESTED: (1,000 OR MORE ACRES)",,AREA HARVESTED,UNITED STATES,US,99,
FIELD CROPS,00000000,00,US TOTAL,,,1997,,ALL CLASSES,,"CORN, GRAIN, IRRIGATED - ACRES HARVESTED",2012-01-01 00:00:00.000,CORN,,GRAIN,ANNUAL,,ACRES,,NATIONAL,US TOTAL,CROPS,IRRIGATED,00,CENSUS,,,9000,AREA HARVESTED,,"1,937,925",YEAR,"AREA HARVESTED: (1,000 TO 1,999 ACRES)",,AREA HARVESTED,UNITED STATES,US,99,
FIELD CROPS,00000000,00,US TOTAL,,,1997,,ALL CLASSES,,"CORN, GRAIN, IRRIGATED - ACRES HARVESTED",2012-01-01 00:00:00.000,CORN,,GRAIN,ANNUAL,,ACRES,,NATIONAL,US TOTAL,CROPS,IRRIGATED,00,CENSUS,,,9000,AREA HARVESTED,,"11,647",YEAR,AREA HARVESTED: (1.0 TO 14.9 ACRES),,AREA HARVESTED,UNITED STATES,US,99,
FIELD CROPS,00000000,00,US TOTAL,,,1997,,ALL CLASSES,,"CORN, GRAIN, IRRIGATED - ACRES HARVESTED",2012-01-01 00:00:00.000,CORN,,GRAIN,ANNUAL,,ACRES,,NATIONAL,US TOTAL,CROPS,IRRIGATED,00,CENSUS,,,9000,AREA HARVESTED,,"1,583,338",YEAR,AREA HARVESTED: (100 TO 249 ACRES),,AREA HARVESTED,UNITED STATES,US,99,
FIELD CROPS,00000000,00,US TOTAL,,,1997,,ALL CLASSES,,"CORN, GRAIN, IRRIGATED - ACRES HARVESTED",2012-01-01 00:00:00.000,CORN,,GRAIN,ANNUAL,,ACRES,,NATIONAL,US TOTAL,CROPS,IRRIGATED,00,CENSUS,,,9000,AREA HARVESTED,,"22,201",YEAR,AREA HARVESTED: (15.0 TO 24.9 ACRES),,AREA HARVESTED,UNITED STATES,US,99,
FIELD CROPS,00000000,00,US TOTAL,,,1997,,ALL CLASSES,,"CORN, GRAIN, IRRIGATED - ACRES HARVESTED",2012-01-01 00:00:00.000,CORN,,GRAIN,ANNUAL,,ACRES,,NATIONAL,US TOTAL,CROPS,IRRIGATED,00,CENSUS,,,9000,AREA HARVESTED,,"506,195",YEAR,"AREA HARVESTED: (2,000 TO 2,999 ACRES)",,AREA HARVESTED,UNITED STATES,US,99,
FIELD CROPS,00000000,00,US TOTAL,,,1997,,ALL CLASSES,,"CORN, GRAIN, IRRIGATED - ACRES HARVESTED",2012-01-01 00:00:00.000,CORN,,GRAIN,ANNUAL,,ACRES,,NATIONAL,US TOTAL,CROPS,IRRIGATED,00,CENSUS,,,9000,AREA HARVESTED,,"94,646",YEAR,AREA HARVESTED: (25.0 TO 49.9 ACRES),,AREA HARVESTED,UNITED STATES,US,99,
FIELD CROPS,00000000,00,US TOTAL,,,1997,,ALL CLASSES,,"CORN, GRAIN, IRRIGATED - ACRES HARVESTED",2012-01-01 00:00:00.000,CORN,,GRAIN,ANNUAL,,ACRES,,NATIONAL,US TOTAL,CROPS,IRRIGATED,00,CENSUS,,,9000,AREA HARVESTED,,"2,638,567",YEAR,AREA HARVESTED: (250 TO 499 ACRES),,AREA HARVESTED,UNITED STATES,US,99,
FIELD CROPS,00000000,00,US TOTAL,,,1997,,ALL CLASSES,,"CORN, GRAIN, IRRIGATED - ACRES HARVESTED",2012-01-01 00:00:00.000,CORN,,GRAIN,ANNUAL,,ACRES,,NATIONAL,US TOTAL,CROPS,IRRIGATED,00,CENSUS,,,9000,AREA HARVESTED,,"245,414",YEAR,"AREA HARVESTED: (3,000 TO 4,999 ACRES)",,AREA HARVESTED,UNITED STATES,US,99,
FIELD CROPS,00000000,00,US TOTAL,,,1997,,ALL CLASSES,,"CORN, GRAIN, IRRIGATED - ACRES HARVESTED",2012-01-01 00:00:00.000,CORN,,GRAIN,ANNUAL,,ACRES,,NATIONAL,US TOTAL,CROPS,IRRIGATED,00,CENSUS,,,9000,AREA HARVESTED,,"111,906",YEAR,"AREA HARVESTED: (5,000 OR MORE ACRES)",,AREA HARVESTED,UNITED STATES,US,99,
FIELD CROPS,00000000,00,US TOTAL,,,1997,,ALL CLASSES,,"CORN, GRAIN, IRRIGATED - ACRES HARVESTED",2012-01-01 00:00:00.000,CORN,,GRAIN,ANNUAL,,ACRES,,NATIONAL,US TOTAL,CROPS,IRRIGATED,00,CENSUS,,,9000,AREA HARVESTED,,"350,606",YEAR,AREA HARVESTED: (50.0 TO 99.9 ACRES),,AREA HARVESTED,UNITED STATES,US,99,
FIELD CROPS,00000000,00,US TOTAL,,,1997,,ALL CLASSES,,"CORN, GRAIN, IRRIGATED - ACRES HARVESTED",2012-01-01 00:00:00.000,CORN,,GRAIN,ANNUAL,,ACRES,,NATIONAL,US TOTAL,CROPS,IRRIGATED,00,CENSUS,,,9000,AREA HARVESTED,,"3,313,761",YEAR,AREA HARVESTED: (500 TO 999 ACRES),,AREA HARVESTED,UNITED STATES,US,99,
FIELD CROPS,00000000,00,US TOTAL,,,1997,,ALL CLASSES,,"CORN, GRAIN, IRRIGATED - ACRES HARVESTED",2012-01-01 00:00:00.000,CORN,,GRAIN,ANNUAL,,ACRES,,NATIONAL,US TOTAL,CROPS,IRRIGATED,00,CENSUS,,,9000,AREA HARVESTED,,"10,816,206",YEAR,NOT SPECIFIED,,TOTAL,UNITED STATES,US,99,
FIELD CROPS,00000000,00,US TOTAL,,,1997,,ALL CLASSES,,"CORN, SILAGE, IRRIGATED - ACRES HARVESTED",2012-01-01 00:00:00.000,CORN,,SILAGE,ANNUAL,,ACRES,,NATIONAL,US TOTAL,CROPS,IRRIGATED,00,CENSUS,,,9000,AREA HARVESTED,,"110,317",YEAR,"AREA HARVESTED: (1,000 OR MORE ACRES)",,AREA HARVESTED,UNITED STATES,US,99,
FIELD CROPS,00000000,00,US TOTAL,,,1997,,ALL CLASSES,,"CORN, SILAGE, IRRIGATED - ACRES HARVESTED",2012-01-01 00:00:00.000,CORN,,SILAGE,ANNUAL,,ACRES,,NATIONAL,US TOTAL,CROPS,IRRIGATED,00,CENSUS,,,9000,AREA HARVESTED,,"11,479",YEAR,AREA HARVESTED: (1.0 TO 14.9 ACRES),,AREA HARVESTED,UNITED STATES,US,99,
FIELD CROPS,00000000,00,US TOTAL,,,1997,,ALL CLASSES,,"CORN, SILAGE, IRRIGATED - ACRES HARVESTED",2012-01-01 00:00:00.000,CORN,,SILAGE,ANNUAL,,ACRES,,NATIONAL,US TOTAL,CROPS,IRRIGATED,00,CENSUS,,,9000,AREA HARVESTED,,"329,970",YEAR,AREA HARVESTED: (100 TO 249 ACRES),,AREA HARVESTED,UNITED STATES,US,99,
FIELD CROPS,00000000,00,US TOTAL,,,1997,,ALL CLASSES,,"CORN, SILAGE, IRRIGATED - ACRES HARVESTED",2012-01-01 00:00:00.000,CORN,,SILAGE,ANNUAL,,ACRES,,NATIONAL,US TOTAL,CROPS,IRRIGATED,00,CENSUS,,,9000,AREA HARVESTED,,"25,998",YEAR,AREA HARVESTED: (15.0 TO 24.9 ACRES),,AREA HARVESTED,UNITED STATES,US,99,
FIELD CROPS,00000000,00,US TOTAL,,,1997,,ALL CLASSES,,"CORN, SILAGE, IRRIGATED - ACRES HARVESTED",2012-01-01 00:00:00.000,CORN,,SILAGE,ANNUAL,,ACRES,,NATIONAL,US TOTAL,CROPS,IRRIGATED,00,CENSUS,,,9000,AREA HARVESTED,,"78,872",YEAR,AREA HARVESTED: (25.0 TO 49.9 ACRES),,AREA HARVESTED,UNITED STATES,US,99,
FIELD CROPS,00000000,00,US TOTAL,,,1997,,ALL CLASSES,,"CORN, SILAGE, IRRIGATED - ACRES HARVESTED",2012-01-01 00:00:00.000,CORN,,SILAGE,ANNUAL,,ACRES,,NATIONAL,US TOTAL,CROPS,IRRIGATED,00,CENSUS,,,9000,AREA HARVESTED,,"200,997",YEAR,AREA HARVESTED: (250 TO 499 ACRES),,AREA HARVESTED,UNITED STATES,US,99,
FIELD CROPS,00000000,00,US TOTAL,,,1997,,ALL CLASSES,,"CORN, SILAGE, IRRIGATED - ACRES HARVESTED",2012-01-01 00:00:00.000,CORN,,SILAGE,ANNUAL,,ACRES,,NATIONAL,US TOTAL,CROPS,IRRIGATED,00,CENSUS,,,9000,AREA HARVESTED,,"153,641",YEAR,AREA HARVESTED: (50.0 TO 99.9 ACRES),,AREA HARVESTED,UNITED STATES,US,99,
FIELD CROPS,00000000,00,US TOTAL,,,1997,,ALL CLASSES,,"CORN, SILAGE, IRRIGATED - ACRES HARVESTED",2012-01-01 00:00:00.000,CORN,,SILAGE,ANNUAL,,ACRES,,NATIONAL,US TOTAL,CROPS,IRRIGATED,00,CENSUS,,,9000,AREA HARVESTED,,"132,699",YEAR,AREA HARVESTED: (500 TO 999 ACRES),,AREA HARVESTED,UNITED STATES,US,99,
FIELD CROPS,00000000,00,US TOTAL,,,1997,,ALL CLASSES,,"CORN, SILAGE, IRRIGATED - ACRES HARVESTED",2012-01-01 00:00:00.000,CORN,,SILAGE,ANNUAL,,ACRES,,NATIONAL,US TOTAL,CROPS,IRRIGATED,00,CENSUS,,,9000,AREA HARVESTED,,"1,043,973",YEAR,NOT SPECIFIED,,TOTAL,UNITED STATES,US,99,
FIELD CROPS,00000000,00,US TOTAL,,,2002,,ALL CLASSES,,"CORN, GRAIN - ACRES HARVESTED",2012-01-01 00:00:00.000,CORN,,GRAIN,ANNUAL,,ACRES,,NATIONAL,US TOTAL,CROPS,ALL PRODUCTION PRACTICES,00,CENSUS,,,9000,AREA HARVESTED,,"13,483,258",YEAR,"AREA HARVESTED: (1,000 OR MORE ACRES)",,AREA HARVESTED,UNITED STATES,US,99,
FIELD CROPS,00000000,00,US TOTAL,,,2002,,ALL CLASSES,,"CORN, GRAIN - ACRES HARVESTED",2012-01-01 00:00:00.000,CORN,,GRAIN,ANNUAL,,ACRES,,NATIONAL,US TOTAL,CROPS,ALL PRODUCTION PRACTICES,00,CENSUS,,,9000,AREA HARVESTED,,"9,622,218",YEAR,"AREA HARVESTED: (1,000 TO 1,999 ACRES)",,AREA HARVESTED,UNITED STATES,US,99,
FIELD CROPS,00000000,00,US TOTAL,,,2002,,ALL CLASSES,,"CORN, GRAIN - ACRES HARVESTED",2012-01-01 00:00:00.000,CORN,,GRAIN,ANNUAL,,ACRES,,NATIONAL,US TOTAL,CROPS,ALL PRODUCTION PRACTICES,00,CENSUS,,,9000,AREA HARVESTED,,"343,504",YEAR,AREA HARVESTED: (1.0 TO 14.9 ACRES),,AREA HARVESTED,UNITED STATES,US,99,
FIELD CROPS,00000000,00,US TOTAL,,,2002,,ALL CLASSES,,"CORN, GRAIN - ACRES HARVESTED",2012-01-01 00:00:00.000,CORN,,GRAIN,ANNUAL,,ACRES,,NATIONAL,US TOTAL,CROPS,ALL PRODUCTION PRACTICES,00,CENSUS,,,9000,AREA HARVESTED,,"13,012,959",YEAR,AREA HARVESTED: (100 TO 249 ACRES),,AREA HARVESTED,UNITED STATES,US,99,
FIELD CROPS,00000000,00,US TOTAL,,,2002,,ALL CLASSES,,"CORN, GRAIN - ACRES HARVESTED",2012-01-01 00:00:00.000,CORN,,GRAIN,ANNUAL,,ACRES,,NATIONAL,US TOTAL,CROPS,ALL PRODUCTION PRACTICES,00,CENSUS,,,9000,AREA HARVESTED,,"504,470",YEAR,AREA HARVESTED: (15.0 TO 24.9 ACRES),,AREA HARVESTED,UNITED STATES,US,99,
FIELD CROPS,00000000,00,US TOTAL,,,2002,,ALL CLASSES,,"CORN, GRAIN - ACRES HARVESTED",2012-01-01 00:00:00.000,CORN,,GRAIN,ANNUAL,,ACRES,,NATIONAL,US TOTAL,CROPS,ALL PRODUCTION PRACTICES,00,CENSUS,,,9000,AREA HARVESTED,,"2,233,269",YEAR,"AREA HARVESTED: (2,000 TO 2,999 ACRES)",,AREA HARVESTED,UNITED STATES,US,99,
FIELD CROPS,00000000,00,US TOTAL,,,2002,,ALL CLASSES,,"CORN, GRAIN - ACRES HARVESTED",2012-01-01 00:00:00.000,CORN,,GRAIN,ANNUAL,,ACRES,,NATIONAL,US TOTAL,CROPS,ALL PRODUCTION PRACTICES,00,CENSUS,,,9000,AREA HARVESTED,,"1,702,631",YEAR,AREA HARVESTED: (25.0 TO 49.9 ACRES),,AREA HARVESTED,UNITED STATES,US,99,
FIELD CROPS,00000000,00,US TOTAL,,,2002,,ALL CLASSES,,"CORN, GRAIN - ACRES HARVESTED",2012-01-01 00:00:00.000,CORN,,GRAIN,ANNUAL,,ACRES,,NATIONAL,US TOTAL,CROPS,ALL PRODUCTION PRACTICES,00,CENSUS,,,9000,AREA HARVESTED,,"16,826,251",YEAR,AREA HARVESTED: (250 TO 499 ACRES),,AREA HARVESTED,UNITED STATES,US,99,
FIELD CROPS,00000000,00,US TOTAL,,,2002,,ALL CLASSES,,"CORN, GRAIN - ACRES HARVESTED",2012-01-01 00:00:00.000,CORN,,GRAIN,ANNUAL,,ACRES,,NATIONAL,US TOTAL,CROPS,ALL PRODUCTION PRACTICES,00,CENSUS,,,9000,AREA HARVESTED,,"1,122,753",YEAR,"AREA HARVESTED: (3,000 TO 4,999 ACRES)",,AREA HARVESTED,UNITED STATES,US,99,
FIELD CROPS,00000000,00,US TOTAL,,,2002,,ALL CLASSES,,"CORN, GRAIN - ACRES HARVESTED",2012-01-01 00:00:00.000,CORN,,GRAIN,ANNUAL,,ACRES,,NATIONAL,US TOTAL,CROPS,ALL PRODUCTION PRACTICES,00,CENSUS,,,9000,AREA HARVESTED,,"505,018",YEAR,"AREA HARVESTED: (5,000 OR MORE ACRES)",,AREA HARVESTED,UNITED STATES,US,99,
FIELD CROPS,00000000,00,US TOTAL,,,2002,,ALL CLASSES,,"CORN, GRAIN - ACRES HARVESTED",2012-01-01 00:00:00.000,CORN,,GRAIN,ANNUAL,,ACRES,,NATIONAL,US TOTAL,CROPS,ALL PRODUCTION PRACTICES,00,CENSUS,,,9000,AREA HARVESTED,,"4,249,032",YEAR,AREA HARVESTED: (50.0 TO 99.9 ACRES),,AREA HARVESTED,UNITED STATES,US,99,
FIELD CROPS,00000000,00,US TOTAL,,,2002,,ALL CLASSES,,"CORN, GRAIN - ACRES HARVESTED",2012-01-01 00:00:00.000,CORN,,GRAIN,ANNUAL,,ACRES,,NATIONAL,US TOTAL,CROPS,ALL PRODUCTION PRACTICES,00,CENSUS,,,9000,AREA HARVESTED,,"18,108,418",YEAR,AREA HARVESTED: (500 TO 999 ACRES),,AREA HARVESTED,UNITED STATES,US,99,
FIELD CROPS,00000000,00,US TOTAL,,,2002,,ALL CLASSES,,"CORN, GRAIN - ACRES HARVESTED",2012-01-01 00:00:00.000,CORN,,GRAIN,ANNUAL,,ACRES,,NATIONAL,US TOTAL,CROPS,ALL PRODUCTION PRACTICES,00,CENSUS,,,9000,AREA HARVESTED,,"68,230,523",YEAR,NOT SPECIFIED,,TOTAL,UNITED STATES,US,99,
FIELD CROPS,00000000,00,US TOTAL,,,2002,,ALL CLASSES,,"CORN, SILAGE - ACRES HARVESTED",2012-01-01 00:00:00.000,CORN,,SILAGE,ANNUAL,,ACRES,,NATIONAL,US TOTAL,CROPS,ALL PRODUCTION PRACTICES,00,CENSUS,,,9000,AREA HARVESTED,,"402,619",YEAR,"AREA HARVESTED: (1,000 OR MORE ACRES)",,AREA HARVESTED,UNITED STATES,US,99,
FIELD CROPS,00000000,00,US TOTAL,,,2002,,ALL CLASSES,,"CORN, SILAGE - ACRES HARVESTED",2012-01-01 00:00:00.000,CORN,,SILAGE,ANNUAL,,ACRES,,NATIONAL,US TOTAL,CROPS,ALL PRODUCTION PRACTICES,00,CENSUS,,,9000,AREA HARVESTED,,"193,745",YEAR,AREA HARVESTED: (1.0 TO 14.9 ACRES),,AREA HARVESTED,UNITED STATES,US,99,
FIELD CROPS,00000000,00,US TOTAL,,,2002,,ALL CLASSES,,"CORN, SILAGE - ACRES HARVESTED",2012-01-01 00:00:00.000,CORN,,SILAGE,ANNUAL,,ACRES,,NATIONAL,US TOTAL,CROPS,ALL PRODUCTION PRACTICES,00,CENSUS,,,9000,AREA HARVESTED,,"1,869,092",YEAR,AREA HARVESTED: (100 TO 249 ACRES),,AREA HARVESTED,UNITED STATES,US,99,
FIELD CROPS,00000000,00,US TOTAL,,,2002,,ALL CLASSES,,"CORN, SILAGE - ACRES HARVESTED",2012-01-01 00:00:00.000,CORN,,SILAGE,ANNUAL,,ACRES,,NATIONAL,US TOTAL,CROPS,ALL PRODUCTION PRACTICES,00,CENSUS,,,9000,AREA HARVESTED,,"337,529",YEAR,AREA HARVESTED: (15.0 TO 24.9 ACRES),,AREA HARVESTED,UNITED STATES,US,99,
FIELD CROPS,00000000,00,US TOTAL,,,2002,,ALL CLASSES,,"CORN, SILAGE - ACRES HARVESTED",2012-01-01 00:00:00.000,CORN,,SILAGE,ANNUAL,,ACRES,,NATIONAL,US TOTAL,CROPS,ALL PRODUCTION PRACTICES,00,CENSUS,,,9000,AREA HARVESTED,,"859,347",YEAR,AREA HARVESTED: (25.0 TO 49.9 ACRES),,AREA HARVESTED,UNITED STATES,US,99,
FIELD CROPS,00000000,00,US TOTAL,,,2002,,ALL CLASSES,,"CORN, SILAGE - ACRES HARVESTED",2012-01-01 00:00:00.000,CORN,,SILAGE,ANNUAL,,ACRES,,NATIONAL,US TOTAL,CROPS,ALL PRODUCTION PRACTICES,00,CENSUS,,,9000,AREA HARVESTED,,"1,076,055",YEAR,AREA HARVESTED: (250 TO 499 ACRES),,AREA HARVESTED,UNITED STATES,US,99,
FIELD CROPS,00000000,00,US TOTAL,,,2002,,ALL CLASSES,,"CORN, SILAGE - ACRES HARVESTED",2012-01-01 00:00:00.000,CORN,,SILAGE,ANNUAL,,ACRES,,NATIONAL,US TOTAL,CROPS,ALL PRODUCTION PRACTICES,00,CENSUS,,,9000,AREA HARVESTED,,"1,265,960",YEAR,AREA HARVESTED: (50.0 TO 99.9 ACRES),,AREA HARVESTED,UNITED STATES,US,99,
FIELD CROPS,00000000,00,US TOTAL,,,2002,,ALL CLASSES,,"CORN, SILAGE - ACRES HARVESTED",2012-01-01 00:00:00.000,CORN,,SILAGE,ANNUAL,,ACRES,,NATIONAL,US TOTAL,CROPS,ALL PRODUCTION PRACTICES,00,CENSUS,,,9000,AREA HARVESTED,,"679,648",YEAR,AREA HARVESTED: (500 TO 999 ACRES),,AREA HARVESTED,UNITED STATES,US,99,
FIELD CROPS,00000000,00,US TOTAL,,,2002,,ALL CLASSES,,"CORN, SILAGE - ACRES HARVESTED",2012-01-01 00:00:00.000,CORN,,SILAGE,ANNUAL,,ACRES,,NATIONAL,US TOTAL,CROPS,ALL PRODUCTION PRACTICES,00,CENSUS,,,9000,AREA HARVESTED,,"6,683,995",YEAR,NOT SPECIFIED,,TOTAL,UNITED STATES,US,99,
FIELD CROPS,00000000,00,US TOTAL,,,2002,,ALL CLASSES,,"CORN, GRAIN, IRRIGATED - ACRES HARVESTED",2012-01-01 00:00:00.000,CORN,,GRAIN,ANNUAL,,ACRES,,NATIONAL,US TOTAL,CROPS,IRRIGATED,00,CENSUS,,,9000,AREA HARVESTED,,"3,127,172",YEAR,"AREA HARVESTED: (1,000 OR MORE ACRES)",,AREA HARVESTED,UNITED STATES,US,99,
FIELD CROPS,00000000,00,US TOTAL,,,2002,,ALL CLASSES,,"CORN, GRAIN, IRRIGATED - ACRES HARVESTED",2012-01-01 00:00:00.000,CORN,,GRAIN,ANNUAL,,ACRES,,NATIONAL,US TOTAL,CROPS,IRRIGATED,00,CENSUS,,,9000,AREA HARVESTED,,"2,020,806",YEAR,"AREA HARVESTED: (1,000 TO 1,999 ACRES)",,AREA HARVESTED,UNITED STATES,US,99,
FIELD CROPS,00000000,00,US TOTAL,,,2002,,ALL CLASSES,,"CORN, GRAIN, IRRIGATED - ACRES HARVESTED",2012-01-01 00:00:00.000,CORN,,GRAIN,ANNUAL,,ACRES,,NATIONAL,US TOTAL,CROPS,IRRIGATED,00,CENSUS,,,9000,AREA HARVESTED,,"7,815",YEAR,AREA HARVESTED: (1.0 TO 14.9 ACRES),,AREA HARVESTED,UNITED STATES,US,99,
FIELD CROPS,00000000,00,US TOTAL,,,2002,,ALL CLASSES,,"CORN, GRAIN, IRRIGATED - ACRES HARVESTED",2012-01-01 00:00:00.000,CORN,,GRAIN,ANNUAL,,ACRES,,NATIONAL,US TOTAL,CROPS,IRRIGATED,00,CENSUS,,,9000,AREA HARVESTED,,"1,223,318",YEAR,AREA HARVESTED: (100 TO 249 ACRES),,AREA HARVESTED,UNITED STATES,US,99,
FIELD CROPS,00000000,00,US TOTAL,,,2002,,ALL CLASSES,,"CORN, GRAIN, IRRIGATED - ACRES HARVESTED",2012-01-01 00:00:00.000,CORN,,GRAIN,ANNUAL,,ACRES,,NATIONAL,US TOTAL,CROPS,IRRIGATED,00,CENSUS,,,9000,AREA HARVESTED,,"14,941",YEAR,AREA HARVESTED: (15.0 TO 24.9 ACRES),,AREA HARVESTED,UNITED STATES,US,99,
FIELD CROPS,00000000,00,US TOTAL,,,2002,,ALL CLASSES,,"CORN, GRAIN, IRRIGATED - ACRES HARVESTED",2012-01-01 00:00:00.000,CORN,,GRAIN,ANNUAL,,ACRES,,NATIONAL,US TOTAL,CROPS,IRRIGATED,00,CENSUS,,,9000,AREA HARVESTED,,"597,430",YEAR,"AREA HARVESTED: (2,000 TO 2,999 ACRES)",,AREA HARVESTED,UNITED STATES,US,99,
FIELD CROPS,00000000,00,US TOTAL,,,2002,,ALL CLASSES,,"CORN, GRAIN, IRRIGATED - ACRES HARVESTED",2012-01-01 00:00:00.000,CORN,,GRAIN,ANNUAL,,ACRES,,NATIONAL,US TOTAL,CROPS,IRRIGATED,00,CENSUS,,,9000,AREA HARVESTED,,"71,532",YEAR,AREA HARVESTED: (25.0 TO 49.9 ACRES),,AREA HARVESTED,UNITED STATES,US,99,
FIELD CROPS,00000000,00,US TOTAL,,,2002,,ALL CLASSES,,"CORN, GRAIN, IRRIGATED - ACRES HARVESTED",2012-01-01 00:00:00.000,CORN,,GRAIN,ANNUAL,,ACRES,,NATIONAL,US TOTAL,CROPS,IRRIGATED,00,CENSUS,,,9000,AREA HARVESTED,,"2,066,141",YEAR,AREA HARVESTED: (250 TO 499 ACRES),,AREA HARVESTED,UNITED STATES,US,99,
FIELD CROPS,00000000,00,US TOTAL,,,2002,,ALL CLASSES,,"CORN, GRAIN, IRRIGATED - ACRES HARVESTED",2012-01-01 00:00:00.000,CORN,,GRAIN,ANNUAL,,ACRES,,NATIONAL,US TOTAL,CROPS,IRRIGATED,00,CENSUS,,,9000,AREA HARVESTED,,"339,238",YEAR,"AREA HARVESTED: (3,000 TO 4,999 ACRES)",,AREA HARVESTED,UNITED STATES,US,99,
FIELD CROPS,00000000,00,US TOTAL,,,2002,,ALL CLASSES,,"CORN, GRAIN, IRRIGATED - ACRES HARVESTED",2012-01-01 00:00:00.000,CORN,,GRAIN,ANNUAL,,ACRES,,NATIONAL,US TOTAL,CROPS,IRRIGATED,00,CENSUS,,,9000,AREA HARVESTED,,"169,698",YEAR,"AREA HARVESTED: (5,000 OR MORE ACRES)",,AREA HARVESTED,UNITED STATES,US,99,
FIELD CROPS,00000000,00,US TOTAL,,,2002,,ALL CLASSES,,"CORN, GRAIN, IRRIGATED - ACRES HARVESTED",2012-01-01 00:00:00.000,CORN,,GRAIN,ANNUAL,,ACRES,,NATIONAL,US TOTAL,CROPS,IRRIGATED,00,CENSUS,,,9000,AREA HARVESTED,,"265,788",YEAR,AREA HARVESTED: (50.0 TO 99.9 ACRES),,AREA HARVESTED,UNITED STATES,US,99,
FIELD CROPS,00000000,00,US TOTAL,,,2002,,ALL CLASSES,,"CORN, GRAIN, IRRIGATED - ACRES HARVESTED",2012-01-01 00:00:00.000,CORN,,GRAIN,ANNUAL,,ACRES,,NATIONAL,US TOTAL,CROPS,IRRIGATED,00,CENSUS,,,9000,AREA HARVESTED,,"2,933,165",YEAR,AREA HARVESTED: (500 TO 999 ACRES),,AREA HARVESTED,UNITED STATES,US,99,
FIELD CROPS,00000000,00,US TOTAL,,,2002,,ALL CLASSES,,"CORN, GRAIN, IRRIGATED - ACRES HARVESTED",2012-01-01 00:00:00.000,CORN,,GRAIN,ANNUAL,,ACRES,,NATIONAL,US TOTAL,CROPS,IRRIGATED,00,CENSUS,,,9000,AREA HARVESTED,,"9,709,872",YEAR,NOT SPECIFIED,,TOTAL,UNITED STATES,US,99,
FIELD CROPS,00000000,00,US TOTAL,,,2002,,ALL CLASSES,,"CORN, SILAGE, IRRIGATED - ACRES HARVESTED",2012-01-01 00:00:00.000,CORN,,SILAGE,ANNUAL,,ACRES,,NATIONAL,US TOTAL,CROPS,IRRIGATED,00,CENSUS,,,9000,AREA HARVESTED,,"170,876",YEAR,"AREA HARVESTED: (1,000 OR MORE ACRES)",,AREA HARVESTED,UNITED STATES,US,99,
FIELD CROPS,00000000,00,US TOTAL,,,2002,,ALL CLASSES,,"CORN, SILAGE, IRRIGATED - ACRES HARVESTED",2012-01-01 00:00:00.000,CORN,,SILAGE,ANNUAL,,ACRES,,NATIONAL,US TOTAL,CROPS,IRRIGATED,00,CENSUS,,,9000,AREA HARVESTED,,"7,787",YEAR,AREA HARVESTED: (1.0 TO 14.9 ACRES),,AREA HARVESTED,UNITED STATES,US,99,
FIELD CROPS,00000000,00,US TOTAL,,,2002,,ALL CLASSES,,"CORN, SILAGE, IRRIGATED - ACRES HARVESTED",2012-01-01 00:00:00.000,CORN,,SILAGE,ANNUAL,,ACRES,,NATIONAL,US TOTAL,CROPS,IRRIGATED,00,CENSUS,,,9000,AREA HARVESTED,,"432,008",YEAR,AREA HARVESTED: (100 TO 249 ACRES),,AREA HARVESTED,UNITED STATES,US,99,
FIELD CROPS,00000000,00,US TOTAL,,,2002,,ALL CLASSES,,"CORN, SILAGE, IRRIGATED - ACRES HARVESTED",2012-01-01 00:00:00.000,CORN,,SILAGE,ANNUAL,,ACRES,,NATIONAL,US TOTAL,CROPS,IRRIGATED,00,CENSUS,,,9000,AREA HARVESTED,,"18,734",YEAR,AREA HARVESTED: (15.0 TO 24.9 ACRES),,AREA HARVESTED,UNITED STATES,US,99,
FIELD CROPS,00000000,00,US TOTAL,,,2002,,ALL CLASSES,,"CORN, SILAGE, IRRIGATED - ACRES HARVESTED",2012-01-01 00:00:00.000,CORN,,SILAGE,ANNUAL,,ACRES,,NATIONAL,US TOTAL,CROPS,IRRIGATED,00,CENSUS,,,9000,AREA HARVESTED,,"69,882",YEAR,AREA HARVESTED: (25.0 TO 49.9 ACRES),,AREA HARVESTED,UNITED STATES,US,99,
FIELD CROPS,00000000,00,US TOTAL,,,2002,,ALL CLASSES,,"CORN, SILAGE, IRRIGATED - ACRES HARVESTED",2012-01-01 00:00:00.000,CORN,,SILAGE,ANNUAL,,ACRES,,NATIONAL,US TOTAL,CROPS,IRRIGATED,00,CENSUS,,,9000,AREA HARVESTED,,"336,613",YEAR,AREA HARVESTED: (250 TO 499 ACRES),,AREA HARVESTED,UNITED STATES,US,99,
FIELD CROPS,00000000,00,US TOTAL,,,2002,,ALL CLASSES,,"CORN, SILAGE, IRRIGATED - ACRES HARVESTED",2012-01-01 00:00:00.000,CORN,,SILAGE,ANNUAL,,ACRES,,NATIONAL,US TOTAL,CROPS,IRRIGATED,00,CENSUS,,,9000,AREA HARVESTED,,"164,353",YEAR,AREA HARVESTED: (50.0 TO 99.9 ACRES),,AREA HARVESTED,UNITED STATES,US,99,
FIELD CROPS,00000000,00,US TOTAL,,,2002,,ALL CLASSES,,"CORN, SILAGE, IRRIGATED - ACRES HARVESTED",2012-01-01 00:00:00.000,CORN,,SILAGE,ANNUAL,,ACRES,,NATIONAL,US TOTAL,CROPS,IRRIGATED,00,CENSUS,,,9000,AREA HARVESTED,,"253,455",YEAR,AREA HARVESTED: (500 TO 999 ACRES),,AREA HARVESTED,UNITED STATES,US,99,
FIELD CROPS,00000000,00,US TOTAL,,,2002,,ALL CLASSES,,"CORN, SILAGE, IRRIGATED - ACRES HARVESTED",2012-01-01 00:00:00.000,CORN,,SILAGE,ANNUAL,,ACRES,,NATIONAL,US TOTAL,CROPS,IRRIGATED,00,CENSUS,,,9000,AREA HARVESTED,,"1,453,708",YEAR,NOT SPECIFIED,,TOTAL,UNITED STATES,US,99,
FIELD CROPS,00000000,00,US TOTAL,,,2002,,ALL CLASSES,,"CORN, GRAIN, IRRIGATED, ENTIRE CROP - ACRES HARVESTED",2012-01-01 00:00:00.000,CORN,,GRAIN,ANNUAL,,ACRES,,NATIONAL,US TOTAL,CROPS,"IRRIGATED, ENTIRE CROP",00,CENSUS,,,9000,AREA HARVESTED,,"5,970,889",YEAR,NOT SPECIFIED,,TOTAL,UNITED STATES,US,99,
FIELD CROPS,00000000,00,US TOTAL,,,2002,,ALL CLASSES,,"CORN, SILAGE, IRRIGATED, ENTIRE CROP - ACRES HARVESTED",2012-01-01 00:00:00.000,CORN,,SILAGE,ANNUAL,,ACRES,,NATIONAL,US TOTAL,CROPS,"IRRIGATED, ENTIRE CROP",00,CENSUS,,,9000,AREA HARVESTED,,"1,323,599",YEAR,NOT SPECIFIED,,TOTAL,UNITED STATES,US,99,
FIELD CROPS,00000000,00,US TOTAL,,,2002,,ALL CLASSES,,"CORN, GRAIN, IRRIGATED, NONE OF CROP - ACRES HARVESTED",2012-01-01 00:00:00.000,CORN,,GRAIN,ANNUAL,,ACRES,,NATIONAL,US TOTAL,CROPS,"IRRIGATED, NONE OF CROP",00,CENSUS,,,9000,AREA HARVESTED,,"55,013,020",YEAR,NOT SPECIFIED,,TOTAL,UNITED STATES,US,99,
FIELD CROPS,00000000,00,US TOTAL,,,2002,,ALL CLASSES,,"CORN, SILAGE, IRRIGATED, NONE OF CROP - ACRES HARVESTED",2012-01-01 00:00:00.000,CORN,,SILAGE,ANNUAL,,ACRES,,NATIONAL,US TOTAL,CROPS,"IRRIGATED, NONE OF CROP",00,CENSUS,,,9000,AREA HARVESTED,,"5,066,863",YEAR,NOT SPECIFIED,,TOTAL,UNITED STATES,US,99,
FIELD CROPS,00000000,00,US TOTAL,,,2002,,ALL CLASSES,,"CORN, GRAIN, IRRIGATED, PART OF CROP, IRRIGATED PORTION - ACRES HARVESTED",2012-01-01 00:00:00.000,CORN,,GRAIN,ANNUAL,,ACRES,,NATIONAL,US TOTAL,CROPS,"IRRIGATED, PART OF CROP, IRRIGATED PORTION",00,CENSUS,,,9000,AREA HARVESTED,,"3,738,983",YEAR,NOT SPECIFIED,,TOTAL,UNITED STATES,US,99,
FIELD CROPS,00000000,00,US TOTAL,,,2002,,ALL CLASSES,,"CORN, SILAGE, IRRIGATED, PART OF CROP, IRRIGATED PORTION - ACRES HARVESTED",2012-01-01 00:00:00.000,CORN,,SILAGE,ANNUAL,,ACRES,,NATIONAL,US TOTAL,CROPS,"IRRIGATED, PART OF CROP, IRRIGATED PORTION",00,CENSUS,,,9000,AREA HARVESTED,,"130,109",YEAR,NOT SPECIFIED,,TOTAL,UNITED STATES,US,99,
FIELD CROPS,00000000,00,US TOTAL,,,2007,,ALL CLASSES,,CORN - ACRES HARVESTED,2012-12-31 00:00:00.000,CORN,,ALL UTILIZATION PRACTICES,ANNUAL,,ACRES,,NATIONAL,US TOTAL,CROPS,ALL PRODUCTION PRACTICES,00,CENSUS,,,9000,AREA HARVESTED,,"92,228,203",YEAR,NOT SPECIFIED,,TOTAL,UNITED STATES,US,99,
FIELD CROPS,00000000,00,US TOTAL,,,2007,,ALL CLASSES,,"CORN, GRAIN - ACRES HARVESTED",2012-01-01 00:00:00.000,CORN,,GRAIN,ANNUAL,,ACRES,,NATIONAL,US TOTAL,CROPS,ALL PRODUCTION PRACTICES,00,CENSUS,,,9000,AREA HARVESTED,,"27,456,899",YEAR,"AREA HARVESTED: (1,000 OR MORE ACRES)",,AREA HARVESTED,UNITED STATES,US,99,
FIELD CROPS,00000000,00,US TOTAL,,,2007,,ALL CLASSES,,"CORN, GRAIN - ACRES HARVESTED",2012-01-01 00:00:00.000,CORN,,GRAIN,ANNUAL,,ACRES,,NATIONAL,US TOTAL,CROPS,ALL PRODUCTION PRACTICES,00,CENSUS,,,9000,AREA HARVESTED,,"16,873,615",YEAR,"AREA HARVESTED: (1,000 TO 1,999 ACRES)",,AREA HARVESTED,UNITED STATES,US,99,
FIELD CROPS,00000000,00,US TOTAL,,,2007,,ALL CLASSES,,"CORN, GRAIN - ACRES HARVESTED",2012-01-01 00:00:00.000,CORN,,GRAIN,ANNUAL,,ACRES,,NATIONAL,US TOTAL,CROPS,ALL PRODUCTION PRACTICES,00,CENSUS,,,9000,AREA HARVESTED,,"321,984",YEAR,AREA HARVESTED: (1.0 TO 14.9 ACRES),,AREA HARVESTED,UNITED STATES,US,99,
FIELD CROPS,00000000,00,US TOTAL,,,2007,,ALL CLASSES,,"CORN, GRAIN - ACRES HARVESTED",2012-01-01 00:00:00.000,CORN,,GRAIN,ANNUAL,,ACRES,,NATIONAL,US TOTAL,CROPS,ALL PRODUCTION PRACTICES,00,CENSUS,,,9000,AREA HARVESTED,,"12,420,682",YEAR,AREA HARVESTED: (100 TO 249 ACRES),,AREA HARVESTED,UNITED STATES,US,99,
FIELD CROPS,00000000,00,US TOTAL,,,2007,,ALL CLASSES,,"CORN, GRAIN - ACRES HARVESTED",2012-01-01 00:00:00.000,CORN,,GRAIN,ANNUAL,,ACRES,,NATIONAL,US TOTAL,CROPS,ALL PRODUCTION PRACTICES,00,CENSUS,,,9000,AREA HARVESTED,,"464,222",YEAR,AREA HARVESTED: (15.0 TO 24.9 ACRES),,AREA HARVESTED,UNITED STATES,US,99,
FIELD CROPS,00000000,00,US TOTAL,,,2007,,ALL CLASSES,,"CORN, GRAIN - ACRES HARVESTED",2012-01-01 00:00:00.000,CORN,,GRAIN,ANNUAL,,ACRES,,NATIONAL,US TOTAL,CROPS,ALL PRODUCTION PRACTICES,00,CENSUS,,,9000,AREA HARVESTED,,"5,421,247",YEAR,"AREA HARVESTED: (2,000 TO 2,999 ACRES)",,AREA HARVESTED,UNITED STATES,US,99,
FIELD CROPS,00000000,00,US TOTAL,,,2007,,ALL CLASSES,,"CORN, GRAIN - ACRES HARVESTED",2012-01-01 00:00:00.000,CORN,,GRAIN,ANNUAL,,ACRES,,NATIONAL,US TOTAL,CROPS,ALL PRODUCTION PRACTICES,00,CENSUS,,,9000,AREA HARVESTED,,"1,592,019",YEAR,AREA HARVESTED: (25.0 TO 49.9 ACRES),,AREA HARVESTED,UNITED STATES,US,99,
FIELD CROPS,00000000,00,US TOTAL,,,2007,,ALL CLASSES,,"CORN, GRAIN - ACRES HARVESTED",2012-01-01 00:00:00.000,CORN,,GRAIN,ANNUAL,,ACRES,,NATIONAL,US TOTAL,CROPS,ALL PRODUCTION PRACTICES,00,CENSUS,,,9000,AREA HARVESTED,,"17,773,739",YEAR,AREA HARVESTED: (250 TO 499 ACRES),,AREA HARVESTED,UNITED STATES,US,99,
FIELD CROPS,00000000,00,US TOTAL,,,2007,,ALL CLASSES,,"CORN, GRAIN - ACRES HARVESTED",2012-01-01 00:00:00.000,CORN,,GRAIN,ANNUAL,,ACRES,,NATIONAL,US TOTAL,CROPS,ALL PRODUCTION PRACTICES,00,CENSUS,,,9000,AREA HARVESTED,,"3,563,268",YEAR,"AREA HARVESTED: (3,000 TO 4,999 ACRES)",,AREA HARVESTED,UNITED STATES,US,99,
FIELD CROPS,00000000,00,US TOTAL,,,2007,,ALL CLASSES,,"CORN, GRAIN - ACRES HARVESTED",2012-01-01 00:00:00.000,CORN,,GRAIN,ANNUAL,,ACRES,,NATIONAL,US TOTAL,CROPS,ALL PRODUCTION PRACTICES,00,CENSUS,,,9000,AREA HARVESTED,,"1,598,769",YEAR,"AREA HARVESTED: (5,000 OR MORE ACRES)",,AREA HARVESTED,UNITED STATES,US,99,
FIELD CROPS,00000000,00,US TOTAL,,,2007,,ALL CLASSES,,"CORN, GRAIN - ACRES HARVESTED",2012-01-01 00:00:00.000,CORN,,GRAIN,ANNUAL,,ACRES,,NATIONAL,US TOTAL,CROPS,ALL PRODUCTION PRACTICES,00,CENSUS,,,9000,AREA HARVESTED,,"3,983,761",YEAR,AREA HARVESTED: (50.0 TO 99.9 ACRES),,AREA HARVESTED,UNITED STATES,US,99,
FIELD CROPS,00000000,00,US TOTAL,,,2007,,ALL CLASSES,,"CORN, GRAIN - ACRES HARVESTED",2012-01-01 00:00:00.000,CORN,,GRAIN,ANNUAL,,ACRES,,NATIONAL,US TOTAL,CROPS,ALL PRODUCTION PRACTICES,00,CENSUS,,,9000,AREA HARVESTED,,"22,235,236",YEAR,AREA HARVESTED: (500 TO 999 ACRES),,AREA HARVESTED,UNITED STATES,US,99,
FIELD CROPS,00000000,00,US TOTAL,,,2007,,ALL CLASSES,,"CORN, GRAIN - ACRES HARVESTED",2012-01-01 00:00:00.000,CORN,,GRAIN,ANNUAL,,ACRES,,NATIONAL,US TOTAL,CROPS,ALL PRODUCTION PRACTICES,00,CENSUS,,,9000,AREA HARVESTED,,"86,248,542",YEAR,NOT SPECIFIED,,TOTAL,UNITED STATES,US,99,
FIELD CROPS,00000000,00,US TOTAL,,,2007,,ALL CLASSES,,"CORN, SILAGE - ACRES HARVESTED",2012-01-01 00:00:00.000,CORN,,SILAGE,ANNUAL,,ACRES,,NATIONAL,US TOTAL,CROPS,ALL PRODUCTION PRACTICES,00,CENSUS,,,9000,AREA HARVESTED,,"607,177",YEAR,"AREA HARVESTED: (1,000 OR MORE ACRES)",,AREA HARVESTED,UNITED STATES,US,99,
FIELD CROPS,00000000,00,US TOTAL,,,2007,,ALL CLASSES,,"CORN, SILAGE - ACRES HARVESTED",2012-01-01 00:00:00.000,CORN,,SILAGE,ANNUAL,,ACRES,,NATIONAL,US TOTAL,CROPS,ALL PRODUCTION PRACTICES,00,CENSUS,,,9000,AREA HARVESTED,,"158,923",YEAR,AREA HARVESTED: (1.0 TO 14.9 ACRES),,AREA HARVESTED,UNITED STATES,US,99,
FIELD CROPS,00000000,00,US TOTAL,,,2007,,ALL CLASSES,,"CORN, SILAGE - ACRES HARVESTED",2012-01-01 00:00:00.000,CORN,,SILAGE,ANNUAL,,ACRES,,NATIONAL,US TOTAL,CROPS,ALL PRODUCTION PRACTICES,00,CENSUS,,,9000,AREA HARVESTED,,"1,563,336",YEAR,AREA HARVESTED: (100 TO 249 ACRES),,AREA HARVESTED,UNITED STATES,US,99,
FIELD CROPS,00000000,00,US TOTAL,,,2007,,ALL CLASSES,,"CORN, SILAGE - ACRES HARVESTED",2012-01-01 00:00:00.000,CORN,,SILAGE,ANNUAL,,ACRES,,NATIONAL,US TOTAL,CROPS,ALL PRODUCTION PRACTICES,00,CENSUS,,,9000,AREA HARVESTED,,"277,358",YEAR,AREA HARVESTED: (15.0 TO 24.9 ACRES),,AREA HARVESTED,UNITED STATES,US,99,
FIELD CROPS,00000000,00,US TOTAL,,,2007,,ALL CLASSES,,"CORN, SILAGE - ACRES HARVESTED",2012-01-01 00:00:00.000,CORN,,SILAGE,ANNUAL,,ACRES,,NATIONAL,US TOTAL,CROPS,ALL PRODUCTION PRACTICES,00,CENSUS,,,9000,AREA HARVESTED,,"668,177",YEAR,AREA HARVESTED: (25.0 TO 49.9 ACRES),,AREA HARVESTED,UNITED STATES,US,99,
FIELD CROPS,00000000,00,US TOTAL,,,2007,,ALL CLASSES,,"CORN, SILAGE - ACRES HARVESTED",2012-01-01 00:00:00.000,CORN,,SILAGE,ANNUAL,,ACRES,,NATIONAL,US TOTAL,CROPS,ALL PRODUCTION PRACTICES,00,CENSUS,,,9000,AREA HARVESTED,,"956,488",YEAR,AREA HARVESTED: (250 TO 499 ACRES),,AREA HARVESTED,UNITED STATES,US,99,
FIELD CROPS,00000000,00,US TOTAL,,,2007,,ALL CLASSES,,"CORN, SILAGE - ACRES HARVESTED",2012-01-01 00:00:00.000,CORN,,SILAGE,ANNUAL,,ACRES,,NATIONAL,US TOTAL,CROPS,ALL PRODUCTION PRACTICES,00,CENSUS,,,9000,AREA HARVESTED,,"1,009,691",YEAR,AREA HARVESTED: (50.0 TO 99.9 ACRES),,AREA HARVESTED,UNITED STATES,US,99,
FIELD CROPS,00000000,00,US TOTAL,,,2007,,ALL CLASSES,,"CORN, SILAGE - ACRES HARVESTED",2012-01-01 00:00:00.000,CORN,,SILAGE,ANNUAL,,ACRES,,NATIONAL,US TOTAL,CROPS,ALL PRODUCTION PRACTICES,00,CENSUS,,,9000,AREA HARVESTED,,"738,511",YEAR,AREA HARVESTED: (500 TO 999 ACRES),,AREA HARVESTED,UNITED STATES,US,99,
FIELD CROPS,00000000,00,US TOTAL,,,2007,,ALL CLASSES,,"CORN, SILAGE - ACRES HARVESTED",2012-01-01 00:00:00.000,CORN,,SILAGE,ANNUAL,,ACRES,,NATIONAL,US TOTAL,CROPS,ALL PRODUCTION PRACTICES,00,CENSUS,,,9000,AREA HARVESTED,,"5,979,661",YEAR,NOT SPECIFIED,,TOTAL,UNITED STATES,US,99,
FIELD CROPS,00000000,00,US TOTAL,,,2007,,ALL CLASSES,,"CORN, GRAIN, IRRIGATED - ACRES HARVESTED",2012-01-01 00:00:00.000,CORN,,GRAIN,ANNUAL,,ACRES,,NATIONAL,US TOTAL,CROPS,IRRIGATED,00,CENSUS,,,9000,AREA HARVESTED,,"5,874,957",YEAR,"AREA HARVESTED: (1,000 OR MORE ACRES)",,AREA HARVESTED,UNITED STATES,US,99,
FIELD CROPS,00000000,00,US TOTAL,,,2007,,ALL CLASSES,,"CORN, GRAIN, IRRIGATED - ACRES HARVESTED",2012-01-01 00:00:00.000,CORN,,GRAIN,ANNUAL,,ACRES,,NATIONAL,US TOTAL,CROPS,IRRIGATED,00,CENSUS,,,9000,AREA HARVESTED,,"3,368,469",YEAR,"AREA HARVESTED: (1,000 TO 1,999 ACRES)",,AREA HARVESTED,UNITED STATES,US,99,
FIELD CROPS,00000000,00,US TOTAL,,,2007,,ALL CLASSES,,"CORN, GRAIN, IRRIGATED - ACRES HARVESTED",2012-01-01 00:00:00.000,CORN,,GRAIN,ANNUAL,,ACRES,,NATIONAL,US TOTAL,CROPS,IRRIGATED,00,CENSUS,,,9000,AREA HARVESTED,,"7,627",YEAR,AREA HARVESTED: (1.0 TO 14.9 ACRES),,AREA HARVESTED,UNITED STATES,US,99,
FIELD CROPS,00000000,00,US TOTAL,,,2007,,ALL CLASSES,,"CORN, GRAIN, IRRIGATED - ACRES HARVESTED",2012-01-01 00:00:00.000,CORN,,GRAIN,ANNUAL,,ACRES,,NATIONAL,US TOTAL,CROPS,IRRIGATED,00,CENSUS,,,9000,AREA HARVESTED,,"1,196,628",YEAR,AREA HARVESTED: (100 TO 249 ACRES),,AREA HARVESTED,UNITED STATES,US,99,
FIELD CROPS,00000000,00,US TOTAL,,,2007,,ALL CLASSES,,"CORN, GRAIN, IRRIGATED - ACRES HARVESTED",2012-01-01 00:00:00.000,CORN,,GRAIN,ANNUAL,,ACRES,,NATIONAL,US TOTAL,CROPS,IRRIGATED,00,CENSUS,,,9000,AREA HARVESTED,,"14,331",YEAR,AREA HARVESTED: (15.0 TO 24.9 ACRES),,AREA HARVESTED,UNITED STATES,US,99,
FIELD CROPS,00000000,00,US TOTAL,,,2007,,ALL CLASSES,,"CORN, GRAIN, IRRIGATED - ACRES HARVESTED",2012-01-01 00:00:00.000,CORN,,GRAIN,ANNUAL,,ACRES,,NATIONAL,US TOTAL,CROPS,IRRIGATED,00,CENSUS,,,9000,AREA HARVESTED,,"1,349,090",YEAR,"AREA HARVESTED: (2,000 TO 2,999 ACRES)",,AREA HARVESTED,UNITED STATES,US,99,
FIELD CROPS,00000000,00,US TOTAL,,,2007,,ALL CLASSES,,"CORN, GRAIN, IRRIGATED - ACRES HARVESTED",2012-01-01 00:00:00.000,CORN,,GRAIN,ANNUAL,,ACRES,,NATIONAL,US TOTAL,CROPS,IRRIGATED,00,CENSUS,,,9000,AREA HARVESTED,,"67,150",YEAR,AREA HARVESTED: (25.0 TO 49.9 ACRES),,AREA HARVESTED,UNITED STATES,US,99,
FIELD CROPS,00000000,00,US TOTAL,,,2007,,ALL CLASSES,,"CORN, GRAIN, IRRIGATED - ACRES HARVESTED",2012-01-01 00:00:00.000,CORN,,GRAIN,ANNUAL,,ACRES,,NATIONAL,US TOTAL,CROPS,IRRIGATED,00,CENSUS,,,9000,AREA HARVESTED,,"2,146,928",YEAR,AREA HARVESTED: (250 TO 499 ACRES),,AREA HARVESTED,UNITED STATES,US,99,
FIELD CROPS,00000000,00,US TOTAL,,,2007,,ALL CLASSES,,"CORN, GRAIN, IRRIGATED - ACRES HARVESTED",2012-01-01 00:00:00.000,CORN,,GRAIN,ANNUAL,,ACRES,,NATIONAL,US TOTAL,CROPS,IRRIGATED,00,CENSUS,,,9000,AREA HARVESTED,,"764,561",YEAR,"AREA HARVESTED: (3,000 TO 4,999 ACRES)",,AREA HARVESTED,UNITED STATES,US,99,
FIELD CROPS,00000000,00,US TOTAL,,,2007,,ALL CLASSES,,"CORN, GRAIN, IRRIGATED - ACRES HARVESTED",2012-01-01 00:00:00.000,CORN,,GRAIN,ANNUAL,,ACRES,,NATIONAL,US TOTAL,CROPS,IRRIGATED,00,CENSUS,,,9000,AREA HARVESTED,,"392,837",YEAR,"AREA HARVESTED: (5,000 OR MORE ACRES)",,AREA HARVESTED,UNITED STATES,US,99,
FIELD CROPS,00000000,00,US TOTAL,,,2007,,ALL CLASSES,,"CORN, GRAIN, IRRIGATED - ACRES HARVESTED",2012-01-01 00:00:00.000,CORN,,GRAIN,ANNUAL,,ACRES,,NATIONAL,US TOTAL,CROPS,IRRIGATED,00,CENSUS,,,9000,AREA HARVESTED,,"255,120",YEAR,AREA HARVESTED: (50.0 TO 99.9 ACRES),,AREA HARVESTED,UNITED STATES,US,99,
FIELD CROPS,00000000,00,US TOTAL,,,2007,,ALL CLASSES,,"CORN, GRAIN, IRRIGATED - ACRES HARVESTED",2012-01-01 00:00:00.000,CORN,,GRAIN,ANNUAL,,ACRES,,NATIONAL,US TOTAL,CROPS,IRRIGATED,00,CENSUS,,,9000,AREA HARVESTED,,"3,594,028",YEAR,AREA HARVESTED: (500 TO 999 ACRES),,AREA HARVESTED,UNITED STATES,US,99,
FIELD CROPS,00000000,00,US TOTAL,,,2007,,ALL CLASSES,,"CORN, GRAIN, IRRIGATED - ACRES HARVESTED",2012-01-01 00:00:00.000,CORN,,GRAIN,ANNUAL,,ACRES,,NATIONAL,US TOTAL,CROPS,IRRIGATED,00,CENSUS,,,9000,AREA HARVESTED,,"13,156,769",YEAR,NOT SPECIFIED,,TOTAL,UNITED STATES,US,99,
FIELD CROPS,00000000,00,US TOTAL,,,2007,,ALL CLASSES,,"CORN, SILAGE, IRRIGATED - ACRES HARVESTED",2012-01-01 00:00:00.000,CORN,,SILAGE,ANNUAL,,ACRES,,NATIONAL,US TOTAL,CROPS,IRRIGATED,00,CENSUS,,,9000,AREA HARVESTED,,"313,901",YEAR,"AREA HARVESTED: (1,000 OR MORE ACRES)",,AREA HARVESTED,UNITED STATES,US,99,
FIELD CROPS,00000000,00,US TOTAL,,,2007,,ALL CLASSES,,"CORN, SILAGE, IRRIGATED - ACRES HARVESTED",2012-01-01 00:00:00.000,CORN,,SILAGE,ANNUAL,,ACRES,,NATIONAL,US TOTAL,CROPS,IRRIGATED,00,CENSUS,,,9000,AREA HARVESTED,,"5,562",YEAR,AREA HARVESTED: (1.0 TO 14.9 ACRES),,AREA HARVESTED,UNITED STATES,US,99,
FIELD CROPS,00000000,00,US TOTAL,,,2007,,ALL CLASSES,,"CORN, SILAGE, IRRIGATED - ACRES HARVESTED",2012-01-01 00:00:00.000,CORN,,SILAGE,ANNUAL,,ACRES,,NATIONAL,US TOTAL,CROPS,IRRIGATED,00,CENSUS,,,9000,AREA HARVESTED,,"355,342",YEAR,AREA HARVESTED: (100 TO 249 ACRES),,AREA HARVESTED,UNITED STATES,US,99,
FIELD CROPS,00000000,00,US TOTAL,,,2007,,ALL CLASSES,,"CORN, SILAGE, IRRIGATED - ACRES HARVESTED",2012-01-01 00:00:00.000,CORN,,SILAGE,ANNUAL,,ACRES,,NATIONAL,US TOTAL,CROPS,IRRIGATED,00,CENSUS,,,9000,AREA HARVESTED,,"14,588",YEAR,AREA HARVESTED: (15.0 TO 24.9 ACRES),,AREA HARVESTED,UNITED STATES,US,99,
FIELD CROPS,00000000,00,US TOTAL,,,2007,,ALL CLASSES,,"CORN, SILAGE, IRRIGATED - ACRES HARVESTED",2012-01-01 00:00:00.000,CORN,,SILAGE,ANNUAL,,ACRES,,NATIONAL,US TOTAL,CROPS,IRRIGATED,00,CENSUS,,,9000,AREA HARVESTED,,"54,092",YEAR,AREA HARVESTED: (25.0 TO 49.9 ACRES),,AREA HARVESTED,UNITED STATES,US,99,
FIELD CROPS,00000000,00,US TOTAL,,,2007,,ALL CLASSES,,"CORN, SILAGE, IRRIGATED - ACRES HARVESTED",2012-01-01 00:00:00.000,CORN,,SILAGE,ANNUAL,,ACRES,,NATIONAL,US TOTAL,CROPS,IRRIGATED,00,CENSUS,,,9000,AREA HARVESTED,,"328,030",YEAR,AREA HARVESTED: (250 TO 499 ACRES),,AREA HARVESTED,UNITED STATES,US,99,
FIELD CROPS,00000000,00,US TOTAL,,,2007,,ALL CLASSES,,"CORN, SILAGE, IRRIGATED - ACRES HARVESTED",2012-01-01 00:00:00.000,CORN,,SILAGE,ANNUAL,,ACRES,,NATIONAL,US TOTAL,CROPS,IRRIGATED,00,CENSUS,,,9000,AREA HARVESTED,,"130,568",YEAR,AREA HARVESTED: (50.0 TO 99.9 ACRES),,AREA HARVESTED,UNITED STATES,US,99,
FIELD CROPS,00000000,00,US TOTAL,,,2007,,ALL CLASSES,,"CORN, SILAGE, IRRIGATED - ACRES HARVESTED",2012-01-01 00:00:00.000,CORN,,SILAGE,ANNUAL,,ACRES,,NATIONAL,US TOTAL,CROPS,IRRIGATED,00,CENSUS,,,9000,AREA HARVESTED,,"295,205",YEAR,AREA HARVESTED: (500 TO 999 ACRES),,AREA HARVESTED,UNITED STATES,US,99,
FIELD CROPS,00000000,00,US TOTAL,,,2007,,ALL CLASSES,,"CORN, SILAGE, IRRIGATED - ACRES HARVESTED",2012-01-01 00:00:00.000,CORN,,SILAGE,ANNUAL,,ACRES,,NATIONAL,US TOTAL,CROPS,IRRIGATED,00,CENSUS,,,9000,AREA HARVESTED,,"1,497,288",YEAR,NOT SPECIFIED,,TOTAL,UNITED STATES,US,99,
FIELD CROPS,00000000,00,US TOTAL,,,2007,,ALL CLASSES,,"CORN, GRAIN, IRRIGATED, ENTIRE CROP - ACRES HARVESTED",2012-01-01 00:00:00.000,CORN,,GRAIN,ANNUAL,,ACRES,,NATIONAL,US TOTAL,CROPS,"IRRIGATED, ENTIRE CROP",00,CENSUS,,,9000,AREA HARVESTED,,"6,103,769",YEAR,NOT SPECIFIED,,TOTAL,UNITED STATES,US,99,
FIELD CROPS,00000000,00,US TOTAL,,,2007,,ALL CLASSES,,"CORN, SILAGE, IRRIGATED, ENTIRE CROP - ACRES HARVESTED",2012-01-01 00:00:00.000,CORN,,SILAGE,ANNUAL,,ACRES,,NATIONAL,US TOTAL,CROPS,"IRRIGATED, ENTIRE CROP",00,CENSUS,,,9000,AREA HARVESTED,,"1,369,278",YEAR,NOT SPECIFIED,,TOTAL,UNITED STATES,US,99,
FIELD CROPS,00000000,00,US TOTAL,,,2007,,ALL CLASSES,,"CORN, GRAIN, IRRIGATED, NONE OF CROP - ACRES HARVESTED",2012-01-01 00:00:00.000,CORN,,GRAIN,ANNUAL,,ACRES,,NATIONAL,US TOTAL,CROPS,"IRRIGATED, NONE OF CROP",00,CENSUS,,,9000,AREA HARVESTED,,"66,656,287",YEAR,NOT SPECIFIED,,TOTAL,UNITED STATES,US,99,
FIELD CROPS,00000000,00,US TOTAL,,,2007,,ALL CLASSES,,"CORN, SILAGE, IRRIGATED, NONE OF CROP - ACRES HARVESTED",2012-01-01 00:00:00.000,CORN,,SILAGE,ANNUAL,,ACRES,,NATIONAL,US TOTAL,CROPS,"IRRIGATED, NONE OF CROP",00,CENSUS,,,9000,AREA HARVESTED,,"4,318,170",YEAR,NOT SPECIFIED,,TOTAL,UNITED STATES,US,99,
FIELD CROPS,00000000,00,US TOTAL,,,2007,,ALL CLASSES,,"CORN, GRAIN, IRRIGATED, PART OF CROP, IRRIGATED PORTION - ACRES HARVESTED",2012-01-01 00:00:00.000,CORN,,GRAIN,ANNUAL,,ACRES,,NATIONAL,US TOTAL,CROPS,"IRRIGATED, PART OF CROP, IRRIGATED PORTION",00,CENSUS,,,9000,AREA HARVESTED,,"7,053,000",YEAR,NOT SPECIFIED,,TOTAL,UNITED STATES,US,99,
FIELD CROPS,00000000,00,US TOTAL,,,2007,,ALL CLASSES,,"CORN, SILAGE, IRRIGATED, PART OF CROP, IRRIGATED PORTION - ACRES HARVESTED",2012-01-01 00:00:00.000,CORN,,SILAGE,ANNUAL,,ACRES,,NATIONAL,US TOTAL,CROPS,"IRRIGATED, PART OF CROP, IRRIGATED PORTION",00,CENSUS,,,9000,AREA HARVESTED,,"128,010",YEAR,NOT SPECIFIED,,TOTAL,UNITED STATES,US,99,
FIELD CROPS,00000000,00,US TOTAL,,,2008,,ALL CLASSES,,"CORN, GRAIN, ORGANIC - ACRES HARVESTED",2012-01-01 00:00:00.000,CORN,,GRAIN,ANNUAL,,ACRES,,NATIONAL,US TOTAL,CROPS,ORGANIC,00,CENSUS,,,9000,AREA HARVESTED,,"143,432",YEAR,ORGANIC STATUS: (NOP USDA CERTIFIED & EXEMPT),,ORGANIC STATUS,UNITED STATES,US,99,
FIELD CROPS,00000000,00,US TOTAL,,,2008,,ALL CLASSES,,"CORN, GRAIN, ORGANIC - ACRES HARVESTED",2012-01-01 00:00:00.000,CORN,,GRAIN,ANNUAL,,ACRES,,NATIONAL,US TOTAL,CROPS,ORGANIC,00,CENSUS,,,9000,AREA HARVESTED,,"143,074",YEAR,ORGANIC STATUS: (NOP USDA CERTIFIED),,ORGANIC STATUS,UNITED STATES,US,99,
FIELD CROPS,00000000,00,US TOTAL,,,2008,,ALL CLASSES,,"CORN, GRAIN, ORGANIC - ACRES HARVESTED",2012-01-01 00:00:00.000,CORN,,GRAIN,ANNUAL,,ACRES,,NATIONAL,US TOTAL,CROPS,ORGANIC,00,CENSUS,,,9000,AREA HARVESTED,,358,YEAR,ORGANIC STATUS: (NOP USDA EXEMPT),,ORGANIC STATUS,UNITED STATES,US,99,
FIELD CROPS,00000000,00,US TOTAL,,,2008,,ALL CLASSES,,"CORN, SILAGE, ORGANIC - ACRES HARVESTED",2012-01-01 00:00:00.000,CORN,,SILAGE,ANNUAL,,ACRES,,NATIONAL,US TOTAL,CROPS,ORGANIC,00,CENSUS,,,9000,AREA HARVESTED,,"24,871",YEAR,ORGANIC STATUS: (NOP USDA CERTIFIED & EXEMPT),,ORGANIC STATUS,UNITED STATES,US,99,
FIELD CROPS,00000000,00,US TOTAL,,,2008,,ALL CLASSES,,"CORN, SILAGE, ORGANIC - ACRES HARVESTED",2012-01-01 00:00:00.000,CORN,,SILAGE,ANNUAL,,ACRES,,NATIONAL,US TOTAL,CROPS,ORGANIC,00,CENSUS,,,9000,AREA HARVESTED,,"24,832",YEAR,ORGANIC STATUS: (NOP USDA CERTIFIED),,ORGANIC STATUS,UNITED STATES,US,99,
FIELD CROPS,00000000,00,US TOTAL,,,2008,,ALL CLASSES,,"CORN, SILAGE, ORGANIC - ACRES HARVESTED",2012-01-01 00:00:00.000,CORN,,SILAGE,ANNUAL,,ACRES,,NATIONAL,US TOTAL,CROPS,ORGANIC,00,CENSUS,,,9000,AREA HARVESTED,,39,YEAR,ORGANIC STATUS: (NOP USDA EXEMPT),,ORGANIC STATUS,UNITED STATES,US,99,
FIELD CROPS,00000000,00,US TOTAL,,,2011,,ALL CLASSES,,"CORN, GRAIN, ORGANIC - ACRES HARVESTED",2012-12-31 00:00:00.000,CORN,,GRAIN,ANNUAL,,ACRES,,NATIONAL,US TOTAL,CROPS,ORGANIC,00,CENSUS,,,9000,AREA HARVESTED,,"134,877",YEAR,ORGANIC STATUS: (NOP USDA CERTIFIED),,ORGANIC STATUS,UNITED STATES,US,99,
FIELD CROPS,00000000,00,US TOTAL,,,2011,,ALL CLASSES,,"CORN, SILAGE, ORGANIC - ACRES HARVESTED",2012-12-31 00:00:00.000,CORN,,SILAGE,ANNUAL,,ACRES,,NATIONAL,US TOTAL,CROPS,ORGANIC,00,CENSUS,,,9000,AREA HARVESTED,,"34,023",YEAR,ORGANIC STATUS: (NOP USDA CERTIFIED),,ORGANIC STATUS,UNITED STATES,US,99,
FIELD CROPS,00000000,00,US TOTAL,,,2012,,ALL CLASSES,,CORN - ACRES HARVESTED,2012-12-31 00:00:00.000,CORN,,ALL UTILIZATION PRACTICES,ANNUAL,,ACRES,,NATIONAL,US TOTAL,CROPS,ALL PRODUCTION PRACTICES,00,CENSUS,,,9000,AREA HARVESTED,,"94,609,673",YEAR,NOT SPECIFIED,,TOTAL,UNITED STATES,US,99,
FIELD CROPS,00000000,00,US TOTAL,,,2012,,ALL CLASSES,1.5,"CORN, GRAIN - ACRES HARVESTED",2012-12-31 00:00:00.000,CORN,,GRAIN,ANNUAL,,ACRES,,NATIONAL,US TOTAL,CROPS,ALL PRODUCTION PRACTICES,00,CENSUS,,,9000,AREA HARVESTED,,"30,028,386",YEAR,"AREA HARVESTED: (1,000 OR MORE ACRES)",,AREA HARVESTED,UNITED STATES,US,99,
FIELD CROPS,00000000,00,US TOTAL,,,2012,,ALL CLASSES,2.1,"CORN, GRAIN - ACRES HARVESTED",2012-12-31 00:00:00.000,CORN,,GRAIN,ANNUAL,,ACRES,,NATIONAL,US TOTAL,CROPS,ALL PRODUCTION PRACTICES,00,CENSUS,,,9000,AREA HARVESTED,,"17,976,608",YEAR,"AREA HARVESTED: (1,000 TO 1,999 ACRES)",,AREA HARVESTED,UNITED STATES,US,99,
FIELD CROPS,00000000,00,US TOTAL,,,2012,,ALL CLASSES,2.2,"CORN, GRAIN - ACRES HARVESTED",2012-12-31 00:00:00.000,CORN,,GRAIN,ANNUAL,,ACRES,,NATIONAL,US TOTAL,CROPS,ALL PRODUCTION PRACTICES,00,CENSUS,,,9000,AREA HARVESTED,,"344,883",YEAR,AREA HARVESTED: (1.0 TO 14.9 ACRES),,AREA HARVESTED,UNITED STATES,US,99,
FIELD CROPS,00000000,00,US TOTAL,,,2012,,ALL CLASSES,5.9,"CORN, GRAIN - ACRES HARVESTED",2012-12-31 00:00:00.000,CORN,,GRAIN,ANNUAL,,ACRES,,NATIONAL,US TOTAL,CROPS,ALL PRODUCTION PRACTICES,00,CENSUS,,,9000,AREA HARVESTED,,"11,959,698",YEAR,AREA HARVESTED: (100 TO 249 ACRES),,AREA HARVESTED,UNITED STATES,US,99,
FIELD CROPS,00000000,00,US TOTAL,,,2012,,ALL CLASSES,3.9,"CORN, GRAIN - ACRES HARVESTED",2012-12-31 00:00:00.000,CORN,,GRAIN,ANNUAL,,ACRES,,NATIONAL,US TOTAL,CROPS,ALL PRODUCTION PRACTICES,00,CENSUS,,,9000,AREA HARVESTED,,"489,143",YEAR,AREA HARVESTED: (15.0 TO 24.9 ACRES),,AREA HARVESTED,UNITED STATES,US,99,
FIELD CROPS,00000000,00,US TOTAL,,,2012,,ALL CLASSES,2.2,"CORN, GRAIN - ACRES HARVESTED",2012-12-31 00:00:00.000,CORN,,GRAIN,ANNUAL,,ACRES,,NATIONAL,US TOTAL,CROPS,ALL PRODUCTION PRACTICES,00,CENSUS,,,9000,AREA HARVESTED,,"5,737,318",YEAR,"AREA HARVESTED: (2,000 TO 2,999 ACRES)",,AREA HARVESTED,UNITED STATES,US,99,
FIELD CROPS,00000000,00,US TOTAL,,,2012,,ALL CLASSES,4.1,"CORN, GRAIN - ACRES HARVESTED",2012-12-31 00:00:00.000,CORN,,GRAIN,ANNUAL,,ACRES,,NATIONAL,US TOTAL,CROPS,ALL PRODUCTION PRACTICES,00,CENSUS,,,9000,AREA HARVESTED,,"1,620,032",YEAR,AREA HARVESTED: (25.0 TO 49.9 ACRES),,AREA HARVESTED,UNITED STATES,US,99,
FIELD CROPS,00000000,00,US TOTAL,,,2012,,ALL CLASSES,2.3,"CORN, GRAIN - ACRES HARVESTED",2012-12-31 00:00:00.000,CORN,,GRAIN,ANNUAL,,ACRES,,NATIONAL,US TOTAL,CROPS,ALL PRODUCTION PRACTICES,00,CENSUS,,,9000,AREA HARVESTED,,"16,966,822",YEAR,AREA HARVESTED: (250 TO 499 ACRES),,AREA HARVESTED,UNITED STATES,US,99,
FIELD CROPS,00000000,00,US TOTAL,,,2012,,ALL CLASSES,3.1,"CORN, GRAIN - ACRES HARVESTED",2012-12-31 00:00:00.000,CORN,,GRAIN,ANNUAL,,ACRES,,NATIONAL,US TOTAL,CROPS,ALL PRODUCTION PRACTICES,00,CENSUS,,,9000,AREA HARVESTED,,"3,539,410",YEAR,"AREA HARVESTED: (3,000 TO 4,999 ACRES)",,AREA HARVESTED,UNITED STATES,US,99,
FIELD CROPS,00000000,00,US TOTAL,,,2012,,ALL CLASSES,14.5,"CORN, GRAIN - ACRES HARVESTED",2012-12-31 00:00:00.000,CORN,,GRAIN,ANNUAL,,ACRES,,NATIONAL,US TOTAL,CROPS,ALL PRODUCTION PRACTICES,00,CENSUS,,,9000,AREA HARVESTED,,"2,775,050",YEAR,"AREA HARVESTED: (5,000 OR MORE ACRES)",,AREA HARVESTED,UNITED STATES,US,99,
FIELD CROPS,00000000,00,US TOTAL,,,2012,,ALL CLASSES,2.9,"CORN, GRAIN - ACRES HARVESTED",2012-12-31 00:00:00.000,CORN,,GRAIN,ANNUAL,,ACRES,,NATIONAL,US TOTAL,CROPS,ALL PRODUCTION PRACTICES,00,CENSUS,,,9000,AREA HARVESTED,,"3,929,956",YEAR,AREA HARVESTED: (50.0 TO 99.9 ACRES),,AREA HARVESTED,UNITED STATES,US,99,
FIELD CROPS,00000000,00,US TOTAL,,,2012,,ALL CLASSES,2.1,"CORN, GRAIN - ACRES HARVESTED",2012-12-31 00:00:00.000,CORN,,GRAIN,ANNUAL,,ACRES,,NATIONAL,US TOTAL,CROPS,ALL PRODUCTION PRACTICES,00,CENSUS,,,9000,AREA HARVESTED,,"22,074,125",YEAR,AREA HARVESTED: (500 TO 999 ACRES),,AREA HARVESTED,UNITED STATES,US,99,
FIELD CROPS,00000000,00,US TOTAL,,,2012,,ALL CLASSES,2.1,"CORN, GRAIN - ACRES HARVESTED",2012-12-31 00:00:00.000,CORN,,GRAIN,ANNUAL,,ACRES,,NATIONAL,US TOTAL,CROPS,ALL PRODUCTION PRACTICES,00,CENSUS,,,9000,AREA HARVESTED,,"22,915,778",YEAR,"AREA OPERATED: (1,000 TO 1,999 ACRES)",,AREA OPERATED,UNITED STATES,US,99,
FIELD CROPS,00000000,00,US TOTAL,,,2012,,ALL CLASSES,4.4,"CORN, GRAIN - ACRES HARVESTED",2012-12-31 00:00:00.000,CORN,,GRAIN,ANNUAL,,ACRES,,NATIONAL,US TOTAL,CROPS,ALL PRODUCTION PRACTICES,00,CENSUS,,,9000,AREA HARVESTED,,"11,756",YEAR,AREA OPERATED: (1.0 TO 9.9 ACRES),,AREA OPERATED,UNITED STATES,US,99,
FIELD CROPS,00000000,00,US TOTAL,,,2012,,ALL CLASSES,4.1,"CORN, GRAIN - ACRES HARVESTED",2012-12-31 00:00:00.000,CORN,,GRAIN,ANNUAL,,ACRES,,NATIONAL,US TOTAL,CROPS,ALL PRODUCTION PRACTICES,00,CENSUS,,,9000,AREA HARVESTED,,"355,151",YEAR,AREA OPERATED: (10.0 TO 49.9 ACRES),,AREA OPERATED,UNITED STATES,US,99,
FIELD CROPS,00000000,00,US TOTAL,,,2012,,ALL CLASSES,2.1,"CORN, GRAIN - ACRES HARVESTED",2012-12-31 00:00:00.000,CORN,,GRAIN,ANNUAL,,ACRES,,NATIONAL,US TOTAL,CROPS,ALL PRODUCTION PRACTICES,00,CENSUS,,,9000,AREA HARVESTED,,"986,677",YEAR,AREA OPERATED: (100 TO 139 ACRES),,AREA OPERATED,UNITED STATES,US,99,
FIELD CROPS,00000000,00,US TOTAL,,,2012,,ALL CLASSES,5.1,"CORN, GRAIN - ACRES HARVESTED",2012-12-31 00:00:00.000,CORN,,GRAIN,ANNUAL,,ACRES,,NATIONAL,US TOTAL,CROPS,ALL PRODUCTION PRACTICES,00,CENSUS,,,9000,AREA HARVESTED,,"1,330,673",YEAR,AREA OPERATED: (140 TO 179 ACRES),,AREA OPERATED,UNITED STATES,US,99,
FIELD CROPS,00000000,00,US TOTAL,,,2012,,ALL CLASSES,10.4,"CORN, GRAIN - ACRES HARVESTED",2012-12-31 00:00:00.000,CORN,,GRAIN,ANNUAL,,ACRES,,NATIONAL,US TOTAL,CROPS,ALL PRODUCTION PRACTICES,00,CENSUS,,,9000,AREA HARVESTED,,"1,212,970",YEAR,AREA OPERATED: (180 TO 219 ACRES),,AREA OPERATED,UNITED STATES,US,99,
FIELD CROPS,00000000,00,US TOTAL,,,2012,,ALL CLASSES,1.3,"CORN, GRAIN - ACRES HARVESTED",2012-12-31 00:00:00.000,CORN,,GRAIN,ANNUAL,,ACRES,,NATIONAL,US TOTAL,CROPS,ALL PRODUCTION PRACTICES,00,CENSUS,,,9000,AREA HARVESTED,,"33,855,575",YEAR,"AREA OPERATED: (2,000 OR MORE ACRES)",,AREA OPERATED,UNITED STATES,US,99,
FIELD CROPS,00000000,00,US TOTAL,,,2012,,ALL CLASSES,12.4,"CORN, GRAIN - ACRES HARVESTED",2012-12-31 00:00:00.000,CORN,,GRAIN,ANNUAL,,ACRES,,NATIONAL,US TOTAL,CROPS,ALL PRODUCTION PRACTICES,00,CENSUS,,,9000,AREA HARVESTED,,"1,319,216",YEAR,AREA OPERATED: (220 TO 259 ACRES),,AREA OPERATED,UNITED STATES,US,99,
FIELD CROPS,00000000,00,US TOTAL,,,2012,,ALL CLASSES,7.0,"CORN, GRAIN - ACRES HARVESTED",2012-12-31 00:00:00.000,CORN,,GRAIN,ANNUAL,,ACRES,,NATIONAL,US TOTAL,CROPS,ALL PRODUCTION PRACTICES,00,CENSUS,,,9000,AREA HARVESTED,,"8,073,334",YEAR,AREA OPERATED: (260 TO 499 ACRES),,AREA OPERATED,UNITED STATES,US,99,
FIELD CROPS,00000000,00,US TOTAL,,,2012,,ALL CLASSES,4.9,"CORN, GRAIN - ACRES HARVESTED",2012-12-31 00:00:00.000,CORN,,GRAIN,ANNUAL,,ACRES,,NATIONAL,US TOTAL,CROPS,ALL PRODUCTION PRACTICES,00,CENSUS,,,9000,AREA HARVESTED,,"293,322",YEAR,AREA OPERATED: (50.0 TO 69.9 ACRES),,AREA OPERATED,UNITED STATES,US,99,
FIELD CROPS,00000000,00,US TOTAL,,,2012,,ALL CLASSES,2.2,"CORN, GRAIN - ACRES HARVESTED",2012-12-31 00:00:00.000,CORN,,GRAIN,ANNUAL,,ACRES,,NATIONAL,US TOTAL,CROPS,ALL PRODUCTION PRACTICES,00,CENSUS,,,9000,AREA HARVESTED,,"16,345,573",YEAR,AREA OPERATED: (500 TO 999 ACRES),,AREA OPERATED,UNITED STATES,US,99,
FIELD CROPS,00000000,00,US TOTAL,,,2012,,ALL CLASSES,5.1,"CORN, GRAIN - ACRES HARVESTED",2012-12-31 00:00:00.000,CORN,,GRAIN,ANNUAL,,ACRES,,NATIONAL,US TOTAL,CROPS,ALL PRODUCTION PRACTICES,00,CENSUS,,,9000,AREA HARVESTED,,"713,020",YEAR,AREA OPERATED: (70.0 TO 99.9 ACRES),,AREA OPERATED,UNITED STATES,US,99,
FIELD CROPS,00000000,00,US TOTAL,,,2012,,ALL CLASSES,6.3,"CORN, GRAIN - ACRES HARVESTED",2012-12-31 00:00:00.000,CORN,,GRAIN,ANNUAL,,ACRES,,NATIONAL,US TOTAL,CROPS,ALL PRODUCTION PRACTICES,00,CENSUS,,,9000,AREA HARVESTED,,"30,968",YEAR,"ECONOMIC CLASS: (1,000 TO 2,499 $)",,ECONOMIC CLASS,UNITED STATES,US,99,
FIELD CROPS,00000000,00,US TOTAL,,,2012,,ALL CLASSES,4.8,"CORN, GRAIN - ACRES HARVESTED",2012-12-31 00:00:00.000,CORN,,GRAIN,ANNUAL,,ACRES,,NATIONAL,US TOTAL,CROPS,ALL PRODUCTION PRACTICES,00,CENSUS,,,9000,AREA HARVESTED,,"41,198,719",YEAR,"ECONOMIC CLASS: (1,000,000 OR MORE $)",,ECONOMIC CLASS,UNITED STATES,US,99,
FIELD CROPS,00000000,00,US TOTAL,,,2012,,ALL CLASSES,7.0,"CORN, GRAIN - ACRES HARVESTED",2012-12-31 00:00:00.000,CORN,,GRAIN,ANNUAL,,ACRES,,NATIONAL,US TOTAL,CROPS,ALL PRODUCTION PRACTICES,00,CENSUS,,,9000,AREA HARVESTED,,"595,900",YEAR,"ECONOMIC CLASS: (10,000 TO 24,999 $)",,ECONOMIC CLASS,UNITED STATES,US,99,
FIELD CROPS,00000000,00,US TOTAL,,,2012,,ALL CLASSES,8.6,"CORN, GRAIN - ACRES HARVESTED",2012-12-31 00:00:00.000,CORN,,GRAIN,ANNUAL,,ACRES,,NATIONAL,US TOTAL,CROPS,ALL PRODUCTION PRACTICES,00,CENSUS,,,9000,AREA HARVESTED,,"8,146,854",YEAR,"ECONOMIC CLASS: (100,000 TO 249,999 $)",,ECONOMIC CLASS,UNITED STATES,US,99,
FIELD CROPS,00000000,00,US TOTAL,,,2012,,ALL CLASSES,3.7,"CORN, GRAIN - ACRES HARVESTED",2012-12-31 00:00:00.000,CORN,,GRAIN,ANNUAL,,ACRES,,NATIONAL,US TOTAL,CROPS,ALL PRODUCTION PRACTICES,00,CENSUS,,,9000,AREA HARVESTED,,"70,245",YEAR,"ECONOMIC CLASS: (2,500 TO 4,999 $)",,ECONOMIC CLASS,UNITED STATES,US,99,
FIELD CROPS,00000000,00,US TOTAL,,,2012,,ALL CLASSES,6.9,"CORN, GRAIN - ACRES HARVESTED",2012-12-31 00:00:00.000,CORN,,GRAIN,ANNUAL,,ACRES,,NATIONAL,US TOTAL,CROPS,ALL PRODUCTION PRACTICES,00,CENSUS,,,9000,AREA HARVESTED,,"1,199,521",YEAR,"ECONOMIC CLASS: (25,000 TO 49,999 $)",,ECONOMIC CLASS,UNITED STATES,US,99,
FIELD CROPS,00000000,00,US TOTAL,,,2012,,ALL CLASSES,4.3,"CORN, GRAIN - ACRES HARVESTED",2012-12-31 00:00:00.000,CORN,,GRAIN,ANNUAL,,ACRES,,NATIONAL,US TOTAL,CROPS,ALL PRODUCTION PRACTICES,00,CENSUS,,,9000,AREA HARVESTED,,"13,202,993",YEAR,"ECONOMIC CLASS: (250,000 TO 499,999 $)",,ECONOMIC CLASS,UNITED STATES,US,99,
FIELD CROPS,00000000,00,US TOTAL,,,2012,,ALL CLASSES,5.9,"CORN, GRAIN - ACRES HARVESTED",2012-12-31 00:00:00.000,CORN,,GRAIN,ANNUAL,,ACRES,,NATIONAL,US TOTAL,CROPS,ALL PRODUCTION PRACTICES,00,CENSUS,,,9000,AREA HARVESTED,,"184,558",YEAR,"ECONOMIC CLASS: (5,000 TO 9,999 $)",,ECONOMIC CLASS,UNITED STATES,US,99,
FIELD CROPS,00000000,00,US TOTAL,,,2012,,ALL CLASSES,11.9,"CORN, GRAIN - ACRES HARVESTED",2012-12-31 00:00:00.000,CORN,,GRAIN,ANNUAL,,ACRES,,NATIONAL,US TOTAL,CROPS,ALL PRODUCTION PRACTICES,00,CENSUS,,,9000,AREA HARVESTED,,"2,904,027",YEAR,"ECONOMIC CLASS: (50,000 TO 99,999 $)",,ECONOMIC CLASS,UNITED STATES,US,99,
FIELD CROPS,00000000,00,US TOTAL,,,2012,,ALL CLASSES,8.4,"CORN, GRAIN - ACRES HARVESTED",2012-12-31 00:00:00.000,CORN,,GRAIN,ANNUAL,,ACRES,,NATIONAL,US TOTAL,CROPS,ALL PRODUCTION PRACTICES,00,CENSUS,,,9000,AREA HARVESTED,,"19,868,415",YEAR,"ECONOMIC CLASS: (500,000 TO 999,999 $)",,ECONOMIC CLASS,UNITED STATES,US,99,
FIELD CROPS,00000000,00,US TOTAL,,,2012,,ALL CLASSES,9.4,"CORN, GRAIN - ACRES HARVESTED",2012-12-31 00:00:00.000,CORN,,GRAIN,ANNUAL,,ACRES,,NATIONAL,US TOTAL,CROPS,ALL PRODUCTION PRACTICES,00,CENSUS,,,9000,AREA HARVESTED,,"10,845",YEAR,"ECONOMIC CLASS: (LESS THAN 1,000 $)",,ECONOMIC CLASS,UNITED STATES,US,99,
FIELD CROPS,00000000,00,US TOTAL,,,2012,,ALL CLASSES,4.4,"CORN, GRAIN - ACRES HARVESTED",2012-12-31 00:00:00.000,CORN,,GRAIN,ANNUAL,,ACRES,,NATIONAL,US TOTAL,CROPS,ALL PRODUCTION PRACTICES,00,CENSUS,,,9000,AREA HARVESTED,,"37,086",YEAR,"FARM SALES: (1,000 TO 2,499 $)",,FARM SALES,UNITED STATES,US,99,
FIELD CROPS,00000000,00,US TOTAL,,,2012,,ALL CLASSES,5.6,"CORN, GRAIN - ACRES HARVESTED",2012-12-31 00:00:00.000,CORN,,GRAIN,ANNUAL,,ACRES,,NATIONAL,US TOTAL,CROPS,ALL PRODUCTION PRACTICES,00,CENSUS,,,9000,AREA HARVESTED,,"40,067,039",YEAR,"FARM SALES: (1,000,000 OR MORE $)",,FARM SALES,UNITED STATES,US,99,
FIELD CROPS,00000000,00,US TOTAL,,,2012,,ALL CLASSES,5.8,"CORN, GRAIN - ACRES HARVESTED",2012-12-31 00:00:00.000,CORN,,GRAIN,ANNUAL,,ACRES,,NATIONAL,US TOTAL,CROPS,ALL PRODUCTION PRACTICES,00,CENSUS,,,9000,AREA HARVESTED,,"637,931",YEAR,"FARM SALES: (10,000 TO 24,999 $)",,FARM SALES,UNITED STATES,US,99,
FIELD CROPS,00000000,00,US TOTAL,,,2012,,ALL CLASSES,8.7,"CORN, GRAIN - ACRES HARVESTED",2012-12-31 00:00:00.000,CORN,,GRAIN,ANNUAL,,ACRES,,NATIONAL,US TOTAL,CROPS,ALL PRODUCTION PRACTICES,00,CENSUS,,,9000,AREA HARVESTED,,"8,453,875",YEAR,"FARM SALES: (100,000 TO 249,999 $)",,FARM SALES,UNITED STATES,US,99,
FIELD CROPS,00000000,00,US TOTAL,,,2012,,ALL CLASSES,4.5,"CORN, GRAIN - ACRES HARVESTED",2012-12-31 00:00:00.000,CORN,,GRAIN,ANNUAL,,ACRES,,NATIONAL,US TOTAL,CROPS,ALL PRODUCTION PRACTICES,00,CENSUS,,,9000,AREA HARVESTED,,"80,771",YEAR,"FARM SALES: (2,500 TO 4,999 $)",,FARM SALES,UNITED STATES,US,99,
FIELD CROPS,00000000,00,US TOTAL,,,2012,,ALL CLASSES,7.3,"CORN, GRAIN - ACRES HARVESTED",2012-12-31 00:00:00.000,CORN,,GRAIN,ANNUAL,,ACRES,,NATIONAL,US TOTAL,CROPS,ALL PRODUCTION PRACTICES,00,CENSUS,,,9000,AREA HARVESTED,,"1,273,529",YEAR,"FARM SALES: (25,000 TO 49,999 $)",,FARM SALES,UNITED STATES,US,99,
FIELD CROPS,00000000,00,US TOTAL,,,2012,,ALL CLASSES,5.4,"CORN, GRAIN - ACRES HARVESTED",2012-12-31 00:00:00.000,CORN,,GRAIN,ANNUAL,,ACRES,,NATIONAL,US TOTAL,CROPS,ALL PRODUCTION PRACTICES,00,CENSUS,,,9000,AREA HARVESTED,,"13,542,550",YEAR,"FARM SALES: (250,000 TO 499,999 $)",,FARM SALES,UNITED STATES,US,99,
FIELD CROPS,00000000,00,US TOTAL,,,2012,,ALL CLASSES,6.7,"CORN, GRAIN - ACRES HARVESTED",2012-12-31 00:00:00.000,CORN,,GRAIN,ANNUAL,,ACRES,,NATIONAL,US TOTAL,CROPS,ALL PRODUCTION PRACTICES,00,CENSUS,,,9000,AREA HARVESTED,,"201,685",YEAR,"FARM SALES: (5,000 TO 9,999 $)",,FARM SALES,UNITED STATES,US,99,
FIELD CROPS,00000000,00,US TOTAL,,,2012,,ALL CLASSES,12.2,"CORN, GRAIN - ACRES HARVESTED",2012-12-31 00:00:00.000,CORN,,GRAIN,ANNUAL,,ACRES,,NATIONAL,US TOTAL,CROPS,ALL PRODUCTION PRACTICES,00,CENSUS,,,9000,AREA HARVESTED,,"3,051,203",YEAR,"FARM SALES: (50,000 TO 99,999 $)",,FARM SALES,UNITED STATES,US,99,
FIELD CROPS,00000000,00,US TOTAL,,,2012,,ALL CLASSES,8.6,"CORN, GRAIN - ACRES HARVESTED",2012-12-31 00:00:00.000,CORN,,GRAIN,ANNUAL,,ACRES,,NATIONAL,US TOTAL,CROPS,ALL PRODUCTION PRACTICES,00,CENSUS,,,9000,AREA HARVESTED,,"20,022,212",YEAR,"FARM SALES: (500,000 TO 999,999 $)",,FARM SALES,UNITED STATES,US,99,
FIELD CROPS,00000000,00,US TOTAL,,,2012,,ALL CLASSES,25.9,"CORN, GRAIN - ACRES HARVESTED",2012-12-31 00:00:00.000,CORN,,GRAIN,ANNUAL,,ACRES,,NATIONAL,US TOTAL,CROPS,ALL PRODUCTION PRACTICES,00,CENSUS,,,9000,AREA HARVESTED,,"45,164",YEAR,"FARM SALES: (LESS THAN 1,000 $)",,FARM SALES,UNITED STATES,US,99,
FIELD CROPS,00000000,00,US TOTAL,,,2012,,ALL CLASSES,0.4,"CORN, GRAIN - ACRES HARVESTED",2012-12-31 00:00:00.000,CORN,,GRAIN,ANNUAL,,ACRES,,NATIONAL,US TOTAL,CROPS,ALL PRODUCTION PRACTICES,00,CENSUS,,,9000,AREA HARVESTED,,"76,460,501",YEAR,NAICS CLASSIFICATION: (1111),,NAICS CLASSIFICATION,UNITED STATES,US,99,
FIELD CROPS,00000000,00,US TOTAL,,,2012,,ALL CLASSES,2.2,"CORN, GRAIN - ACRES HARVESTED",2012-12-31 00:00:00.000,CORN,,GRAIN,ANNUAL,,ACRES,,NATIONAL,US TOTAL,CROPS,ALL PRODUCTION PRACTICES,00,CENSUS,,,9000,AREA HARVESTED,,"323,127",YEAR,NAICS CLASSIFICATION: (1112),,NAICS CLASSIFICATION,UNITED STATES,US,99,
FIELD CROPS,00000000,00,US TOTAL,,,2012,,ALL CLASSES,11.2,"CORN, GRAIN - ACRES HARVESTED",2012-12-31 00:00:00.000,CORN,,GRAIN,ANNUAL,,ACRES,,NATIONAL,US TOTAL,CROPS,ALL PRODUCTION PRACTICES,00,CENSUS,,,9000,AREA HARVESTED,,"38,905",YEAR,NAICS CLASSIFICATION: (1113),,NAICS CLASSIFICATION,UNITED STATES,US,99,
FIELD CROPS,00000000,00,US TOTAL,,,2012,,ALL CLASSES,4.2,"CORN, GRAIN - ACRES HARVESTED",2012-12-31 00:00:00.000,CORN,,GRAIN,ANNUAL,,ACRES,,NATIONAL,US TOTAL,CROPS,ALL PRODUCTION PRACTICES,00,CENSUS,,,9000,AREA HARVESTED,,"33,553",YEAR,NAICS CLASSIFICATION: (1114),,NAICS CLASSIFICATION,UNITED STATES,US,99,
FIELD CROPS,00000000,00,US TOTAL,,,2012,,ALL CLASSES,3.3,"CORN, GRAIN - ACRES HARVESTED",2012-12-31 00:00:00.000,CORN,,GRAIN,ANNUAL,,ACRES,,NATIONAL,US TOTAL,CROPS,ALL PRODUCTION PRACTICES,00,CENSUS,,,9000,AREA HARVESTED,,"1,829,326",YEAR,NAICS CLASSIFICATION: (1119),,NAICS CLASSIFICATION,UNITED STATES,US,99,
FIELD CROPS,00000000,00,US TOTAL,,,2012,,ALL CLASSES,4.1,"CORN, GRAIN - ACRES HARVESTED",2012-12-31 00:00:00.000,CORN,,GRAIN,ANNUAL,,ACRES,,NATIONAL,US TOTAL,CROPS,ALL PRODUCTION PRACTICES,00,CENSUS,,,9000,AREA HARVESTED,,"81,674",YEAR,NAICS CLASSIFICATION: (11191),,NAICS CLASSIFICATION,UNITED STATES,US,99,
FIELD CROPS,00000000,00,US TOTAL,,,2012,,ALL CLASSES,5.8,"CORN, GRAIN - ACRES HARVESTED",2012-12-31 00:00:00.000,CORN,,GRAIN,ANNUAL,,ACRES,,NATIONAL,US TOTAL,CROPS,ALL PRODUCTION PRACTICES,00,CENSUS,,,9000,AREA HARVESTED,,"301,160",YEAR,NAICS CLASSIFICATION: (11192),,NAICS CLASSIFICATION,UNITED STATES,US,99,
FIELD CROPS,00000000,00,US TOTAL,,,2012,,ALL CLASSES,3.9,"CORN, GRAIN - ACRES HARVESTED",2012-12-31 00:00:00.000,CORN,,GRAIN,ANNUAL,,ACRES,,NATIONAL,US TOTAL,CROPS,ALL PRODUCTION PRACTICES,00,CENSUS,,,9000,AREA HARVESTED,,"1,446,492",YEAR,NAICS CLASSIFICATION: (11193 & 11194 & 11199),,NAICS CLASSIFICATION,UNITED STATES,US,99,
FIELD CROPS,00000000,00,US TOTAL,,,2012,,ALL CLASSES,3.3,"CORN, GRAIN - ACRES HARVESTED",2012-12-31 00:00:00.000,CORN,,GRAIN,ANNUAL,,ACRES,,NATIONAL,US TOTAL,CROPS,ALL PRODUCTION PRACTICES,00,CENSUS,,,9000,AREA HARVESTED,,"2,001,560",YEAR,NAICS CLASSIFICATION: (112111),,NAICS CLASSIFICATION,UNITED STATES,US,99,
FIELD CROPS,00000000,00,US TOTAL,,,2012,,ALL CLASSES,7.3,"CORN, GRAIN - ACRES HARVESTED",2012-12-31 00:00:00.000,CORN,,GRAIN,ANNUAL,,ACRES,,NATIONAL,US TOTAL,CROPS,ALL PRODUCTION PRACTICES,00,CENSUS,,,9000,AREA HARVESTED,,"1,480,077",YEAR,NAICS CLASSIFICATION: (112112),,NAICS CLASSIFICATION,UNITED STATES,US,99,
FIELD CROPS,00000000,00,US TOTAL,,,2012,,ALL CLASSES,1.2,"CORN, GRAIN - ACRES HARVESTED",2012-12-31 00:00:00.000,CORN,,GRAIN,ANNUAL,,ACRES,,NATIONAL,US TOTAL,CROPS,ALL PRODUCTION PRACTICES,00,CENSUS,,,9000,AREA HARVESTED,,"2,339,359",YEAR,NAICS CLASSIFICATION: (11212),,NAICS CLASSIFICATION,UNITED STATES,US,99,
FIELD CROPS,00000000,00,US TOTAL,,,2012,,ALL CLASSES,7.2,"CORN, GRAIN - ACRES HARVESTED",2012-12-31 00:00:00.000,CORN,,GRAIN,ANNUAL,,ACRES,,NATIONAL,US TOTAL,CROPS,ALL PRODUCTION PRACTICES,00,CENSUS,,,9000,AREA HARVESTED,,"1,975,772",YEAR,NAICS CLASSIFICATION: (1122),,NAICS CLASSIFICATION,UNITED STATES,US,99,
FIELD CROPS,00000000,00,US TOTAL,,,2012,,ALL CLASSES,1.8,"CORN, GRAIN - ACRES HARVESTED",2012-12-31 00:00:00.000,CORN,,GRAIN,ANNUAL,,ACRES,,NATIONAL,US TOTAL,CROPS,ALL PRODUCTION PRACTICES,00,CENSUS,,,9000,AREA HARVESTED,,"494,883",YEAR,NAICS CLASSIFICATION: (1123),,NAICS CLASSIFICATION,UNITED STATES,US,99,
FIELD CROPS,00000000,00,US TOTAL,,,2012,,ALL CLASSES,20.3,"CORN, GRAIN - ACRES HARVESTED",2012-12-31 00:00:00.000,CORN,,GRAIN,ANNUAL,,ACRES,,NATIONAL,US TOTAL,CROPS,ALL PRODUCTION PRACTICES,00,CENSUS,,,9000,AREA HARVESTED,,"14,940",YEAR,NAICS CLASSIFICATION: (1124),,NAICS CLASSIFICATION,UNITED STATES,US,99,
FIELD CROPS,00000000,00,US TOTAL,,,2012,,ALL CLASSES,5.8,"CORN, GRAIN - ACRES HARVESTED",2012-12-31 00:00:00.000,CORN,,GRAIN,ANNUAL,,ACRES,,NATIONAL,US TOTAL,CROPS,ALL PRODUCTION PRACTICES,00,CENSUS,,,9000,AREA HARVESTED,,"421,042",YEAR,NAICS CLASSIFICATION: (1125 & 1129),,NAICS CLASSIFICATION,UNITED STATES,US,99,
FIELD CROPS,00000000,00,US TOTAL,,,2012,,ALL CLASSES,0.4,"CORN, GRAIN - ACRES HARVESTED",2012-12-31 00:00:00.000,CORN,,GRAIN,ANNUAL,,ACRES,,NATIONAL,US TOTAL,CROPS,ALL PRODUCTION PRACTICES,00,CENSUS,,,9000,AREA HARVESTED,,"87,413,045",YEAR,NOT SPECIFIED,,TOTAL,UNITED STATES,US,99,
FIELD CROPS,00000000,00,US TOTAL,,,2012,,ALL CLASSES,5.9,"CORN, SILAGE - ACRES HARVESTED",2012-12-31 00:00:00.000,CORN,,SILAGE,ANNUAL,,ACRES,,NATIONAL,US TOTAL,CROPS,ALL PRODUCTION PRACTICES,00,CENSUS,,,9000,AREA HARVESTED,,"1,019,955",YEAR,"AREA HARVESTED: (1,000 OR MORE ACRES)",,AREA HARVESTED,UNITED STATES,US,99,
FIELD CROPS,00000000,00,US TOTAL,,,2012,,ALL CLASSES,2.4,"CORN, SILAGE - ACRES HARVESTED",2012-12-31 00:00:00.000,CORN,,SILAGE,ANNUAL,,ACRES,,NATIONAL,US TOTAL,CROPS,ALL PRODUCTION PRACTICES,00,CENSUS,,,9000,AREA HARVESTED,,"152,948",YEAR,AREA HARVESTED: (1.0 TO 14.9 ACRES),,AREA HARVESTED,UNITED STATES,US,99,
FIELD CROPS,00000000,00,US TOTAL,,,2012,,ALL CLASSES,1.7,"CORN, SILAGE - ACRES HARVESTED",2012-12-31 00:00:00.000,CORN,,SILAGE,ANNUAL,,ACRES,,NATIONAL,US TOTAL,CROPS,ALL PRODUCTION PRACTICES,00,CENSUS,,,9000,AREA HARVESTED,,"1,793,662",YEAR,AREA HARVESTED: (100 TO 249 ACRES),,AREA HARVESTED,UNITED STATES,US,99,
FIELD CROPS,00000000,00,US TOTAL,,,2012,,ALL CLASSES,1.9,"CORN, SILAGE - ACRES HARVESTED",2012-12-31 00:00:00.000,CORN,,SILAGE,ANNUAL,,ACRES,,NATIONAL,US TOTAL,CROPS,ALL PRODUCTION PRACTICES,00,CENSUS,,,9000,AREA HARVESTED,,"258,455",YEAR,AREA HARVESTED: (15.0 TO 24.9 ACRES),,AREA HARVESTED,UNITED STATES,US,99,
FIELD CROPS,00000000,00,US TOTAL,,,2012,,ALL CLASSES,2.8,"CORN, SILAGE - ACRES HARVESTED",2012-12-31 00:00:00.000,CORN,,SILAGE,ANNUAL,,ACRES,,NATIONAL,US TOTAL,CROPS,ALL PRODUCTION PRACTICES,00,CENSUS,,,9000,AREA HARVESTED,,"677,467",YEAR,AREA HARVESTED: (25.0 TO 49.9 ACRES),,AREA HARVESTED,UNITED STATES,US,99,
FIELD CROPS,00000000,00,US TOTAL,,,2012,,ALL CLASSES,1.2,"CORN, SILAGE - ACRES HARVESTED",2012-12-31 00:00:00.000,CORN,,SILAGE,ANNUAL,,ACRES,,NATIONAL,US TOTAL,CROPS,ALL PRODUCTION PRACTICES,00,CENSUS,,,9000,AREA HARVESTED,,"1,227,467",YEAR,AREA HARVESTED: (250 TO 499 ACRES),,AREA HARVESTED,UNITED STATES,US,99,
FIELD CROPS,00000000,00,US TOTAL,,,2012,,ALL CLASSES,3.5,"CORN, SILAGE - ACRES HARVESTED",2012-12-31 00:00:00.000,CORN,,SILAGE,ANNUAL,,ACRES,,NATIONAL,US TOTAL,CROPS,ALL PRODUCTION PRACTICES,00,CENSUS,,,9000,AREA HARVESTED,,"1,054,142",YEAR,AREA HARVESTED: (50.0 TO 99.9 ACRES),,AREA HARVESTED,UNITED STATES,US,99,
FIELD CROPS,00000000,00,US TOTAL,,,2012,,ALL CLASSES,3.6,"CORN, SILAGE - ACRES HARVESTED",2012-12-31 00:00:00.000,CORN,,SILAGE,ANNUAL,,ACRES,,NATIONAL,US TOTAL,CROPS,ALL PRODUCTION PRACTICES,00,CENSUS,,,9000,AREA HARVESTED,,"1,012,532",YEAR,AREA HARVESTED: (500 TO 999 ACRES),,AREA HARVESTED,UNITED STATES,US,99,
FIELD CROPS,00000000,00,US TOTAL,,,2012,,ALL CLASSES,1.7,"CORN, SILAGE - ACRES HARVESTED",2012-12-31 00:00:00.000,CORN,,SILAGE,ANNUAL,,ACRES,,NATIONAL,US TOTAL,CROPS,ALL PRODUCTION PRACTICES,00,CENSUS,,,9000,AREA HARVESTED,,"1,488,205",YEAR,"AREA OPERATED: (1,000 TO 1,999 ACRES)",,AREA OPERATED,UNITED STATES,US,99,
FIELD CROPS,00000000,00,US TOTAL,,,2012,,ALL CLASSES,10.0,"CORN, SILAGE - ACRES HARVESTED",2012-12-31 00:00:00.000,CORN,,SILAGE,ANNUAL,,ACRES,,NATIONAL,US TOTAL,CROPS,ALL PRODUCTION PRACTICES,00,CENSUS,,,9000,AREA HARVESTED,,"1,012",YEAR,AREA OPERATED: (1.0 TO 9.9 ACRES),,AREA OPERATED,UNITED STATES,US,99,
FIELD CROPS,00000000,00,US TOTAL,,,2012,,ALL CLASSES,3.8,"CORN, SILAGE - ACRES HARVESTED",2012-12-31 00:00:00.000,CORN,,SILAGE,ANNUAL,,ACRES,,NATIONAL,US TOTAL,CROPS,ALL PRODUCTION PRACTICES,00,CENSUS,,,9000,AREA HARVESTED,,"35,662",YEAR,AREA OPERATED: (10.0 TO 49.9 ACRES),,AREA OPERATED,UNITED STATES,US,99,
FIELD CROPS,00000000,00,US TOTAL,,,2012,,ALL CLASSES,3.6,"CORN, SILAGE - ACRES HARVESTED",2012-12-31 00:00:00.000,CORN,,SILAGE,ANNUAL,,ACRES,,NATIONAL,US TOTAL,CROPS,ALL PRODUCTION PRACTICES,00,CENSUS,,,9000,AREA HARVESTED,,"158,492",YEAR,AREA OPERATED: (100 TO 139 ACRES),,AREA OPERATED,UNITED STATES,US,99,
FIELD CROPS,00000000,00,US TOTAL,,,2012,,ALL CLASSES,3.2,"CORN, SILAGE - ACRES HARVESTED",2012-12-31 00:00:00.000,CORN,,SILAGE,ANNUAL,,ACRES,,NATIONAL,US TOTAL,CROPS,ALL PRODUCTION PRACTICES,00,CENSUS,,,9000,AREA HARVESTED,,"178,422",YEAR,AREA OPERATED: (140 TO 179 ACRES),,AREA OPERATED,UNITED STATES,US,99,
FIELD CROPS,00000000,00,US TOTAL,,,2012,,ALL CLASSES,2.8,"CORN, SILAGE - ACRES HARVESTED",2012-12-31 00:00:00.000,CORN,,SILAGE,ANNUAL,,ACRES,,NATIONAL,US TOTAL,CROPS,ALL PRODUCTION PRACTICES,00,CENSUS,,,9000,AREA HARVESTED,,"182,546",YEAR,AREA OPERATED: (180 TO 219 ACRES),,AREA OPERATED,UNITED STATES,US,99,
FIELD CROPS,00000000,00,US TOTAL,,,2012,,ALL CLASSES,2.5,"CORN, SILAGE - ACRES HARVESTED",2012-12-31 00:00:00.000,CORN,,SILAGE,ANNUAL,,ACRES,,NATIONAL,US TOTAL,CROPS,ALL PRODUCTION PRACTICES,00,CENSUS,,,9000,AREA HARVESTED,,"2,340,714",YEAR,"AREA OPERATED: (2,000 OR MORE ACRES)",,AREA OPERATED,UNITED STATES,US,99,
FIELD CROPS,00000000,00,US TOTAL,,,2012,,ALL CLASSES,2.4,"CORN, SILAGE - ACRES HARVESTED",2012-12-31 00:00:00.000,CORN,,SILAGE,ANNUAL,,ACRES,,NATIONAL,US TOTAL,CROPS,ALL PRODUCTION PRACTICES,00,CENSUS,,,9000,AREA HARVESTED,,"189,343",YEAR,AREA OPERATED: (220 TO 259 ACRES),,AREA OPERATED,UNITED STATES,US,99,
FIELD CROPS,00000000,00,US TOTAL,,,2012,,ALL CLASSES,1.9,"CORN, SILAGE - ACRES HARVESTED",2012-12-31 00:00:00.000,CORN,,SILAGE,ANNUAL,,ACRES,,NATIONAL,US TOTAL,CROPS,ALL PRODUCTION PRACTICES,00,CENSUS,,,9000,AREA HARVESTED,,"999,257",YEAR,AREA OPERATED: (260 TO 499 ACRES),,AREA OPERATED,UNITED STATES,US,99,
FIELD CROPS,00000000,00,US TOTAL,,,2012,,ALL CLASSES,2.7,"CORN, SILAGE - ACRES HARVESTED",2012-12-31 00:00:00.000,CORN,,SILAGE,ANNUAL,,ACRES,,NATIONAL,US TOTAL,CROPS,ALL PRODUCTION PRACTICES,00,CENSUS,,,9000,AREA HARVESTED,,"43,000",YEAR,AREA OPERATED: (50.0 TO 69.9 ACRES),,AREA OPERATED,UNITED STATES,US,99,
FIELD CROPS,00000000,00,US TOTAL,,,2012,,ALL CLASSES,1.7,"CORN, SILAGE - ACRES HARVESTED",2012-12-31 00:00:00.000,CORN,,SILAGE,ANNUAL,,ACRES,,NATIONAL,US TOTAL,CROPS,ALL PRODUCTION PRACTICES,00,CENSUS,,,9000,AREA HARVESTED,,"1,477,162",YEAR,AREA OPERATED: (500 TO 999 ACRES),,AREA OPERATED,UNITED STATES,US,99,
FIELD CROPS,00000000,00,US TOTAL,,,2012,,ALL CLASSES,3.6,"CORN, SILAGE - ACRES HARVESTED",2012-12-31 00:00:00.000,CORN,,SILAGE,ANNUAL,,ACRES,,NATIONAL,US TOTAL,CROPS,ALL PRODUCTION PRACTICES,00,CENSUS,,,9000,AREA HARVESTED,,"102,813",YEAR,AREA OPERATED: (70.0 TO 99.9 ACRES),,AREA OPERATED,UNITED STATES,US,99,
FIELD CROPS,00000000,00,US TOTAL,,,2012,,ALL CLASSES,12.0,"CORN, SILAGE - ACRES HARVESTED",2012-12-31 00:00:00.000,CORN,,SILAGE,ANNUAL,,ACRES,,NATIONAL,US TOTAL,CROPS,ALL PRODUCTION PRACTICES,00,CENSUS,,,9000,AREA HARVESTED,,"3,318",YEAR,"ECONOMIC CLASS: (1,000 TO 2,499 $)",,ECONOMIC CLASS,UNITED STATES,US,99,
FIELD CROPS,00000000,00,US TOTAL,,,2012,,ALL CLASSES,4.6,"CORN, SILAGE - ACRES HARVESTED",2012-12-31 00:00:00.000,CORN,,SILAGE,ANNUAL,,ACRES,,NATIONAL,US TOTAL,CROPS,ALL PRODUCTION PRACTICES,00,CENSUS,,,9000,AREA HARVESTED,,"3,611,734",YEAR,"ECONOMIC CLASS: (1,000,000 OR MORE $)",,ECONOMIC CLASS,UNITED STATES,US,99,
FIELD CROPS,00000000,00,US TOTAL,,,2012,,ALL CLASSES,4.8,"CORN, SILAGE - ACRES HARVESTED",2012-12-31 00:00:00.000,CORN,,SILAGE,ANNUAL,,ACRES,,NATIONAL,US TOTAL,CROPS,ALL PRODUCTION PRACTICES,00,CENSUS,,,9000,AREA HARVESTED,,"66,539",YEAR,"ECONOMIC CLASS: (10,000 TO 24,999 $)",,ECONOMIC CLASS,UNITED STATES,US,99,
FIELD CROPS,00000000,00,US TOTAL,,,2012,,ALL CLASSES,1.8,"CORN, SILAGE - ACRES HARVESTED",2012-12-31 00:00:00.000,CORN,,SILAGE,ANNUAL,,ACRES,,NATIONAL,US TOTAL,CROPS,ALL PRODUCTION PRACTICES,00,CENSUS,,,9000,AREA HARVESTED,,"794,722",YEAR,"ECONOMIC CLASS: (100,000 TO 249,999 $)",,ECONOMIC CLASS,UNITED STATES,US,99,
FIELD CROPS,00000000,00,US TOTAL,,,2012,,ALL CLASSES,5.2,"CORN, SILAGE - ACRES HARVESTED",2012-12-31 00:00:00.000,CORN,,SILAGE,ANNUAL,,ACRES,,NATIONAL,US TOTAL,CROPS,ALL PRODUCTION PRACTICES,00,CENSUS,,,9000,AREA HARVESTED,,"9,736",YEAR,"ECONOMIC CLASS: (2,500 TO 4,999 $)",,ECONOMIC CLASS,UNITED STATES,US,99,
FIELD CROPS,00000000,00,US TOTAL,,,2012,,ALL CLASSES,3.8,"CORN, SILAGE - ACRES HARVESTED",2012-12-31 00:00:00.000,CORN,,SILAGE,ANNUAL,,ACRES,,NATIONAL,US TOTAL,CROPS,ALL PRODUCTION PRACTICES,00,CENSUS,,,9000,AREA HARVESTED,,"119,362",YEAR,"ECONOMIC CLASS: (25,000 TO 49,999 $)",,ECONOMIC CLASS,UNITED STATES,US,99,
FIELD CROPS,00000000,00,US TOTAL,,,2012,,ALL CLASSES,5.2,"CORN, SILAGE - ACRES HARVESTED",2012-12-31 00:00:00.000,CORN,,SILAGE,ANNUAL,,ACRES,,NATIONAL,US TOTAL,CROPS,ALL PRODUCTION PRACTICES,00,CENSUS,,,9000,AREA HARVESTED,,"1,067,300",YEAR,"ECONOMIC CLASS: (250,000 TO 499,999 $)",,ECONOMIC CLASS,UNITED STATES,US,99,
FIELD CROPS,00000000,00,US TOTAL,,,2012,,ALL CLASSES,7.6,"CORN, SILAGE - ACRES HARVESTED",2012-12-31 00:00:00.000,CORN,,SILAGE,ANNUAL,,ACRES,,NATIONAL,US TOTAL,CROPS,ALL PRODUCTION PRACTICES,00,CENSUS,,,9000,AREA HARVESTED,,"20,998",YEAR,"ECONOMIC CLASS: (5,000 TO 9,999 $)",,ECONOMIC CLASS,UNITED STATES,US,99,
FIELD CROPS,00000000,00,US TOTAL,,,2012,,ALL CLASSES,11.5,"CORN, SILAGE - ACRES HARVESTED",2012-12-31 00:00:00.000,CORN,,SILAGE,ANNUAL,,ACRES,,NATIONAL,US TOTAL,CROPS,ALL PRODUCTION PRACTICES,00,CENSUS,,,9000,AREA HARVESTED,,"266,630",YEAR,"ECONOMIC CLASS: (50,000 TO 99,999 $)",,ECONOMIC CLASS,UNITED STATES,US,99,
FIELD CROPS,00000000,00,US TOTAL,,,2012,,ALL CLASSES,5.0,"CORN, SILAGE - ACRES HARVESTED",2012-12-31 00:00:00.000,CORN,,SILAGE,ANNUAL,,ACRES,,NATIONAL,US TOTAL,CROPS,ALL PRODUCTION PRACTICES,00,CENSUS,,,9000,AREA HARVESTED,,"1,233,964",YEAR,"ECONOMIC CLASS: (500,000 TO 999,999 $)",,ECONOMIC CLASS,UNITED STATES,US,99,
FIELD CROPS,00000000,00,US TOTAL,,,2012,,ALL CLASSES,11.3,"CORN, SILAGE - ACRES HARVESTED",2012-12-31 00:00:00.000,CORN,,SILAGE,ANNUAL,,ACRES,,NATIONAL,US TOTAL,CROPS,ALL PRODUCTION PRACTICES,00,CENSUS,,,9000,AREA HARVESTED,,"2,325",YEAR,"ECONOMIC CLASS: (LESS THAN 1,000 $)",,ECONOMIC CLASS,UNITED STATES,US,99,
FIELD CROPS,00000000,00,US TOTAL,,,2012,,ALL CLASSES,14.9,"CORN, SILAGE - ACRES HARVESTED",2012-12-31 00:00:00.000,CORN,,SILAGE,ANNUAL,,ACRES,,NATIONAL,US TOTAL,CROPS,ALL PRODUCTION PRACTICES,00,CENSUS,,,9000,AREA HARVESTED,,"3,851",YEAR,"FARM SALES: (1,000 TO 2,499 $)",,FARM SALES,UNITED STATES,US,99,
FIELD CROPS,00000000,00,US TOTAL,,,2012,,ALL CLASSES,4.8,"CORN, SILAGE - ACRES HARVESTED",2012-12-31 00:00:00.000,CORN,,SILAGE,ANNUAL,,ACRES,,NATIONAL,US TOTAL,CROPS,ALL PRODUCTION PRACTICES,00,CENSUS,,,9000,AREA HARVESTED,,"3,563,842",YEAR,"FARM SALES: (1,000,000 OR MORE $)",,FARM SALES,UNITED STATES,US,99,
FIELD CROPS,00000000,00,US TOTAL,,,2012,,ALL CLASSES,4.6,"CORN, SILAGE - ACRES HARVESTED",2012-12-31 00:00:00.000,CORN,,SILAGE,ANNUAL,,ACRES,,NATIONAL,US TOTAL,CROPS,ALL PRODUCTION PRACTICES,00,CENSUS,,,9000,AREA HARVESTED,,"69,072",YEAR,"FARM SALES: (10,000 TO 24,999 $)",,FARM SALES,UNITED STATES,US,99,
FIELD CROPS,00000000,00,US TOTAL,,,2012,,ALL CLASSES,1.8,"CORN, SILAGE - ACRES HARVESTED",2012-12-31 00:00:00.000,CORN,,SILAGE,ANNUAL,,ACRES,,NATIONAL,US TOTAL,CROPS,ALL PRODUCTION PRACTICES,00,CENSUS,,,9000,AREA HARVESTED,,"813,341",YEAR,"FARM SALES: (100,000 TO 249,999 $)",,FARM SALES,UNITED STATES,US,99,
FIELD CROPS,00000000,00,US TOTAL,,,2012,,ALL CLASSES,5.8,"CORN, SILAGE - ACRES HARVESTED",2012-12-31 00:00:00.000,CORN,,SILAGE,ANNUAL,,ACRES,,NATIONAL,US TOTAL,CROPS,ALL PRODUCTION PRACTICES,00,CENSUS,,,9000,AREA HARVESTED,,"10,760",YEAR,"FARM SALES: (2,500 TO 4,999 $)",,FARM SALES,UNITED STATES,US,99,
FIELD CROPS,00000000,00,US TOTAL,,,2012,,ALL CLASSES,4.8,"CORN, SILAGE - ACRES HARVESTED",2012-12-31 00:00:00.000,CORN,,SILAGE,ANNUAL,,ACRES,,NATIONAL,US TOTAL,CROPS,ALL PRODUCTION PRACTICES,00,CENSUS,,,9000,AREA HARVESTED,,"127,290",YEAR,"FARM SALES: (25,000 TO 49,999 $)",,FARM SALES,UNITED STATES,US,99,
FIELD CROPS,00000000,00,US TOTAL,,,2012,,ALL CLASSES,5.9,"CORN, SILAGE - ACRES HARVESTED",2012-12-31 00:00:00.000,CORN,,SILAGE,ANNUAL,,ACRES,,NATIONAL,US TOTAL,CROPS,ALL PRODUCTION PRACTICES,00,CENSUS,,,9000,AREA HARVESTED,,"1,075,461",YEAR,"FARM SALES: (250,000 TO 499,999 $)",,FARM SALES,UNITED STATES,US,99,
FIELD CROPS,00000000,00,US TOTAL,,,2012,,ALL CLASSES,5.4,"CORN, SILAGE - ACRES HARVESTED",2012-12-31 00:00:00.000,CORN,,SILAGE,ANNUAL,,ACRES,,NATIONAL,US TOTAL,CROPS,ALL PRODUCTION PRACTICES,00,CENSUS,,,9000,AREA HARVESTED,,"22,949",YEAR,"FARM SALES: (5,000 TO 9,999 $)",,FARM SALES,UNITED STATES,US,99,
FIELD CROPS,00000000,00,US TOTAL,,,2012,,ALL CLASSES,12.1,"CORN, SILAGE - ACRES HARVESTED",2012-12-31 00:00:00.000,CORN,,SILAGE,ANNUAL,,ACRES,,NATIONAL,US TOTAL,CROPS,ALL PRODUCTION PRACTICES,00,CENSUS,,,9000,AREA HARVESTED,,"276,405",YEAR,"FARM SALES: (50,000 TO 99,999 $)",,FARM SALES,UNITED STATES,US,99,
FIELD CROPS,00000000,00,US TOTAL,,,2012,,ALL CLASSES,4.5,"CORN, SILAGE - ACRES HARVESTED",2012-12-31 00:00:00.000,CORN,,SILAGE,ANNUAL,,ACRES,,NATIONAL,US TOTAL,CROPS,ALL PRODUCTION PRACTICES,00,CENSUS,,,9000,AREA HARVESTED,,"1,229,657",YEAR,"FARM SALES: (500,000 TO 999,999 $)",,FARM SALES,UNITED STATES,US,99,
FIELD CROPS,00000000,00,US TOTAL,,,2012,,ALL CLASSES,9.4,"CORN, SILAGE - ACRES HARVESTED",2012-12-31 00:00:00.000,CORN,,SILAGE,ANNUAL,,ACRES,,NATIONAL,US TOTAL,CROPS,ALL PRODUCTION PRACTICES,00,CENSUS,,,9000,AREA HARVESTED,,"4,000",YEAR,"FARM SALES: (LESS THAN 1,000 $)",,FARM SALES,UNITED STATES,US,99,
FIELD CROPS,00000000,00,US TOTAL,,,2012,,ALL CLASSES,0.8,"CORN, SILAGE - ACRES HARVESTED",2012-12-31 00:00:00.000,CORN,,SILAGE,ANNUAL,,ACRES,,NATIONAL,US TOTAL,CROPS,ALL PRODUCTION PRACTICES,00,CENSUS,,,9000,AREA HARVESTED,,"2,214,395",YEAR,NAICS CLASSIFICATION: (1111),,NAICS CLASSIFICATION,UNITED STATES,US,99,
FIELD CROPS,00000000,00,US TOTAL,,,2012,,ALL CLASSES,3.7,"CORN, SILAGE - ACRES HARVESTED",2012-12-31 00:00:00.000,CORN,,SILAGE,ANNUAL,,ACRES,,NATIONAL,US TOTAL,CROPS,ALL PRODUCTION PRACTICES,00,CENSUS,,,9000,AREA HARVESTED,,"57,835",YEAR,NAICS CLASSIFICATION: (1112),,NAICS CLASSIFICATION,UNITED STATES,US,99,
FIELD CROPS,00000000,00,US TOTAL,,,2012,,ALL CLASSES,7.9,"CORN, SILAGE - ACRES HARVESTED",2012-12-31 00:00:00.000,CORN,,SILAGE,ANNUAL,,ACRES,,NATIONAL,US TOTAL,CROPS,ALL PRODUCTION PRACTICES,00,CENSUS,,,9000,AREA HARVESTED,,"40,214",YEAR,NAICS CLASSIFICATION: (1113),,NAICS CLASSIFICATION,UNITED STATES,US,99,
FIELD CROPS,00000000,00,US TOTAL,,,2012,,ALL CLASSES,9.0,"CORN, SILAGE - ACRES HARVESTED",2012-12-31 00:00:00.000,CORN,,SILAGE,ANNUAL,,ACRES,,NATIONAL,US TOTAL,CROPS,ALL PRODUCTION PRACTICES,00,CENSUS,,,9000,AREA HARVESTED,,"3,367",YEAR,NAICS CLASSIFICATION: (1114),,NAICS CLASSIFICATION,UNITED STATES,US,99,
FIELD CROPS,00000000,00,US TOTAL,,,2012,,ALL CLASSES,4.7,"CORN, SILAGE - ACRES HARVESTED",2012-12-31 00:00:00.000,CORN,,SILAGE,ANNUAL,,ACRES,,NATIONAL,US TOTAL,CROPS,ALL PRODUCTION PRACTICES,00,CENSUS,,,9000,AREA HARVESTED,,"450,234",YEAR,NAICS CLASSIFICATION: (1119),,NAICS CLASSIFICATION,UNITED STATES,US,99,
FIELD CROPS,00000000,00,US TOTAL,,,2012,,ALL CLASSES,5.3,"CORN, SILAGE - ACRES HARVESTED",2012-12-31 00:00:00.000,CORN,,SILAGE,ANNUAL,,ACRES,,NATIONAL,US TOTAL,CROPS,ALL PRODUCTION PRACTICES,00,CENSUS,,,9000,AREA HARVESTED,,"4,572",YEAR,NAICS CLASSIFICATION: (11191),,NAICS CLASSIFICATION,UNITED STATES,US,99,
FIELD CROPS,00000000,00,US TOTAL,,,2012,,ALL CLASSES,11.5,"CORN, SILAGE - ACRES HARVESTED",2012-12-31 00:00:00.000,CORN,,SILAGE,ANNUAL,,ACRES,,NATIONAL,US TOTAL,CROPS,ALL PRODUCTION PRACTICES,00,CENSUS,,,9000,AREA HARVESTED,,"18,060",YEAR,NAICS CLASSIFICATION: (11192),,NAICS CLASSIFICATION,UNITED STATES,US,99,
FIELD CROPS,00000000,00,US TOTAL,,,2012,,ALL CLASSES,4.9,"CORN, SILAGE - ACRES HARVESTED",2012-12-31 00:00:00.000,CORN,,SILAGE,ANNUAL,,ACRES,,NATIONAL,US TOTAL,CROPS,ALL PRODUCTION PRACTICES,00,CENSUS,,,9000,AREA HARVESTED,,"427,602",YEAR,NAICS CLASSIFICATION: (11193 & 11194 & 11199),,NAICS CLASSIFICATION,UNITED STATES,US,99,
FIELD CROPS,00000000,00,US TOTAL,,,2012,,ALL CLASSES,3.3,"CORN, SILAGE - ACRES HARVESTED",2012-12-31 00:00:00.000,CORN,,SILAGE,ANNUAL,,ACRES,,NATIONAL,US TOTAL,CROPS,ALL PRODUCTION PRACTICES,00,CENSUS,,,9000,AREA HARVESTED,,"807,376",YEAR,NAICS CLASSIFICATION: (112111),,NAICS CLASSIFICATION,UNITED STATES,US,99,
FIELD CROPS,00000000,00,US TOTAL,,,2012,,ALL CLASSES,2.4,"CORN, SILAGE - ACRES HARVESTED",2012-12-31 00:00:00.000,CORN,,SILAGE,ANNUAL,,ACRES,,NATIONAL,US TOTAL,CROPS,ALL PRODUCTION PRACTICES,00,CENSUS,,,9000,AREA HARVESTED,,"399,261",YEAR,NAICS CLASSIFICATION: (112112),,NAICS CLASSIFICATION,UNITED STATES,US,99,
FIELD CROPS,00000000,00,US TOTAL,,,2012,,ALL CLASSES,1.1,"CORN, SILAGE - ACRES HARVESTED",2012-12-31 00:00:00.000,CORN,,SILAGE,ANNUAL,,ACRES,,NATIONAL,US TOTAL,CROPS,ALL PRODUCTION PRACTICES,00,CENSUS,,,9000,AREA HARVESTED,,"3,071,618",YEAR,NAICS CLASSIFICATION: (11212),,NAICS CLASSIFICATION,UNITED STATES,US,99,
FIELD CROPS,00000000,00,US TOTAL,,,2012,,ALL CLASSES,6.2,"CORN, SILAGE - ACRES HARVESTED",2012-12-31 00:00:00.000,CORN,,SILAGE,ANNUAL,,ACRES,,NATIONAL,US TOTAL,CROPS,ALL PRODUCTION PRACTICES,00,CENSUS,,,9000,AREA HARVESTED,,"44,491",YEAR,NAICS CLASSIFICATION: (1122),,NAICS CLASSIFICATION,UNITED STATES,US,99,
FIELD CROPS,00000000,00,US TOTAL,,,2012,,ALL CLASSES,14.2,"CORN, SILAGE - ACRES HARVESTED",2012-12-31 00:00:00.000,CORN,,SILAGE,ANNUAL,,ACRES,,NATIONAL,US TOTAL,CROPS,ALL PRODUCTION PRACTICES,00,CENSUS,,,9000,AREA HARVESTED,,"47,877",YEAR,NAICS CLASSIFICATION: (1123),,NAICS CLASSIFICATION,UNITED STATES,US,99,
FIELD CROPS,00000000,00,US TOTAL,,,2012,,ALL CLASSES,17.3,"CORN, SILAGE - ACRES HARVESTED",2012-12-31 00:00:00.000,CORN,,SILAGE,ANNUAL,,ACRES,,NATIONAL,US TOTAL,CROPS,ALL PRODUCTION PRACTICES,00,CENSUS,,,9000,AREA HARVESTED,,"3,599",YEAR,NAICS CLASSIFICATION: (1124),,NAICS CLASSIFICATION,UNITED STATES,US,99,
FIELD CROPS,00000000,00,US TOTAL,,,2012,,ALL CLASSES,7.6,"CORN, SILAGE - ACRES HARVESTED",2012-12-31 00:00:00.000,CORN,,SILAGE,ANNUAL,,ACRES,,NATIONAL,US TOTAL,CROPS,ALL PRODUCTION PRACTICES,00,CENSUS,,,9000,AREA HARVESTED,,"56,361",YEAR,NAICS CLASSIFICATION: (1125 & 1129),,NAICS CLASSIFICATION,UNITED STATES,US,99,
FIELD CROPS,00000000,00,US TOTAL,,,2012,,ALL CLASSES,0.7,"CORN, SILAGE - ACRES HARVESTED",2012-12-31 00:00:00.000,CORN,,SILAGE,ANNUAL,,ACRES,,NATIONAL,US TOTAL,CROPS,ALL PRODUCTION PRACTICES,00,CENSUS,,,9000,AREA HARVESTED,,"7,196,628",YEAR,NOT SPECIFIED,,TOTAL,UNITED STATES,US,99,
FIELD CROPS,00000000,00,US TOTAL,,,2012,,ALL CLASSES,2.7,"CORN, GRAIN, IRRIGATED - ACRES HARVESTED",2012-12-31 00:00:00.000,CORN,,GRAIN,ANNUAL,,ACRES,,NATIONAL,US TOTAL,CROPS,IRRIGATED,00,CENSUS,,,9000,AREA HARVESTED,,"5,782,107",YEAR,"AREA HARVESTED: (1,000 OR MORE ACRES)",,AREA HARVESTED,UNITED STATES,US,99,
FIELD CROPS,00000000,00,US TOTAL,,,2012,,ALL CLASSES,2.7,"CORN, GRAIN, IRRIGATED - ACRES HARVESTED",2012-12-31 00:00:00.000,CORN,,GRAIN,ANNUAL,,ACRES,,NATIONAL,US TOTAL,CROPS,IRRIGATED,00,CENSUS,,,9000,AREA HARVESTED,,"3,304,728",YEAR,"AREA HARVESTED: (1,000 TO 1,999 ACRES)",,AREA HARVESTED,UNITED STATES,US,99,
FIELD CROPS,00000000,00,US TOTAL,,,2012,,ALL CLASSES,4.4,"CORN, GRAIN, IRRIGATED - ACRES HARVESTED",2012-12-31 00:00:00.000,CORN,,GRAIN,ANNUAL,,ACRES,,NATIONAL,US TOTAL,CROPS,IRRIGATED,00,CENSUS,,,9000,AREA HARVESTED,,"10,977",YEAR,AREA HARVESTED: (1.0 TO 14.9 ACRES),,AREA HARVESTED,UNITED STATES,US,99,
FIELD CROPS,00000000,00,US TOTAL,,,2012,,ALL CLASSES,4.6,"CORN, GRAIN, IRRIGATED - ACRES HARVESTED",2012-12-31 00:00:00.000,CORN,,GRAIN,ANNUAL,,ACRES,,NATIONAL,US TOTAL,CROPS,IRRIGATED,00,CENSUS,,,9000,AREA HARVESTED,,"1,264,105",YEAR,AREA HARVESTED: (100 TO 249 ACRES),,AREA HARVESTED,UNITED STATES,US,99,
FIELD CROPS,00000000,00,US TOTAL,,,2012,,ALL CLASSES,5.5,"CORN, GRAIN, IRRIGATED - ACRES HARVESTED",2012-12-31 00:00:00.000,CORN,,GRAIN,ANNUAL,,ACRES,,NATIONAL,US TOTAL,CROPS,IRRIGATED,00,CENSUS,,,9000,AREA HARVESTED,,"17,678",YEAR,AREA HARVESTED: (15.0 TO 24.9 ACRES),,AREA HARVESTED,UNITED STATES,US,99,
FIELD CROPS,00000000,00,US TOTAL,,,2012,,ALL CLASSES,6.4,"CORN, GRAIN, IRRIGATED - ACRES HARVESTED",2012-12-31 00:00:00.000,CORN,,GRAIN,ANNUAL,,ACRES,,NATIONAL,US TOTAL,CROPS,IRRIGATED,00,CENSUS,,,9000,AREA HARVESTED,,"1,175,227",YEAR,"AREA HARVESTED: (2,000 TO 2,999 ACRES)",,AREA HARVESTED,UNITED STATES,US,99,
FIELD CROPS,00000000,00,US TOTAL,,,2012,,ALL CLASSES,3.4,"CORN, GRAIN, IRRIGATED - ACRES HARVESTED",2012-12-31 00:00:00.000,CORN,,GRAIN,ANNUAL,,ACRES,,NATIONAL,US TOTAL,CROPS,IRRIGATED,00,CENSUS,,,9000,AREA HARVESTED,,"81,353",YEAR,AREA HARVESTED: (25.0 TO 49.9 ACRES),,AREA HARVESTED,UNITED STATES,US,99,
FIELD CROPS,00000000,00,US TOTAL,,,2012,,ALL CLASSES,3.7,"CORN, GRAIN, IRRIGATED - ACRES HARVESTED",2012-12-31 00:00:00.000,CORN,,GRAIN,ANNUAL,,ACRES,,NATIONAL,US TOTAL,CROPS,IRRIGATED,00,CENSUS,,,9000,AREA HARVESTED,,"2,102,666",YEAR,AREA HARVESTED: (250 TO 499 ACRES),,AREA HARVESTED,UNITED STATES,US,99,
FIELD CROPS,00000000,00,US TOTAL,,,2012,,ALL CLASSES,6.7,"CORN, GRAIN, IRRIGATED - ACRES HARVESTED",2012-12-31 00:00:00.000,CORN,,GRAIN,ANNUAL,,ACRES,,NATIONAL,US TOTAL,CROPS,IRRIGATED,00,CENSUS,,,9000,AREA HARVESTED,,"763,399",YEAR,"AREA HARVESTED: (3,000 TO 4,999 ACRES)",,AREA HARVESTED,UNITED STATES,US,99,
FIELD CROPS,00000000,00,US TOTAL,,,2012,,ALL CLASSES,16.4,"CORN, GRAIN, IRRIGATED - ACRES HARVESTED",2012-12-31 00:00:00.000,CORN,,GRAIN,ANNUAL,,ACRES,,NATIONAL,US TOTAL,CROPS,IRRIGATED,00,CENSUS,,,9000,AREA HARVESTED,,"538,753",YEAR,"AREA HARVESTED: (5,000 OR MORE ACRES)",,AREA HARVESTED,UNITED STATES,US,99,
FIELD CROPS,00000000,00,US TOTAL,,,2012,,ALL CLASSES,3.6,"CORN, GRAIN, IRRIGATED - ACRES HARVESTED",2012-12-31 00:00:00.000,CORN,,GRAIN,ANNUAL,,ACRES,,NATIONAL,US TOTAL,CROPS,IRRIGATED,00,CENSUS,,,9000,AREA HARVESTED,,"295,572",YEAR,AREA HARVESTED: (50.0 TO 99.9 ACRES),,AREA HARVESTED,UNITED STATES,US,99,
FIELD CROPS,00000000,00,US TOTAL,,,2012,,ALL CLASSES,6.1,"CORN, GRAIN, IRRIGATED - ACRES HARVESTED",2012-12-31 00:00:00.000,CORN,,GRAIN,ANNUAL,,ACRES,,NATIONAL,US TOTAL,CROPS,IRRIGATED,00,CENSUS,,,9000,AREA HARVESTED,,"3,264,611",YEAR,AREA HARVESTED: (500 TO 999 ACRES),,AREA HARVESTED,UNITED STATES,US,99,
FIELD CROPS,00000000,00,US TOTAL,,,2012,,ALL CLASSES,6.0,"CORN, GRAIN, IRRIGATED - ACRES HARVESTED",2012-12-31 00:00:00.000,CORN,,GRAIN,ANNUAL,,ACRES,,NATIONAL,US TOTAL,CROPS,IRRIGATED,00,CENSUS,,,9000,AREA HARVESTED,,"3,191,539",YEAR,"AREA OPERATED: (1,000 TO 1,999 ACRES)",,AREA OPERATED,UNITED STATES,US,99,
FIELD CROPS,00000000,00,US TOTAL,,,2012,,ALL CLASSES,9.9,"CORN, GRAIN, IRRIGATED - ACRES HARVESTED",2012-12-31 00:00:00.000,CORN,,GRAIN,ANNUAL,,ACRES,,NATIONAL,US TOTAL,CROPS,IRRIGATED,00,CENSUS,,,9000,AREA HARVESTED,,664,YEAR,AREA OPERATED: (1.0 TO 9.9 ACRES),,AREA OPERATED,UNITED STATES,US,99,
FIELD CROPS,00000000,00,US TOTAL,,,2012,,ALL CLASSES,10.1,"CORN, GRAIN, IRRIGATED - ACRES HARVESTED",2012-12-31 00:00:00.000,CORN,,GRAIN,ANNUAL,,ACRES,,NATIONAL,US TOTAL,CROPS,IRRIGATED,00,CENSUS,,,9000,AREA HARVESTED,,"12,791",YEAR,AREA OPERATED: (10.0 TO 49.9 ACRES),,AREA OPERATED,UNITED STATES,US,99,
FIELD CROPS,00000000,00,US TOTAL,,,2012,,ALL CLASSES,6.3,"CORN, GRAIN, IRRIGATED - ACRES HARVESTED",2012-12-31 00:00:00.000,CORN,,GRAIN,ANNUAL,,ACRES,,NATIONAL,US TOTAL,CROPS,IRRIGATED,00,CENSUS,,,9000,AREA HARVESTED,,"45,509",YEAR,AREA OPERATED: (100 TO 139 ACRES),,AREA OPERATED,UNITED STATES,US,99,
FIELD CROPS,00000000,00,US TOTAL,,,2012,,ALL CLASSES,7.4,"CORN, GRAIN, IRRIGATED - ACRES HARVESTED",2012-12-31 00:00:00.000,CORN,,GRAIN,ANNUAL,,ACRES,,NATIONAL,US TOTAL,CROPS,IRRIGATED,00,CENSUS,,,9000,AREA HARVESTED,,"99,410",YEAR,AREA OPERATED: (140 TO 179 ACRES),,AREA OPERATED,UNITED STATES,US,99,
FIELD CROPS,00000000,00,US TOTAL,,,2012,,ALL CLASSES,7.7,"CORN, GRAIN, IRRIGATED - ACRES HARVESTED",2012-12-31 00:00:00.000,CORN,,GRAIN,ANNUAL,,ACRES,,NATIONAL,US TOTAL,CROPS,IRRIGATED,00,CENSUS,,,9000,AREA HARVESTED,,"72,145",YEAR,AREA OPERATED: (180 TO 219 ACRES),,AREA OPERATED,UNITED STATES,US,99,
FIELD CROPS,00000000,00,US TOTAL,,,2012,,ALL CLASSES,2.7,"CORN, GRAIN, IRRIGATED - ACRES HARVESTED",2012-12-31 00:00:00.000,CORN,,GRAIN,ANNUAL,,ACRES,,NATIONAL,US TOTAL,CROPS,IRRIGATED,00,CENSUS,,,9000,AREA HARVESTED,,"6,914,314",YEAR,"AREA OPERATED: (2,000 OR MORE ACRES)",,AREA OPERATED,UNITED STATES,US,99,
FIELD CROPS,00000000,00,US TOTAL,,,2012,,ALL CLASSES,9.2,"CORN, GRAIN, IRRIGATED - ACRES HARVESTED",2012-12-31 00:00:00.000,CORN,,GRAIN,ANNUAL,,ACRES,,NATIONAL,US TOTAL,CROPS,IRRIGATED,00,CENSUS,,,9000,AREA HARVESTED,,"83,186",YEAR,AREA OPERATED: (220 TO 259 ACRES),,AREA OPERATED,UNITED STATES,US,99,
FIELD CROPS,00000000,00,US TOTAL,,,2012,,ALL CLASSES,6.8,"CORN, GRAIN, IRRIGATED - ACRES HARVESTED",2012-12-31 00:00:00.000,CORN,,GRAIN,ANNUAL,,ACRES,,NATIONAL,US TOTAL,CROPS,IRRIGATED,00,CENSUS,,,9000,AREA HARVESTED,,"632,706",YEAR,AREA OPERATED: (260 TO 499 ACRES),,AREA OPERATED,UNITED STATES,US,99,
FIELD CROPS,00000000,00,US TOTAL,,,2012,,ALL CLASSES,6.5,"CORN, GRAIN, IRRIGATED - ACRES HARVESTED",2012-12-31 00:00:00.000,CORN,,GRAIN,ANNUAL,,ACRES,,NATIONAL,US TOTAL,CROPS,IRRIGATED,00,CENSUS,,,9000,AREA HARVESTED,,"10,051",YEAR,AREA OPERATED: (50.0 TO 69.9 ACRES),,AREA OPERATED,UNITED STATES,US,99,
FIELD CROPS,00000000,00,US TOTAL,,,2012,,ALL CLASSES,10.2,"CORN, GRAIN, IRRIGATED - ACRES HARVESTED",2012-12-31 00:00:00.000,CORN,,GRAIN,ANNUAL,,ACRES,,NATIONAL,US TOTAL,CROPS,IRRIGATED,00,CENSUS,,,9000,AREA HARVESTED,,"1,723,319",YEAR,AREA OPERATED: (500 TO 999 ACRES),,AREA OPERATED,UNITED STATES,US,99,
FIELD CROPS,00000000,00,US TOTAL,,,2012,,ALL CLASSES,8.1,"CORN, GRAIN, IRRIGATED - ACRES HARVESTED",2012-12-31 00:00:00.000,CORN,,GRAIN,ANNUAL,,ACRES,,NATIONAL,US TOTAL,CROPS,IRRIGATED,00,CENSUS,,,9000,AREA HARVESTED,,"33,435",YEAR,AREA OPERATED: (70.0 TO 99.9 ACRES),,AREA OPERATED,UNITED STATES,US,99,
FIELD CROPS,00000000,00,US TOTAL,,,2012,,ALL CLASSES,14.2,"CORN, GRAIN, IRRIGATED - ACRES HARVESTED",2012-12-31 00:00:00.000,CORN,,GRAIN,ANNUAL,,ACRES,,NATIONAL,US TOTAL,CROPS,IRRIGATED,00,CENSUS,,,9000,AREA HARVESTED,,818,YEAR,"ECONOMIC CLASS: (1,000 TO 2,499 $)",,ECONOMIC CLASS,UNITED STATES,US,99,
FIELD CROPS,00000000,00,US TOTAL,,,2012,,ALL CLASSES,4.2,"CORN, GRAIN, IRRIGATED - ACRES HARVESTED",2012-12-31 00:00:00.000,CORN,,GRAIN,ANNUAL,,ACRES,,NATIONAL,US TOTAL,CROPS,IRRIGATED,00,CENSUS,,,9000,AREA HARVESTED,,"8,436,088",YEAR,"ECONOMIC CLASS: (1,000,000 OR MORE $)",,ECONOMIC CLASS,UNITED STATES,US,99,
FIELD CROPS,00000000,00,US TOTAL,,,2012,,ALL CLASSES,8.8,"CORN, GRAIN, IRRIGATED - ACRES HARVESTED",2012-12-31 00:00:00.000,CORN,,GRAIN,ANNUAL,,ACRES,,NATIONAL,US TOTAL,CROPS,IRRIGATED,00,CENSUS,,,9000,AREA HARVESTED,,"12,171",YEAR,"ECONOMIC CLASS: (10,000 TO 24,999 $)",,ECONOMIC CLASS,UNITED STATES,US,99,
FIELD CROPS,00000000,00,US TOTAL,,,2012,,ALL CLASSES,6.1,"CORN, GRAIN, IRRIGATED - ACRES HARVESTED",2012-12-31 00:00:00.000,CORN,,GRAIN,ANNUAL,,ACRES,,NATIONAL,US TOTAL,CROPS,IRRIGATED,00,CENSUS,,,9000,AREA HARVESTED,,"595,071",YEAR,"ECONOMIC CLASS: (100,000 TO 249,999 $)",,ECONOMIC CLASS,UNITED STATES,US,99,
FIELD CROPS,00000000,00,US TOTAL,,,2012,,ALL CLASSES,16.2,"CORN, GRAIN, IRRIGATED - ACRES HARVESTED",2012-12-31 00:00:00.000,CORN,,GRAIN,ANNUAL,,ACRES,,NATIONAL,US TOTAL,CROPS,IRRIGATED,00,CENSUS,,,9000,AREA HARVESTED,,"1,262",YEAR,"ECONOMIC CLASS: (2,500 TO 4,999 $)",,ECONOMIC CLASS,UNITED STATES,US,99,
FIELD CROPS,00000000,00,US TOTAL,,,2012,,ALL CLASSES,4.3,"CORN, GRAIN, IRRIGATED - ACRES HARVESTED",2012-12-31 00:00:00.000,CORN,,GRAIN,ANNUAL,,ACRES,,NATIONAL,US TOTAL,CROPS,IRRIGATED,00,CENSUS,,,9000,AREA HARVESTED,,"33,408",YEAR,"ECONOMIC CLASS: (25,000 TO 49,999 $)",,ECONOMIC CLASS,UNITED STATES,US,99,
FIELD CROPS,00000000,00,US TOTAL,,,2012,,ALL CLASSES,2.9,"CORN, GRAIN, IRRIGATED - ACRES HARVESTED",2012-12-31 00:00:00.000,CORN,,GRAIN,ANNUAL,,ACRES,,NATIONAL,US TOTAL,CROPS,IRRIGATED,00,CENSUS,,,9000,AREA HARVESTED,,"1,210,031",YEAR,"ECONOMIC CLASS: (250,000 TO 499,999 $)",,ECONOMIC CLASS,UNITED STATES,US,99,
FIELD CROPS,00000000,00,US TOTAL,,,2012,,ALL CLASSES,11.6,"CORN, GRAIN, IRRIGATED - ACRES HARVESTED",2012-12-31 00:00:00.000,CORN,,GRAIN,ANNUAL,,ACRES,,NATIONAL,US TOTAL,CROPS,IRRIGATED,00,CENSUS,,,9000,AREA HARVESTED,,"2,733",YEAR,"ECONOMIC CLASS: (5,000 TO 9,999 $)",,ECONOMIC CLASS,UNITED STATES,US,99,
FIELD CROPS,00000000,00,US TOTAL,,,2012,,ALL CLASSES,20.1,"CORN, GRAIN, IRRIGATED - ACRES HARVESTED",2012-12-31 00:00:00.000,CORN,,GRAIN,ANNUAL,,ACRES,,NATIONAL,US TOTAL,CROPS,IRRIGATED,00,CENSUS,,,9000,AREA HARVESTED,,"131,994",YEAR,"ECONOMIC CLASS: (50,000 TO 99,999 $)",,ECONOMIC CLASS,UNITED STATES,US,99,
FIELD CROPS,00000000,00,US TOTAL,,,2012,,ALL CLASSES,7.4,"CORN, GRAIN, IRRIGATED - ACRES HARVESTED",2012-12-31 00:00:00.000,CORN,,GRAIN,ANNUAL,,ACRES,,NATIONAL,US TOTAL,CROPS,IRRIGATED,00,CENSUS,,,9000,AREA HARVESTED,,"2,394,853",YEAR,"ECONOMIC CLASS: (500,000 TO 999,999 $)",,ECONOMIC CLASS,UNITED STATES,US,99,
FIELD CROPS,00000000,00,US TOTAL,,,2012,,ALL CLASSES,20.2,"CORN, GRAIN, IRRIGATED - ACRES HARVESTED",2012-12-31 00:00:00.000,CORN,,GRAIN,ANNUAL,,ACRES,,NATIONAL,US TOTAL,CROPS,IRRIGATED,00,CENSUS,,,9000,AREA HARVESTED,,640,YEAR,"ECONOMIC CLASS: (LESS THAN 1,000 $)",,ECONOMIC CLASS,UNITED STATES,US,99,
FIELD CROPS,00000000,00,US TOTAL,,,2012,,ALL CLASSES,13.9,"CORN, GRAIN, IRRIGATED - ACRES HARVESTED",2012-12-31 00:00:00.000,CORN,,GRAIN,ANNUAL,,ACRES,,NATIONAL,US TOTAL,CROPS,IRRIGATED,00,CENSUS,,,9000,AREA HARVESTED,,860,YEAR,"FARM SALES: (1,000 TO 2,499 $)",,FARM SALES,UNITED STATES,US,99,
FIELD CROPS,00000000,00,US TOTAL,,,2012,,ALL CLASSES,4.4,"CORN, GRAIN, IRRIGATED - ACRES HARVESTED",2012-12-31 00:00:00.000,CORN,,GRAIN,ANNUAL,,ACRES,,NATIONAL,US TOTAL,CROPS,IRRIGATED,00,CENSUS,,,9000,AREA HARVESTED,,"8,297,295",YEAR,"FARM SALES: (1,000,000 OR MORE $)",,FARM SALES,UNITED STATES,US,99,
FIELD CROPS,00000000,00,US TOTAL,,,2012,,ALL CLASSES,8.1,"CORN, GRAIN, IRRIGATED - ACRES HARVESTED",2012-12-31 00:00:00.000,CORN,,GRAIN,ANNUAL,,ACRES,,NATIONAL,US TOTAL,CROPS,IRRIGATED,00,CENSUS,,,9000,AREA HARVESTED,,"13,642",YEAR,"FARM SALES: (10,000 TO 24,999 $)",,FARM SALES,UNITED STATES,US,99,
FIELD CROPS,00000000,00,US TOTAL,,,2012,,ALL CLASSES,6.8,"CORN, GRAIN, IRRIGATED - ACRES HARVESTED",2012-12-31 00:00:00.000,CORN,,GRAIN,ANNUAL,,ACRES,,NATIONAL,US TOTAL,CROPS,IRRIGATED,00,CENSUS,,,9000,AREA HARVESTED,,"630,278",YEAR,"FARM SALES: (100,000 TO 249,999 $)",,FARM SALES,UNITED STATES,US,99,
FIELD CROPS,00000000,00,US TOTAL,,,2012,,ALL CLASSES,16.3,"CORN, GRAIN, IRRIGATED - ACRES HARVESTED",2012-12-31 00:00:00.000,CORN,,GRAIN,ANNUAL,,ACRES,,NATIONAL,US TOTAL,CROPS,IRRIGATED,00,CENSUS,,,9000,AREA HARVESTED,,"1,214",YEAR,"FARM SALES: (2,500 TO 4,999 $)",,FARM SALES,UNITED STATES,US,99,
FIELD CROPS,00000000,00,US TOTAL,,,2012,,ALL CLASSES,6.1,"CORN, GRAIN, IRRIGATED - ACRES HARVESTED",2012-12-31 00:00:00.000,CORN,,GRAIN,ANNUAL,,ACRES,,NATIONAL,US TOTAL,CROPS,IRRIGATED,00,CENSUS,,,9000,AREA HARVESTED,,"39,354",YEAR,"FARM SALES: (25,000 TO 49,999 $)",,FARM SALES,UNITED STATES,US,99,
FIELD CROPS,00000000,00,US TOTAL,,,2012,,ALL CLASSES,2.5,"CORN, GRAIN, IRRIGATED - ACRES HARVESTED",2012-12-31 00:00:00.000,CORN,,GRAIN,ANNUAL,,ACRES,,NATIONAL,US TOTAL,CROPS,IRRIGATED,00,CENSUS,,,9000,AREA HARVESTED,,"1,251,589",YEAR,"FARM SALES: (250,000 TO 499,999 $)",,FARM SALES,UNITED STATES,US,99,
FIELD CROPS,00000000,00,US TOTAL,,,2012,,ALL CLASSES,11.6,"CORN, GRAIN, IRRIGATED - ACRES HARVESTED",2012-12-31 00:00:00.000,CORN,,GRAIN,ANNUAL,,ACRES,,NATIONAL,US TOTAL,CROPS,IRRIGATED,00,CENSUS,,,9000,AREA HARVESTED,,"2,943",YEAR,"FARM SALES: (5,000 TO 9,999 $)",,FARM SALES,UNITED STATES,US,99,
FIELD CROPS,00000000,00,US TOTAL,,,2012,,ALL CLASSES,19.3,"CORN, GRAIN, IRRIGATED - ACRES HARVESTED",2012-12-31 00:00:00.000,CORN,,GRAIN,ANNUAL,,ACRES,,NATIONAL,US TOTAL,CROPS,IRRIGATED,00,CENSUS,,,9000,AREA HARVESTED,,"140,413",YEAR,"FARM SALES: (50,000 TO 99,999 $)",,FARM SALES,UNITED STATES,US,99,
FIELD CROPS,00000000,00,US TOTAL,,,2012,,ALL CLASSES,7.7,"CORN, GRAIN, IRRIGATED - ACRES HARVESTED",2012-12-31 00:00:00.000,CORN,,GRAIN,ANNUAL,,ACRES,,NATIONAL,US TOTAL,CROPS,IRRIGATED,00,CENSUS,,,9000,AREA HARVESTED,,"2,439,832",YEAR,"FARM SALES: (500,000 TO 999,999 $)",,FARM SALES,UNITED STATES,US,99,
FIELD CROPS,00000000,00,US TOTAL,,,2012,,ALL CLASSES,59.1,"CORN, GRAIN, IRRIGATED - ACRES HARVESTED",2012-12-31 00:00:00.000,CORN,,GRAIN,ANNUAL,,ACRES,,NATIONAL,US TOTAL,CROPS,IRRIGATED,00,CENSUS,,,9000,AREA HARVESTED,,"1,649",YEAR,"FARM SALES: (LESS THAN 1,000 $)",,FARM SALES,UNITED STATES,US,99,
FIELD CROPS,00000000,00,US TOTAL,,,2012,,ALL CLASSES,3.2,"CORN, GRAIN, IRRIGATED - ACRES HARVESTED",2012-12-31 00:00:00.000,CORN,,GRAIN,ANNUAL,,ACRES,,NATIONAL,US TOTAL,CROPS,IRRIGATED,00,CENSUS,,,9000,AREA HARVESTED,,"11,059,359",YEAR,NAICS CLASSIFICATION: (1111),,NAICS CLASSIFICATION,UNITED STATES,US,99,
FIELD CROPS,00000000,00,US TOTAL,,,2012,,ALL CLASSES,4.8,"CORN, GRAIN, IRRIGATED - ACRES HARVESTED",2012-12-31 00:00:00.000,CORN,,GRAIN,ANNUAL,,ACRES,,NATIONAL,US TOTAL,CROPS,IRRIGATED,00,CENSUS,,,9000,AREA HARVESTED,,"165,131",YEAR,NAICS CLASSIFICATION: (1112),,NAICS CLASSIFICATION,UNITED STATES,US,99,
FIELD CROPS,00000000,00,US TOTAL,,,2012,,ALL CLASSES,7.1,"CORN, GRAIN, IRRIGATED - ACRES HARVESTED",2012-12-31 00:00:00.000,CORN,,GRAIN,ANNUAL,,ACRES,,NATIONAL,US TOTAL,CROPS,IRRIGATED,00,CENSUS,,,9000,AREA HARVESTED,,"20,492",YEAR,NAICS CLASSIFICATION: (1113),,NAICS CLASSIFICATION,UNITED STATES,US,99,
FIELD CROPS,00000000,00,US TOTAL,,,2012,,ALL CLASSES,11.1,"CORN, GRAIN, IRRIGATED - ACRES HARVESTED",2012-12-31 00:00:00.000,CORN,,GRAIN,ANNUAL,,ACRES,,NATIONAL,US TOTAL,CROPS,IRRIGATED,00,CENSUS,,,9000,AREA HARVESTED,,"6,018",YEAR,NAICS CLASSIFICATION: (1114),,NAICS CLASSIFICATION,UNITED STATES,US,99,
FIELD CROPS,00000000,00,US TOTAL,,,2012,,ALL CLASSES,4.4,"CORN, GRAIN, IRRIGATED - ACRES HARVESTED",2012-12-31 00:00:00.000,CORN,,GRAIN,ANNUAL,,ACRES,,NATIONAL,US TOTAL,CROPS,IRRIGATED,00,CENSUS,,,9000,AREA HARVESTED,,"627,395",YEAR,NAICS CLASSIFICATION: (1119),,NAICS CLASSIFICATION,UNITED STATES,US,99,
FIELD CROPS,00000000,00,US TOTAL,,,2012,,ALL CLASSES,9.5,"CORN, GRAIN, IRRIGATED - ACRES HARVESTED",2012-12-31 00:00:00.000,CORN,,GRAIN,ANNUAL,,ACRES,,NATIONAL,US TOTAL,CROPS,IRRIGATED,00,CENSUS,,,9000,AREA HARVESTED,,"2,328",YEAR,NAICS CLASSIFICATION: (11191),,NAICS CLASSIFICATION,UNITED STATES,US,99,
FIELD CROPS,00000000,00,US TOTAL,,,2012,,ALL CLASSES,10.7,"CORN, GRAIN, IRRIGATED - ACRES HARVESTED",2012-12-31 00:00:00.000,CORN,,GRAIN,ANNUAL,,ACRES,,NATIONAL,US TOTAL,CROPS,IRRIGATED,00,CENSUS,,,9000,AREA HARVESTED,,"128,327",YEAR,NAICS CLASSIFICATION: (11192),,NAICS CLASSIFICATION,UNITED STATES,US,99,
FIELD CROPS,00000000,00,US TOTAL,,,2012,,ALL CLASSES,5.0,"CORN, GRAIN, IRRIGATED - ACRES HARVESTED",2012-12-31 00:00:00.000,CORN,,GRAIN,ANNUAL,,ACRES,,NATIONAL,US TOTAL,CROPS,IRRIGATED,00,CENSUS,,,9000,AREA HARVESTED,,"496,740",YEAR,NAICS CLASSIFICATION: (11193 & 11194 & 11199),,NAICS CLASSIFICATION,UNITED STATES,US,99,
FIELD CROPS,00000000,00,US TOTAL,,,2012,,ALL CLASSES,4.3,"CORN, GRAIN, IRRIGATED - ACRES HARVESTED",2012-12-31 00:00:00.000,CORN,,GRAIN,ANNUAL,,ACRES,,NATIONAL,US TOTAL,CROPS,IRRIGATED,00,CENSUS,,,9000,AREA HARVESTED,,"323,799",YEAR,NAICS CLASSIFICATION: (112111),,NAICS CLASSIFICATION,UNITED STATES,US,99,
FIELD CROPS,00000000,00,US TOTAL,,,2012,,ALL CLASSES,7.0,"CORN, GRAIN, IRRIGATED - ACRES HARVESTED",2012-12-31 00:00:00.000,CORN,,GRAIN,ANNUAL,,ACRES,,NATIONAL,US TOTAL,CROPS,IRRIGATED,00,CENSUS,,,9000,AREA HARVESTED,,"316,935",YEAR,NAICS CLASSIFICATION: (112112),,NAICS CLASSIFICATION,UNITED STATES,US,99,
FIELD CROPS,00000000,00,US TOTAL,,,2012,,ALL CLASSES,2.2,"CORN, GRAIN, IRRIGATED - ACRES HARVESTED",2012-12-31 00:00:00.000,CORN,,GRAIN,ANNUAL,,ACRES,,NATIONAL,US TOTAL,CROPS,IRRIGATED,00,CENSUS,,,9000,AREA HARVESTED,,"126,944",YEAR,NAICS CLASSIFICATION: (11212),,NAICS CLASSIFICATION,UNITED STATES,US,99,
FIELD CROPS,00000000,00,US TOTAL,,,2012,,ALL CLASSES,5.1,"CORN, GRAIN, IRRIGATED - ACRES HARVESTED",2012-12-31 00:00:00.000,CORN,,GRAIN,ANNUAL,,ACRES,,NATIONAL,US TOTAL,CROPS,IRRIGATED,00,CENSUS,,,9000,AREA HARVESTED,,"87,907",YEAR,NAICS CLASSIFICATION: (1122),,NAICS CLASSIFICATION,UNITED STATES,US,99,
FIELD CROPS,00000000,00,US TOTAL,,,2012,,ALL CLASSES,6.1,"CORN, GRAIN, IRRIGATED - ACRES HARVESTED",2012-12-31 00:00:00.000,CORN,,GRAIN,ANNUAL,,ACRES,,NATIONAL,US TOTAL,CROPS,IRRIGATED,00,CENSUS,,,9000,AREA HARVESTED,,"42,919",YEAR,NAICS CLASSIFICATION: (1123),,NAICS CLASSIFICATION,UNITED STATES,US,99,
FIELD CROPS,00000000,00,US TOTAL,,,2012,,ALL CLASSES,24.5,"CORN, GRAIN, IRRIGATED - ACRES HARVESTED",2012-12-31 00:00:00.000,CORN,,GRAIN,ANNUAL,,ACRES,,NATIONAL,US TOTAL,CROPS,IRRIGATED,00,CENSUS,,,9000,AREA HARVESTED,,"1,905",YEAR,NAICS CLASSIFICATION: (1124),,NAICS CLASSIFICATION,UNITED STATES,US,99,
FIELD CROPS,00000000,00,US TOTAL,,,2012,,ALL CLASSES,9.4,"CORN, GRAIN, IRRIGATED - ACRES HARVESTED",2012-12-31 00:00:00.000,CORN,,GRAIN,ANNUAL,,ACRES,,NATIONAL,US TOTAL,CROPS,IRRIGATED,00,CENSUS,,,9000,AREA HARVESTED,,"40,265",YEAR,NAICS CLASSIFICATION: (1125 & 1129),,NAICS CLASSIFICATION,UNITED STATES,US,99,
FIELD CROPS,00000000,00,US TOTAL,,,2012,,ALL CLASSES,2.8,"CORN, GRAIN, IRRIGATED - ACRES HARVESTED",2012-12-31 00:00:00.000,CORN,,GRAIN,ANNUAL,,ACRES,,NATIONAL,US TOTAL,CROPS,IRRIGATED,00,CENSUS,,,9000,AREA HARVESTED,,"12,819,069",YEAR,NOT SPECIFIED,,TOTAL,UNITED STATES,US,99,
FIELD CROPS,00000000,00,US TOTAL,,,2012,,ALL CLASSES,6.1,"CORN, SILAGE, IRRIGATED - ACRES HARVESTED",2012-12-31 00:00:00.000,CORN,,SILAGE,ANNUAL,,ACRES,,NATIONAL,US TOTAL,CROPS,IRRIGATED,00,CENSUS,,,9000,AREA HARVESTED,,"457,882",YEAR,"AREA HARVESTED: (1,000 OR MORE ACRES)",,AREA HARVESTED,UNITED STATES,US,99,
FIELD CROPS,00000000,00,US TOTAL,,,2012,,ALL CLASSES,5.8,"CORN, SILAGE, IRRIGATED - ACRES HARVESTED",2012-12-31 00:00:00.000,CORN,,SILAGE,ANNUAL,,ACRES,,NATIONAL,US TOTAL,CROPS,IRRIGATED,00,CENSUS,,,9000,AREA HARVESTED,,"5,686",YEAR,AREA HARVESTED: (1.0 TO 14.9 ACRES),,AREA HARVESTED,UNITED STATES,US,99,
FIELD CROPS,00000000,00,US TOTAL,,,2012,,ALL CLASSES,2.0,"CORN, SILAGE, IRRIGATED - ACRES HARVESTED",2012-12-31 00:00:00.000,CORN,,SILAGE,ANNUAL,,ACRES,,NATIONAL,US TOTAL,CROPS,IRRIGATED,00,CENSUS,,,9000,AREA HARVESTED,,"337,282",YEAR,AREA HARVESTED: (100 TO 249 ACRES),,AREA HARVESTED,UNITED STATES,US,99,
FIELD CROPS,00000000,00,US TOTAL,,,2012,,ALL CLASSES,5.5,"CORN, SILAGE, IRRIGATED - ACRES HARVESTED",2012-12-31 00:00:00.000,CORN,,SILAGE,ANNUAL,,ACRES,,NATIONAL,US TOTAL,CROPS,IRRIGATED,00,CENSUS,,,9000,AREA HARVESTED,,"13,594",YEAR,AREA HARVESTED: (15.0 TO 24.9 ACRES),,AREA HARVESTED,UNITED STATES,US,99,
FIELD CROPS,00000000,00,US TOTAL,,,2012,,ALL CLASSES,6.1,"CORN, SILAGE, IRRIGATED - ACRES HARVESTED",2012-12-31 00:00:00.000,CORN,,SILAGE,ANNUAL,,ACRES,,NATIONAL,US TOTAL,CROPS,IRRIGATED,00,CENSUS,,,9000,AREA HARVESTED,,"47,820",YEAR,AREA HARVESTED: (25.0 TO 49.9 ACRES),,AREA HARVESTED,UNITED STATES,US,99,
FIELD CROPS,00000000,00,US TOTAL,,,2012,,ALL CLASSES,2.0,"CORN, SILAGE, IRRIGATED - ACRES HARVESTED",2012-12-31 00:00:00.000,CORN,,SILAGE,ANNUAL,,ACRES,,NATIONAL,US TOTAL,CROPS,IRRIGATED,00,CENSUS,,,9000,AREA HARVESTED,,"340,842",YEAR,AREA HARVESTED: (250 TO 499 ACRES),,AREA HARVESTED,UNITED STATES,US,99,
FIELD CROPS,00000000,00,US TOTAL,,,2012,,ALL CLASSES,4.6,"CORN, SILAGE, IRRIGATED - ACRES HARVESTED",2012-12-31 00:00:00.000,CORN,,SILAGE,ANNUAL,,ACRES,,NATIONAL,US TOTAL,CROPS,IRRIGATED,00,CENSUS,,,9000,AREA HARVESTED,,"125,558",YEAR,AREA HARVESTED: (50.0 TO 99.9 ACRES),,AREA HARVESTED,UNITED STATES,US,99,
FIELD CROPS,00000000,00,US TOTAL,,,2012,,ALL CLASSES,4.9,"CORN, SILAGE, IRRIGATED - ACRES HARVESTED",2012-12-31 00:00:00.000,CORN,,SILAGE,ANNUAL,,ACRES,,NATIONAL,US TOTAL,CROPS,IRRIGATED,00,CENSUS,,,9000,AREA HARVESTED,,"315,092",YEAR,AREA HARVESTED: (500 TO 999 ACRES),,AREA HARVESTED,UNITED STATES,US,99,
FIELD CROPS,00000000,00,US TOTAL,,,2012,,ALL CLASSES,3.7,"CORN, SILAGE, IRRIGATED - ACRES HARVESTED",2012-12-31 00:00:00.000,CORN,,SILAGE,ANNUAL,,ACRES,,NATIONAL,US TOTAL,CROPS,IRRIGATED,00,CENSUS,,,9000,AREA HARVESTED,,"327,670",YEAR,"AREA OPERATED: (1,000 TO 1,999 ACRES)",,AREA OPERATED,UNITED STATES,US,99,
FIELD CROPS,00000000,00,US TOTAL,,,2012,,ALL CLASSES,17.1,"CORN, SILAGE, IRRIGATED - ACRES HARVESTED",2012-12-31 00:00:00.000,CORN,,SILAGE,ANNUAL,,ACRES,,NATIONAL,US TOTAL,CROPS,IRRIGATED,00,CENSUS,,,9000,AREA HARVESTED,,222,YEAR,AREA OPERATED: (1.0 TO 9.9 ACRES),,AREA OPERATED,UNITED STATES,US,99,
FIELD CROPS,00000000,00,US TOTAL,,,2012,,ALL CLASSES,6.8,"CORN, SILAGE, IRRIGATED - ACRES HARVESTED",2012-12-31 00:00:00.000,CORN,,SILAGE,ANNUAL,,ACRES,,NATIONAL,US TOTAL,CROPS,IRRIGATED,00,CENSUS,,,9000,AREA HARVESTED,,"6,412",YEAR,AREA OPERATED: (10.0 TO 49.9 ACRES),,AREA OPERATED,UNITED STATES,US,99,
FIELD CROPS,00000000,00,US TOTAL,,,2012,,ALL CLASSES,12.8,"CORN, SILAGE, IRRIGATED - ACRES HARVESTED",2012-12-31 00:00:00.000,CORN,,SILAGE,ANNUAL,,ACRES,,NATIONAL,US TOTAL,CROPS,IRRIGATED,00,CENSUS,,,9000,AREA HARVESTED,,"21,461",YEAR,AREA OPERATED: (100 TO 139 ACRES),,AREA OPERATED,UNITED STATES,US,99,
FIELD CROPS,00000000,00,US TOTAL,,,2012,,ALL CLASSES,7.9,"CORN, SILAGE, IRRIGATED - ACRES HARVESTED",2012-12-31 00:00:00.000,CORN,,SILAGE,ANNUAL,,ACRES,,NATIONAL,US TOTAL,CROPS,IRRIGATED,00,CENSUS,,,9000,AREA HARVESTED,,"24,400",YEAR,AREA OPERATED: (140 TO 179 ACRES),,AREA OPERATED,UNITED STATES,US,99,
FIELD CROPS,00000000,00,US TOTAL,,,2012,,ALL CLASSES,8.1,"CORN, SILAGE, IRRIGATED - ACRES HARVESTED",2012-12-31 00:00:00.000,CORN,,SILAGE,ANNUAL,,ACRES,,NATIONAL,US TOTAL,CROPS,IRRIGATED,00,CENSUS,,,9000,AREA HARVESTED,,"20,711",YEAR,AREA OPERATED: (180 TO 219 ACRES),,AREA OPERATED,UNITED STATES,US,99,
FIELD CROPS,00000000,00,US TOTAL,,,2012,,ALL CLASSES,4.4,"CORN, SILAGE, IRRIGATED - ACRES HARVESTED",2012-12-31 00:00:00.000,CORN,,SILAGE,ANNUAL,,ACRES,,NATIONAL,US TOTAL,CROPS,IRRIGATED,00,CENSUS,,,9000,AREA HARVESTED,,"764,594",YEAR,"AREA OPERATED: (2,000 OR MORE ACRES)",,AREA OPERATED,UNITED STATES,US,99,
FIELD CROPS,00000000,00,US TOTAL,,,2012,,ALL CLASSES,8.7,"CORN, SILAGE, IRRIGATED - ACRES HARVESTED",2012-12-31 00:00:00.000,CORN,,SILAGE,ANNUAL,,ACRES,,NATIONAL,US TOTAL,CROPS,IRRIGATED,00,CENSUS,,,9000,AREA HARVESTED,,"25,277",YEAR,AREA OPERATED: (220 TO 259 ACRES),,AREA OPERATED,UNITED STATES,US,99,
FIELD CROPS,00000000,00,US TOTAL,,,2012,,ALL CLASSES,2.8,"CORN, SILAGE, IRRIGATED - ACRES HARVESTED",2012-12-31 00:00:00.000,CORN,,SILAGE,ANNUAL,,ACRES,,NATIONAL,US TOTAL,CROPS,IRRIGATED,00,CENSUS,,,9000,AREA HARVESTED,,"149,010",YEAR,AREA OPERATED: (260 TO 499 ACRES),,AREA OPERATED,UNITED STATES,US,99,
FIELD CROPS,00000000,00,US TOTAL,,,2012,,ALL CLASSES,10.1,"CORN, SILAGE, IRRIGATED - ACRES HARVESTED",2012-12-31 00:00:00.000,CORN,,SILAGE,ANNUAL,,ACRES,,NATIONAL,US TOTAL,CROPS,IRRIGATED,00,CENSUS,,,9000,AREA HARVESTED,,"4,977",YEAR,AREA OPERATED: (50.0 TO 69.9 ACRES),,AREA OPERATED,UNITED STATES,US,99,
FIELD CROPS,00000000,00,US TOTAL,,,2012,,ALL CLASSES,4.0,"CORN, SILAGE, IRRIGATED - ACRES HARVESTED",2012-12-31 00:00:00.000,CORN,,SILAGE,ANNUAL,,ACRES,,NATIONAL,US TOTAL,CROPS,IRRIGATED,00,CENSUS,,,9000,AREA HARVESTED,,"286,565",YEAR,AREA OPERATED: (500 TO 999 ACRES),,AREA OPERATED,UNITED STATES,US,99,
FIELD CROPS,00000000,00,US TOTAL,,,2012,,ALL CLASSES,17.5,"CORN, SILAGE, IRRIGATED - ACRES HARVESTED",2012-12-31 00:00:00.000,CORN,,SILAGE,ANNUAL,,ACRES,,NATIONAL,US TOTAL,CROPS,IRRIGATED,00,CENSUS,,,9000,AREA HARVESTED,,"12,457",YEAR,AREA OPERATED: (70.0 TO 99.9 ACRES),,AREA OPERATED,UNITED STATES,US,99,
FIELD CROPS,00000000,00,US TOTAL,,,2012,,ALL CLASSES,59.6,"CORN, SILAGE, IRRIGATED - ACRES HARVESTED",2012-12-31 00:00:00.000,CORN,,SILAGE,ANNUAL,,ACRES,,NATIONAL,US TOTAL,CROPS,IRRIGATED,00,CENSUS,,,9000,AREA HARVESTED,,164,YEAR,"ECONOMIC CLASS: (1,000 TO 2,499 $)",,ECONOMIC CLASS,UNITED STATES,US,99,
FIELD CROPS,00000000,00,US TOTAL,,,2012,,ALL CLASSES,3.6,"CORN, SILAGE, IRRIGATED - ACRES HARVESTED",2012-12-31 00:00:00.000,CORN,,SILAGE,ANNUAL,,ACRES,,NATIONAL,US TOTAL,CROPS,IRRIGATED,00,CENSUS,,,9000,AREA HARVESTED,,"1,231,112",YEAR,"ECONOMIC CLASS: (1,000,000 OR MORE $)",,ECONOMIC CLASS,UNITED STATES,US,99,
FIELD CROPS,00000000,00,US TOTAL,,,2012,,ALL CLASSES,21.2,"CORN, SILAGE, IRRIGATED - ACRES HARVESTED",2012-12-31 00:00:00.000,CORN,,SILAGE,ANNUAL,,ACRES,,NATIONAL,US TOTAL,CROPS,IRRIGATED,00,CENSUS,,,9000,AREA HARVESTED,,"3,517",YEAR,"ECONOMIC CLASS: (10,000 TO 24,999 $)",,ECONOMIC CLASS,UNITED STATES,US,99,
FIELD CROPS,00000000,00,US TOTAL,,,2012,,ALL CLASSES,7.8,"CORN, SILAGE, IRRIGATED - ACRES HARVESTED",2012-12-31 00:00:00.000,CORN,,SILAGE,ANNUAL,,ACRES,,NATIONAL,US TOTAL,CROPS,IRRIGATED,00,CENSUS,,,9000,AREA HARVESTED,,"67,266",YEAR,"ECONOMIC CLASS: (100,000 TO 249,999 $)",,ECONOMIC CLASS,UNITED STATES,US,99,
FIELD CROPS,00000000,00,US TOTAL,,,2012,,ALL CLASSES,19.8,"CORN, SILAGE, IRRIGATED - ACRES HARVESTED",2012-12-31 00:00:00.000,CORN,,SILAGE,ANNUAL,,ACRES,,NATIONAL,US TOTAL,CROPS,IRRIGATED,00,CENSUS,,,9000,AREA HARVESTED,,225,YEAR,"ECONOMIC CLASS: (2,500 TO 4,999 $)",,ECONOMIC CLASS,UNITED STATES,US,99,
FIELD CROPS,00000000,00,US TOTAL,,,2012,,ALL CLASSES,7.4,"CORN, SILAGE, IRRIGATED - ACRES HARVESTED",2012-12-31 00:00:00.000,CORN,,SILAGE,ANNUAL,,ACRES,,NATIONAL,US TOTAL,CROPS,IRRIGATED,00,CENSUS,,,9000,AREA HARVESTED,,"10,428",YEAR,"ECONOMIC CLASS: (25,000 TO 49,999 $)",,ECONOMIC CLASS,UNITED STATES,US,99,
FIELD CROPS,00000000,00,US TOTAL,,,2012,,ALL CLASSES,5.0,"CORN, SILAGE, IRRIGATED - ACRES HARVESTED",2012-12-31 00:00:00.000,CORN,,SILAGE,ANNUAL,,ACRES,,NATIONAL,US TOTAL,CROPS,IRRIGATED,00,CENSUS,,,9000,AREA HARVESTED,,"123,407",YEAR,"ECONOMIC CLASS: (250,000 TO 499,999 $)",,ECONOMIC CLASS,UNITED STATES,US,99,
FIELD CROPS,00000000,00,US TOTAL,,,2012,,ALL CLASSES,18.6,"CORN, SILAGE, IRRIGATED - ACRES HARVESTED",2012-12-31 00:00:00.000,CORN,,SILAGE,ANNUAL,,ACRES,,NATIONAL,US TOTAL,CROPS,IRRIGATED,00,CENSUS,,,9000,AREA HARVESTED,,923,YEAR,"ECONOMIC CLASS: (5,000 TO 9,999 $)",,ECONOMIC CLASS,UNITED STATES,US,99,
FIELD CROPS,00000000,00,US TOTAL,,,2012,,ALL CLASSES,11.6,"CORN, SILAGE, IRRIGATED - ACRES HARVESTED",2012-12-31 00:00:00.000,CORN,,SILAGE,ANNUAL,,ACRES,,NATIONAL,US TOTAL,CROPS,IRRIGATED,00,CENSUS,,,9000,AREA HARVESTED,,"25,802",YEAR,"ECONOMIC CLASS: (50,000 TO 99,999 $)",,ECONOMIC CLASS,UNITED STATES,US,99,
FIELD CROPS,00000000,00,US TOTAL,,,2012,,ALL CLASSES,4.4,"CORN, SILAGE, IRRIGATED - ACRES HARVESTED",2012-12-31 00:00:00.000,CORN,,SILAGE,ANNUAL,,ACRES,,NATIONAL,US TOTAL,CROPS,IRRIGATED,00,CENSUS,,,9000,AREA HARVESTED,,"180,816",YEAR,"ECONOMIC CLASS: (500,000 TO 999,999 $)",,ECONOMIC CLASS,UNITED STATES,US,99,
FIELD CROPS,00000000,00,US TOTAL,,,2012,,ALL CLASSES,10.0,"CORN, SILAGE, IRRIGATED - ACRES HARVESTED",2012-12-31 00:00:00.000,CORN,,SILAGE,ANNUAL,,ACRES,,NATIONAL,US TOTAL,CROPS,IRRIGATED,00,CENSUS,,,9000,AREA HARVESTED,,96,YEAR,"ECONOMIC CLASS: (LESS THAN 1,000 $)",,ECONOMIC CLASS,UNITED STATES,US,99,
FIELD CROPS,00000000,00,US TOTAL,,,2012,,ALL CLASSES,(H),"CORN, SILAGE, IRRIGATED - ACRES HARVESTED",2012-12-31 00:00:00.000,CORN,,SILAGE,ANNUAL,,ACRES,,NATIONAL,US TOTAL,CROPS,IRRIGATED,00,CENSUS,,,9000,AREA HARVESTED,,91,YEAR,"FARM SALES: (1,000 TO 2,499 $)",,FARM SALES,UNITED STATES,US,99,
FIELD CROPS,00000000,00,US TOTAL,,,2012,,ALL CLASSES,3.8,"CORN, SILAGE, IRRIGATED - ACRES HARVESTED",2012-12-31 00:00:00.000,CORN,,SILAGE,ANNUAL,,ACRES,,NATIONAL,US TOTAL,CROPS,IRRIGATED,00,CENSUS,,,9000,AREA HARVESTED,,"1,220,345",YEAR,"FARM SALES: (1,000,000 OR MORE $)",,FARM SALES,UNITED STATES,US,99,
FIELD CROPS,00000000,00,US TOTAL,,,2012,,ALL CLASSES,19.8,"CORN, SILAGE, IRRIGATED - ACRES HARVESTED",2012-12-31 00:00:00.000,CORN,,SILAGE,ANNUAL,,ACRES,,NATIONAL,US TOTAL,CROPS,IRRIGATED,00,CENSUS,,,9000,AREA HARVESTED,,"3,778",YEAR,"FARM SALES: (10,000 TO 24,999 $)",,FARM SALES,UNITED STATES,US,99,
FIELD CROPS,00000000,00,US TOTAL,,,2012,,ALL CLASSES,8.0,"CORN, SILAGE, IRRIGATED - ACRES HARVESTED",2012-12-31 00:00:00.000,CORN,,SILAGE,ANNUAL,,ACRES,,NATIONAL,US TOTAL,CROPS,IRRIGATED,00,CENSUS,,,9000,AREA HARVESTED,,"70,452",YEAR,"FARM SALES: (100,000 TO 249,999 $)",,FARM SALES,UNITED STATES,US,99,
FIELD CROPS,00000000,00,US TOTAL,,,2012,,ALL CLASSES,21.0,"CORN, SILAGE, IRRIGATED - ACRES HARVESTED",2012-12-31 00:00:00.000,CORN,,SILAGE,ANNUAL,,ACRES,,NATIONAL,US TOTAL,CROPS,IRRIGATED,00,CENSUS,,,9000,AREA HARVESTED,,282,YEAR,"FARM SALES: (2,500 TO 4,999 $)",,FARM SALES,UNITED STATES,US,99,
FIELD CROPS,00000000,00,US TOTAL,,,2012,,ALL CLASSES,13.4,"CORN, SILAGE, IRRIGATED - ACRES HARVESTED",2012-12-31 00:00:00.000,CORN,,SILAGE,ANNUAL,,ACRES,,NATIONAL,US TOTAL,CROPS,IRRIGATED,00,CENSUS,,,9000,AREA HARVESTED,,"11,936",YEAR,"FARM SALES: (25,000 TO 49,999 $)",,FARM SALES,UNITED STATES,US,99,
FIELD CROPS,00000000,00,US TOTAL,,,2012,,ALL CLASSES,5.1,"CORN, SILAGE, IRRIGATED - ACRES HARVESTED",2012-12-31 00:00:00.000,CORN,,SILAGE,ANNUAL,,ACRES,,NATIONAL,US TOTAL,CROPS,IRRIGATED,00,CENSUS,,,9000,AREA HARVESTED,,"124,179",YEAR,"FARM SALES: (250,000 TO 499,999 $)",,FARM SALES,UNITED STATES,US,99,
FIELD CROPS,00000000,00,US TOTAL,,,2012,,ALL CLASSES,18.1,"CORN, SILAGE, IRRIGATED - ACRES HARVESTED",2012-12-31 00:00:00.000,CORN,,SILAGE,ANNUAL,,ACRES,,NATIONAL,US TOTAL,CROPS,IRRIGATED,00,CENSUS,,,9000,AREA HARVESTED,,"1,078",YEAR,"FARM SALES: (5,000 TO 9,999 $)",,FARM SALES,UNITED STATES,US,99,
FIELD CROPS,00000000,00,US TOTAL,,,2012,,ALL CLASSES,9.7,"CORN, SILAGE, IRRIGATED - ACRES HARVESTED",2012-12-31 00:00:00.000,CORN,,SILAGE,ANNUAL,,ACRES,,NATIONAL,US TOTAL,CROPS,IRRIGATED,00,CENSUS,,,9000,AREA HARVESTED,,"26,449",YEAR,"FARM SALES: (50,000 TO 99,999 $)",,FARM SALES,UNITED STATES,US,99,
FIELD CROPS,00000000,00,US TOTAL,,,2012,,ALL CLASSES,4.2,"CORN, SILAGE, IRRIGATED - ACRES HARVESTED",2012-12-31 00:00:00.000,CORN,,SILAGE,ANNUAL,,ACRES,,NATIONAL,US TOTAL,CROPS,IRRIGATED,00,CENSUS,,,9000,AREA HARVESTED,,"184,975",YEAR,"FARM SALES: (500,000 TO 999,999 $)",,FARM SALES,UNITED STATES,US,99,
FIELD CROPS,00000000,00,US TOTAL,,,2012,,ALL CLASSES,51.0,"CORN, SILAGE, IRRIGATED - ACRES HARVESTED",2012-12-31 00:00:00.000,CORN,,SILAGE,ANNUAL,,ACRES,,NATIONAL,US TOTAL,CROPS,IRRIGATED,00,CENSUS,,,9000,AREA HARVESTED,,191,YEAR,"FARM SALES: (LESS THAN 1,000 $)",,FARM SALES,UNITED STATES,US,99,
FIELD CROPS,00000000,00,US TOTAL,,,2012,,ALL CLASSES,4.1,"CORN, SILAGE, IRRIGATED - ACRES HARVESTED",2012-12-31 00:00:00.000,CORN,,SILAGE,ANNUAL,,ACRES,,NATIONAL,US TOTAL,CROPS,IRRIGATED,00,CENSUS,,,9000,AREA HARVESTED,,"495,763",YEAR,NAICS CLASSIFICATION: (1111),,NAICS CLASSIFICATION,UNITED STATES,US,99,
FIELD CROPS,00000000,00,US TOTAL,,,2012,,ALL CLASSES,3.9,"CORN, SILAGE, IRRIGATED - ACRES HARVESTED",2012-12-31 00:00:00.000,CORN,,SILAGE,ANNUAL,,ACRES,,NATIONAL,US TOTAL,CROPS,IRRIGATED,00,CENSUS,,,9000,AREA HARVESTED,,"38,908",YEAR,NAICS CLASSIFICATION: (1112),,NAICS CLASSIFICATION,UNITED STATES,US,99,
FIELD CROPS,00000000,00,US TOTAL,,,2012,,ALL CLASSES,8.6,"CORN, SILAGE, IRRIGATED - ACRES HARVESTED",2012-12-31 00:00:00.000,CORN,,SILAGE,ANNUAL,,ACRES,,NATIONAL,US TOTAL,CROPS,IRRIGATED,00,CENSUS,,,9000,AREA HARVESTED,,"37,446",YEAR,NAICS CLASSIFICATION: (1113),,NAICS CLASSIFICATION,UNITED STATES,US,99,
FIELD CROPS,00000000,00,US TOTAL,,,2012,,ALL CLASSES,16.4,"CORN, SILAGE, IRRIGATED - ACRES HARVESTED",2012-12-31 00:00:00.000,CORN,,SILAGE,ANNUAL,,ACRES,,NATIONAL,US TOTAL,CROPS,IRRIGATED,00,CENSUS,,,9000,AREA HARVESTED,,"1,683",YEAR,NAICS CLASSIFICATION: (1114),,NAICS CLASSIFICATION,UNITED STATES,US,99,
FIELD CROPS,00000000,00,US TOTAL,,,2012,,ALL CLASSES,6.4,"CORN, SILAGE, IRRIGATED - ACRES HARVESTED",2012-12-31 00:00:00.000,CORN,,SILAGE,ANNUAL,,ACRES,,NATIONAL,US TOTAL,CROPS,IRRIGATED,00,CENSUS,,,9000,AREA HARVESTED,,"251,243",YEAR,NAICS CLASSIFICATION: (1119),,NAICS CLASSIFICATION,UNITED STATES,US,99,
FIELD CROPS,00000000,00,US TOTAL,,,2012,,ALL CLASSES,2.8,"CORN, SILAGE, IRRIGATED - ACRES HARVESTED",2012-12-31 00:00:00.000,CORN,,SILAGE,ANNUAL,,ACRES,,NATIONAL,US TOTAL,CROPS,IRRIGATED,00,CENSUS,,,9000,AREA HARVESTED,,91,YEAR,NAICS CLASSIFICATION: (11191),,NAICS CLASSIFICATION,UNITED STATES,US,99,
FIELD CROPS,00000000,00,US TOTAL,,,2012,,ALL CLASSES,10.3,"CORN, SILAGE, IRRIGATED - ACRES HARVESTED",2012-12-31 00:00:00.000,CORN,,SILAGE,ANNUAL,,ACRES,,NATIONAL,US TOTAL,CROPS,IRRIGATED,00,CENSUS,,,9000,AREA HARVESTED,,"9,904",YEAR,NAICS CLASSIFICATION: (11192),,NAICS CLASSIFICATION,UNITED STATES,US,99,
FIELD CROPS,00000000,00,US TOTAL,,,2012,,ALL CLASSES,6.8,"CORN, SILAGE, IRRIGATED - ACRES HARVESTED",2012-12-31 00:00:00.000,CORN,,SILAGE,ANNUAL,,ACRES,,NATIONAL,US TOTAL,CROPS,IRRIGATED,00,CENSUS,,,9000,AREA HARVESTED,,"241,248",YEAR,NAICS CLASSIFICATION: (11193 & 11194 & 11199),,NAICS CLASSIFICATION,UNITED STATES,US,99,
FIELD CROPS,00000000,00,US TOTAL,,,2012,,ALL CLASSES,6.6,"CORN, SILAGE, IRRIGATED - ACRES HARVESTED",2012-12-31 00:00:00.000,CORN,,SILAGE,ANNUAL,,ACRES,,NATIONAL,US TOTAL,CROPS,IRRIGATED,00,CENSUS,,,9000,AREA HARVESTED,,"135,564",YEAR,NAICS CLASSIFICATION: (112111),,NAICS CLASSIFICATION,UNITED STATES,US,99,
FIELD CROPS,00000000,00,US TOTAL,,,2012,,ALL CLASSES,7.7,"CORN, SILAGE, IRRIGATED - ACRES HARVESTED",2012-12-31 00:00:00.000,CORN,,SILAGE,ANNUAL,,ACRES,,NATIONAL,US TOTAL,CROPS,IRRIGATED,00,CENSUS,,,9000,AREA HARVESTED,,"73,512",YEAR,NAICS CLASSIFICATION: (112112),,NAICS CLASSIFICATION,UNITED STATES,US,99,
FIELD CROPS,00000000,00,US TOTAL,,,2012,,ALL CLASSES,1.7,"CORN, SILAGE, IRRIGATED - ACRES HARVESTED",2012-12-31 00:00:00.000,CORN,,SILAGE,ANNUAL,,ACRES,,NATIONAL,US TOTAL,CROPS,IRRIGATED,00,CENSUS,,,9000,AREA HARVESTED,,"600,080",YEAR,NAICS CLASSIFICATION: (11212),,NAICS CLASSIFICATION,UNITED STATES,US,99,
FIELD CROPS,00000000,00,US TOTAL,,,2012,,ALL CLASSES,4.1,"CORN, SILAGE, IRRIGATED - ACRES HARVESTED",2012-12-31 00:00:00.000,CORN,,SILAGE,ANNUAL,,ACRES,,NATIONAL,US TOTAL,CROPS,IRRIGATED,00,CENSUS,,,9000,AREA HARVESTED,,"1,095",YEAR,NAICS CLASSIFICATION: (1122),,NAICS CLASSIFICATION,UNITED STATES,US,99,
FIELD CROPS,00000000,00,US TOTAL,,,2012,,ALL CLASSES,4.3,"CORN, SILAGE, IRRIGATED - ACRES HARVESTED",2012-12-31 00:00:00.000,CORN,,SILAGE,ANNUAL,,ACRES,,NATIONAL,US TOTAL,CROPS,IRRIGATED,00,CENSUS,,,9000,AREA HARVESTED,,"3,557",YEAR,NAICS CLASSIFICATION: (1123),,NAICS CLASSIFICATION,UNITED STATES,US,99,
FIELD CROPS,00000000,00,US TOTAL,,,2012,,ALL CLASSES,2.0,"CORN, SILAGE, IRRIGATED - ACRES HARVESTED",2012-12-31 00:00:00.000,CORN,,SILAGE,ANNUAL,,ACRES,,NATIONAL,US TOTAL,CROPS,IRRIGATED,00,CENSUS,,,9000,AREA HARVESTED,,"1,481",YEAR,NAICS CLASSIFICATION: (1124),,NAICS CLASSIFICATION,UNITED STATES,US,99,
FIELD CROPS,00000000,00,US TOTAL,,,2012,,ALL CLASSES,11.4,"CORN, SILAGE, IRRIGATED - ACRES HARVESTED",2012-12-31 00:00:00.000,CORN,,SILAGE,ANNUAL,,ACRES,,NATIONAL,US TOTAL,CROPS,IRRIGATED,00,CENSUS,,,9000,AREA HARVESTED,,"3,424",YEAR,NAICS CLASSIFICATION: (1125 & 1129),,NAICS CLASSIFICATION,UNITED STATES,US,99,
FIELD CROPS,00000000,00,US TOTAL,,,2012,,ALL CLASSES,2.0,"CORN, SILAGE, IRRIGATED - ACRES HARVESTED",2012-12-31 00:00:00.000,CORN,,SILAGE,ANNUAL,,ACRES,,NATIONAL,US TOTAL,CROPS,IRRIGATED,00,CENSUS,,,9000,AREA HARVESTED,,"1,643,756",YEAR,NOT SPECIFIED,,TOTAL,UNITED STATES,US,99,
FIELD CROPS,00000000,00,US TOTAL,,,2012,,ALL CLASSES,1.9,"CORN, GRAIN, IRRIGATED, ENTIRE CROP - ACRES HARVESTED",2012-12-31 00:00:00.000,CORN,,GRAIN,ANNUAL,,ACRES,,NATIONAL,US TOTAL,CROPS,"IRRIGATED, ENTIRE CROP",00,CENSUS,,,9000,AREA HARVESTED,,"6,202,712",YEAR,NOT SPECIFIED,,TOTAL,UNITED STATES,US,99,
FIELD CROPS,00000000,00,US TOTAL,,,2012,,ALL CLASSES,1.9,"CORN, SILAGE, IRRIGATED, ENTIRE CROP - ACRES HARVESTED",2012-12-31 00:00:00.000,CORN,,SILAGE,ANNUAL,,ACRES,,NATIONAL,US TOTAL,CROPS,"IRRIGATED, ENTIRE CROP",00,CENSUS,,,9000,AREA HARVESTED,,"1,466,068",YEAR,NOT SPECIFIED,,TOTAL,UNITED STATES,US,99,
FIELD CROPS,00000000,00,US TOTAL,,,2012,,ALL CLASSES,0.7,"CORN, GRAIN, IRRIGATED, NONE OF CROP - ACRES HARVESTED",2012-12-31 00:00:00.000,CORN,,GRAIN,ANNUAL,,ACRES,,NATIONAL,US TOTAL,CROPS,"IRRIGATED, NONE OF CROP",00,CENSUS,,,9000,AREA HARVESTED,,"67,646,835",YEAR,NOT SPECIFIED,,TOTAL,UNITED STATES,US,99,
FIELD CROPS,00000000,00,US TOTAL,,,2012,,ALL CLASSES,0.9,"CORN, SILAGE, IRRIGATED, NONE OF CROP - ACRES HARVESTED",2012-12-31 00:00:00.000,CORN,,SILAGE,ANNUAL,,ACRES,,NATIONAL,US TOTAL,CROPS,"IRRIGATED, NONE OF CROP",00,CENSUS,,,9000,AREA HARVESTED,,"5,294,536",YEAR,NOT SPECIFIED,,TOTAL,UNITED STATES,US,99,
FIELD CROPS,00000000,00,US TOTAL,,,2012,,ALL CLASSES,3.9,"CORN, GRAIN, IRRIGATED, PART OF CROP, IRRIGATED PORTION - ACRES HARVESTED",2012-12-31 00:00:00.000,CORN,,GRAIN,ANNUAL,,ACRES,,NATIONAL,US TOTAL,CROPS,"IRRIGATED, PART OF CROP, IRRIGATED PORTION",00,CENSUS,,,9000,AREA HARVESTED,,"6,616,357",YEAR,NOT SPECIFIED,,TOTAL,UNITED STATES,US,99,
FIELD CROPS,00000000,00,US TOTAL,,,2012,,ALL CLASSES,5.0,"CORN, SILAGE, IRRIGATED, PART OF CROP, IRRIGATED PORTION - ACRES HARVESTED",2012-12-31 00:00:00.000,CORN,,SILAGE,ANNUAL,,ACRES,,NATIONAL,US TOTAL,CROPS,"IRRIGATED, PART OF CROP, IRRIGATED PORTION",00,CENSUS,,,9000,AREA HARVESTED,,"177,688",YEAR,NOT SPECIFIED,,TOTAL,UNITED STATES,US,99,
FIELD CROPS,00000000,00,US TOTAL,,,2012,,ALL CLASSES,(L),"CORN, GRAIN, IRRIGATED, PART OF CROP, NON-IRRIGATED PORTION - ACRES HARVESTED",2012-12-31 00:00:00.000,CORN,,GRAIN,ANNUAL,,ACRES,,NATIONAL,US TOTAL,CROPS,"IRRIGATED, PART OF CROP, NON-IRRIGATED PORTION",00,CENSUS,,,9000,AREA HARVESTED,,"6,947,141",YEAR,NOT SPECIFIED,,TOTAL,UNITED STATES,US,99,
FIELD CROPS,00000000,00,US TOTAL,,,2012,,ALL CLASSES,(L),"CORN, SILAGE, IRRIGATED, PART OF CROP, NON-IRRIGATED PORTION - ACRES HARVESTED",2012-12-31 00:00:00.000,CORN,,SILAGE,ANNUAL,,ACRES,,NATIONAL,US TOTAL,CROPS,"IRRIGATED, PART OF CROP, NON-IRRIGATED PORTION",00,CENSUS,,,9000,AREA HARVESTED,,"258,336",YEAR,NOT SPECIFIED,,TOTAL,UNITED STATES,US,99,
FIELD CROPS,00000000,00,US TOTAL,,,2013,,ALL CLASSES,,"CORN, GRAIN, IRRIGATED - ACRES HARVESTED",2012-12-31 00:00:00.000,CORN,,GRAIN,ANNUAL,,ACRES,,NATIONAL,US TOTAL,CROPS,IRRIGATED,00,CENSUS,,,9000,AREA HARVESTED,,"2,277,133",YEAR,"IRRIGATION METHOD, PRIMARY: (GRAVITY)",,"IRRIGATION METHOD, PRIMARY",UNITED STATES,US,99,
FIELD CROPS,00000000,00,US TOTAL,,,2013,,ALL CLASSES,,"CORN, GRAIN, IRRIGATED - ACRES HARVESTED",2012-12-31 00:00:00.000,CORN,,GRAIN,ANNUAL,,ACRES,,NATIONAL,US TOTAL,CROPS,IRRIGATED,00,CENSUS,,,9000,AREA HARVESTED,,"11,012,114",YEAR,"IRRIGATION METHOD, PRIMARY: (PRESSURE)",,"IRRIGATION METHOD, PRIMARY",UNITED STATES,US,99,
FIELD CROPS,00000000,00,US TOTAL,,,2013,,ALL CLASSES,,"CORN, GRAIN, IRRIGATED - ACRES HARVESTED",2012-12-31 00:00:00.000,CORN,,GRAIN,ANNUAL,,ACRES,,NATIONAL,US TOTAL,CROPS,IRRIGATED,00,CENSUS,,,9000,AREA HARVESTED,,"13,289,247",YEAR,NOT SPECIFIED,,TOTAL,UNITED STATES,US,99,
FIELD CROPS,00000000,00,US TOTAL,,,2013,,ALL CLASSES,,"CORN, GRAIN, IRRIGATED - ACRES HARVESTED",2012-12-31 00:00:00.000,CORN,,GRAIN,ANNUAL,,ACRES,,NATIONAL,US TOTAL,CROPS,IRRIGATED,00,CENSUS,,,9000,AREA HARVESTED,,"11,932,951",YEAR,WATER SOURCE: (GROUND),,WATER SOURCE,UNITED STATES,US,99,
FIELD CROPS,00000000,00,US TOTAL,,,2013,,ALL CLASSES,,"CORN, GRAIN, IRRIGATED - ACRES HARVESTED",2012-12-31 00:00:00.000,CORN,,GRAIN,ANNUAL,,ACRES,,NATIONAL,US TOTAL,CROPS,IRRIGATED,00,CENSUS,,,9000,AREA HARVESTED,,"994,518",YEAR,WATER SOURCE: (OFF FARM),,WATER SOURCE,UNITED STATES,US,99,
FIELD CROPS,00000000,00,US TOTAL,,,2013,,ALL CLASSES,,"CORN, GRAIN, IRRIGATED - ACRES HARVESTED",2012-12-31 00:00:00.000,CORN,,GRAIN,ANNUAL,,ACRES,,NATIONAL,US TOTAL,CROPS,IRRIGATED,00,CENSUS,,,9000,AREA HARVESTED,,"682,720",YEAR,WATER SOURCE: (ON FARM SURFACE),,WATER SOURCE,UNITED STATES,US,99,
FIELD CROPS,00000000,00,US TOTAL,,,2013,,ALL CLASSES,,"CORN, SILAGE, IRRIGATED - ACRES HARVESTED",2012-12-31 00:00:00.000,CORN,,SILAGE,ANNUAL,,ACRES,,NATIONAL,US TOTAL,CROPS,IRRIGATED,00,CENSUS,,,9000,AREA HARVESTED,,"525,225",YEAR,"IRRIGATION METHOD, PRIMARY: (GRAVITY)",,"IRRIGATION METHOD, PRIMARY",UNITED STATES,US,99,
FIELD CROPS,00000000,00,US TOTAL,,,2013,,ALL CLASSES,,"CORN, SILAGE, IRRIGATED - ACRES HARVESTED",2012-12-31 00:00:00.000,CORN,,SILAGE,ANNUAL,,ACRES,,NATIONAL,US TOTAL,CROPS,IRRIGATED,00,CENSUS,,,9000,AREA HARVESTED,,"1,204,133",YEAR,"IRRIGATION METHOD, PRIMARY: (PRESSURE)",,"IRRIGATION METHOD, PRIMARY",UNITED STATES,US,99,
FIELD CROPS,00000000,00,US TOTAL,,,2013,,ALL CLASSES,,"CORN, SILAGE, IRRIGATED - ACRES HARVESTED",2012-12-31 00:00:00.000,CORN,,SILAGE,ANNUAL,,ACRES,,NATIONAL,US TOTAL,CROPS,IRRIGATED,00,CENSUS,,,9000,AREA HARVESTED,,"1,729,358",YEAR,NOT SPECIFIED,,TOTAL,UNITED STATES,US,99,
FIELD CROPS,00000000,00,US TOTAL,,,2013,,ALL CLASSES,,"CORN, SILAGE, IRRIGATED - ACRES HARVESTED",2012-12-31 00:00:00.000,CORN,,SILAGE,ANNUAL,,ACRES,,NATIONAL,US TOTAL,CROPS,IRRIGATED,00,CENSUS,,,9000,AREA HARVESTED,,"1,164,020",YEAR,WATER SOURCE: (GROUND),,WATER SOURCE,UNITED STATES,US,99,
FIELD CROPS,00000000,00,US TOTAL,,,2013,,ALL CLASSES,,"CORN, SILAGE, IRRIGATED - ACRES HARVESTED",2012-12-31 00:00:00.000,CORN,,SILAGE,ANNUAL,,ACRES,,NATIONAL,US TOTAL,CROPS,IRRIGATED,00,CENSUS,,,9000,AREA HARVESTED,,"562,021",YEAR,WATER SOURCE: (OFF FARM),,WATER SOURCE,UNITED STATES,US,99,
FIELD CROPS,00000000,00,US TOTAL,,,2013,,ALL CLASSES,,"CORN, SILAGE, IRRIGATED - ACRES HARVESTED",2012-12-31 00:00:00.000,CORN,,SILAGE,ANNUAL,,ACRES,,NATIONAL,US TOTAL,CROPS,IRRIGATED,00,CENSUS,,,9000,AREA HARVESTED,,"306,772",YEAR,WATER SOURCE: (ON FARM SURFACE),,WATER SOURCE,UNITED STATES,US,99,
FIELD CROPS,00000000,00,US TOTAL,,,2013,,ALL CLASSES,,"CORN, GRAIN, NON-IRRIGATED - ACRES HARVESTED",2012-12-31 00:00:00.000,CORN,,GRAIN,ANNUAL,,ACRES,,NATIONAL,US TOTAL,CROPS,NON-IRRIGATED,00,CENSUS,,,9000,AREA HARVESTED,,"6,377,643",YEAR,IRRIGATION STATUS: (ANY ON OPERATION),,IRRIGATION STATUS,UNITED STATES,US,99,
FIELD CROPS,00000000,00,US TOTAL,,,2013,,ALL CLASSES,,"CORN, SILAGE, NON-IRRIGATED - ACRES HARVESTED",2012-12-31 00:00:00.000,CORN,,SILAGE,ANNUAL,,ACRES,,NATIONAL,US TOTAL,CROPS,NON-IRRIGATED,00,CENSUS,,,9000,AREA HARVESTED,,"304,703",YEAR,IRRIGATION STATUS: (ANY ON OPERATION),,IRRIGATION STATUS,UNITED STATES,US,99,
FIELD CROPS,00000000,00,US TOTAL,,,2014,,ALL CLASSES,4.4,"CORN, GRAIN, ORGANIC - ACRES HARVESTED",2015-01-31 00:00:00.000,CORN,,GRAIN,ANNUAL,,ACRES,,NATIONAL,US TOTAL,CROPS,ORGANIC,00,CENSUS,,,9000,AREA HARVESTED,,"167,812",YEAR,ORGANIC STATUS: (NOP USDA CERTIFIED & EXEMPT),,ORGANIC STATUS,UNITED STATES,US,99,
FIELD CROPS,00000000,00,US TOTAL,,,2014,,ALL CLASSES,4.4,"CORN, GRAIN, ORGANIC - ACRES HARVESTED",2015-01-31 00:00:00.000,CORN,,GRAIN,ANNUAL,,ACRES,,NATIONAL,US TOTAL,CROPS,ORGANIC,00,CENSUS,,,9000,AREA HARVESTED,,"167,702",YEAR,ORGANIC STATUS: (NOP USDA CERTIFIED),,ORGANIC STATUS,UNITED STATES,US,99,
FIELD CROPS,00000000,00,US TOTAL,,,2014,,ALL CLASSES,76.5,"CORN, GRAIN, ORGANIC - ACRES HARVESTED",2015-01-31 00:00:00.000,CORN,,GRAIN,ANNUAL,,ACRES,,NATIONAL,US TOTAL,CROPS,ORGANIC,00,CENSUS,,,9000,AREA HARVESTED,,110,YEAR,ORGANIC STATUS: (NOP USDA EXEMPT),,ORGANIC STATUS,UNITED STATES,US,99,
FIELD CROPS,00000000,00,US TOTAL,,,2014,,ALL CLASSES,13.6,"CORN, SILAGE, ORGANIC - ACRES HARVESTED",2015-01-31 00:00:00.000,CORN,,SILAGE,ANNUAL,,ACRES,,NATIONAL,US TOTAL,CROPS,ORGANIC,00,CENSUS,,,9000,AREA HARVESTED,,"35,626",YEAR,ORGANIC STATUS: (NOP USDA CERTIFIED & EXEMPT),,ORGANIC STATUS,UNITED STATES,US,99,
FIELD CROPS,00000000,00,US TOTAL,,,2014,,ALL CLASSES,13.6,"CORN, SILAGE, ORGANIC - ACRES HARVESTED",2015-01-31 00:00:00.000,CORN,,SILAGE,ANNUAL,,ACRES,,NATIONAL,US TOTAL,CROPS,ORGANIC,00,CENSUS,,,9000,AREA HARVESTED,,"35,620",YEAR,ORGANIC STATUS: (NOP USDA CERTIFIED),,ORGANIC STATUS,UNITED STATES,US,99,
FIELD CROPS,00000000,00,US TOTAL,,,2014,,ALL CLASSES,(H),"CORN, SILAGE, ORGANIC - ACRES HARVESTED",2015-01-31 00:00:00.000,CORN,,SILAGE,ANNUAL,,ACRES,,NATIONAL,US TOTAL,CROPS,ORGANIC,00,CENSUS,,,9000,AREA HARVESTED,,6,YEAR,ORGANIC STATUS: (NOP USDA EXEMPT),,ORGANIC STATUS,UNITED STATES,US,99,
FIELD CROPS,00000000,00,US TOTAL,,,2015,,ALL CLASSES,4.5,"CORN, GRAIN, ORGANIC - ACRES HARVESTED",2015-01-31 00:00:00.000,CORN,,GRAIN,ANNUAL,,ACRES,,NATIONAL,US TOTAL,CROPS,ORGANIC,00,CENSUS,,,9000,AREA HARVESTED,,"166,841",YEAR,ORGANIC STATUS: (NOP USDA CERTIFIED),,ORGANIC STATUS,UNITED STATES,US,99,
FIELD CROPS,00000000,00,US TOTAL,,,2015,,ALL CLASSES,9.9,"CORN, SILAGE, ORGANIC - ACRES HARVESTED",2015-01-31 00:00:00.000,CORN,,SILAGE,ANNUAL,,ACRES,,NATIONAL,US TOTAL,CROPS,ORGANIC,00,CENSUS,,,9000,AREA HARVESTED,,"35,149",YEAR,ORGANIC STATUS: (NOP USDA CERTIFIED),,ORGANIC STATUS,UNITED STATES,US,99,
FIELD CROPS,00000000,00,US TOTAL,,,2016,,ALL CLASSES,1.5,"CORN, GRAIN, ORGANIC - ACRES HARVESTED",2016-01-31 00:00:00.000,CORN,,GRAIN,ANNUAL,,ACRES,,NATIONAL,US TOTAL,CROPS,ORGANIC,00,CENSUS,,,9000,AREA HARVESTED,,"213,934",YEAR,ORGANIC STATUS: (NOP USDA CERTIFIED),,ORGANIC STATUS,UNITED STATES,US,99,
FIELD CROPS,00000000,00,US TOTAL,,,2016,,ALL CLASSES,4.7,"CORN, SILAGE, ORGANIC - ACRES HARVESTED",2016-01-31 00:00:00.000,CORN,,SILAGE,ANNUAL,,ACRES,,NATIONAL,US TOTAL,CROPS,ORGANIC,00,CENSUS,,,9000,AREA HARVESTED,,"47,074",YEAR,ORGANIC STATUS: (NOP USDA CERTIFIED),,ORGANIC STATUS,UNITED STATES,US,99,
FIELD CROPS,00000000,00,US TOTAL,,,2017,,ALL CLASSES,1.2,CORN - ACRES HARVESTED,2018-02-01 00:00:00.000,CORN,,ALL UTILIZATION PRACTICES,ANNUAL,,ACRES,,NATIONAL,US TOTAL,CROPS,ALL PRODUCTION PRACTICES,00,CENSUS,,,9000,AREA HARVESTED,,"90,847,976",YEAR,NOT SPECIFIED,,TOTAL,UNITED STATES,US,99,
FIELD CROPS,00000000,00,US TOTAL,,,2017,,ALL CLASSES,2.9,"CORN, GRAIN - ACRES HARVESTED",2018-02-01 00:00:00.000,CORN,,GRAIN,ANNUAL,,ACRES,,NATIONAL,US TOTAL,CROPS,ALL PRODUCTION PRACTICES,00,CENSUS,,,9000,AREA HARVESTED,,"30,769,757",YEAR,"AREA HARVESTED: (1,000 OR MORE ACRES)",,AREA HARVESTED,UNITED STATES,US,99,
FIELD CROPS,00000000,00,US TOTAL,,,2017,,ALL CLASSES,2.4,"CORN, GRAIN - ACRES HARVESTED",2018-02-01 00:00:00.000,CORN,,GRAIN,ANNUAL,,ACRES,,NATIONAL,US TOTAL,CROPS,ALL PRODUCTION PRACTICES,00,CENSUS,,,9000,AREA HARVESTED,,"17,996,502",YEAR,"AREA HARVESTED: (1,000 TO 1,999 ACRES)",,AREA HARVESTED,UNITED STATES,US,99,
FIELD CROPS,00000000,00,US TOTAL,,,2017,,ALL CLASSES,5.7,"CORN, GRAIN - ACRES HARVESTED",2018-02-01 00:00:00.000,CORN,,GRAIN,ANNUAL,,ACRES,,NATIONAL,US TOTAL,CROPS,ALL PRODUCTION PRACTICES,00,CENSUS,,,9000,AREA HARVESTED,,"250,758",YEAR,AREA HARVESTED: (1.0 TO 14.9 ACRES),,AREA HARVESTED,UNITED STATES,US,99,
FIELD CROPS,00000000,00,US TOTAL,,,2017,,ALL CLASSES,2.0,"CORN, GRAIN - ACRES HARVESTED",2018-02-01 00:00:00.000,CORN,,GRAIN,ANNUAL,,ACRES,,NATIONAL,US TOTAL,CROPS,ALL PRODUCTION PRACTICES,00,CENSUS,,,9000,AREA HARVESTED,,"11,052,437",YEAR,AREA HARVESTED: (100 TO 249 ACRES),,AREA HARVESTED,UNITED STATES,US,99,
FIELD CROPS,00000000,00,US TOTAL,,,2017,,ALL CLASSES,3.7,"CORN, GRAIN - ACRES HARVESTED",2018-02-01 00:00:00.000,CORN,,GRAIN,ANNUAL,,ACRES,,NATIONAL,US TOTAL,CROPS,ALL PRODUCTION PRACTICES,00,CENSUS,,,9000,AREA HARVESTED,,"373,394",YEAR,AREA HARVESTED: (15.0 TO 24.9 ACRES),,AREA HARVESTED,UNITED STATES,US,99,
FIELD CROPS,00000000,00,US TOTAL,,,2017,,ALL CLASSES,9.0,"CORN, GRAIN - ACRES HARVESTED",2018-02-01 00:00:00.000,CORN,,GRAIN,ANNUAL,,ACRES,,NATIONAL,US TOTAL,CROPS,ALL PRODUCTION PRACTICES,00,CENSUS,,,9000,AREA HARVESTED,,"6,250,904",YEAR,"AREA HARVESTED: (2,000 TO 2,999 ACRES)",,AREA HARVESTED,UNITED STATES,US,99,
FIELD CROPS,00000000,00,US TOTAL,,,2017,,ALL CLASSES,3.1,"CORN, GRAIN - ACRES HARVESTED",2018-02-01 00:00:00.000,CORN,,GRAIN,ANNUAL,,ACRES,,NATIONAL,US TOTAL,CROPS,ALL PRODUCTION PRACTICES,00,CENSUS,,,9000,AREA HARVESTED,,"1,317,597",YEAR,AREA HARVESTED: (25.0 TO 49.9 ACRES),,AREA HARVESTED,UNITED STATES,US,99,
FIELD CROPS,00000000,00,US TOTAL,,,2017,,ALL CLASSES,1.7,"CORN, GRAIN - ACRES HARVESTED",2018-02-01 00:00:00.000,CORN,,GRAIN,ANNUAL,,ACRES,,NATIONAL,US TOTAL,CROPS,ALL PRODUCTION PRACTICES,00,CENSUS,,,9000,AREA HARVESTED,,"16,114,376",YEAR,AREA HARVESTED: (250 TO 499 ACRES),,AREA HARVESTED,UNITED STATES,US,99,
FIELD CROPS,00000000,00,US TOTAL,,,2017,,ALL CLASSES,3.2,"CORN, GRAIN - ACRES HARVESTED",2018-02-01 00:00:00.000,CORN,,GRAIN,ANNUAL,,ACRES,,NATIONAL,US TOTAL,CROPS,ALL PRODUCTION PRACTICES,00,CENSUS,,,9000,AREA HARVESTED,,"3,797,224",YEAR,"AREA HARVESTED: (3,000 TO 4,999 ACRES)",,AREA HARVESTED,UNITED STATES,US,99,
FIELD CROPS,00000000,00,US TOTAL,,,2017,,ALL CLASSES,2.1,"CORN, GRAIN - ACRES HARVESTED",2018-02-01 00:00:00.000,CORN,,GRAIN,ANNUAL,,ACRES,,NATIONAL,US TOTAL,CROPS,ALL PRODUCTION PRACTICES,00,CENSUS,,,9000,AREA HARVESTED,,"2,725,127",YEAR,"AREA HARVESTED: (5,000 OR MORE ACRES)",,AREA HARVESTED,UNITED STATES,US,99,
FIELD CROPS,00000000,00,US TOTAL,,,2017,,ALL CLASSES,1.9,"CORN, GRAIN - ACRES HARVESTED",2018-02-01 00:00:00.000,CORN,,GRAIN,ANNUAL,,ACRES,,NATIONAL,US TOTAL,CROPS,ALL PRODUCTION PRACTICES,00,CENSUS,,,9000,AREA HARVESTED,,"3,380,290",YEAR,AREA HARVESTED: (50.0 TO 99.9 ACRES),,AREA HARVESTED,UNITED STATES,US,99,
FIELD CROPS,00000000,00,US TOTAL,,,2017,,ALL CLASSES,2.3,"CORN, GRAIN - ACRES HARVESTED",2018-02-01 00:00:00.000,CORN,,GRAIN,ANNUAL,,ACRES,,NATIONAL,US TOTAL,CROPS,ALL PRODUCTION PRACTICES,00,CENSUS,,,9000,AREA HARVESTED,,"21,479,953",YEAR,AREA HARVESTED: (500 TO 999 ACRES),,AREA HARVESTED,UNITED STATES,US,99,
FIELD CROPS,00000000,00,US TOTAL,,,2017,,ALL CLASSES,2.2,"CORN, GRAIN - ACRES HARVESTED",2018-02-01 00:00:00.000,CORN,,GRAIN,ANNUAL,,ACRES,,NATIONAL,US TOTAL,CROPS,ALL PRODUCTION PRACTICES,00,CENSUS,,,9000,AREA HARVESTED,,"21,257,737",YEAR,"AREA OPERATED: (1,000 TO 1,999 ACRES)",,AREA OPERATED,UNITED STATES,US,99,
FIELD CROPS,00000000,00,US TOTAL,,,2017,,ALL CLASSES,44.3,"CORN, GRAIN - ACRES HARVESTED",2018-02-01 00:00:00.000,CORN,,GRAIN,ANNUAL,,ACRES,,NATIONAL,US TOTAL,CROPS,ALL PRODUCTION PRACTICES,00,CENSUS,,,9000,AREA HARVESTED,,"13,563",YEAR,AREA OPERATED: (1.0 TO 9.9 ACRES),,AREA OPERATED,UNITED STATES,US,99,
FIELD CROPS,00000000,00,US TOTAL,,,2017,,ALL CLASSES,8.1,"CORN, GRAIN - ACRES HARVESTED",2018-02-01 00:00:00.000,CORN,,GRAIN,ANNUAL,,ACRES,,NATIONAL,US TOTAL,CROPS,ALL PRODUCTION PRACTICES,00,CENSUS,,,9000,AREA HARVESTED,,"292,359",YEAR,AREA OPERATED: (10.0 TO 49.9 ACRES),,AREA OPERATED,UNITED STATES,US,99,
FIELD CROPS,00000000,00,US TOTAL,,,2017,,ALL CLASSES,4.8,"CORN, GRAIN - ACRES HARVESTED",2018-02-01 00:00:00.000,CORN,,GRAIN,ANNUAL,,ACRES,,NATIONAL,US TOTAL,CROPS,ALL PRODUCTION PRACTICES,00,CENSUS,,,9000,AREA HARVESTED,,"790,048",YEAR,AREA OPERATED: (100 TO 139 ACRES),,AREA OPERATED,UNITED STATES,US,99,
FIELD CROPS,00000000,00,US TOTAL,,,2017,,ALL CLASSES,4.7,"CORN, GRAIN - ACRES HARVESTED",2018-02-01 00:00:00.000,CORN,,GRAIN,ANNUAL,,ACRES,,NATIONAL,US TOTAL,CROPS,ALL PRODUCTION PRACTICES,00,CENSUS,,,9000,AREA HARVESTED,,"1,094,075",YEAR,AREA OPERATED: (140 TO 179 ACRES),,AREA OPERATED,UNITED STATES,US,99,
FIELD CROPS,00000000,00,US TOTAL,,,2017,,ALL CLASSES,2.1,"CORN, GRAIN - ACRES HARVESTED",2018-02-01 00:00:00.000,CORN,,GRAIN,ANNUAL,,ACRES,,NATIONAL,US TOTAL,CROPS,ALL PRODUCTION PRACTICES,00,CENSUS,,,9000,AREA HARVESTED,,"987,002",YEAR,AREA OPERATED: (180 TO 219 ACRES),,AREA OPERATED,UNITED STATES,US,99,
FIELD CROPS,00000000,00,US TOTAL,,,2017,,ALL CLASSES,2.6,"CORN, GRAIN - ACRES HARVESTED",2018-02-01 00:00:00.000,CORN,,GRAIN,ANNUAL,,ACRES,,NATIONAL,US TOTAL,CROPS,ALL PRODUCTION PRACTICES,00,CENSUS,,,9000,AREA HARVESTED,,"37,098,341",YEAR,"AREA OPERATED: (2,000 OR MORE ACRES)",,AREA OPERATED,UNITED STATES,US,99,
FIELD CROPS,00000000,00,US TOTAL,,,2017,,ALL CLASSES,4.4,"CORN, GRAIN - ACRES HARVESTED",2018-02-01 00:00:00.000,CORN,,GRAIN,ANNUAL,,ACRES,,NATIONAL,US TOTAL,CROPS,ALL PRODUCTION PRACTICES,00,CENSUS,,,9000,AREA HARVESTED,,"1,157,476",YEAR,AREA OPERATED: (220 TO 259 ACRES),,AREA OPERATED,UNITED STATES,US,99,
FIELD CROPS,00000000,00,US TOTAL,,,2017,,ALL CLASSES,1.8,"CORN, GRAIN - ACRES HARVESTED",2018-02-01 00:00:00.000,CORN,,GRAIN,ANNUAL,,ACRES,,NATIONAL,US TOTAL,CROPS,ALL PRODUCTION PRACTICES,00,CENSUS,,,9000,AREA HARVESTED,,"7,061,529",YEAR,AREA OPERATED: (260 TO 499 ACRES),,AREA OPERATED,UNITED STATES,US,99,
FIELD CROPS,00000000,00,US TOTAL,,,2017,,ALL CLASSES,5.8,"CORN, GRAIN - ACRES HARVESTED",2018-02-01 00:00:00.000,CORN,,GRAIN,ANNUAL,,ACRES,,NATIONAL,US TOTAL,CROPS,ALL PRODUCTION PRACTICES,00,CENSUS,,,9000,AREA HARVESTED,,"216,973",YEAR,AREA OPERATED: (50.0 TO 69.9 ACRES),,AREA OPERATED,UNITED STATES,US,99,
FIELD CROPS,00000000,00,US TOTAL,,,2017,,ALL CLASSES,2.7,"CORN, GRAIN - ACRES HARVESTED",2018-02-01 00:00:00.000,CORN,,GRAIN,ANNUAL,,ACRES,,NATIONAL,US TOTAL,CROPS,ALL PRODUCTION PRACTICES,00,CENSUS,,,9000,AREA HARVESTED,,"14,237,471",YEAR,AREA OPERATED: (500 TO 999 ACRES),,AREA OPERATED,UNITED STATES,US,99,
FIELD CROPS,00000000,00,US TOTAL,,,2017,,ALL CLASSES,3.8,"CORN, GRAIN - ACRES HARVESTED",2018-02-01 00:00:00.000,CORN,,GRAIN,ANNUAL,,ACRES,,NATIONAL,US TOTAL,CROPS,ALL PRODUCTION PRACTICES,00,CENSUS,,,9000,AREA HARVESTED,,"531,988",YEAR,AREA OPERATED: (70.0 TO 99.9 ACRES),,AREA OPERATED,UNITED STATES,US,99,
FIELD CROPS,00000000,00,US TOTAL,,,2017,,ALL CLASSES,15.3,"CORN, GRAIN - ACRES HARVESTED",2018-02-01 00:00:00.000,CORN,,GRAIN,ANNUAL,,ACRES,,NATIONAL,US TOTAL,CROPS,ALL PRODUCTION PRACTICES,00,CENSUS,,,9000,AREA HARVESTED,,"25,845",YEAR,"ECONOMIC CLASS: (1,000 TO 2,499 $)",,ECONOMIC CLASS,UNITED STATES,US,99,
FIELD CROPS,00000000,00,US TOTAL,,,2017,,ALL CLASSES,2.2,"CORN, GRAIN - ACRES HARVESTED",2018-02-01 00:00:00.000,CORN,,GRAIN,ANNUAL,,ACRES,,NATIONAL,US TOTAL,CROPS,ALL PRODUCTION PRACTICES,00,CENSUS,,,9000,AREA HARVESTED,,"39,851,119",YEAR,"ECONOMIC CLASS: (1,000,000 OR MORE $)",,ECONOMIC CLASS,UNITED STATES,US,99,
FIELD CROPS,00000000,00,US TOTAL,,,2017,,ALL CLASSES,7.1,"CORN, GRAIN - ACRES HARVESTED",2018-02-01 00:00:00.000,CORN,,GRAIN,ANNUAL,,ACRES,,NATIONAL,US TOTAL,CROPS,ALL PRODUCTION PRACTICES,00,CENSUS,,,9000,AREA HARVESTED,,"488,761",YEAR,"ECONOMIC CLASS: (10,000 TO 24,999 $)",,ECONOMIC CLASS,UNITED STATES,US,99,
FIELD CROPS,00000000,00,US TOTAL,,,2017,,ALL CLASSES,2.5,"CORN, GRAIN - ACRES HARVESTED",2018-02-01 00:00:00.000,CORN,,GRAIN,ANNUAL,,ACRES,,NATIONAL,US TOTAL,CROPS,ALL PRODUCTION PRACTICES,00,CENSUS,,,9000,AREA HARVESTED,,"7,913,615",YEAR,"ECONOMIC CLASS: (100,000 TO 249,999 $)",,ECONOMIC CLASS,UNITED STATES,US,99,
FIELD CROPS,00000000,00,US TOTAL,,,2017,,ALL CLASSES,11.6,"CORN, GRAIN - ACRES HARVESTED",2018-02-01 00:00:00.000,CORN,,GRAIN,ANNUAL,,ACRES,,NATIONAL,US TOTAL,CROPS,ALL PRODUCTION PRACTICES,00,CENSUS,,,9000,AREA HARVESTED,,"49,539",YEAR,"ECONOMIC CLASS: (2,500 TO 4,999 $)",,ECONOMIC CLASS,UNITED STATES,US,99,
FIELD CROPS,00000000,00,US TOTAL,,,2017,,ALL CLASSES,4.4,"CORN, GRAIN - ACRES HARVESTED",2018-02-01 00:00:00.000,CORN,,GRAIN,ANNUAL,,ACRES,,NATIONAL,US TOTAL,CROPS,ALL PRODUCTION PRACTICES,00,CENSUS,,,9000,AREA HARVESTED,,"1,038,913",YEAR,"ECONOMIC CLASS: (25,000 TO 49,999 $)",,ECONOMIC CLASS,UNITED STATES,US,99,
FIELD CROPS,00000000,00,US TOTAL,,,2017,,ALL CLASSES,2.0,"CORN, GRAIN - ACRES HARVESTED",2018-02-01 00:00:00.000,CORN,,GRAIN,ANNUAL,,ACRES,,NATIONAL,US TOTAL,CROPS,ALL PRODUCTION PRACTICES,00,CENSUS,,,9000,AREA HARVESTED,,"12,717,333",YEAR,"ECONOMIC CLASS: (250,000 TO 499,999 $)",,ECONOMIC CLASS,UNITED STATES,US,99,
FIELD CROPS,00000000,00,US TOTAL,,,2017,,ALL CLASSES,9.5,"CORN, GRAIN - ACRES HARVESTED",2018-02-01 00:00:00.000,CORN,,GRAIN,ANNUAL,,ACRES,,NATIONAL,US TOTAL,CROPS,ALL PRODUCTION PRACTICES,00,CENSUS,,,9000,AREA HARVESTED,,"130,507",YEAR,"ECONOMIC CLASS: (5,000 TO 9,999 $)",,ECONOMIC CLASS,UNITED STATES,US,99,
FIELD CROPS,00000000,00,US TOTAL,,,2017,,ALL CLASSES,2.6,"CORN, GRAIN - ACRES HARVESTED",2018-02-01 00:00:00.000,CORN,,GRAIN,ANNUAL,,ACRES,,NATIONAL,US TOTAL,CROPS,ALL PRODUCTION PRACTICES,00,CENSUS,,,9000,AREA HARVESTED,,"2,516,797",YEAR,"ECONOMIC CLASS: (50,000 TO 99,999 $)",,ECONOMIC CLASS,UNITED STATES,US,99,
FIELD CROPS,00000000,00,US TOTAL,,,2017,,ALL CLASSES,2.1,"CORN, GRAIN - ACRES HARVESTED",2018-02-01 00:00:00.000,CORN,,GRAIN,ANNUAL,,ACRES,,NATIONAL,US TOTAL,CROPS,ALL PRODUCTION PRACTICES,00,CENSUS,,,9000,AREA HARVESTED,,"19,989,649",YEAR,"ECONOMIC CLASS: (500,000 TO 999,999 $)",,ECONOMIC CLASS,UNITED STATES,US,99,
FIELD CROPS,00000000,00,US TOTAL,,,2017,,ALL CLASSES,35.4,"CORN, GRAIN - ACRES HARVESTED",2018-02-01 00:00:00.000,CORN,,GRAIN,ANNUAL,,ACRES,,NATIONAL,US TOTAL,CROPS,ALL PRODUCTION PRACTICES,00,CENSUS,,,9000,AREA HARVESTED,,"16,484",YEAR,"ECONOMIC CLASS: (LESS THAN 1,000 $)",,ECONOMIC CLASS,UNITED STATES,US,99,
FIELD CROPS,00000000,00,US TOTAL,,,2017,,ALL CLASSES,10.7,"CORN, GRAIN - ACRES HARVESTED",2018-02-01 00:00:00.000,CORN,,GRAIN,ANNUAL,,ACRES,,NATIONAL,US TOTAL,CROPS,ALL PRODUCTION PRACTICES,00,CENSUS,,,9000,AREA HARVESTED,,"26,756",YEAR,"FARM SALES: (1,000 TO 2,499 $)",,FARM SALES,UNITED STATES,US,99,
FIELD CROPS,00000000,00,US TOTAL,,,2017,,ALL CLASSES,2.3,"CORN, GRAIN - ACRES HARVESTED",2018-02-01 00:00:00.000,CORN,,GRAIN,ANNUAL,,ACRES,,NATIONAL,US TOTAL,CROPS,ALL PRODUCTION PRACTICES,00,CENSUS,,,9000,AREA HARVESTED,,"38,586,905",YEAR,"FARM SALES: (1,000,000 OR MORE $)",,FARM SALES,UNITED STATES,US,99,
FIELD CROPS,00000000,00,US TOTAL,,,2017,,ALL CLASSES,4.7,"CORN, GRAIN - ACRES HARVESTED",2018-02-01 00:00:00.000,CORN,,GRAIN,ANNUAL,,ACRES,,NATIONAL,US TOTAL,CROPS,ALL PRODUCTION PRACTICES,00,CENSUS,,,9000,AREA HARVESTED,,"527,942",YEAR,"FARM SALES: (10,000 TO 24,999 $)",,FARM SALES,UNITED STATES,US,99,
FIELD CROPS,00000000,00,US TOTAL,,,2017,,ALL CLASSES,2.6,"CORN, GRAIN - ACRES HARVESTED",2018-02-01 00:00:00.000,CORN,,GRAIN,ANNUAL,,ACRES,,NATIONAL,US TOTAL,CROPS,ALL PRODUCTION PRACTICES,00,CENSUS,,,9000,AREA HARVESTED,,"8,249,901",YEAR,"FARM SALES: (100,000 TO 249,999 $)",,FARM SALES,UNITED STATES,US,99,
FIELD CROPS,00000000,00,US TOTAL,,,2017,,ALL CLASSES,9.8,"CORN, GRAIN - ACRES HARVESTED",2018-02-01 00:00:00.000,CORN,,GRAIN,ANNUAL,,ACRES,,NATIONAL,US TOTAL,CROPS,ALL PRODUCTION PRACTICES,00,CENSUS,,,9000,AREA HARVESTED,,"54,744",YEAR,"FARM SALES: (2,500 TO 4,999 $)",,FARM SALES,UNITED STATES,US,99,
FIELD CROPS,00000000,00,US TOTAL,,,2017,,ALL CLASSES,4.2,"CORN, GRAIN - ACRES HARVESTED",2018-02-01 00:00:00.000,CORN,,GRAIN,ANNUAL,,ACRES,,NATIONAL,US TOTAL,CROPS,ALL PRODUCTION PRACTICES,00,CENSUS,,,9000,AREA HARVESTED,,"1,105,577",YEAR,"FARM SALES: (25,000 TO 49,999 $)",,FARM SALES,UNITED STATES,US,99,
FIELD CROPS,00000000,00,US TOTAL,,,2017,,ALL CLASSES,1.9,"CORN, GRAIN - ACRES HARVESTED",2018-02-01 00:00:00.000,CORN,,GRAIN,ANNUAL,,ACRES,,NATIONAL,US TOTAL,CROPS,ALL PRODUCTION PRACTICES,00,CENSUS,,,9000,AREA HARVESTED,,"13,160,726",YEAR,"FARM SALES: (250,000 TO 499,999 $)",,FARM SALES,UNITED STATES,US,99,
FIELD CROPS,00000000,00,US TOTAL,,,2017,,ALL CLASSES,11.1,"CORN, GRAIN - ACRES HARVESTED",2018-02-01 00:00:00.000,CORN,,GRAIN,ANNUAL,,ACRES,,NATIONAL,US TOTAL,CROPS,ALL PRODUCTION PRACTICES,00,CENSUS,,,9000,AREA HARVESTED,,"140,305",YEAR,"FARM SALES: (5,000 TO 9,999 $)",,FARM SALES,UNITED STATES,US,99,
FIELD CROPS,00000000,00,US TOTAL,,,2017,,ALL CLASSES,2.8,"CORN, GRAIN - ACRES HARVESTED",2018-02-01 00:00:00.000,CORN,,GRAIN,ANNUAL,,ACRES,,NATIONAL,US TOTAL,CROPS,ALL PRODUCTION PRACTICES,00,CENSUS,,,9000,AREA HARVESTED,,"2,615,895",YEAR,"FARM SALES: (50,000 TO 99,999 $)",,FARM SALES,UNITED STATES,US,99,
FIELD CROPS,00000000,00,US TOTAL,,,2017,,ALL CLASSES,2.4,"CORN, GRAIN - ACRES HARVESTED",2018-02-01 00:00:00.000,CORN,,GRAIN,ANNUAL,,ACRES,,NATIONAL,US TOTAL,CROPS,ALL PRODUCTION PRACTICES,00,CENSUS,,,9000,AREA HARVESTED,,"20,228,706",YEAR,"FARM SALES: (500,000 TO 999,999 $)",,FARM SALES,UNITED STATES,US,99,
FIELD CROPS,00000000,00,US TOTAL,,,2017,,ALL CLASSES,21.2,"CORN, GRAIN - ACRES HARVESTED",2018-02-01 00:00:00.000,CORN,,GRAIN,ANNUAL,,ACRES,,NATIONAL,US TOTAL,CROPS,ALL PRODUCTION PRACTICES,00,CENSUS,,,9000,AREA HARVESTED,,"41,105",YEAR,"FARM SALES: (LESS THAN 1,000 $)",,FARM SALES,UNITED STATES,US,99,
FIELD CROPS,00000000,00,US TOTAL,,,2017,,ALL CLASSES,1.7,"CORN, GRAIN - ACRES HARVESTED",2018-02-01 00:00:00.000,CORN,,GRAIN,ANNUAL,,ACRES,,NATIONAL,US TOTAL,CROPS,ALL PRODUCTION PRACTICES,00,CENSUS,,,9000,AREA HARVESTED,,"72,780,699",YEAR,NAICS CLASSIFICATION: (1111),,NAICS CLASSIFICATION,UNITED STATES,US,99,
FIELD CROPS,00000000,00,US TOTAL,,,2017,,ALL CLASSES,2.0,"CORN, GRAIN - ACRES HARVESTED",2018-02-01 00:00:00.000,CORN,,GRAIN,ANNUAL,,ACRES,,NATIONAL,US TOTAL,CROPS,ALL PRODUCTION PRACTICES,00,CENSUS,,,9000,AREA HARVESTED,,"453,099",YEAR,NAICS CLASSIFICATION: (1112),,NAICS CLASSIFICATION,UNITED STATES,US,99,
FIELD CROPS,00000000,00,US TOTAL,,,2017,,ALL CLASSES,11.6,"CORN, GRAIN - ACRES HARVESTED",2018-02-01 00:00:00.000,CORN,,GRAIN,ANNUAL,,ACRES,,NATIONAL,US TOTAL,CROPS,ALL PRODUCTION PRACTICES,00,CENSUS,,,9000,AREA HARVESTED,,"44,500",YEAR,NAICS CLASSIFICATION: (1113),,NAICS CLASSIFICATION,UNITED STATES,US,99,
FIELD CROPS,00000000,00,US TOTAL,,,2017,,ALL CLASSES,6.9,"CORN, GRAIN - ACRES HARVESTED",2018-02-01 00:00:00.000,CORN,,GRAIN,ANNUAL,,ACRES,,NATIONAL,US TOTAL,CROPS,ALL PRODUCTION PRACTICES,00,CENSUS,,,9000,AREA HARVESTED,,"33,915",YEAR,NAICS CLASSIFICATION: (1114),,NAICS CLASSIFICATION,UNITED STATES,US,99,
FIELD CROPS,00000000,00,US TOTAL,,,2017,,ALL CLASSES,2.3,"CORN, GRAIN - ACRES HARVESTED",2018-02-01 00:00:00.000,CORN,,GRAIN,ANNUAL,,ACRES,,NATIONAL,US TOTAL,CROPS,ALL PRODUCTION PRACTICES,00,CENSUS,,,9000,AREA HARVESTED,,"2,052,515",YEAR,NAICS CLASSIFICATION: (1119),,NAICS CLASSIFICATION,UNITED STATES,US,99,
FIELD CROPS,00000000,00,US TOTAL,,,2017,,ALL CLASSES,12.0,"CORN, GRAIN - ACRES HARVESTED",2018-02-01 00:00:00.000,CORN,,GRAIN,ANNUAL,,ACRES,,NATIONAL,US TOTAL,CROPS,ALL PRODUCTION PRACTICES,00,CENSUS,,,9000,AREA HARVESTED,,"95,347",YEAR,NAICS CLASSIFICATION: (11191),,NAICS CLASSIFICATION,UNITED STATES,US,99,
FIELD CROPS,00000000,00,US TOTAL,,,2017,,ALL CLASSES,5.9,"CORN, GRAIN - ACRES HARVESTED",2018-02-01 00:00:00.000,CORN,,GRAIN,ANNUAL,,ACRES,,NATIONAL,US TOTAL,CROPS,ALL PRODUCTION PRACTICES,00,CENSUS,,,9000,AREA HARVESTED,,"598,516",YEAR,NAICS CLASSIFICATION: (11192),,NAICS CLASSIFICATION,UNITED STATES,US,99,
FIELD CROPS,00000000,00,US TOTAL,,,2017,,ALL CLASSES,2.9,"CORN, GRAIN - ACRES HARVESTED",2018-02-01 00:00:00.000,CORN,,GRAIN,ANNUAL,,ACRES,,NATIONAL,US TOTAL,CROPS,ALL PRODUCTION PRACTICES,00,CENSUS,,,9000,AREA HARVESTED,,"1,358,652",YEAR,NAICS CLASSIFICATION: (11193 & 11194 & 11199),,NAICS CLASSIFICATION,UNITED STATES,US,99,
FIELD CROPS,00000000,00,US TOTAL,,,2017,,ALL CLASSES,6.4,"CORN, GRAIN - ACRES HARVESTED",2018-02-01 00:00:00.000,CORN,,GRAIN,ANNUAL,,ACRES,,NATIONAL,US TOTAL,CROPS,ALL PRODUCTION PRACTICES,00,CENSUS,,,9000,AREA HARVESTED,,"2,130,600",YEAR,NAICS CLASSIFICATION: (112111),,NAICS CLASSIFICATION,UNITED STATES,US,99,
FIELD CROPS,00000000,00,US TOTAL,,,2017,,ALL CLASSES,5.3,"CORN, GRAIN - ACRES HARVESTED",2018-02-01 00:00:00.000,CORN,,GRAIN,ANNUAL,,ACRES,,NATIONAL,US TOTAL,CROPS,ALL PRODUCTION PRACTICES,00,CENSUS,,,9000,AREA HARVESTED,,"1,838,347",YEAR,NAICS CLASSIFICATION: (112112),,NAICS CLASSIFICATION,UNITED STATES,US,99,
FIELD CROPS,00000000,00,US TOTAL,,,2017,,ALL CLASSES,5.3,"CORN, GRAIN - ACRES HARVESTED",2018-02-01 00:00:00.000,CORN,,GRAIN,ANNUAL,,ACRES,,NATIONAL,US TOTAL,CROPS,ALL PRODUCTION PRACTICES,00,CENSUS,,,9000,AREA HARVESTED,,"2,191,543",YEAR,NAICS CLASSIFICATION: (11212),,NAICS CLASSIFICATION,UNITED STATES,US,99,
FIELD CROPS,00000000,00,US TOTAL,,,2017,,ALL CLASSES,2.4,"CORN, GRAIN - ACRES HARVESTED",2018-02-01 00:00:00.000,CORN,,GRAIN,ANNUAL,,ACRES,,NATIONAL,US TOTAL,CROPS,ALL PRODUCTION PRACTICES,00,CENSUS,,,9000,AREA HARVESTED,,"2,246,943",YEAR,NAICS CLASSIFICATION: (1122),,NAICS CLASSIFICATION,UNITED STATES,US,99,
FIELD CROPS,00000000,00,US TOTAL,,,2017,,ALL CLASSES,3.5,"CORN, GRAIN - ACRES HARVESTED",2018-02-01 00:00:00.000,CORN,,GRAIN,ANNUAL,,ACRES,,NATIONAL,US TOTAL,CROPS,ALL PRODUCTION PRACTICES,00,CENSUS,,,9000,AREA HARVESTED,,"531,322",YEAR,NAICS CLASSIFICATION: (1123),,NAICS CLASSIFICATION,UNITED STATES,US,99,
FIELD CROPS,00000000,00,US TOTAL,,,2017,,ALL CLASSES,10.1,"CORN, GRAIN - ACRES HARVESTED",2018-02-01 00:00:00.000,CORN,,GRAIN,ANNUAL,,ACRES,,NATIONAL,US TOTAL,CROPS,ALL PRODUCTION PRACTICES,00,CENSUS,,,9000,AREA HARVESTED,,"19,609",YEAR,NAICS CLASSIFICATION: (1124),,NAICS CLASSIFICATION,UNITED STATES,US,99,
FIELD CROPS,00000000,00,US TOTAL,,,2017,,ALL CLASSES,2.4,"CORN, GRAIN - ACRES HARVESTED",2018-02-01 00:00:00.000,CORN,,GRAIN,ANNUAL,,ACRES,,NATIONAL,US TOTAL,CROPS,ALL PRODUCTION PRACTICES,00,CENSUS,,,9000,AREA HARVESTED,,"415,470",YEAR,NAICS CLASSIFICATION: (1125 & 1129),,NAICS CLASSIFICATION,UNITED STATES,US,99,
FIELD CROPS,00000000,00,US TOTAL,,,2017,,ALL CLASSES,1.3,"CORN, GRAIN - ACRES HARVESTED",2018-02-01 00:00:00.000,CORN,,GRAIN,ANNUAL,,ACRES,,NATIONAL,US TOTAL,CROPS,ALL PRODUCTION PRACTICES,00,CENSUS,,,9000,AREA HARVESTED,,"84,738,562",YEAR,NOT SPECIFIED,,TOTAL,UNITED STATES,US,99,
FIELD CROPS,00000000,00,US TOTAL,,,2017,,ALL CLASSES,2.4,"CORN, SILAGE - ACRES HARVESTED",2018-02-01 00:00:00.000,CORN,,SILAGE,ANNUAL,,ACRES,,NATIONAL,US TOTAL,CROPS,ALL PRODUCTION PRACTICES,00,CENSUS,,,9000,AREA HARVESTED,,"1,214,142",YEAR,"AREA HARVESTED: (1,000 OR MORE ACRES)",,AREA HARVESTED,UNITED STATES,US,99,
FIELD CROPS,00000000,00,US TOTAL,,,2017,,ALL CLASSES,1.8,"CORN, SILAGE - ACRES HARVESTED",2018-02-01 00:00:00.000,CORN,,SILAGE,ANNUAL,,ACRES,,NATIONAL,US TOTAL,CROPS,ALL PRODUCTION PRACTICES,00,CENSUS,,,9000,AREA HARVESTED,,"97,374",YEAR,AREA HARVESTED: (1.0 TO 14.9 ACRES),,AREA HARVESTED,UNITED STATES,US,99,
FIELD CROPS,00000000,00,US TOTAL,,,2017,,ALL CLASSES,8.4,"CORN, SILAGE - ACRES HARVESTED",2018-02-01 00:00:00.000,CORN,,SILAGE,ANNUAL,,ACRES,,NATIONAL,US TOTAL,CROPS,ALL PRODUCTION PRACTICES,00,CENSUS,,,9000,AREA HARVESTED,,"1,410,218",YEAR,AREA HARVESTED: (100 TO 249 ACRES),,AREA HARVESTED,UNITED STATES,US,99,
FIELD CROPS,00000000,00,US TOTAL,,,2017,,ALL CLASSES,4.0,"CORN, SILAGE - ACRES HARVESTED",2018-02-01 00:00:00.000,CORN,,SILAGE,ANNUAL,,ACRES,,NATIONAL,US TOTAL,CROPS,ALL PRODUCTION PRACTICES,00,CENSUS,,,9000,AREA HARVESTED,,"162,006",YEAR,AREA HARVESTED: (15.0 TO 24.9 ACRES),,AREA HARVESTED,UNITED STATES,US,99,
FIELD CROPS,00000000,00,US TOTAL,,,2017,,ALL CLASSES,4.5,"CORN, SILAGE - ACRES HARVESTED",2018-02-01 00:00:00.000,CORN,,SILAGE,ANNUAL,,ACRES,,NATIONAL,US TOTAL,CROPS,ALL PRODUCTION PRACTICES,00,CENSUS,,,9000,AREA HARVESTED,,"437,699",YEAR,AREA HARVESTED: (25.0 TO 49.9 ACRES),,AREA HARVESTED,UNITED STATES,US,99,
FIELD CROPS,00000000,00,US TOTAL,,,2017,,ALL CLASSES,6.0,"CORN, SILAGE - ACRES HARVESTED",2018-02-01 00:00:00.000,CORN,,SILAGE,ANNUAL,,ACRES,,NATIONAL,US TOTAL,CROPS,ALL PRODUCTION PRACTICES,00,CENSUS,,,9000,AREA HARVESTED,,"1,100,944",YEAR,AREA HARVESTED: (250 TO 499 ACRES),,AREA HARVESTED,UNITED STATES,US,99,
FIELD CROPS,00000000,00,US TOTAL,,,2017,,ALL CLASSES,4.6,"CORN, SILAGE - ACRES HARVESTED",2018-02-01 00:00:00.000,CORN,,SILAGE,ANNUAL,,ACRES,,NATIONAL,US TOTAL,CROPS,ALL PRODUCTION PRACTICES,00,CENSUS,,,9000,AREA HARVESTED,,"753,226",YEAR,AREA HARVESTED: (50.0 TO 99.9 ACRES),,AREA HARVESTED,UNITED STATES,US,99,
FIELD CROPS,00000000,00,US TOTAL,,,2017,,ALL CLASSES,6.0,"CORN, SILAGE - ACRES HARVESTED",2018-02-01 00:00:00.000,CORN,,SILAGE,ANNUAL,,ACRES,,NATIONAL,US TOTAL,CROPS,ALL PRODUCTION PRACTICES,00,CENSUS,,,9000,AREA HARVESTED,,"933,805",YEAR,AREA HARVESTED: (500 TO 999 ACRES),,AREA HARVESTED,UNITED STATES,US,99,
FIELD CROPS,00000000,00,US TOTAL,,,2017,,ALL CLASSES,3.8,"CORN, SILAGE - ACRES HARVESTED",2018-02-01 00:00:00.000,CORN,,SILAGE,ANNUAL,,ACRES,,NATIONAL,US TOTAL,CROPS,ALL PRODUCTION PRACTICES,00,CENSUS,,,9000,AREA HARVESTED,,"1,229,941",YEAR,"AREA OPERATED: (1,000 TO 1,999 ACRES)",,AREA OPERATED,UNITED STATES,US,99,
FIELD CROPS,00000000,00,US TOTAL,,,2017,,ALL CLASSES,20.1,"CORN, SILAGE - ACRES HARVESTED",2018-02-01 00:00:00.000,CORN,,SILAGE,ANNUAL,,ACRES,,NATIONAL,US TOTAL,CROPS,ALL PRODUCTION PRACTICES,00,CENSUS,,,9000,AREA HARVESTED,,"1,158",YEAR,AREA OPERATED: (1.0 TO 9.9 ACRES),,AREA OPERATED,UNITED STATES,US,99,
FIELD CROPS,00000000,00,US TOTAL,,,2017,,ALL CLASSES,21.1,"CORN, SILAGE - ACRES HARVESTED",2018-02-01 00:00:00.000,CORN,,SILAGE,ANNUAL,,ACRES,,NATIONAL,US TOTAL,CROPS,ALL PRODUCTION PRACTICES,00,CENSUS,,,9000,AREA HARVESTED,,"28,030",YEAR,AREA OPERATED: (10.0 TO 49.9 ACRES),,AREA OPERATED,UNITED STATES,US,99,
FIELD CROPS,00000000,00,US TOTAL,,,2017,,ALL CLASSES,65.8,"CORN, SILAGE - ACRES HARVESTED",2018-02-01 00:00:00.000,CORN,,SILAGE,ANNUAL,,ACRES,,NATIONAL,US TOTAL,CROPS,ALL PRODUCTION PRACTICES,00,CENSUS,,,9000,AREA HARVESTED,,"108,564",YEAR,AREA OPERATED: (100 TO 139 ACRES),,AREA OPERATED,UNITED STATES,US,99,
FIELD CROPS,00000000,00,US TOTAL,,,2017,,ALL CLASSES,7.6,"CORN, SILAGE - ACRES HARVESTED",2018-02-01 00:00:00.000,CORN,,SILAGE,ANNUAL,,ACRES,,NATIONAL,US TOTAL,CROPS,ALL PRODUCTION PRACTICES,00,CENSUS,,,9000,AREA HARVESTED,,"130,541",YEAR,AREA OPERATED: (140 TO 179 ACRES),,AREA OPERATED,UNITED STATES,US,99,
FIELD CROPS,00000000,00,US TOTAL,,,2017,,ALL CLASSES,5.2,"CORN, SILAGE - ACRES HARVESTED",2018-02-01 00:00:00.000,CORN,,SILAGE,ANNUAL,,ACRES,,NATIONAL,US TOTAL,CROPS,ALL PRODUCTION PRACTICES,00,CENSUS,,,9000,AREA HARVESTED,,"134,996",YEAR,AREA OPERATED: (180 TO 219 ACRES),,AREA OPERATED,UNITED STATES,US,99,
FIELD CROPS,00000000,00,US TOTAL,,,2017,,ALL CLASSES,2.9,"CORN, SILAGE - ACRES HARVESTED",2018-02-01 00:00:00.000,CORN,,SILAGE,ANNUAL,,ACRES,,NATIONAL,US TOTAL,CROPS,ALL PRODUCTION PRACTICES,00,CENSUS,,,9000,AREA HARVESTED,,"2,331,476",YEAR,"AREA OPERATED: (2,000 OR MORE ACRES)",,AREA OPERATED,UNITED STATES,US,99,
FIELD CROPS,00000000,00,US TOTAL,,,2017,,ALL CLASSES,8.4,"CORN, SILAGE - ACRES HARVESTED",2018-02-01 00:00:00.000,CORN,,SILAGE,ANNUAL,,ACRES,,NATIONAL,US TOTAL,CROPS,ALL PRODUCTION PRACTICES,00,CENSUS,,,9000,AREA HARVESTED,,"127,444",YEAR,AREA OPERATED: (220 TO 259 ACRES),,AREA OPERATED,UNITED STATES,US,99,
FIELD CROPS,00000000,00,US TOTAL,,,2017,,ALL CLASSES,7.5,"CORN, SILAGE - ACRES HARVESTED",2018-02-01 00:00:00.000,CORN,,SILAGE,ANNUAL,,ACRES,,NATIONAL,US TOTAL,CROPS,ALL PRODUCTION PRACTICES,00,CENSUS,,,9000,AREA HARVESTED,,"765,301",YEAR,AREA OPERATED: (260 TO 499 ACRES),,AREA OPERATED,UNITED STATES,US,99,
FIELD CROPS,00000000,00,US TOTAL,,,2017,,ALL CLASSES,16.3,"CORN, SILAGE - ACRES HARVESTED",2018-02-01 00:00:00.000,CORN,,SILAGE,ANNUAL,,ACRES,,NATIONAL,US TOTAL,CROPS,ALL PRODUCTION PRACTICES,00,CENSUS,,,9000,AREA HARVESTED,,"28,051",YEAR,AREA OPERATED: (50.0 TO 69.9 ACRES),,AREA OPERATED,UNITED STATES,US,99,
FIELD CROPS,00000000,00,US TOTAL,,,2017,,ALL CLASSES,3.9,"CORN, SILAGE - ACRES HARVESTED",2018-02-01 00:00:00.000,CORN,,SILAGE,ANNUAL,,ACRES,,NATIONAL,US TOTAL,CROPS,ALL PRODUCTION PRACTICES,00,CENSUS,,,9000,AREA HARVESTED,,"1,156,606",YEAR,AREA OPERATED: (500 TO 999 ACRES),,AREA OPERATED,UNITED STATES,US,99,
FIELD CROPS,00000000,00,US TOTAL,,,2017,,ALL CLASSES,7.2,"CORN, SILAGE - ACRES HARVESTED",2018-02-01 00:00:00.000,CORN,,SILAGE,ANNUAL,,ACRES,,NATIONAL,US TOTAL,CROPS,ALL PRODUCTION PRACTICES,00,CENSUS,,,9000,AREA HARVESTED,,"67,306",YEAR,AREA OPERATED: (70.0 TO 99.9 ACRES),,AREA OPERATED,UNITED STATES,US,99,
FIELD CROPS,00000000,00,US TOTAL,,,2017,,ALL CLASSES,43.3,"CORN, SILAGE - ACRES HARVESTED",2018-02-01 00:00:00.000,CORN,,SILAGE,ANNUAL,,ACRES,,NATIONAL,US TOTAL,CROPS,ALL PRODUCTION PRACTICES,00,CENSUS,,,9000,AREA HARVESTED,,"2,083",YEAR,"ECONOMIC CLASS: (1,000 TO 2,499 $)",,ECONOMIC CLASS,UNITED STATES,US,99,
FIELD CROPS,00000000,00,US TOTAL,,,2017,,ALL CLASSES,3.0,"CORN, SILAGE - ACRES HARVESTED",2018-02-01 00:00:00.000,CORN,,SILAGE,ANNUAL,,ACRES,,NATIONAL,US TOTAL,CROPS,ALL PRODUCTION PRACTICES,00,CENSUS,,,9000,AREA HARVESTED,,"3,549,159",YEAR,"ECONOMIC CLASS: (1,000,000 OR MORE $)",,ECONOMIC CLASS,UNITED STATES,US,99,
FIELD CROPS,00000000,00,US TOTAL,,,2017,,ALL CLASSES,18.6,"CORN, SILAGE - ACRES HARVESTED",2018-02-01 00:00:00.000,CORN,,SILAGE,ANNUAL,,ACRES,,NATIONAL,US TOTAL,CROPS,ALL PRODUCTION PRACTICES,00,CENSUS,,,9000,AREA HARVESTED,,"45,194",YEAR,"ECONOMIC CLASS: (10,000 TO 24,999 $)",,ECONOMIC CLASS,UNITED STATES,US,99,
FIELD CROPS,00000000,00,US TOTAL,,,2017,,ALL CLASSES,3.6,"CORN, SILAGE - ACRES HARVESTED",2018-02-01 00:00:00.000,CORN,,SILAGE,ANNUAL,,ACRES,,NATIONAL,US TOTAL,CROPS,ALL PRODUCTION PRACTICES,00,CENSUS,,,9000,AREA HARVESTED,,"487,330",YEAR,"ECONOMIC CLASS: (100,000 TO 249,999 $)",,ECONOMIC CLASS,UNITED STATES,US,99,
FIELD CROPS,00000000,00,US TOTAL,,,2017,,ALL CLASSES,30.7,"CORN, SILAGE - ACRES HARVESTED",2018-02-01 00:00:00.000,CORN,,SILAGE,ANNUAL,,ACRES,,NATIONAL,US TOTAL,CROPS,ALL PRODUCTION PRACTICES,00,CENSUS,,,9000,AREA HARVESTED,,"4,531",YEAR,"ECONOMIC CLASS: (2,500 TO 4,999 $)",,ECONOMIC CLASS,UNITED STATES,US,99,
FIELD CROPS,00000000,00,US TOTAL,,,2017,,ALL CLASSES,15.3,"CORN, SILAGE - ACRES HARVESTED",2018-02-01 00:00:00.000,CORN,,SILAGE,ANNUAL,,ACRES,,NATIONAL,US TOTAL,CROPS,ALL PRODUCTION PRACTICES,00,CENSUS,,,9000,AREA HARVESTED,,"83,447",YEAR,"ECONOMIC CLASS: (25,000 TO 49,999 $)",,ECONOMIC CLASS,UNITED STATES,US,99,
FIELD CROPS,00000000,00,US TOTAL,,,2017,,ALL CLASSES,5.5,"CORN, SILAGE - ACRES HARVESTED",2018-02-01 00:00:00.000,CORN,,SILAGE,ANNUAL,,ACRES,,NATIONAL,US TOTAL,CROPS,ALL PRODUCTION PRACTICES,00,CENSUS,,,9000,AREA HARVESTED,,"769,878",YEAR,"ECONOMIC CLASS: (250,000 TO 499,999 $)",,ECONOMIC CLASS,UNITED STATES,US,99,
FIELD CROPS,00000000,00,US TOTAL,,,2017,,ALL CLASSES,11.1,"CORN, SILAGE - ACRES HARVESTED",2018-02-01 00:00:00.000,CORN,,SILAGE,ANNUAL,,ACRES,,NATIONAL,US TOTAL,CROPS,ALL PRODUCTION PRACTICES,00,CENSUS,,,9000,AREA HARVESTED,,"11,842",YEAR,"ECONOMIC CLASS: (5,000 TO 9,999 $)",,ECONOMIC CLASS,UNITED STATES,US,99,
FIELD CROPS,00000000,00,US TOTAL,,,2017,,ALL CLASSES,7.3,"CORN, SILAGE - ACRES HARVESTED",2018-02-01 00:00:00.000,CORN,,SILAGE,ANNUAL,,ACRES,,NATIONAL,US TOTAL,CROPS,ALL PRODUCTION PRACTICES,00,CENSUS,,,9000,AREA HARVESTED,,"150,400",YEAR,"ECONOMIC CLASS: (50,000 TO 99,999 $)",,ECONOMIC CLASS,UNITED STATES,US,99,
FIELD CROPS,00000000,00,US TOTAL,,,2017,,ALL CLASSES,5.5,"CORN, SILAGE - ACRES HARVESTED",2018-02-01 00:00:00.000,CORN,,SILAGE,ANNUAL,,ACRES,,NATIONAL,US TOTAL,CROPS,ALL PRODUCTION PRACTICES,00,CENSUS,,,9000,AREA HARVESTED,,"1,003,709",YEAR,"ECONOMIC CLASS: (500,000 TO 999,999 $)",,ECONOMIC CLASS,UNITED STATES,US,99,
FIELD CROPS,00000000,00,US TOTAL,,,2017,,ALL CLASSES,28.7,"CORN, SILAGE - ACRES HARVESTED",2018-02-01 00:00:00.000,CORN,,SILAGE,ANNUAL,,ACRES,,NATIONAL,US TOTAL,CROPS,ALL PRODUCTION PRACTICES,00,CENSUS,,,9000,AREA HARVESTED,,"1,841",YEAR,"ECONOMIC CLASS: (LESS THAN 1,000 $)",,ECONOMIC CLASS,UNITED STATES,US,99,
FIELD CROPS,00000000,00,US TOTAL,,,2017,,ALL CLASSES,35.3,"CORN, SILAGE - ACRES HARVESTED",2018-02-01 00:00:00.000,CORN,,SILAGE,ANNUAL,,ACRES,,NATIONAL,US TOTAL,CROPS,ALL PRODUCTION PRACTICES,00,CENSUS,,,9000,AREA HARVESTED,,"2,318",YEAR,"FARM SALES: (1,000 TO 2,499 $)",,FARM SALES,UNITED STATES,US,99,
FIELD CROPS,00000000,00,US TOTAL,,,2017,,ALL CLASSES,3.1,"CORN, SILAGE - ACRES HARVESTED",2018-02-01 00:00:00.000,CORN,,SILAGE,ANNUAL,,ACRES,,NATIONAL,US TOTAL,CROPS,ALL PRODUCTION PRACTICES,00,CENSUS,,,9000,AREA HARVESTED,,"3,516,141",YEAR,"FARM SALES: (1,000,000 OR MORE $)",,FARM SALES,UNITED STATES,US,99,
FIELD CROPS,00000000,00,US TOTAL,,,2017,,ALL CLASSES,22.0,"CORN, SILAGE - ACRES HARVESTED",2018-02-01 00:00:00.000,CORN,,SILAGE,ANNUAL,,ACRES,,NATIONAL,US TOTAL,CROPS,ALL PRODUCTION PRACTICES,00,CENSUS,,,9000,AREA HARVESTED,,"47,069",YEAR,"FARM SALES: (10,000 TO 24,999 $)",,FARM SALES,UNITED STATES,US,99,
FIELD CROPS,00000000,00,US TOTAL,,,2017,,ALL CLASSES,3.4,"CORN, SILAGE - ACRES HARVESTED",2018-02-01 00:00:00.000,CORN,,SILAGE,ANNUAL,,ACRES,,NATIONAL,US TOTAL,CROPS,ALL PRODUCTION PRACTICES,00,CENSUS,,,9000,AREA HARVESTED,,"500,085",YEAR,"FARM SALES: (100,000 TO 249,999 $)",,FARM SALES,UNITED STATES,US,99,
FIELD CROPS,00000000,00,US TOTAL,,,2017,,ALL CLASSES,34.2,"CORN, SILAGE - ACRES HARVESTED",2018-02-01 00:00:00.000,CORN,,SILAGE,ANNUAL,,ACRES,,NATIONAL,US TOTAL,CROPS,ALL PRODUCTION PRACTICES,00,CENSUS,,,9000,AREA HARVESTED,,"4,904",YEAR,"FARM SALES: (2,500 TO 4,999 $)",,FARM SALES,UNITED STATES,US,99,
FIELD CROPS,00000000,00,US TOTAL,,,2017,,ALL CLASSES,13.8,"CORN, SILAGE - ACRES HARVESTED",2018-02-01 00:00:00.000,CORN,,SILAGE,ANNUAL,,ACRES,,NATIONAL,US TOTAL,CROPS,ALL PRODUCTION PRACTICES,00,CENSUS,,,9000,AREA HARVESTED,,"83,573",YEAR,"FARM SALES: (25,000 TO 49,999 $)",,FARM SALES,UNITED STATES,US,99,
FIELD CROPS,00000000,00,US TOTAL,,,2017,,ALL CLASSES,5.2,"CORN, SILAGE - ACRES HARVESTED",2018-02-01 00:00:00.000,CORN,,SILAGE,ANNUAL,,ACRES,,NATIONAL,US TOTAL,CROPS,ALL PRODUCTION PRACTICES,00,CENSUS,,,9000,AREA HARVESTED,,"774,266",YEAR,"FARM SALES: (250,000 TO 499,999 $)",,FARM SALES,UNITED STATES,US,99,
FIELD CROPS,00000000,00,US TOTAL,,,2017,,ALL CLASSES,16.2,"CORN, SILAGE - ACRES HARVESTED",2018-02-01 00:00:00.000,CORN,,SILAGE,ANNUAL,,ACRES,,NATIONAL,US TOTAL,CROPS,ALL PRODUCTION PRACTICES,00,CENSUS,,,9000,AREA HARVESTED,,"14,297",YEAR,"FARM SALES: (5,000 TO 9,999 $)",,FARM SALES,UNITED STATES,US,99,
FIELD CROPS,00000000,00,US TOTAL,,,2017,,ALL CLASSES,6.8,"CORN, SILAGE - ACRES HARVESTED",2018-02-01 00:00:00.000,CORN,,SILAGE,ANNUAL,,ACRES,,NATIONAL,US TOTAL,CROPS,ALL PRODUCTION PRACTICES,00,CENSUS,,,9000,AREA HARVESTED,,"159,067",YEAR,"FARM SALES: (50,000 TO 99,999 $)",,FARM SALES,UNITED STATES,US,99,
FIELD CROPS,00000000,00,US TOTAL,,,2017,,ALL CLASSES,5.6,"CORN, SILAGE - ACRES HARVESTED",2018-02-01 00:00:00.000,CORN,,SILAGE,ANNUAL,,ACRES,,NATIONAL,US TOTAL,CROPS,ALL PRODUCTION PRACTICES,00,CENSUS,,,9000,AREA HARVESTED,,"1,005,676",YEAR,"FARM SALES: (500,000 TO 999,999 $)",,FARM SALES,UNITED STATES,US,99,
FIELD CROPS,00000000,00,US TOTAL,,,2017,,ALL CLASSES,28.7,"CORN, SILAGE - ACRES HARVESTED",2018-02-01 00:00:00.000,CORN,,SILAGE,ANNUAL,,ACRES,,NATIONAL,US TOTAL,CROPS,ALL PRODUCTION PRACTICES,00,CENSUS,,,9000,AREA HARVESTED,,"2,018",YEAR,"FARM SALES: (LESS THAN 1,000 $)",,FARM SALES,UNITED STATES,US,99,
FIELD CROPS,00000000,00,US TOTAL,,,2017,,ALL CLASSES,4.4,"CORN, SILAGE - ACRES HARVESTED",2018-02-01 00:00:00.000,CORN,,SILAGE,ANNUAL,,ACRES,,NATIONAL,US TOTAL,CROPS,ALL PRODUCTION PRACTICES,00,CENSUS,,,9000,AREA HARVESTED,,"1,614,169",YEAR,NAICS CLASSIFICATION: (1111),,NAICS CLASSIFICATION,UNITED STATES,US,99,
FIELD CROPS,00000000,00,US TOTAL,,,2017,,ALL CLASSES,(H),"CORN, SILAGE - ACRES HARVESTED",2018-02-01 00:00:00.000,CORN,,SILAGE,ANNUAL,,ACRES,,NATIONAL,US TOTAL,CROPS,ALL PRODUCTION PRACTICES,00,CENSUS,,,9000,AREA HARVESTED,,"62,175",YEAR,NAICS CLASSIFICATION: (1112),,NAICS CLASSIFICATION,UNITED STATES,US,99,
FIELD CROPS,00000000,00,US TOTAL,,,2017,,ALL CLASSES,16.6,"CORN, SILAGE - ACRES HARVESTED",2018-02-01 00:00:00.000,CORN,,SILAGE,ANNUAL,,ACRES,,NATIONAL,US TOTAL,CROPS,ALL PRODUCTION PRACTICES,00,CENSUS,,,9000,AREA HARVESTED,,"32,456",YEAR,NAICS CLASSIFICATION: (1113),,NAICS CLASSIFICATION,UNITED STATES,US,99,
FIELD CROPS,00000000,00,US TOTAL,,,2017,,ALL CLASSES,25.8,"CORN, SILAGE - ACRES HARVESTED",2018-02-01 00:00:00.000,CORN,,SILAGE,ANNUAL,,ACRES,,NATIONAL,US TOTAL,CROPS,ALL PRODUCTION PRACTICES,00,CENSUS,,,9000,AREA HARVESTED,,"3,652",YEAR,NAICS CLASSIFICATION: (1114),,NAICS CLASSIFICATION,UNITED STATES,US,99,
FIELD CROPS,00000000,00,US TOTAL,,,2017,,ALL CLASSES,7.9,"CORN, SILAGE - ACRES HARVESTED",2018-02-01 00:00:00.000,CORN,,SILAGE,ANNUAL,,ACRES,,NATIONAL,US TOTAL,CROPS,ALL PRODUCTION PRACTICES,00,CENSUS,,,9000,AREA HARVESTED,,"390,071",YEAR,NAICS CLASSIFICATION: (1119),,NAICS CLASSIFICATION,UNITED STATES,US,99,
FIELD CROPS,00000000,00,US TOTAL,,,2017,,ALL CLASSES,11.3,"CORN, SILAGE - ACRES HARVESTED",2018-02-01 00:00:00.000,CORN,,SILAGE,ANNUAL,,ACRES,,NATIONAL,US TOTAL,CROPS,ALL PRODUCTION PRACTICES,00,CENSUS,,,9000,AREA HARVESTED,,"3,683",YEAR,NAICS CLASSIFICATION: (11191),,NAICS CLASSIFICATION,UNITED STATES,US,99,
FIELD CROPS,00000000,00,US TOTAL,,,2017,,ALL CLASSES,15.0,"CORN, SILAGE - ACRES HARVESTED",2018-02-01 00:00:00.000,CORN,,SILAGE,ANNUAL,,ACRES,,NATIONAL,US TOTAL,CROPS,ALL PRODUCTION PRACTICES,00,CENSUS,,,9000,AREA HARVESTED,,"25,455",YEAR,NAICS CLASSIFICATION: (11192),,NAICS CLASSIFICATION,UNITED STATES,US,99,
FIELD CROPS,00000000,00,US TOTAL,,,2017,,ALL CLASSES,7.9,"CORN, SILAGE - ACRES HARVESTED",2018-02-01 00:00:00.000,CORN,,SILAGE,ANNUAL,,ACRES,,NATIONAL,US TOTAL,CROPS,ALL PRODUCTION PRACTICES,00,CENSUS,,,9000,AREA HARVESTED,,"360,933",YEAR,NAICS CLASSIFICATION: (11193 & 11194 & 11199),,NAICS CLASSIFICATION,UNITED STATES,US,99,
FIELD CROPS,00000000,00,US TOTAL,,,2017,,ALL CLASSES,5.0,"CORN, SILAGE - ACRES HARVESTED",2018-02-01 00:00:00.000,CORN,,SILAGE,ANNUAL,,ACRES,,NATIONAL,US TOTAL,CROPS,ALL PRODUCTION PRACTICES,00,CENSUS,,,9000,AREA HARVESTED,,"629,568",YEAR,NAICS CLASSIFICATION: (112111),,NAICS CLASSIFICATION,UNITED STATES,US,99,
FIELD CROPS,00000000,00,US TOTAL,,,2017,,ALL CLASSES,5.6,"CORN, SILAGE - ACRES HARVESTED",2018-02-01 00:00:00.000,CORN,,SILAGE,ANNUAL,,ACRES,,NATIONAL,US TOTAL,CROPS,ALL PRODUCTION PRACTICES,00,CENSUS,,,9000,AREA HARVESTED,,"336,239",YEAR,NAICS CLASSIFICATION: (112112),,NAICS CLASSIFICATION,UNITED STATES,US,99,
FIELD CROPS,00000000,00,US TOTAL,,,2017,,ALL CLASSES,2.1,"CORN, SILAGE - ACRES HARVESTED",2018-02-01 00:00:00.000,CORN,,SILAGE,ANNUAL,,ACRES,,NATIONAL,US TOTAL,CROPS,ALL PRODUCTION PRACTICES,00,CENSUS,,,9000,AREA HARVESTED,,"2,937,347",YEAR,NAICS CLASSIFICATION: (11212),,NAICS CLASSIFICATION,UNITED STATES,US,99,
FIELD CROPS,00000000,00,US TOTAL,,,2017,,ALL CLASSES,10.0,"CORN, SILAGE - ACRES HARVESTED",2018-02-01 00:00:00.000,CORN,,SILAGE,ANNUAL,,ACRES,,NATIONAL,US TOTAL,CROPS,ALL PRODUCTION PRACTICES,00,CENSUS,,,9000,AREA HARVESTED,,"29,004",YEAR,NAICS CLASSIFICATION: (1122),,NAICS CLASSIFICATION,UNITED STATES,US,99,
FIELD CROPS,00000000,00,US TOTAL,,,2017,,ALL CLASSES,9.8,"CORN, SILAGE - ACRES HARVESTED",2018-02-01 00:00:00.000,CORN,,SILAGE,ANNUAL,,ACRES,,NATIONAL,US TOTAL,CROPS,ALL PRODUCTION PRACTICES,00,CENSUS,,,9000,AREA HARVESTED,,"36,618",YEAR,NAICS CLASSIFICATION: (1123),,NAICS CLASSIFICATION,UNITED STATES,US,99,
FIELD CROPS,00000000,00,US TOTAL,,,2017,,ALL CLASSES,27.9,"CORN, SILAGE - ACRES HARVESTED",2018-02-01 00:00:00.000,CORN,,SILAGE,ANNUAL,,ACRES,,NATIONAL,US TOTAL,CROPS,ALL PRODUCTION PRACTICES,00,CENSUS,,,9000,AREA HARVESTED,,"3,725",YEAR,NAICS CLASSIFICATION: (1124),,NAICS CLASSIFICATION,UNITED STATES,US,99,
FIELD CROPS,00000000,00,US TOTAL,,,2017,,ALL CLASSES,6.0,"CORN, SILAGE - ACRES HARVESTED",2018-02-01 00:00:00.000,CORN,,SILAGE,ANNUAL,,ACRES,,NATIONAL,US TOTAL,CROPS,ALL PRODUCTION PRACTICES,00,CENSUS,,,9000,AREA HARVESTED,,"34,390",YEAR,NAICS CLASSIFICATION: (1125 & 1129),,NAICS CLASSIFICATION,UNITED STATES,US,99,
FIELD CROPS,00000000,00,US TOTAL,,,2017,,ALL CLASSES,2.1,"CORN, SILAGE - ACRES HARVESTED",2018-02-01 00:00:00.000,CORN,,SILAGE,ANNUAL,,ACRES,,NATIONAL,US TOTAL,CROPS,ALL PRODUCTION PRACTICES,00,CENSUS,,,9000,AREA HARVESTED,,"6,109,414",YEAR,NOT SPECIFIED,,TOTAL,UNITED STATES,US,99,
FIELD CROPS,00000000,00,US TOTAL,,,2017,,ALL CLASSES,6.0,"CORN, GRAIN, IRRIGATED - ACRES HARVESTED",2018-02-01 00:00:00.000,CORN,,GRAIN,ANNUAL,,ACRES,,NATIONAL,US TOTAL,CROPS,IRRIGATED,00,CENSUS,,,9000,AREA HARVESTED,,"6,052,767",YEAR,"AREA HARVESTED: (1,000 OR MORE ACRES)",,AREA HARVESTED,UNITED STATES,US,99,
FIELD CROPS,00000000,00,US TOTAL,,,2017,,ALL CLASSES,4.6,"CORN, GRAIN, IRRIGATED - ACRES HARVESTED",2018-02-01 00:00:00.000,CORN,,GRAIN,ANNUAL,,ACRES,,NATIONAL,US TOTAL,CROPS,IRRIGATED,00,CENSUS,,,9000,AREA HARVESTED,,"3,200,532",YEAR,"AREA HARVESTED: (1,000 TO 1,999 ACRES)",,AREA HARVESTED,UNITED STATES,US,99,
FIELD CROPS,00000000,00,US TOTAL,,,2017,,ALL CLASSES,14.2,"CORN, GRAIN, IRRIGATED - ACRES HARVESTED",2018-02-01 00:00:00.000,CORN,,GRAIN,ANNUAL,,ACRES,,NATIONAL,US TOTAL,CROPS,IRRIGATED,00,CENSUS,,,9000,AREA HARVESTED,,"7,041",YEAR,AREA HARVESTED: (1.0 TO 14.9 ACRES),,AREA HARVESTED,UNITED STATES,US,99,
FIELD CROPS,00000000,00,US TOTAL,,,2017,,ALL CLASSES,5.8,"CORN, GRAIN, IRRIGATED - ACRES HARVESTED",2018-02-01 00:00:00.000,CORN,,GRAIN,ANNUAL,,ACRES,,NATIONAL,US TOTAL,CROPS,IRRIGATED,00,CENSUS,,,9000,AREA HARVESTED,,"1,014,234",YEAR,AREA HARVESTED: (100 TO 249 ACRES),,AREA HARVESTED,UNITED STATES,US,99,
FIELD CROPS,00000000,00,US TOTAL,,,2017,,ALL CLASSES,26.2,"CORN, GRAIN, IRRIGATED - ACRES HARVESTED",2018-02-01 00:00:00.000,CORN,,GRAIN,ANNUAL,,ACRES,,NATIONAL,US TOTAL,CROPS,IRRIGATED,00,CENSUS,,,9000,AREA HARVESTED,,"12,116",YEAR,AREA HARVESTED: (15.0 TO 24.9 ACRES),,AREA HARVESTED,UNITED STATES,US,99,
FIELD CROPS,00000000,00,US TOTAL,,,2017,,ALL CLASSES,21.8,"CORN, GRAIN, IRRIGATED - ACRES HARVESTED",2018-02-01 00:00:00.000,CORN,,GRAIN,ANNUAL,,ACRES,,NATIONAL,US TOTAL,CROPS,IRRIGATED,00,CENSUS,,,9000,AREA HARVESTED,,"1,284,827",YEAR,"AREA HARVESTED: (2,000 TO 2,999 ACRES)",,AREA HARVESTED,UNITED STATES,US,99,
FIELD CROPS,00000000,00,US TOTAL,,,2017,,ALL CLASSES,6.7,"CORN, GRAIN, IRRIGATED - ACRES HARVESTED",2018-02-01 00:00:00.000,CORN,,GRAIN,ANNUAL,,ACRES,,NATIONAL,US TOTAL,CROPS,IRRIGATED,00,CENSUS,,,9000,AREA HARVESTED,,"55,174",YEAR,AREA HARVESTED: (25.0 TO 49.9 ACRES),,AREA HARVESTED,UNITED STATES,US,99,
FIELD CROPS,00000000,00,US TOTAL,,,2017,,ALL CLASSES,4.4,"CORN, GRAIN, IRRIGATED - ACRES HARVESTED",2018-02-01 00:00:00.000,CORN,,GRAIN,ANNUAL,,ACRES,,NATIONAL,US TOTAL,CROPS,IRRIGATED,00,CENSUS,,,9000,AREA HARVESTED,,"1,920,201",YEAR,AREA HARVESTED: (250 TO 499 ACRES),,AREA HARVESTED,UNITED STATES,US,99,
FIELD CROPS,00000000,00,US TOTAL,,,2017,,ALL CLASSES,8.8,"CORN, GRAIN, IRRIGATED - ACRES HARVESTED",2018-02-01 00:00:00.000,CORN,,GRAIN,ANNUAL,,ACRES,,NATIONAL,US TOTAL,CROPS,IRRIGATED,00,CENSUS,,,9000,AREA HARVESTED,,"891,058",YEAR,"AREA HARVESTED: (3,000 TO 4,999 ACRES)",,AREA HARVESTED,UNITED STATES,US,99,
FIELD CROPS,00000000,00,US TOTAL,,,2017,,ALL CLASSES,1.9,"CORN, GRAIN, IRRIGATED - ACRES HARVESTED",2018-02-01 00:00:00.000,CORN,,GRAIN,ANNUAL,,ACRES,,NATIONAL,US TOTAL,CROPS,IRRIGATED,00,CENSUS,,,9000,AREA HARVESTED,,"676,350",YEAR,"AREA HARVESTED: (5,000 OR MORE ACRES)",,AREA HARVESTED,UNITED STATES,US,99,
FIELD CROPS,00000000,00,US TOTAL,,,2017,,ALL CLASSES,4.7,"CORN, GRAIN, IRRIGATED - ACRES HARVESTED",2018-02-01 00:00:00.000,CORN,,GRAIN,ANNUAL,,ACRES,,NATIONAL,US TOTAL,CROPS,IRRIGATED,00,CENSUS,,,9000,AREA HARVESTED,,"208,413",YEAR,AREA HARVESTED: (50.0 TO 99.9 ACRES),,AREA HARVESTED,UNITED STATES,US,99,
FIELD CROPS,00000000,00,US TOTAL,,,2017,,ALL CLASSES,3.6,"CORN, GRAIN, IRRIGATED - ACRES HARVESTED",2018-02-01 00:00:00.000,CORN,,GRAIN,ANNUAL,,ACRES,,NATIONAL,US TOTAL,CROPS,IRRIGATED,00,CENSUS,,,9000,AREA HARVESTED,,"3,097,928",YEAR,AREA HARVESTED: (500 TO 999 ACRES),,AREA HARVESTED,UNITED STATES,US,99,
FIELD CROPS,00000000,00,US TOTAL,,,2017,,ALL CLASSES,4.0,"CORN, GRAIN, IRRIGATED - ACRES HARVESTED",2018-02-01 00:00:00.000,CORN,,GRAIN,ANNUAL,,ACRES,,NATIONAL,US TOTAL,CROPS,IRRIGATED,00,CENSUS,,,9000,AREA HARVESTED,,"2,833,315",YEAR,"AREA OPERATED: (1,000 TO 1,999 ACRES)",,AREA OPERATED,UNITED STATES,US,99,
FIELD CROPS,00000000,00,US TOTAL,,,2017,,ALL CLASSES,38.2,"CORN, GRAIN, IRRIGATED - ACRES HARVESTED",2018-02-01 00:00:00.000,CORN,,GRAIN,ANNUAL,,ACRES,,NATIONAL,US TOTAL,CROPS,IRRIGATED,00,CENSUS,,,9000,AREA HARVESTED,,721,YEAR,AREA OPERATED: (1.0 TO 9.9 ACRES),,AREA OPERATED,UNITED STATES,US,99,
FIELD CROPS,00000000,00,US TOTAL,,,2017,,ALL CLASSES,36.5,"CORN, GRAIN, IRRIGATED - ACRES HARVESTED",2018-02-01 00:00:00.000,CORN,,GRAIN,ANNUAL,,ACRES,,NATIONAL,US TOTAL,CROPS,IRRIGATED,00,CENSUS,,,9000,AREA HARVESTED,,"10,232",YEAR,AREA OPERATED: (10.0 TO 49.9 ACRES),,AREA OPERATED,UNITED STATES,US,99,
FIELD CROPS,00000000,00,US TOTAL,,,2017,,ALL CLASSES,20.2,"CORN, GRAIN, IRRIGATED - ACRES HARVESTED",2018-02-01 00:00:00.000,CORN,,GRAIN,ANNUAL,,ACRES,,NATIONAL,US TOTAL,CROPS,IRRIGATED,00,CENSUS,,,9000,AREA HARVESTED,,"35,996",YEAR,AREA OPERATED: (100 TO 139 ACRES),,AREA OPERATED,UNITED STATES,US,99,
FIELD CROPS,00000000,00,US TOTAL,,,2017,,ALL CLASSES,16.6,"CORN, GRAIN, IRRIGATED - ACRES HARVESTED",2018-02-01 00:00:00.000,CORN,,GRAIN,ANNUAL,,ACRES,,NATIONAL,US TOTAL,CROPS,IRRIGATED,00,CENSUS,,,9000,AREA HARVESTED,,"74,755",YEAR,AREA OPERATED: (140 TO 179 ACRES),,AREA OPERATED,UNITED STATES,US,99,
FIELD CROPS,00000000,00,US TOTAL,,,2017,,ALL CLASSES,17.7,"CORN, GRAIN, IRRIGATED - ACRES HARVESTED",2018-02-01 00:00:00.000,CORN,,GRAIN,ANNUAL,,ACRES,,NATIONAL,US TOTAL,CROPS,IRRIGATED,00,CENSUS,,,9000,AREA HARVESTED,,"52,153",YEAR,AREA OPERATED: (180 TO 219 ACRES),,AREA OPERATED,UNITED STATES,US,99,
FIELD CROPS,00000000,00,US TOTAL,,,2017,,ALL CLASSES,5.0,"CORN, GRAIN, IRRIGATED - ACRES HARVESTED",2018-02-01 00:00:00.000,CORN,,GRAIN,ANNUAL,,ACRES,,NATIONAL,US TOTAL,CROPS,IRRIGATED,00,CENSUS,,,9000,AREA HARVESTED,,"7,284,488",YEAR,"AREA OPERATED: (2,000 OR MORE ACRES)",,AREA OPERATED,UNITED STATES,US,99,
FIELD CROPS,00000000,00,US TOTAL,,,2017,,ALL CLASSES,12.4,"CORN, GRAIN, IRRIGATED - ACRES HARVESTED",2018-02-01 00:00:00.000,CORN,,GRAIN,ANNUAL,,ACRES,,NATIONAL,US TOTAL,CROPS,IRRIGATED,00,CENSUS,,,9000,AREA HARVESTED,,"76,275",YEAR,AREA OPERATED: (220 TO 259 ACRES),,AREA OPERATED,UNITED STATES,US,99,
FIELD CROPS,00000000,00,US TOTAL,,,2017,,ALL CLASSES,8.3,"CORN, GRAIN, IRRIGATED - ACRES HARVESTED",2018-02-01 00:00:00.000,CORN,,GRAIN,ANNUAL,,ACRES,,NATIONAL,US TOTAL,CROPS,IRRIGATED,00,CENSUS,,,9000,AREA HARVESTED,,"533,303",YEAR,AREA OPERATED: (260 TO 499 ACRES),,AREA OPERATED,UNITED STATES,US,99,
FIELD CROPS,00000000,00,US TOTAL,,,2017,,ALL CLASSES,14.1,"CORN, GRAIN, IRRIGATED - ACRES HARVESTED",2018-02-01 00:00:00.000,CORN,,GRAIN,ANNUAL,,ACRES,,NATIONAL,US TOTAL,CROPS,IRRIGATED,00,CENSUS,,,9000,AREA HARVESTED,,"6,915",YEAR,AREA OPERATED: (50.0 TO 69.9 ACRES),,AREA OPERATED,UNITED STATES,US,99,
FIELD CROPS,00000000,00,US TOTAL,,,2017,,ALL CLASSES,5.1,"CORN, GRAIN, IRRIGATED - ACRES HARVESTED",2018-02-01 00:00:00.000,CORN,,GRAIN,ANNUAL,,ACRES,,NATIONAL,US TOTAL,CROPS,IRRIGATED,00,CENSUS,,,9000,AREA HARVESTED,,"1,435,582",YEAR,AREA OPERATED: (500 TO 999 ACRES),,AREA OPERATED,UNITED STATES,US,99,
FIELD CROPS,00000000,00,US TOTAL,,,2017,,ALL CLASSES,23.9,"CORN, GRAIN, IRRIGATED - ACRES HARVESTED",2018-02-01 00:00:00.000,CORN,,GRAIN,ANNUAL,,ACRES,,NATIONAL,US TOTAL,CROPS,IRRIGATED,00,CENSUS,,,9000,AREA HARVESTED,,"24,139",YEAR,AREA OPERATED: (70.0 TO 99.9 ACRES),,AREA OPERATED,UNITED STATES,US,99,
FIELD CROPS,00000000,00,US TOTAL,,,2017,,ALL CLASSES,31.0,"CORN, GRAIN, IRRIGATED - ACRES HARVESTED",2018-02-01 00:00:00.000,CORN,,GRAIN,ANNUAL,,ACRES,,NATIONAL,US TOTAL,CROPS,IRRIGATED,00,CENSUS,,,9000,AREA HARVESTED,,396,YEAR,"ECONOMIC CLASS: (1,000 TO 2,499 $)",,ECONOMIC CLASS,UNITED STATES,US,99,
FIELD CROPS,00000000,00,US TOTAL,,,2017,,ALL CLASSES,5.0,"CORN, GRAIN, IRRIGATED - ACRES HARVESTED",2018-02-01 00:00:00.000,CORN,,GRAIN,ANNUAL,,ACRES,,NATIONAL,US TOTAL,CROPS,IRRIGATED,00,CENSUS,,,9000,AREA HARVESTED,,"7,678,264",YEAR,"ECONOMIC CLASS: (1,000,000 OR MORE $)",,ECONOMIC CLASS,UNITED STATES,US,99,
FIELD CROPS,00000000,00,US TOTAL,,,2017,,ALL CLASSES,33.1,"CORN, GRAIN, IRRIGATED - ACRES HARVESTED",2018-02-01 00:00:00.000,CORN,,GRAIN,ANNUAL,,ACRES,,NATIONAL,US TOTAL,CROPS,IRRIGATED,00,CENSUS,,,9000,AREA HARVESTED,,"13,337",YEAR,"ECONOMIC CLASS: (10,000 TO 24,999 $)",,ECONOMIC CLASS,UNITED STATES,US,99,
FIELD CROPS,00000000,00,US TOTAL,,,2017,,ALL CLASSES,5.1,"CORN, GRAIN, IRRIGATED - ACRES HARVESTED",2018-02-01 00:00:00.000,CORN,,GRAIN,ANNUAL,,ACRES,,NATIONAL,US TOTAL,CROPS,IRRIGATED,00,CENSUS,,,9000,AREA HARVESTED,,"612,042",YEAR,"ECONOMIC CLASS: (100,000 TO 249,999 $)",,ECONOMIC CLASS,UNITED STATES,US,99,
FIELD CROPS,00000000,00,US TOTAL,,,2017,,ALL CLASSES,25.3,"CORN, GRAIN, IRRIGATED - ACRES HARVESTED",2018-02-01 00:00:00.000,CORN,,GRAIN,ANNUAL,,ACRES,,NATIONAL,US TOTAL,CROPS,IRRIGATED,00,CENSUS,,,9000,AREA HARVESTED,,"1,063",YEAR,"ECONOMIC CLASS: (2,500 TO 4,999 $)",,ECONOMIC CLASS,UNITED STATES,US,99,
FIELD CROPS,00000000,00,US TOTAL,,,2017,,ALL CLASSES,19.2,"CORN, GRAIN, IRRIGATED - ACRES HARVESTED",2018-02-01 00:00:00.000,CORN,,GRAIN,ANNUAL,,ACRES,,NATIONAL,US TOTAL,CROPS,IRRIGATED,00,CENSUS,,,9000,AREA HARVESTED,,"41,047",YEAR,"ECONOMIC CLASS: (25,000 TO 49,999 $)",,ECONOMIC CLASS,UNITED STATES,US,99,
FIELD CROPS,00000000,00,US TOTAL,,,2017,,ALL CLASSES,7.1,"CORN, GRAIN, IRRIGATED - ACRES HARVESTED",2018-02-01 00:00:00.000,CORN,,GRAIN,ANNUAL,,ACRES,,NATIONAL,US TOTAL,CROPS,IRRIGATED,00,CENSUS,,,9000,AREA HARVESTED,,"1,289,936",YEAR,"ECONOMIC CLASS: (250,000 TO 499,999 $)",,ECONOMIC CLASS,UNITED STATES,US,99,
FIELD CROPS,00000000,00,US TOTAL,,,2017,,ALL CLASSES,23.5,"CORN, GRAIN, IRRIGATED - ACRES HARVESTED",2018-02-01 00:00:00.000,CORN,,GRAIN,ANNUAL,,ACRES,,NATIONAL,US TOTAL,CROPS,IRRIGATED,00,CENSUS,,,9000,AREA HARVESTED,,"2,577",YEAR,"ECONOMIC CLASS: (5,000 TO 9,999 $)",,ECONOMIC CLASS,UNITED STATES,US,99,
FIELD CROPS,00000000,00,US TOTAL,,,2017,,ALL CLASSES,10.4,"CORN, GRAIN, IRRIGATED - ACRES HARVESTED",2018-02-01 00:00:00.000,CORN,,GRAIN,ANNUAL,,ACRES,,NATIONAL,US TOTAL,CROPS,IRRIGATED,00,CENSUS,,,9000,AREA HARVESTED,,"144,019",YEAR,"ECONOMIC CLASS: (50,000 TO 99,999 $)",,ECONOMIC CLASS,UNITED STATES,US,99,
FIELD CROPS,00000000,00,US TOTAL,,,2017,,ALL CLASSES,5.5,"CORN, GRAIN, IRRIGATED - ACRES HARVESTED",2018-02-01 00:00:00.000,CORN,,GRAIN,ANNUAL,,ACRES,,NATIONAL,US TOTAL,CROPS,IRRIGATED,00,CENSUS,,,9000,AREA HARVESTED,,"2,584,567",YEAR,"ECONOMIC CLASS: (500,000 TO 999,999 $)",,ECONOMIC CLASS,UNITED STATES,US,99,
FIELD CROPS,00000000,00,US TOTAL,,,2017,,ALL CLASSES,(H),"CORN, GRAIN, IRRIGATED - ACRES HARVESTED",2018-02-01 00:00:00.000,CORN,,GRAIN,ANNUAL,,ACRES,,NATIONAL,US TOTAL,CROPS,IRRIGATED,00,CENSUS,,,9000,AREA HARVESTED,,626,YEAR,"ECONOMIC CLASS: (LESS THAN 1,000 $)",,ECONOMIC CLASS,UNITED STATES,US,99,
FIELD CROPS,00000000,00,US TOTAL,,,2017,,ALL CLASSES,26.1,"CORN, GRAIN, IRRIGATED - ACRES HARVESTED",2018-02-01 00:00:00.000,CORN,,GRAIN,ANNUAL,,ACRES,,NATIONAL,US TOTAL,CROPS,IRRIGATED,00,CENSUS,,,9000,AREA HARVESTED,,438,YEAR,"FARM SALES: (1,000 TO 2,499 $)",,FARM SALES,UNITED STATES,US,99,
FIELD CROPS,00000000,00,US TOTAL,,,2017,,ALL CLASSES,5.2,"CORN, GRAIN, IRRIGATED - ACRES HARVESTED",2018-02-01 00:00:00.000,CORN,,GRAIN,ANNUAL,,ACRES,,NATIONAL,US TOTAL,CROPS,IRRIGATED,00,CENSUS,,,9000,AREA HARVESTED,,"7,427,704",YEAR,"FARM SALES: (1,000,000 OR MORE $)",,FARM SALES,UNITED STATES,US,99,
FIELD CROPS,00000000,00,US TOTAL,,,2017,,ALL CLASSES,32.0,"CORN, GRAIN, IRRIGATED - ACRES HARVESTED",2018-02-01 00:00:00.000,CORN,,GRAIN,ANNUAL,,ACRES,,NATIONAL,US TOTAL,CROPS,IRRIGATED,00,CENSUS,,,9000,AREA HARVESTED,,"15,765",YEAR,"FARM SALES: (10,000 TO 24,999 $)",,FARM SALES,UNITED STATES,US,99,
FIELD CROPS,00000000,00,US TOTAL,,,2017,,ALL CLASSES,5.3,"CORN, GRAIN, IRRIGATED - ACRES HARVESTED",2018-02-01 00:00:00.000,CORN,,GRAIN,ANNUAL,,ACRES,,NATIONAL,US TOTAL,CROPS,IRRIGATED,00,CENSUS,,,9000,AREA HARVESTED,,"671,603",YEAR,"FARM SALES: (100,000 TO 249,999 $)",,FARM SALES,UNITED STATES,US,99,
FIELD CROPS,00000000,00,US TOTAL,,,2017,,ALL CLASSES,25.0,"CORN, GRAIN, IRRIGATED - ACRES HARVESTED",2018-02-01 00:00:00.000,CORN,,GRAIN,ANNUAL,,ACRES,,NATIONAL,US TOTAL,CROPS,IRRIGATED,00,CENSUS,,,9000,AREA HARVESTED,,"1,205",YEAR,"FARM SALES: (2,500 TO 4,999 $)",,FARM SALES,UNITED STATES,US,99,
FIELD CROPS,00000000,00,US TOTAL,,,2017,,ALL CLASSES,16.7,"CORN, GRAIN, IRRIGATED - ACRES HARVESTED",2018-02-01 00:00:00.000,CORN,,GRAIN,ANNUAL,,ACRES,,NATIONAL,US TOTAL,CROPS,IRRIGATED,00,CENSUS,,,9000,AREA HARVESTED,,"48,187",YEAR,"FARM SALES: (25,000 TO 49,999 $)",,FARM SALES,UNITED STATES,US,99,
FIELD CROPS,00000000,00,US TOTAL,,,2017,,ALL CLASSES,7.2,"CORN, GRAIN, IRRIGATED - ACRES HARVESTED",2018-02-01 00:00:00.000,CORN,,GRAIN,ANNUAL,,ACRES,,NATIONAL,US TOTAL,CROPS,IRRIGATED,00,CENSUS,,,9000,AREA HARVESTED,,"1,397,957",YEAR,"FARM SALES: (250,000 TO 499,999 $)",,FARM SALES,UNITED STATES,US,99,
FIELD CROPS,00000000,00,US TOTAL,,,2017,,ALL CLASSES,30.7,"CORN, GRAIN, IRRIGATED - ACRES HARVESTED",2018-02-01 00:00:00.000,CORN,,GRAIN,ANNUAL,,ACRES,,NATIONAL,US TOTAL,CROPS,IRRIGATED,00,CENSUS,,,9000,AREA HARVESTED,,"3,091",YEAR,"FARM SALES: (5,000 TO 9,999 $)",,FARM SALES,UNITED STATES,US,99,
FIELD CROPS,00000000,00,US TOTAL,,,2017,,ALL CLASSES,9.1,"CORN, GRAIN, IRRIGATED - ACRES HARVESTED",2018-02-01 00:00:00.000,CORN,,GRAIN,ANNUAL,,ACRES,,NATIONAL,US TOTAL,CROPS,IRRIGATED,00,CENSUS,,,9000,AREA HARVESTED,,"155,704",YEAR,"FARM SALES: (50,000 TO 99,999 $)",,FARM SALES,UNITED STATES,US,99,
FIELD CROPS,00000000,00,US TOTAL,,,2017,,ALL CLASSES,5.5,"CORN, GRAIN, IRRIGATED - ACRES HARVESTED",2018-02-01 00:00:00.000,CORN,,GRAIN,ANNUAL,,ACRES,,NATIONAL,US TOTAL,CROPS,IRRIGATED,00,CENSUS,,,9000,AREA HARVESTED,,"2,645,577",YEAR,"FARM SALES: (500,000 TO 999,999 $)",,FARM SALES,UNITED STATES,US,99,
FIELD CROPS,00000000,00,US TOTAL,,,2017,,ALL CLASSES,(H),"CORN, GRAIN, IRRIGATED - ACRES HARVESTED",2018-02-01 00:00:00.000,CORN,,GRAIN,ANNUAL,,ACRES,,NATIONAL,US TOTAL,CROPS,IRRIGATED,00,CENSUS,,,9000,AREA HARVESTED,,643,YEAR,"FARM SALES: (LESS THAN 1,000 $)",,FARM SALES,UNITED STATES,US,99,
FIELD CROPS,00000000,00,US TOTAL,,,2017,,ALL CLASSES,3.6,"CORN, GRAIN, IRRIGATED - ACRES HARVESTED",2018-02-01 00:00:00.000,CORN,,GRAIN,ANNUAL,,ACRES,,NATIONAL,US TOTAL,CROPS,IRRIGATED,00,CENSUS,,,9000,AREA HARVESTED,,"10,332,645",YEAR,NAICS CLASSIFICATION: (1111),,NAICS CLASSIFICATION,UNITED STATES,US,99,
FIELD CROPS,00000000,00,US TOTAL,,,2017,,ALL CLASSES,1.8,"CORN, GRAIN, IRRIGATED - ACRES HARVESTED",2018-02-01 00:00:00.000,CORN,,GRAIN,ANNUAL,,ACRES,,NATIONAL,US TOTAL,CROPS,IRRIGATED,00,CENSUS,,,9000,AREA HARVESTED,,"227,211",YEAR,NAICS CLASSIFICATION: (1112),,NAICS CLASSIFICATION,UNITED STATES,US,99,
FIELD CROPS,00000000,00,US TOTAL,,,2017,,ALL CLASSES,23.8,"CORN, GRAIN, IRRIGATED - ACRES HARVESTED",2018-02-01 00:00:00.000,CORN,,GRAIN,ANNUAL,,ACRES,,NATIONAL,US TOTAL,CROPS,IRRIGATED,00,CENSUS,,,9000,AREA HARVESTED,,"21,342",YEAR,NAICS CLASSIFICATION: (1113),,NAICS CLASSIFICATION,UNITED STATES,US,99,
FIELD CROPS,00000000,00,US TOTAL,,,2017,,ALL CLASSES,15.3,"CORN, GRAIN, IRRIGATED - ACRES HARVESTED",2018-02-01 00:00:00.000,CORN,,GRAIN,ANNUAL,,ACRES,,NATIONAL,US TOTAL,CROPS,IRRIGATED,00,CENSUS,,,9000,AREA HARVESTED,,"4,063",YEAR,NAICS CLASSIFICATION: (1114),,NAICS CLASSIFICATION,UNITED STATES,US,99,
FIELD CROPS,00000000,00,US TOTAL,,,2017,,ALL CLASSES,3.8,"CORN, GRAIN, IRRIGATED - ACRES HARVESTED",2018-02-01 00:00:00.000,CORN,,GRAIN,ANNUAL,,ACRES,,NATIONAL,US TOTAL,CROPS,IRRIGATED,00,CENSUS,,,9000,AREA HARVESTED,,"709,980",YEAR,NAICS CLASSIFICATION: (1119),,NAICS CLASSIFICATION,UNITED STATES,US,99,
FIELD CROPS,00000000,00,US TOTAL,,,2017,,ALL CLASSES,17.5,"CORN, GRAIN, IRRIGATED - ACRES HARVESTED",2018-02-01 00:00:00.000,CORN,,GRAIN,ANNUAL,,ACRES,,NATIONAL,US TOTAL,CROPS,IRRIGATED,00,CENSUS,,,9000,AREA HARVESTED,,"2,414",YEAR,NAICS CLASSIFICATION: (11191),,NAICS CLASSIFICATION,UNITED STATES,US,99,
FIELD CROPS,00000000,00,US TOTAL,,,2017,,ALL CLASSES,3.0,"CORN, GRAIN, IRRIGATED - ACRES HARVESTED",2018-02-01 00:00:00.000,CORN,,GRAIN,ANNUAL,,ACRES,,NATIONAL,US TOTAL,CROPS,IRRIGATED,00,CENSUS,,,9000,AREA HARVESTED,,"244,840",YEAR,NAICS CLASSIFICATION: (11192),,NAICS CLASSIFICATION,UNITED STATES,US,99,
FIELD CROPS,00000000,00,US TOTAL,,,2017,,ALL CLASSES,6.5,"CORN, GRAIN, IRRIGATED - ACRES HARVESTED",2018-02-01 00:00:00.000,CORN,,GRAIN,ANNUAL,,ACRES,,NATIONAL,US TOTAL,CROPS,IRRIGATED,00,CENSUS,,,9000,AREA HARVESTED,,"462,726",YEAR,NAICS CLASSIFICATION: (11193 & 11194 & 11199),,NAICS CLASSIFICATION,UNITED STATES,US,99,
FIELD CROPS,00000000,00,US TOTAL,,,2017,,ALL CLASSES,12.4,"CORN, GRAIN, IRRIGATED - ACRES HARVESTED",2018-02-01 00:00:00.000,CORN,,GRAIN,ANNUAL,,ACRES,,NATIONAL,US TOTAL,CROPS,IRRIGATED,00,CENSUS,,,9000,AREA HARVESTED,,"380,404",YEAR,NAICS CLASSIFICATION: (112111),,NAICS CLASSIFICATION,UNITED STATES,US,99,
FIELD CROPS,00000000,00,US TOTAL,,,2017,,ALL CLASSES,4.0,"CORN, GRAIN, IRRIGATED - ACRES HARVESTED",2018-02-01 00:00:00.000,CORN,,GRAIN,ANNUAL,,ACRES,,NATIONAL,US TOTAL,CROPS,IRRIGATED,00,CENSUS,,,9000,AREA HARVESTED,,"352,840",YEAR,NAICS CLASSIFICATION: (112112),,NAICS CLASSIFICATION,UNITED STATES,US,99,
FIELD CROPS,00000000,00,US TOTAL,,,2017,,ALL CLASSES,5.8,"CORN, GRAIN, IRRIGATED - ACRES HARVESTED",2018-02-01 00:00:00.000,CORN,,GRAIN,ANNUAL,,ACRES,,NATIONAL,US TOTAL,CROPS,IRRIGATED,00,CENSUS,,,9000,AREA HARVESTED,,"115,599",YEAR,NAICS CLASSIFICATION: (11212),,NAICS CLASSIFICATION,UNITED STATES,US,99,
FIELD CROPS,00000000,00,US TOTAL,,,2017,,ALL CLASSES,9.9,"CORN, GRAIN, IRRIGATED - ACRES HARVESTED",2018-02-01 00:00:00.000,CORN,,GRAIN,ANNUAL,,ACRES,,NATIONAL,US TOTAL,CROPS,IRRIGATED,00,CENSUS,,,9000,AREA HARVESTED,,"115,986",YEAR,NAICS CLASSIFICATION: (1122),,NAICS CLASSIFICATION,UNITED STATES,US,99,
FIELD CROPS,00000000,00,US TOTAL,,,2017,,ALL CLASSES,5.9,"CORN, GRAIN, IRRIGATED - ACRES HARVESTED",2018-02-01 00:00:00.000,CORN,,GRAIN,ANNUAL,,ACRES,,NATIONAL,US TOTAL,CROPS,IRRIGATED,00,CENSUS,,,9000,AREA HARVESTED,,"59,075",YEAR,NAICS CLASSIFICATION: (1123),,NAICS CLASSIFICATION,UNITED STATES,US,99,
FIELD CROPS,00000000,00,US TOTAL,,,2017,,ALL CLASSES,14.0,"CORN, GRAIN, IRRIGATED - ACRES HARVESTED",2018-02-01 00:00:00.000,CORN,,GRAIN,ANNUAL,,ACRES,,NATIONAL,US TOTAL,CROPS,IRRIGATED,00,CENSUS,,,9000,AREA HARVESTED,,"3,250",YEAR,NAICS CLASSIFICATION: (1124),,NAICS CLASSIFICATION,UNITED STATES,US,99,
FIELD CROPS,00000000,00,US TOTAL,,,2017,,ALL CLASSES,10.3,"CORN, GRAIN, IRRIGATED - ACRES HARVESTED",2018-02-01 00:00:00.000,CORN,,GRAIN,ANNUAL,,ACRES,,NATIONAL,US TOTAL,CROPS,IRRIGATED,00,CENSUS,,,9000,AREA HARVESTED,,"45,479",YEAR,NAICS CLASSIFICATION: (1125 & 1129),,NAICS CLASSIFICATION,UNITED STATES,US,99,
FIELD CROPS,00000000,00,US TOTAL,,,2017,,ALL CLASSES,3.0,"CORN, GRAIN, IRRIGATED - ACRES HARVESTED",2018-02-01 00:00:00.000,CORN,,GRAIN,ANNUAL,,ACRES,,NATIONAL,US TOTAL,CROPS,IRRIGATED,00,CENSUS,,,9000,AREA HARVESTED,,"12,367,874",YEAR,NOT SPECIFIED,,TOTAL,UNITED STATES,US,99,
FIELD CROPS,00000000,00,US TOTAL,,,2017,,ALL CLASSES,4.3,"CORN, SILAGE, IRRIGATED - ACRES HARVESTED",2018-02-01 00:00:00.000,CORN,,SILAGE,ANNUAL,,ACRES,,NATIONAL,US TOTAL,CROPS,IRRIGATED,00,CENSUS,,,9000,AREA HARVESTED,,"487,495",YEAR,"AREA HARVESTED: (1,000 OR MORE ACRES)",,AREA HARVESTED,UNITED STATES,US,99,
FIELD CROPS,00000000,00,US TOTAL,,,2017,,ALL CLASSES,31.0,"CORN, SILAGE, IRRIGATED - ACRES HARVESTED",2018-02-01 00:00:00.000,CORN,,SILAGE,ANNUAL,,ACRES,,NATIONAL,US TOTAL,CROPS,IRRIGATED,00,CENSUS,,,9000,AREA HARVESTED,,"3,631",YEAR,AREA HARVESTED: (1.0 TO 14.9 ACRES),,AREA HARVESTED,UNITED STATES,US,99,
FIELD CROPS,00000000,00,US TOTAL,,,2017,,ALL CLASSES,28.0,"CORN, SILAGE, IRRIGATED - ACRES HARVESTED",2018-02-01 00:00:00.000,CORN,,SILAGE,ANNUAL,,ACRES,,NATIONAL,US TOTAL,CROPS,IRRIGATED,00,CENSUS,,,9000,AREA HARVESTED,,"303,447",YEAR,AREA HARVESTED: (100 TO 249 ACRES),,AREA HARVESTED,UNITED STATES,US,99,
FIELD CROPS,00000000,00,US TOTAL,,,2017,,ALL CLASSES,22.9,"CORN, SILAGE, IRRIGATED - ACRES HARVESTED",2018-02-01 00:00:00.000,CORN,,SILAGE,ANNUAL,,ACRES,,NATIONAL,US TOTAL,CROPS,IRRIGATED,00,CENSUS,,,9000,AREA HARVESTED,,"8,986",YEAR,AREA HARVESTED: (15.0 TO 24.9 ACRES),,AREA HARVESTED,UNITED STATES,US,99,
FIELD CROPS,00000000,00,US TOTAL,,,2017,,ALL CLASSES,14.4,"CORN, SILAGE, IRRIGATED - ACRES HARVESTED",2018-02-01 00:00:00.000,CORN,,SILAGE,ANNUAL,,ACRES,,NATIONAL,US TOTAL,CROPS,IRRIGATED,00,CENSUS,,,9000,AREA HARVESTED,,"36,055",YEAR,AREA HARVESTED: (25.0 TO 49.9 ACRES),,AREA HARVESTED,UNITED STATES,US,99,
FIELD CROPS,00000000,00,US TOTAL,,,2017,,ALL CLASSES,8.3,"CORN, SILAGE, IRRIGATED - ACRES HARVESTED",2018-02-01 00:00:00.000,CORN,,SILAGE,ANNUAL,,ACRES,,NATIONAL,US TOTAL,CROPS,IRRIGATED,00,CENSUS,,,9000,AREA HARVESTED,,"321,213",YEAR,AREA HARVESTED: (250 TO 499 ACRES),,AREA HARVESTED,UNITED STATES,US,99,
FIELD CROPS,00000000,00,US TOTAL,,,2017,,ALL CLASSES,8.8,"CORN, SILAGE, IRRIGATED - ACRES HARVESTED",2018-02-01 00:00:00.000,CORN,,SILAGE,ANNUAL,,ACRES,,NATIONAL,US TOTAL,CROPS,IRRIGATED,00,CENSUS,,,9000,AREA HARVESTED,,"96,285",YEAR,AREA HARVESTED: (50.0 TO 99.9 ACRES),,AREA HARVESTED,UNITED STATES,US,99,
FIELD CROPS,00000000,00,US TOTAL,,,2017,,ALL CLASSES,6.0,"CORN, SILAGE, IRRIGATED - ACRES HARVESTED",2018-02-01 00:00:00.000,CORN,,SILAGE,ANNUAL,,ACRES,,NATIONAL,US TOTAL,CROPS,IRRIGATED,00,CENSUS,,,9000,AREA HARVESTED,,"304,197",YEAR,AREA HARVESTED: (500 TO 999 ACRES),,AREA HARVESTED,UNITED STATES,US,99,
FIELD CROPS,00000000,00,US TOTAL,,,2017,,ALL CLASSES,5.5,"CORN, SILAGE, IRRIGATED - ACRES HARVESTED",2018-02-01 00:00:00.000,CORN,,SILAGE,ANNUAL,,ACRES,,NATIONAL,US TOTAL,CROPS,IRRIGATED,00,CENSUS,,,9000,AREA HARVESTED,,"301,647",YEAR,"AREA OPERATED: (1,000 TO 1,999 ACRES)",,AREA OPERATED,UNITED STATES,US,99,
FIELD CROPS,00000000,00,US TOTAL,,,2017,,ALL CLASSES,25.6,"CORN, SILAGE, IRRIGATED - ACRES HARVESTED",2018-02-01 00:00:00.000,CORN,,SILAGE,ANNUAL,,ACRES,,NATIONAL,US TOTAL,CROPS,IRRIGATED,00,CENSUS,,,9000,AREA HARVESTED,,207,YEAR,AREA OPERATED: (1.0 TO 9.9 ACRES),,AREA OPERATED,UNITED STATES,US,99,
FIELD CROPS,00000000,00,US TOTAL,,,2017,,ALL CLASSES,37.7,"CORN, SILAGE, IRRIGATED - ACRES HARVESTED",2018-02-01 00:00:00.000,CORN,,SILAGE,ANNUAL,,ACRES,,NATIONAL,US TOTAL,CROPS,IRRIGATED,00,CENSUS,,,9000,AREA HARVESTED,,"5,483",YEAR,AREA OPERATED: (10.0 TO 49.9 ACRES),,AREA OPERATED,UNITED STATES,US,99,
FIELD CROPS,00000000,00,US TOTAL,,,2017,,ALL CLASSES,(H),"CORN, SILAGE, IRRIGATED - ACRES HARVESTED",2018-02-01 00:00:00.000,CORN,,SILAGE,ANNUAL,,ACRES,,NATIONAL,US TOTAL,CROPS,IRRIGATED,00,CENSUS,,,9000,AREA HARVESTED,,"13,527",YEAR,AREA OPERATED: (100 TO 139 ACRES),,AREA OPERATED,UNITED STATES,US,99,
FIELD CROPS,00000000,00,US TOTAL,,,2017,,ALL CLASSES,18.5,"CORN, SILAGE, IRRIGATED - ACRES HARVESTED",2018-02-01 00:00:00.000,CORN,,SILAGE,ANNUAL,,ACRES,,NATIONAL,US TOTAL,CROPS,IRRIGATED,00,CENSUS,,,9000,AREA HARVESTED,,"20,731",YEAR,AREA OPERATED: (140 TO 179 ACRES),,AREA OPERATED,UNITED STATES,US,99,
FIELD CROPS,00000000,00,US TOTAL,,,2017,,ALL CLASSES,42.1,"CORN, SILAGE, IRRIGATED - ACRES HARVESTED",2018-02-01 00:00:00.000,CORN,,SILAGE,ANNUAL,,ACRES,,NATIONAL,US TOTAL,CROPS,IRRIGATED,00,CENSUS,,,9000,AREA HARVESTED,,"19,622",YEAR,AREA OPERATED: (180 TO 219 ACRES),,AREA OPERATED,UNITED STATES,US,99,
FIELD CROPS,00000000,00,US TOTAL,,,2017,,ALL CLASSES,4.6,"CORN, SILAGE, IRRIGATED - ACRES HARVESTED",2018-02-01 00:00:00.000,CORN,,SILAGE,ANNUAL,,ACRES,,NATIONAL,US TOTAL,CROPS,IRRIGATED,00,CENSUS,,,9000,AREA HARVESTED,,"758,535",YEAR,"AREA OPERATED: (2,000 OR MORE ACRES)",,AREA OPERATED,UNITED STATES,US,99,
FIELD CROPS,00000000,00,US TOTAL,,,2017,,ALL CLASSES,35.2,"CORN, SILAGE, IRRIGATED - ACRES HARVESTED",2018-02-01 00:00:00.000,CORN,,SILAGE,ANNUAL,,ACRES,,NATIONAL,US TOTAL,CROPS,IRRIGATED,00,CENSUS,,,9000,AREA HARVESTED,,"18,411",YEAR,AREA OPERATED: (220 TO 259 ACRES),,AREA OPERATED,UNITED STATES,US,99,
FIELD CROPS,00000000,00,US TOTAL,,,2017,,ALL CLASSES,14.2,"CORN, SILAGE, IRRIGATED - ACRES HARVESTED",2018-02-01 00:00:00.000,CORN,,SILAGE,ANNUAL,,ACRES,,NATIONAL,US TOTAL,CROPS,IRRIGATED,00,CENSUS,,,9000,AREA HARVESTED,,"145,045",YEAR,AREA OPERATED: (260 TO 499 ACRES),,AREA OPERATED,UNITED STATES,US,99,
FIELD CROPS,00000000,00,US TOTAL,,,2017,,ALL CLASSES,44.3,"CORN, SILAGE, IRRIGATED - ACRES HARVESTED",2018-02-01 00:00:00.000,CORN,,SILAGE,ANNUAL,,ACRES,,NATIONAL,US TOTAL,CROPS,IRRIGATED,00,CENSUS,,,9000,AREA HARVESTED,,"2,810",YEAR,AREA OPERATED: (50.0 TO 69.9 ACRES),,AREA OPERATED,UNITED STATES,US,99,
FIELD CROPS,00000000,00,US TOTAL,,,2017,,ALL CLASSES,8.3,"CORN, SILAGE, IRRIGATED - ACRES HARVESTED",2018-02-01 00:00:00.000,CORN,,SILAGE,ANNUAL,,ACRES,,NATIONAL,US TOTAL,CROPS,IRRIGATED,00,CENSUS,,,9000,AREA HARVESTED,,"266,445",YEAR,AREA OPERATED: (500 TO 999 ACRES),,AREA OPERATED,UNITED STATES,US,99,
FIELD CROPS,00000000,00,US TOTAL,,,2017,,ALL CLASSES,21.6,"CORN, SILAGE, IRRIGATED - ACRES HARVESTED",2018-02-01 00:00:00.000,CORN,,SILAGE,ANNUAL,,ACRES,,NATIONAL,US TOTAL,CROPS,IRRIGATED,00,CENSUS,,,9000,AREA HARVESTED,,"8,846",YEAR,AREA OPERATED: (70.0 TO 99.9 ACRES),,AREA OPERATED,UNITED STATES,US,99,
FIELD CROPS,00000000,00,US TOTAL,,,2017,,ALL CLASSES,48.0,"CORN, SILAGE, IRRIGATED - ACRES HARVESTED",2018-02-01 00:00:00.000,CORN,,SILAGE,ANNUAL,,ACRES,,NATIONAL,US TOTAL,CROPS,IRRIGATED,00,CENSUS,,,9000,AREA HARVESTED,,129,YEAR,"ECONOMIC CLASS: (1,000 TO 2,499 $)",,ECONOMIC CLASS,UNITED STATES,US,99,
FIELD CROPS,00000000,00,US TOTAL,,,2017,,ALL CLASSES,6.5,"CORN, SILAGE, IRRIGATED - ACRES HARVESTED",2018-02-01 00:00:00.000,CORN,,SILAGE,ANNUAL,,ACRES,,NATIONAL,US TOTAL,CROPS,IRRIGATED,00,CENSUS,,,9000,AREA HARVESTED,,"1,145,104",YEAR,"ECONOMIC CLASS: (1,000,000 OR MORE $)",,ECONOMIC CLASS,UNITED STATES,US,99,
FIELD CROPS,00000000,00,US TOTAL,,,2017,,ALL CLASSES,41.8,"CORN, SILAGE, IRRIGATED - ACRES HARVESTED",2018-02-01 00:00:00.000,CORN,,SILAGE,ANNUAL,,ACRES,,NATIONAL,US TOTAL,CROPS,IRRIGATED,00,CENSUS,,,9000,AREA HARVESTED,,"4,450",YEAR,"ECONOMIC CLASS: (10,000 TO 24,999 $)",,ECONOMIC CLASS,UNITED STATES,US,99,
FIELD CROPS,00000000,00,US TOTAL,,,2017,,ALL CLASSES,13.0,"CORN, SILAGE, IRRIGATED - ACRES HARVESTED",2018-02-01 00:00:00.000,CORN,,SILAGE,ANNUAL,,ACRES,,NATIONAL,US TOTAL,CROPS,IRRIGATED,00,CENSUS,,,9000,AREA HARVESTED,,"74,785",YEAR,"ECONOMIC CLASS: (100,000 TO 249,999 $)",,ECONOMIC CLASS,UNITED STATES,US,99,
FIELD CROPS,00000000,00,US TOTAL,,,2017,,ALL CLASSES,54.6,"CORN, SILAGE, IRRIGATED - ACRES HARVESTED",2018-02-01 00:00:00.000,CORN,,SILAGE,ANNUAL,,ACRES,,NATIONAL,US TOTAL,CROPS,IRRIGATED,00,CENSUS,,,9000,AREA HARVESTED,,268,YEAR,"ECONOMIC CLASS: (2,500 TO 4,999 $)",,ECONOMIC CLASS,UNITED STATES,US,99,
FIELD CROPS,00000000,00,US TOTAL,,,2017,,ALL CLASSES,55.4,"CORN, SILAGE, IRRIGATED - ACRES HARVESTED",2018-02-01 00:00:00.000,CORN,,SILAGE,ANNUAL,,ACRES,,NATIONAL,US TOTAL,CROPS,IRRIGATED,00,CENSUS,,,9000,AREA HARVESTED,,"8,273",YEAR,"ECONOMIC CLASS: (25,000 TO 49,999 $)",,ECONOMIC CLASS,UNITED STATES,US,99,
FIELD CROPS,00000000,00,US TOTAL,,,2017,,ALL CLASSES,20.4,"CORN, SILAGE, IRRIGATED - ACRES HARVESTED",2018-02-01 00:00:00.000,CORN,,SILAGE,ANNUAL,,ACRES,,NATIONAL,US TOTAL,CROPS,IRRIGATED,00,CENSUS,,,9000,AREA HARVESTED,,"125,242",YEAR,"ECONOMIC CLASS: (250,000 TO 499,999 $)",,ECONOMIC CLASS,UNITED STATES,US,99,
FIELD CROPS,00000000,00,US TOTAL,,,2017,,ALL CLASSES,24.9,"CORN, SILAGE, IRRIGATED - ACRES HARVESTED",2018-02-01 00:00:00.000,CORN,,SILAGE,ANNUAL,,ACRES,,NATIONAL,US TOTAL,CROPS,IRRIGATED,00,CENSUS,,,9000,AREA HARVESTED,,579,YEAR,"ECONOMIC CLASS: (5,000 TO 9,999 $)",,ECONOMIC CLASS,UNITED STATES,US,99,
FIELD CROPS,00000000,00,US TOTAL,,,2017,,ALL CLASSES,26.7,"CORN, SILAGE, IRRIGATED - ACRES HARVESTED",2018-02-01 00:00:00.000,CORN,,SILAGE,ANNUAL,,ACRES,,NATIONAL,US TOTAL,CROPS,IRRIGATED,00,CENSUS,,,9000,AREA HARVESTED,,"16,862",YEAR,"ECONOMIC CLASS: (50,000 TO 99,999 $)",,ECONOMIC CLASS,UNITED STATES,US,99,
FIELD CROPS,00000000,00,US TOTAL,,,2017,,ALL CLASSES,10.1,"CORN, SILAGE, IRRIGATED - ACRES HARVESTED",2018-02-01 00:00:00.000,CORN,,SILAGE,ANNUAL,,ACRES,,NATIONAL,US TOTAL,CROPS,IRRIGATED,00,CENSUS,,,9000,AREA HARVESTED,,"185,582",YEAR,"ECONOMIC CLASS: (500,000 TO 999,999 $)",,ECONOMIC CLASS,UNITED STATES,US,99,
FIELD CROPS,00000000,00,US TOTAL,,,2017,,ALL CLASSES,83.0,"CORN, SILAGE, IRRIGATED - ACRES HARVESTED",2018-02-01 00:00:00.000,CORN,,SILAGE,ANNUAL,,ACRES,,NATIONAL,US TOTAL,CROPS,IRRIGATED,00,CENSUS,,,9000,AREA HARVESTED,,35,YEAR,"ECONOMIC CLASS: (LESS THAN 1,000 $)",,ECONOMIC CLASS,UNITED STATES,US,99,
FIELD CROPS,00000000,00,US TOTAL,,,2017,,ALL CLASSES,62.1,"CORN, SILAGE, IRRIGATED - ACRES HARVESTED",2018-02-01 00:00:00.000,CORN,,SILAGE,ANNUAL,,ACRES,,NATIONAL,US TOTAL,CROPS,IRRIGATED,00,CENSUS,,,9000,AREA HARVESTED,,199,YEAR,"FARM SALES: (1,000 TO 2,499 $)",,FARM SALES,UNITED STATES,US,99,
FIELD CROPS,00000000,00,US TOTAL,,,2017,,ALL CLASSES,6.5,"CORN, SILAGE, IRRIGATED - ACRES HARVESTED",2018-02-01 00:00:00.000,CORN,,SILAGE,ANNUAL,,ACRES,,NATIONAL,US TOTAL,CROPS,IRRIGATED,00,CENSUS,,,9000,AREA HARVESTED,,"1,137,553",YEAR,"FARM SALES: (1,000,000 OR MORE $)",,FARM SALES,UNITED STATES,US,99,
FIELD CROPS,00000000,00,US TOTAL,,,2017,,ALL CLASSES,48.4,"CORN, SILAGE, IRRIGATED - ACRES HARVESTED",2018-02-01 00:00:00.000,CORN,,SILAGE,ANNUAL,,ACRES,,NATIONAL,US TOTAL,CROPS,IRRIGATED,00,CENSUS,,,9000,AREA HARVESTED,,"3,845",YEAR,"FARM SALES: (10,000 TO 24,999 $)",,FARM SALES,UNITED STATES,US,99,
FIELD CROPS,00000000,00,US TOTAL,,,2017,,ALL CLASSES,15.8,"CORN, SILAGE, IRRIGATED - ACRES HARVESTED",2018-02-01 00:00:00.000,CORN,,SILAGE,ANNUAL,,ACRES,,NATIONAL,US TOTAL,CROPS,IRRIGATED,00,CENSUS,,,9000,AREA HARVESTED,,"79,965",YEAR,"FARM SALES: (100,000 TO 249,999 $)",,FARM SALES,UNITED STATES,US,99,
FIELD CROPS,00000000,00,US TOTAL,,,2017,,ALL CLASSES,45.7,"CORN, SILAGE, IRRIGATED - ACRES HARVESTED",2018-02-01 00:00:00.000,CORN,,SILAGE,ANNUAL,,ACRES,,NATIONAL,US TOTAL,CROPS,IRRIGATED,00,CENSUS,,,9000,AREA HARVESTED,,204,YEAR,"FARM SALES: (2,500 TO 4,999 $)",,FARM SALES,UNITED STATES,US,99,
FIELD CROPS,00000000,00,US TOTAL,,,2017,,ALL CLASSES,51.9,"CORN, SILAGE, IRRIGATED - ACRES HARVESTED",2018-02-01 00:00:00.000,CORN,,SILAGE,ANNUAL,,ACRES,,NATIONAL,US TOTAL,CROPS,IRRIGATED,00,CENSUS,,,9000,AREA HARVESTED,,"8,874",YEAR,"FARM SALES: (25,000 TO 49,999 $)",,FARM SALES,UNITED STATES,US,99,
FIELD CROPS,00000000,00,US TOTAL,,,2017,,ALL CLASSES,23.0,"CORN, SILAGE, IRRIGATED - ACRES HARVESTED",2018-02-01 00:00:00.000,CORN,,SILAGE,ANNUAL,,ACRES,,NATIONAL,US TOTAL,CROPS,IRRIGATED,00,CENSUS,,,9000,AREA HARVESTED,,"122,923",YEAR,"FARM SALES: (250,000 TO 499,999 $)",,FARM SALES,UNITED STATES,US,99,
FIELD CROPS,00000000,00,US TOTAL,,,2017,,ALL CLASSES,10.6,"CORN, SILAGE, IRRIGATED - ACRES HARVESTED",2018-02-01 00:00:00.000,CORN,,SILAGE,ANNUAL,,ACRES,,NATIONAL,US TOTAL,CROPS,IRRIGATED,00,CENSUS,,,9000,AREA HARVESTED,,"1,393",YEAR,"FARM SALES: (5,000 TO 9,999 $)",,FARM SALES,UNITED STATES,US,99,
FIELD CROPS,00000000,00,US TOTAL,,,2017,,ALL CLASSES,21.4,"CORN, SILAGE, IRRIGATED - ACRES HARVESTED",2018-02-01 00:00:00.000,CORN,,SILAGE,ANNUAL,,ACRES,,NATIONAL,US TOTAL,CROPS,IRRIGATED,00,CENSUS,,,9000,AREA HARVESTED,,"18,286",YEAR,"FARM SALES: (50,000 TO 99,999 $)",,FARM SALES,UNITED STATES,US,99,
FIELD CROPS,00000000,00,US TOTAL,,,2017,,ALL CLASSES,9.8,"CORN, SILAGE, IRRIGATED - ACRES HARVESTED",2018-02-01 00:00:00.000,CORN,,SILAGE,ANNUAL,,ACRES,,NATIONAL,US TOTAL,CROPS,IRRIGATED,00,CENSUS,,,9000,AREA HARVESTED,,"188,032",YEAR,"FARM SALES: (500,000 TO 999,999 $)",,FARM SALES,UNITED STATES,US,99,
FIELD CROPS,00000000,00,US TOTAL,,,2017,,ALL CLASSES,83.0,"CORN, SILAGE, IRRIGATED - ACRES HARVESTED",2018-02-01 00:00:00.000,CORN,,SILAGE,ANNUAL,,ACRES,,NATIONAL,US TOTAL,CROPS,IRRIGATED,00,CENSUS,,,9000,AREA HARVESTED,,35,YEAR,"FARM SALES: (LESS THAN 1,000 $)",,FARM SALES,UNITED STATES,US,99,
FIELD CROPS,00000000,00,US TOTAL,,,2017,,ALL CLASSES,8.1,"CORN, SILAGE, IRRIGATED - ACRES HARVESTED",2018-02-01 00:00:00.000,CORN,,SILAGE,ANNUAL,,ACRES,,NATIONAL,US TOTAL,CROPS,IRRIGATED,00,CENSUS,,,9000,AREA HARVESTED,,"462,626",YEAR,NAICS CLASSIFICATION: (1111),,NAICS CLASSIFICATION,UNITED STATES,US,99,
FIELD CROPS,00000000,00,US TOTAL,,,2017,,ALL CLASSES,(H),"CORN, SILAGE, IRRIGATED - ACRES HARVESTED",2018-02-01 00:00:00.000,CORN,,SILAGE,ANNUAL,,ACRES,,NATIONAL,US TOTAL,CROPS,IRRIGATED,00,CENSUS,,,9000,AREA HARVESTED,,"44,886",YEAR,NAICS CLASSIFICATION: (1112),,NAICS CLASSIFICATION,UNITED STATES,US,99,
FIELD CROPS,00000000,00,US TOTAL,,,2017,,ALL CLASSES,18.3,"CORN, SILAGE, IRRIGATED - ACRES HARVESTED",2018-02-01 00:00:00.000,CORN,,SILAGE,ANNUAL,,ACRES,,NATIONAL,US TOTAL,CROPS,IRRIGATED,00,CENSUS,,,9000,AREA HARVESTED,,"30,457",YEAR,NAICS CLASSIFICATION: (1113),,NAICS CLASSIFICATION,UNITED STATES,US,99,
FIELD CROPS,00000000,00,US TOTAL,,,2017,,ALL CLASSES,8.6,"CORN, SILAGE, IRRIGATED - ACRES HARVESTED",2018-02-01 00:00:00.000,CORN,,SILAGE,ANNUAL,,ACRES,,NATIONAL,US TOTAL,CROPS,IRRIGATED,00,CENSUS,,,9000,AREA HARVESTED,,"1,227",YEAR,NAICS CLASSIFICATION: (1114),,NAICS CLASSIFICATION,UNITED STATES,US,99,
FIELD CROPS,00000000,00,US TOTAL,,,2017,,ALL CLASSES,7.2,"CORN, SILAGE, IRRIGATED - ACRES HARVESTED",2018-02-01 00:00:00.000,CORN,,SILAGE,ANNUAL,,ACRES,,NATIONAL,US TOTAL,CROPS,IRRIGATED,00,CENSUS,,,9000,AREA HARVESTED,,"238,008",YEAR,NAICS CLASSIFICATION: (1119),,NAICS CLASSIFICATION,UNITED STATES,US,99,
FIELD CROPS,00000000,00,US TOTAL,,,2017,,ALL CLASSES,(D),"CORN, SILAGE, IRRIGATED - ACRES HARVESTED",2018-02-01 00:00:00.000,CORN,,SILAGE,ANNUAL,,ACRES,,NATIONAL,US TOTAL,CROPS,IRRIGATED,00,CENSUS,,,9000,AREA HARVESTED,,                 (D),YEAR,NAICS CLASSIFICATION: (11191),,NAICS CLASSIFICATION,UNITED STATES,US,99,
FIELD CROPS,00000000,00,US TOTAL,,,2017,,ALL CLASSES,(D),"CORN, SILAGE, IRRIGATED - ACRES HARVESTED",2018-02-01 00:00:00.000,CORN,,SILAGE,ANNUAL,,ACRES,,NATIONAL,US TOTAL,CROPS,IRRIGATED,00,CENSUS,,,9000,AREA HARVESTED,,                 (D),YEAR,NAICS CLASSIFICATION: (11192),,NAICS CLASSIFICATION,UNITED STATES,US,99,
FIELD CROPS,00000000,00,US TOTAL,,,2017,,ALL CLASSES,6.2,"CORN, SILAGE, IRRIGATED - ACRES HARVESTED",2018-02-01 00:00:00.000,CORN,,SILAGE,ANNUAL,,ACRES,,NATIONAL,US TOTAL,CROPS,IRRIGATED,00,CENSUS,,,9000,AREA HARVESTED,,"220,909",YEAR,NAICS CLASSIFICATION: (11193 & 11194 & 11199),,NAICS CLASSIFICATION,UNITED STATES,US,99,
FIELD CROPS,00000000,00,US TOTAL,,,2017,,ALL CLASSES,6.7,"CORN, SILAGE, IRRIGATED - ACRES HARVESTED",2018-02-01 00:00:00.000,CORN,,SILAGE,ANNUAL,,ACRES,,NATIONAL,US TOTAL,CROPS,IRRIGATED,00,CENSUS,,,9000,AREA HARVESTED,,"125,510",YEAR,NAICS CLASSIFICATION: (112111),,NAICS CLASSIFICATION,UNITED STATES,US,99,
FIELD CROPS,00000000,00,US TOTAL,,,2017,,ALL CLASSES,4.7,"CORN, SILAGE, IRRIGATED - ACRES HARVESTED",2018-02-01 00:00:00.000,CORN,,SILAGE,ANNUAL,,ACRES,,NATIONAL,US TOTAL,CROPS,IRRIGATED,00,CENSUS,,,9000,AREA HARVESTED,,"62,172",YEAR,NAICS CLASSIFICATION: (112112),,NAICS CLASSIFICATION,UNITED STATES,US,99,
FIELD CROPS,00000000,00,US TOTAL,,,2017,,ALL CLASSES,1.6,"CORN, SILAGE, IRRIGATED - ACRES HARVESTED",2018-02-01 00:00:00.000,CORN,,SILAGE,ANNUAL,,ACRES,,NATIONAL,US TOTAL,CROPS,IRRIGATED,00,CENSUS,,,9000,AREA HARVESTED,,"586,582",YEAR,NAICS CLASSIFICATION: (11212),,NAICS CLASSIFICATION,UNITED STATES,US,99,
FIELD CROPS,00000000,00,US TOTAL,,,2017,,ALL CLASSES,13.6,"CORN, SILAGE, IRRIGATED - ACRES HARVESTED",2018-02-01 00:00:00.000,CORN,,SILAGE,ANNUAL,,ACRES,,NATIONAL,US TOTAL,CROPS,IRRIGATED,00,CENSUS,,,9000,AREA HARVESTED,,"2,341",YEAR,NAICS CLASSIFICATION: (1122),,NAICS CLASSIFICATION,UNITED STATES,US,99,
FIELD CROPS,00000000,00,US TOTAL,,,2017,,ALL CLASSES,13.3,"CORN, SILAGE, IRRIGATED - ACRES HARVESTED",2018-02-01 00:00:00.000,CORN,,SILAGE,ANNUAL,,ACRES,,NATIONAL,US TOTAL,CROPS,IRRIGATED,00,CENSUS,,,9000,AREA HARVESTED,,"1,626",YEAR,NAICS CLASSIFICATION: (1123),,NAICS CLASSIFICATION,UNITED STATES,US,99,
FIELD CROPS,00000000,00,US TOTAL,,,2017,,ALL CLASSES,42.4,"CORN, SILAGE, IRRIGATED - ACRES HARVESTED",2018-02-01 00:00:00.000,CORN,,SILAGE,ANNUAL,,ACRES,,NATIONAL,US TOTAL,CROPS,IRRIGATED,00,CENSUS,,,9000,AREA HARVESTED,,"1,710",YEAR,NAICS CLASSIFICATION: (1124),,NAICS CLASSIFICATION,UNITED STATES,US,99,
FIELD CROPS,00000000,00,US TOTAL,,,2017,,ALL CLASSES,3.0,"CORN, SILAGE, IRRIGATED - ACRES HARVESTED",2018-02-01 00:00:00.000,CORN,,SILAGE,ANNUAL,,ACRES,,NATIONAL,US TOTAL,CROPS,IRRIGATED,00,CENSUS,,,9000,AREA HARVESTED,,"4,164",YEAR,NAICS CLASSIFICATION: (1125 & 1129),,NAICS CLASSIFICATION,UNITED STATES,US,99,
FIELD CROPS,00000000,00,US TOTAL,,,2017,,ALL CLASSES,5.5,"CORN, SILAGE, IRRIGATED - ACRES HARVESTED",2018-02-01 00:00:00.000,CORN,,SILAGE,ANNUAL,,ACRES,,NATIONAL,US TOTAL,CROPS,IRRIGATED,00,CENSUS,,,9000,AREA HARVESTED,,"1,561,309",YEAR,NOT SPECIFIED,,TOTAL,UNITED STATES,US,99,
FIELD CROPS,00000000,00,US TOTAL,,,2017,,ALL CLASSES,2.6,"CORN, GRAIN, IRRIGATED, ENTIRE CROP - ACRES HARVESTED",2018-02-01 00:00:00.000,CORN,,GRAIN,ANNUAL,,ACRES,,NATIONAL,US TOTAL,CROPS,"IRRIGATED, ENTIRE CROP",00,CENSUS,,,9000,AREA HARVESTED,,"4,995,223",YEAR,NOT SPECIFIED,,TOTAL,UNITED STATES,US,99,
FIELD CROPS,00000000,00,US TOTAL,,,2017,,ALL CLASSES,6.2,"CORN, SILAGE, IRRIGATED, ENTIRE CROP - ACRES HARVESTED",2018-02-01 00:00:00.000,CORN,,SILAGE,ANNUAL,,ACRES,,NATIONAL,US TOTAL,CROPS,"IRRIGATED, ENTIRE CROP",00,CENSUS,,,9000,AREA HARVESTED,,"1,356,605",YEAR,NOT SPECIFIED,,TOTAL,UNITED STATES,US,99,
FIELD CROPS,00000000,00,US TOTAL,,,2017,,ALL CLASSES,1.2,"CORN, GRAIN, IRRIGATED, NONE OF CROP - ACRES HARVESTED",2018-02-01 00:00:00.000,CORN,,GRAIN,ANNUAL,,ACRES,,NATIONAL,US TOTAL,CROPS,"IRRIGATED, NONE OF CROP",00,CENSUS,,,9000,AREA HARVESTED,,"64,558,998",YEAR,NOT SPECIFIED,,TOTAL,UNITED STATES,US,99,
FIELD CROPS,00000000,00,US TOTAL,,,2017,,ALL CLASSES,2.0,"CORN, SILAGE, IRRIGATED, NONE OF CROP - ACRES HARVESTED",2018-02-01 00:00:00.000,CORN,,SILAGE,ANNUAL,,ACRES,,NATIONAL,US TOTAL,CROPS,"IRRIGATED, NONE OF CROP",00,CENSUS,,,9000,AREA HARVESTED,,"4,328,203",YEAR,NOT SPECIFIED,,TOTAL,UNITED STATES,US,99,
FIELD CROPS,00000000,00,US TOTAL,,,2017,,ALL CLASSES,4.4,"CORN, GRAIN, IRRIGATED, PART OF CROP, IRRIGATED PORTION - ACRES HARVESTED",2018-02-01 00:00:00.000,CORN,,GRAIN,ANNUAL,,ACRES,,NATIONAL,US TOTAL,CROPS,"IRRIGATED, PART OF CROP, IRRIGATED PORTION",00,CENSUS,,,9000,AREA HARVESTED,,"7,372,651",YEAR,NOT SPECIFIED,,TOTAL,UNITED STATES,US,99,
FIELD CROPS,00000000,00,US TOTAL,,,2017,,ALL CLASSES,7.1,"CORN, SILAGE, IRRIGATED, PART OF CROP, IRRIGATED PORTION - ACRES HARVESTED",2018-02-01 00:00:00.000,CORN,,SILAGE,ANNUAL,,ACRES,,NATIONAL,US TOTAL,CROPS,"IRRIGATED, PART OF CROP, IRRIGATED PORTION",00,CENSUS,,,9000,AREA HARVESTED,,"204,704",YEAR,NOT SPECIFIED,,TOTAL,UNITED STATES,US,99,
FIELD CROPS,00000000,00,US TOTAL,,,2017,,ALL CLASSES,(L),"CORN, GRAIN, IRRIGATED, PART OF CROP, NON-IRRIGATED PORTION - ACRES HARVESTED",2018-02-01 00:00:00.000,CORN,,GRAIN,ANNUAL,,ACRES,,NATIONAL,US TOTAL,CROPS,"IRRIGATED, PART OF CROP, NON-IRRIGATED PORTION",00,CENSUS,,,9000,AREA HARVESTED,,"7,811,690",YEAR,NOT SPECIFIED,,TOTAL,UNITED STATES,US,99,
FIELD CROPS,00000000,00,US TOTAL,,,2017,,ALL CLASSES,(L),"CORN, SILAGE, IRRIGATED, PART OF CROP, NON-IRRIGATED PORTION - ACRES HARVESTED",2018-02-01 00:00:00.000,CORN,,SILAGE,ANNUAL,,ACRES,,NATIONAL,US TOTAL,CROPS,"IRRIGATED, PART OF CROP, NON-IRRIGATED PORTION",00,CENSUS,,,9000,AREA HARVESTED,,"219,902",YEAR,NOT SPECIFIED,,TOTAL,UNITED STATES,US,99,
FIELD CROPS,00000000,00,US TOTAL,,,2017,,TRADITIONAL OR INDIAN,(H),"CORN, TRADITIONAL OR INDIAN - ACRES HARVESTED",2018-02-01 00:00:00.000,CORN,,ALL UTILIZATION PRACTICES,ANNUAL,,ACRES,,NATIONAL,US TOTAL,CROPS,ALL PRODUCTION PRACTICES,00,CENSUS,,,9000,AREA HARVESTED,,"6,344",YEAR,NOT SPECIFIED,,TOTAL,UNITED STATES,US,99,
FIELD CROPS,00000000,00,US TOTAL,,,2017,,TRADITIONAL OR INDIAN,27.0,"CORN, TRADITIONAL OR INDIAN, IRRIGATED - ACRES HARVESTED",2018-02-01 00:00:00.000,CORN,,ALL UTILIZATION PRACTICES,ANNUAL,,ACRES,,NATIONAL,US TOTAL,CROPS,IRRIGATED,00,CENSUS,,,9000,AREA HARVESTED,,"2,159",YEAR,NOT SPECIFIED,,TOTAL,UNITED STATES,US,99,
FIELD CROPS,00000000,00,US TOTAL,,,2018,,ALL CLASSES,5.2,"CORN, GRAIN, IRRIGATED - ACRES HARVESTED",2018-02-01 00:00:00.000,CORN,,GRAIN,ANNUAL,,ACRES,,NATIONAL,US TOTAL,CROPS,IRRIGATED,00,CENSUS,,,9000,AREA HARVESTED,,"1,558,020",YEAR,"IRRIGATION METHOD, PRIMARY: (GRAVITY)",,"IRRIGATION METHOD, PRIMARY",UNITED STATES,US,99,
FIELD CROPS,00000000,00,US TOTAL,,,2018,,ALL CLASSES,2.2,"CORN, GRAIN, IRRIGATED - ACRES HARVESTED",2018-02-01 00:00:00.000,CORN,,GRAIN,ANNUAL,,ACRES,,NATIONAL,US TOTAL,CROPS,IRRIGATED,00,CENSUS,,,9000,AREA HARVESTED,,"10,052,218",YEAR,"IRRIGATION METHOD, PRIMARY: (PRESSURE)",,"IRRIGATION METHOD, PRIMARY",UNITED STATES,US,99,
FIELD CROPS,00000000,00,US TOTAL,,,2018,,ALL CLASSES,2.0,"CORN, GRAIN, IRRIGATED - ACRES HARVESTED",2018-02-01 00:00:00.000,CORN,,GRAIN,ANNUAL,,ACRES,,NATIONAL,US TOTAL,CROPS,IRRIGATED,00,CENSUS,,,9000,AREA HARVESTED,,"11,610,238",YEAR,NOT SPECIFIED,,TOTAL,UNITED STATES,US,99,
FIELD CROPS,00000000,00,US TOTAL,,,2018,,ALL CLASSES,2.7,"CORN, GRAIN, IRRIGATED - ACRES HARVESTED",2018-02-01 00:00:00.000,CORN,,GRAIN,ANNUAL,,ACRES,,NATIONAL,US TOTAL,CROPS,IRRIGATED,00,CENSUS,,,9000,AREA HARVESTED,,"10,280,942",YEAR,WATER SOURCE: (GROUND),,WATER SOURCE,UNITED STATES,US,99,
FIELD CROPS,00000000,00,US TOTAL,,,2018,,ALL CLASSES,6.2,"CORN, GRAIN, IRRIGATED - ACRES HARVESTED",2018-02-01 00:00:00.000,CORN,,GRAIN,ANNUAL,,ACRES,,NATIONAL,US TOTAL,CROPS,IRRIGATED,00,CENSUS,,,9000,AREA HARVESTED,,"1,062,051",YEAR,WATER SOURCE: (OFF FARM),,WATER SOURCE,UNITED STATES,US,99,
FIELD CROPS,00000000,00,US TOTAL,,,2018,,ALL CLASSES,9.2,"CORN, GRAIN, IRRIGATED - ACRES HARVESTED",2018-02-01 00:00:00.000,CORN,,GRAIN,ANNUAL,,ACRES,,NATIONAL,US TOTAL,CROPS,IRRIGATED,00,CENSUS,,,9000,AREA HARVESTED,,"514,594",YEAR,WATER SOURCE: (ON FARM SURFACE),,WATER SOURCE,UNITED STATES,US,99,
FIELD CROPS,00000000,00,US TOTAL,,,2018,,ALL CLASSES,7.1,"CORN, SILAGE, IRRIGATED - ACRES HARVESTED",2018-02-01 00:00:00.000,CORN,,SILAGE,ANNUAL,,ACRES,,NATIONAL,US TOTAL,CROPS,IRRIGATED,00,CENSUS,,,9000,AREA HARVESTED,,"656,898",YEAR,"IRRIGATION METHOD, PRIMARY: (GRAVITY)",,"IRRIGATION METHOD, PRIMARY",UNITED STATES,US,99,
FIELD CROPS,00000000,00,US TOTAL,,,2018,,ALL CLASSES,6.2,"CORN, SILAGE, IRRIGATED - ACRES HARVESTED",2018-02-01 00:00:00.000,CORN,,SILAGE,ANNUAL,,ACRES,,NATIONAL,US TOTAL,CROPS,IRRIGATED,00,CENSUS,,,9000,AREA HARVESTED,,"991,891",YEAR,"IRRIGATION METHOD, PRIMARY: (PRESSURE)",,"IRRIGATION METHOD, PRIMARY",UNITED STATES,US,99,
FIELD CROPS,00000000,00,US TOTAL,,,2018,,ALL CLASSES,4.6,"CORN, SILAGE, IRRIGATED - ACRES HARVESTED",2018-02-01 00:00:00.000,CORN,,SILAGE,ANNUAL,,ACRES,,NATIONAL,US TOTAL,CROPS,IRRIGATED,00,CENSUS,,,9000,AREA HARVESTED,,"1,648,789",YEAR,NOT SPECIFIED,,TOTAL,UNITED STATES,US,99,
FIELD CROPS,00000000,00,US TOTAL,,,2018,,ALL CLASSES,6.8,"CORN, SILAGE, IRRIGATED - ACRES HARVESTED",2018-02-01 00:00:00.000,CORN,,SILAGE,ANNUAL,,ACRES,,NATIONAL,US TOTAL,CROPS,IRRIGATED,00,CENSUS,,,9000,AREA HARVESTED,,"1,005,446",YEAR,WATER SOURCE: (GROUND),,WATER SOURCE,UNITED STATES,US,99,
FIELD CROPS,00000000,00,US TOTAL,,,2018,,ALL CLASSES,8.7,"CORN, SILAGE, IRRIGATED - ACRES HARVESTED",2018-02-01 00:00:00.000,CORN,,SILAGE,ANNUAL,,ACRES,,NATIONAL,US TOTAL,CROPS,IRRIGATED,00,CENSUS,,,9000,AREA HARVESTED,,"606,782",YEAR,WATER SOURCE: (OFF FARM),,WATER SOURCE,UNITED STATES,US,99,
FIELD CROPS,00000000,00,US TOTAL,,,2018,,ALL CLASSES,11.6,"CORN, SILAGE, IRRIGATED - ACRES HARVESTED",2018-02-01 00:00:00.000,CORN,,SILAGE,ANNUAL,,ACRES,,NATIONAL,US TOTAL,CROPS,IRRIGATED,00,CENSUS,,,9000,AREA HARVESTED,,"320,085",YEAR,WATER SOURCE: (ON FARM SURFACE),,WATER SOURCE,UNITED STATES,US,99,
FIELD CROPS,00000000,00,US TOTAL,,,2019,,ALL CLASSES,3.3,"CORN, GRAIN, ORGANIC - ACRES HARVESTED",2018-02-01 00:00:00.000,CORN,,GRAIN,ANNUAL,,ACRES,,NATIONAL,US TOTAL,CROPS,ORGANIC,00,CENSUS,,,9000,AREA HARVESTED,,"319,953",YEAR,ORGANIC STATUS: (NOP USDA CERTIFIED),,ORGANIC STATUS,UNITED STATES,US,99,
FIELD CROPS,00000000,00,US TOTAL,,,2019,,ALL CLASSES,5.8,"CORN, SILAGE, ORGANIC - ACRES HARVESTED",2018-02-01 00:00:00.000,CORN,,SILAGE,ANNUAL,,ACRES,,NATIONAL,US TOTAL,CROPS,ORGANIC,00,CENSUS,,,9000,AREA HARVESTED,,"54,683",YEAR,ORGANIC STATUS: (NOP USDA CERTIFIED),,ORGANIC STATUS,UNITED STATES,US,99,
FIELD CROPS,00000000,00,US TOTAL,,,2021,,ALL CLASSES,6.9,"CORN, GRAIN, ORGANIC - ACRES HARVESTED",2022-12-15 12:00:00.000,CORN,,GRAIN,ANNUAL,,ACRES,,NATIONAL,US TOTAL,CROPS,ORGANIC,00,CENSUS,,,9000,AREA HARVESTED,,"374,977",YEAR,ORGANIC STATUS: (NOP USDA CERTIFIED),,ORGANIC STATUS,UNITED STATES,US,99,
FIELD CROPS,00000000,00,US TOTAL,,,2021,,ALL CLASSES,19.6,"CORN, SILAGE, ORGANIC - ACRES HARVESTED",2022-12-15 12:00:00.000,CORN,,SILAGE,ANNUAL,,ACRES,,NATIONAL,US TOTAL,CROPS,ORGANIC,00,CENSUS,,,9000,AREA HARVESTED,,"62,916",YEAR,ORGANIC STATUS: (NOP USDA CERTIFIED),,ORGANIC STATUS,UNITED STATES,US,99,
FIELD CROPS,00000000,00,US TOTAL,,,2022,,ALL CLASSES,2.6,CORN - ACRES HARVESTED,2024-07-24 12:00:00.000,CORN,,ALL UTILIZATION PRACTICES,ANNUAL,,ACRES,,NATIONAL,US TOTAL,CROPS,ALL PRODUCTION PRACTICES,00,CENSUS,,,9000,AREA HARVESTED,,"86,576,380",YEAR,NOT SPECIFIED,,TOTAL,UNITED STATES,US,99,
FIELD CROPS,00000000,00,US TOTAL,,,2022,,ALL CLASSES,5.7,"CORN, GRAIN - ACRES HARVESTED",2024-07-02 12:00:00.000,CORN,,GRAIN,ANNUAL,,ACRES,,NATIONAL,US TOTAL,CROPS,ALL PRODUCTION PRACTICES,00,CENSUS,,,9000,AREA HARVESTED,,"32,192,409",YEAR,"AREA HARVESTED: (1,000 OR MORE ACRES)",,AREA HARVESTED,UNITED STATES,US,99,
FIELD CROPS,00000000,00,US TOTAL,,,2022,,ALL CLASSES,9.0,"CORN, GRAIN - ACRES HARVESTED",2024-07-02 12:00:00.000,CORN,,GRAIN,ANNUAL,,ACRES,,NATIONAL,US TOTAL,CROPS,ALL PRODUCTION PRACTICES,00,CENSUS,,,9000,AREA HARVESTED,,"18,404,796",YEAR,"AREA HARVESTED: (1,000 TO 1,999 ACRES)",,AREA HARVESTED,UNITED STATES,US,99,
FIELD CROPS,00000000,00,US TOTAL,,,2022,,ALL CLASSES,4.7,"CORN, GRAIN - ACRES HARVESTED",2024-07-02 12:00:00.000,CORN,,GRAIN,ANNUAL,,ACRES,,NATIONAL,US TOTAL,CROPS,ALL PRODUCTION PRACTICES,00,CENSUS,,,9000,AREA HARVESTED,,"234,740",YEAR,AREA HARVESTED: (1.0 TO 14.9 ACRES),,AREA HARVESTED,UNITED STATES,US,99,
FIELD CROPS,00000000,00,US TOTAL,,,2022,,ALL CLASSES,5.2,"CORN, GRAIN - ACRES HARVESTED",2024-07-02 12:00:00.000,CORN,,GRAIN,ANNUAL,,ACRES,,NATIONAL,US TOTAL,CROPS,ALL PRODUCTION PRACTICES,00,CENSUS,,,9000,AREA HARVESTED,,"10,655,474",YEAR,AREA HARVESTED: (100 TO 249 ACRES),,AREA HARVESTED,UNITED STATES,US,99,
FIELD CROPS,00000000,00,US TOTAL,,,2022,,ALL CLASSES,7.2,"CORN, GRAIN - ACRES HARVESTED",2024-07-02 12:00:00.000,CORN,,GRAIN,ANNUAL,,ACRES,,NATIONAL,US TOTAL,CROPS,ALL PRODUCTION PRACTICES,00,CENSUS,,,9000,AREA HARVESTED,,"353,138",YEAR,AREA HARVESTED: (15.0 TO 24.9 ACRES),,AREA HARVESTED,UNITED STATES,US,99,
FIELD CROPS,00000000,00,US TOTAL,,,2022,,ALL CLASSES,4.3,"CORN, GRAIN - ACRES HARVESTED",2024-07-02 12:00:00.000,CORN,,GRAIN,ANNUAL,,ACRES,,NATIONAL,US TOTAL,CROPS,ALL PRODUCTION PRACTICES,00,CENSUS,,,9000,AREA HARVESTED,,"6,742,858",YEAR,"AREA HARVESTED: (2,000 TO 2,999 ACRES)",,AREA HARVESTED,UNITED STATES,US,99,
FIELD CROPS,00000000,00,US TOTAL,,,2022,,ALL CLASSES,7.1,"CORN, GRAIN - ACRES HARVESTED",2024-07-02 12:00:00.000,CORN,,GRAIN,ANNUAL,,ACRES,,NATIONAL,US TOTAL,CROPS,ALL PRODUCTION PRACTICES,00,CENSUS,,,9000,AREA HARVESTED,,"1,316,116",YEAR,AREA HARVESTED: (25.0 TO 49.9 ACRES),,AREA HARVESTED,UNITED STATES,US,99,
FIELD CROPS,00000000,00,US TOTAL,,,2022,,ALL CLASSES,2.7,"CORN, GRAIN - ACRES HARVESTED",2024-07-02 12:00:00.000,CORN,,GRAIN,ANNUAL,,ACRES,,NATIONAL,US TOTAL,CROPS,ALL PRODUCTION PRACTICES,00,CENSUS,,,9000,AREA HARVESTED,,"14,280,553",YEAR,AREA HARVESTED: (250 TO 499 ACRES),,AREA HARVESTED,UNITED STATES,US,99,
FIELD CROPS,00000000,00,US TOTAL,,,2022,,ALL CLASSES,1.6,"CORN, GRAIN - ACRES HARVESTED",2024-07-02 12:00:00.000,CORN,,GRAIN,ANNUAL,,ACRES,,NATIONAL,US TOTAL,CROPS,ALL PRODUCTION PRACTICES,00,CENSUS,,,9000,AREA HARVESTED,,"4,215,114",YEAR,"AREA HARVESTED: (3,000 TO 4,999 ACRES)",,AREA HARVESTED,UNITED STATES,US,99,
FIELD CROPS,00000000,00,US TOTAL,,,2022,,ALL CLASSES,3.4,"CORN, GRAIN - ACRES HARVESTED",2024-07-02 12:00:00.000,CORN,,GRAIN,ANNUAL,,ACRES,,NATIONAL,US TOTAL,CROPS,ALL PRODUCTION PRACTICES,00,CENSUS,,,9000,AREA HARVESTED,,"2,829,641",YEAR,"AREA HARVESTED: (5,000 OR MORE ACRES)",,AREA HARVESTED,UNITED STATES,US,99,
FIELD CROPS,00000000,00,US TOTAL,,,2022,,ALL CLASSES,8.9,"CORN, GRAIN - ACRES HARVESTED",2024-07-02 12:00:00.000,CORN,,GRAIN,ANNUAL,,ACRES,,NATIONAL,US TOTAL,CROPS,ALL PRODUCTION PRACTICES,00,CENSUS,,,9000,AREA HARVESTED,,"3,354,080",YEAR,AREA HARVESTED: (50.0 TO 99.9 ACRES),,AREA HARVESTED,UNITED STATES,US,99,
FIELD CROPS,00000000,00,US TOTAL,,,2022,,ALL CLASSES,5.3,"CORN, GRAIN - ACRES HARVESTED",2024-07-02 12:00:00.000,CORN,,GRAIN,ANNUAL,,ACRES,,NATIONAL,US TOTAL,CROPS,ALL PRODUCTION PRACTICES,00,CENSUS,,,9000,AREA HARVESTED,,"18,211,453",YEAR,AREA HARVESTED: (500 TO 999 ACRES),,AREA HARVESTED,UNITED STATES,US,99,
FIELD CROPS,00000000,00,US TOTAL,,,2022,,ALL CLASSES,6.7,"CORN, GRAIN - ACRES HARVESTED",2024-07-02 12:00:00.000,CORN,,GRAIN,ANNUAL,,ACRES,,NATIONAL,US TOTAL,CROPS,ALL PRODUCTION PRACTICES,00,CENSUS,,,9000,AREA HARVESTED,,"17,231,173",YEAR,"AREA OPERATED: (1,000 TO 1,999 ACRES)",,AREA OPERATED,UNITED STATES,US,99,
FIELD CROPS,00000000,00,US TOTAL,,,2022,,ALL CLASSES,10.1,"CORN, GRAIN - ACRES HARVESTED",2024-07-02 12:00:00.000,CORN,,GRAIN,ANNUAL,,ACRES,,NATIONAL,US TOTAL,CROPS,ALL PRODUCTION PRACTICES,00,CENSUS,,,9000,AREA HARVESTED,,"13,430",YEAR,AREA OPERATED: (1.0 TO 9.9 ACRES),,AREA OPERATED,UNITED STATES,US,99,
FIELD CROPS,00000000,00,US TOTAL,,,2022,,ALL CLASSES,11.8,"CORN, GRAIN - ACRES HARVESTED",2024-07-02 12:00:00.000,CORN,,GRAIN,ANNUAL,,ACRES,,NATIONAL,US TOTAL,CROPS,ALL PRODUCTION PRACTICES,00,CENSUS,,,9000,AREA HARVESTED,,"391,192",YEAR,AREA OPERATED: (10.0 TO 49.9 ACRES),,AREA OPERATED,UNITED STATES,US,99,
FIELD CROPS,00000000,00,US TOTAL,,,2022,,ALL CLASSES,13.1,"CORN, GRAIN - ACRES HARVESTED",2024-07-02 12:00:00.000,CORN,,GRAIN,ANNUAL,,ACRES,,NATIONAL,US TOTAL,CROPS,ALL PRODUCTION PRACTICES,00,CENSUS,,,9000,AREA HARVESTED,,"909,431",YEAR,AREA OPERATED: (100 TO 139 ACRES),,AREA OPERATED,UNITED STATES,US,99,
FIELD CROPS,00000000,00,US TOTAL,,,2022,,ALL CLASSES,14.6,"CORN, GRAIN - ACRES HARVESTED",2024-07-02 12:00:00.000,CORN,,GRAIN,ANNUAL,,ACRES,,NATIONAL,US TOTAL,CROPS,ALL PRODUCTION PRACTICES,00,CENSUS,,,9000,AREA HARVESTED,,"1,214,998",YEAR,AREA OPERATED: (140 TO 179 ACRES),,AREA OPERATED,UNITED STATES,US,99,
FIELD CROPS,00000000,00,US TOTAL,,,2022,,ALL CLASSES,11.9,"CORN, GRAIN - ACRES HARVESTED",2024-07-02 12:00:00.000,CORN,,GRAIN,ANNUAL,,ACRES,,NATIONAL,US TOTAL,CROPS,ALL PRODUCTION PRACTICES,00,CENSUS,,,9000,AREA HARVESTED,,"1,060,997",YEAR,AREA OPERATED: (180 TO 219 ACRES),,AREA OPERATED,UNITED STATES,US,99,
FIELD CROPS,00000000,00,US TOTAL,,,2022,,ALL CLASSES,5.7,"CORN, GRAIN - ACRES HARVESTED",2024-07-02 12:00:00.000,CORN,,GRAIN,ANNUAL,,ACRES,,NATIONAL,US TOTAL,CROPS,ALL PRODUCTION PRACTICES,00,CENSUS,,,9000,AREA HARVESTED,,"38,118,683",YEAR,"AREA OPERATED: (2,000 OR MORE ACRES)",,AREA OPERATED,UNITED STATES,US,99,
FIELD CROPS,00000000,00,US TOTAL,,,2022,,ALL CLASSES,13.6,"CORN, GRAIN - ACRES HARVESTED",2024-07-02 12:00:00.000,CORN,,GRAIN,ANNUAL,,ACRES,,NATIONAL,US TOTAL,CROPS,ALL PRODUCTION PRACTICES,00,CENSUS,,,9000,AREA HARVESTED,,"1,144,066",YEAR,AREA OPERATED: (220 TO 259 ACRES),,AREA OPERATED,UNITED STATES,US,99,
FIELD CROPS,00000000,00,US TOTAL,,,2022,,ALL CLASSES,5.8,"CORN, GRAIN - ACRES HARVESTED",2024-07-02 12:00:00.000,CORN,,GRAIN,ANNUAL,,ACRES,,NATIONAL,US TOTAL,CROPS,ALL PRODUCTION PRACTICES,00,CENSUS,,,9000,AREA HARVESTED,,"6,799,188",YEAR,AREA OPERATED: (260 TO 499 ACRES),,AREA OPERATED,UNITED STATES,US,99,
FIELD CROPS,00000000,00,US TOTAL,,,2022,,ALL CLASSES,13.6,"CORN, GRAIN - ACRES HARVESTED",2024-07-02 12:00:00.000,CORN,,GRAIN,ANNUAL,,ACRES,,NATIONAL,US TOTAL,CROPS,ALL PRODUCTION PRACTICES,00,CENSUS,,,9000,AREA HARVESTED,,"298,914",YEAR,AREA OPERATED: (50.0 TO 69.9 ACRES),,AREA OPERATED,UNITED STATES,US,99,
FIELD CROPS,00000000,00,US TOTAL,,,2022,,ALL CLASSES,3.5,"CORN, GRAIN - ACRES HARVESTED",2024-07-02 12:00:00.000,CORN,,GRAIN,ANNUAL,,ACRES,,NATIONAL,US TOTAL,CROPS,ALL PRODUCTION PRACTICES,00,CENSUS,,,9000,AREA HARVESTED,,"12,730,848",YEAR,AREA OPERATED: (500 TO 999 ACRES),,AREA OPERATED,UNITED STATES,US,99,
FIELD CROPS,00000000,00,US TOTAL,,,2022,,ALL CLASSES,16.1,"CORN, GRAIN - ACRES HARVESTED",2024-07-02 12:00:00.000,CORN,,GRAIN,ANNUAL,,ACRES,,NATIONAL,US TOTAL,CROPS,ALL PRODUCTION PRACTICES,00,CENSUS,,,9000,AREA HARVESTED,,"685,043",YEAR,AREA OPERATED: (70.0 TO 99.9 ACRES),,AREA OPERATED,UNITED STATES,US,99,
FIELD CROPS,00000000,00,US TOTAL,,,2022,,ALL CLASSES,8.7,"CORN, GRAIN - ACRES HARVESTED",2024-07-02 12:00:00.000,CORN,,GRAIN,ANNUAL,,ACRES,,NATIONAL,US TOTAL,CROPS,ALL PRODUCTION PRACTICES,00,CENSUS,,,9000,AREA HARVESTED,,"14,685",YEAR,"ECONOMIC CLASS: (1,000 TO 2,499 $)",,ECONOMIC CLASS,UNITED STATES,US,99,
FIELD CROPS,00000000,00,US TOTAL,,,2022,,ALL CLASSES,3.6,"CORN, GRAIN - ACRES HARVESTED",2024-07-02 12:00:00.000,CORN,,GRAIN,ANNUAL,,ACRES,,NATIONAL,US TOTAL,CROPS,ALL PRODUCTION PRACTICES,00,CENSUS,,,9000,AREA HARVESTED,,"50,336,599",YEAR,"ECONOMIC CLASS: (1,000,000 OR MORE $)",,ECONOMIC CLASS,UNITED STATES,US,99,
FIELD CROPS,00000000,00,US TOTAL,,,2022,,ALL CLASSES,11.0,"CORN, GRAIN - ACRES HARVESTED",2024-07-02 12:00:00.000,CORN,,GRAIN,ANNUAL,,ACRES,,NATIONAL,US TOTAL,CROPS,ALL PRODUCTION PRACTICES,00,CENSUS,,,9000,AREA HARVESTED,,"328,759",YEAR,"ECONOMIC CLASS: (10,000 TO 24,999 $)",,ECONOMIC CLASS,UNITED STATES,US,99,
FIELD CROPS,00000000,00,US TOTAL,,,2022,,ALL CLASSES,11.4,"CORN, GRAIN - ACRES HARVESTED",2024-07-02 12:00:00.000,CORN,,GRAIN,ANNUAL,,ACRES,,NATIONAL,US TOTAL,CROPS,ALL PRODUCTION PRACTICES,00,CENSUS,,,9000,AREA HARVESTED,,"5,263,288",YEAR,"ECONOMIC CLASS: (100,000 TO 249,999 $)",,ECONOMIC CLASS,UNITED STATES,US,99,
FIELD CROPS,00000000,00,US TOTAL,,,2022,,ALL CLASSES,5.9,"CORN, GRAIN - ACRES HARVESTED",2024-07-02 12:00:00.000,CORN,,GRAIN,ANNUAL,,ACRES,,NATIONAL,US TOTAL,CROPS,ALL PRODUCTION PRACTICES,00,CENSUS,,,9000,AREA HARVESTED,,"38,378",YEAR,"ECONOMIC CLASS: (2,500 TO 4,999 $)",,ECONOMIC CLASS,UNITED STATES,US,99,
FIELD CROPS,00000000,00,US TOTAL,,,2022,,ALL CLASSES,15.3,"CORN, GRAIN - ACRES HARVESTED",2024-07-02 12:00:00.000,CORN,,GRAIN,ANNUAL,,ACRES,,NATIONAL,US TOTAL,CROPS,ALL PRODUCTION PRACTICES,00,CENSUS,,,9000,AREA HARVESTED,,"718,672",YEAR,"ECONOMIC CLASS: (25,000 TO 49,999 $)",,ECONOMIC CLASS,UNITED STATES,US,99,
FIELD CROPS,00000000,00,US TOTAL,,,2022,,ALL CLASSES,6.8,"CORN, GRAIN - ACRES HARVESTED",2024-07-02 12:00:00.000,CORN,,GRAIN,ANNUAL,,ACRES,,NATIONAL,US TOTAL,CROPS,ALL PRODUCTION PRACTICES,00,CENSUS,,,9000,AREA HARVESTED,,"8,633,488",YEAR,"ECONOMIC CLASS: (250,000 TO 499,999 $)",,ECONOMIC CLASS,UNITED STATES,US,99,
FIELD CROPS,00000000,00,US TOTAL,,,2022,,ALL CLASSES,7.3,"CORN, GRAIN - ACRES HARVESTED",2024-07-02 12:00:00.000,CORN,,GRAIN,ANNUAL,,ACRES,,NATIONAL,US TOTAL,CROPS,ALL PRODUCTION PRACTICES,00,CENSUS,,,9000,AREA HARVESTED,,"106,650",YEAR,"ECONOMIC CLASS: (5,000 TO 9,999 $)",,ECONOMIC CLASS,UNITED STATES,US,99,
FIELD CROPS,00000000,00,US TOTAL,,,2022,,ALL CLASSES,14.1,"CORN, GRAIN - ACRES HARVESTED",2024-07-02 12:00:00.000,CORN,,GRAIN,ANNUAL,,ACRES,,NATIONAL,US TOTAL,CROPS,ALL PRODUCTION PRACTICES,00,CENSUS,,,9000,AREA HARVESTED,,"1,642,943",YEAR,"ECONOMIC CLASS: (50,000 TO 99,999 $)",,ECONOMIC CLASS,UNITED STATES,US,99,
FIELD CROPS,00000000,00,US TOTAL,,,2022,,ALL CLASSES,2.3,"CORN, GRAIN - ACRES HARVESTED",2024-07-02 12:00:00.000,CORN,,GRAIN,ANNUAL,,ACRES,,NATIONAL,US TOTAL,CROPS,ALL PRODUCTION PRACTICES,00,CENSUS,,,9000,AREA HARVESTED,,"13,504,805",YEAR,"ECONOMIC CLASS: (500,000 TO 999,999 $)",,ECONOMIC CLASS,UNITED STATES,US,99,
FIELD CROPS,00000000,00,US TOTAL,,,2022,,ALL CLASSES,10.7,"CORN, GRAIN - ACRES HARVESTED",2024-07-02 12:00:00.000,CORN,,GRAIN,ANNUAL,,ACRES,,NATIONAL,US TOTAL,CROPS,ALL PRODUCTION PRACTICES,00,CENSUS,,,9000,AREA HARVESTED,,"9,696",YEAR,"ECONOMIC CLASS: (LESS THAN 1,000 $)",,ECONOMIC CLASS,UNITED STATES,US,99,
FIELD CROPS,00000000,00,US TOTAL,,,2022,,ALL CLASSES,9.9,"CORN, GRAIN - ACRES HARVESTED",2024-07-02 12:00:00.000,CORN,,GRAIN,ANNUAL,,ACRES,,NATIONAL,US TOTAL,CROPS,ALL PRODUCTION PRACTICES,00,CENSUS,,,9000,AREA HARVESTED,,"15,960",YEAR,"FARM SALES: (1,000 TO 2,499 $)",,FARM SALES,UNITED STATES,US,99,
FIELD CROPS,00000000,00,US TOTAL,,,2022,,ALL CLASSES,3.5,"CORN, GRAIN - ACRES HARVESTED",2024-07-02 12:00:00.000,CORN,,GRAIN,ANNUAL,,ACRES,,NATIONAL,US TOTAL,CROPS,ALL PRODUCTION PRACTICES,00,CENSUS,,,9000,AREA HARVESTED,,"49,710,862",YEAR,"FARM SALES: (1,000,000 OR MORE $)",,FARM SALES,UNITED STATES,US,99,
FIELD CROPS,00000000,00,US TOTAL,,,2022,,ALL CLASSES,11.7,"CORN, GRAIN - ACRES HARVESTED",2024-07-02 12:00:00.000,CORN,,GRAIN,ANNUAL,,ACRES,,NATIONAL,US TOTAL,CROPS,ALL PRODUCTION PRACTICES,00,CENSUS,,,9000,AREA HARVESTED,,"350,859",YEAR,"FARM SALES: (10,000 TO 24,999 $)",,FARM SALES,UNITED STATES,US,99,
FIELD CROPS,00000000,00,US TOTAL,,,2022,,ALL CLASSES,10.8,"CORN, GRAIN - ACRES HARVESTED",2024-07-02 12:00:00.000,CORN,,GRAIN,ANNUAL,,ACRES,,NATIONAL,US TOTAL,CROPS,ALL PRODUCTION PRACTICES,00,CENSUS,,,9000,AREA HARVESTED,,"5,396,992",YEAR,"FARM SALES: (100,000 TO 249,999 $)",,FARM SALES,UNITED STATES,US,99,
FIELD CROPS,00000000,00,US TOTAL,,,2022,,ALL CLASSES,5.5,"CORN, GRAIN - ACRES HARVESTED",2024-07-02 12:00:00.000,CORN,,GRAIN,ANNUAL,,ACRES,,NATIONAL,US TOTAL,CROPS,ALL PRODUCTION PRACTICES,00,CENSUS,,,9000,AREA HARVESTED,,"42,749",YEAR,"FARM SALES: (2,500 TO 4,999 $)",,FARM SALES,UNITED STATES,US,99,
FIELD CROPS,00000000,00,US TOTAL,,,2022,,ALL CLASSES,15.7,"CORN, GRAIN - ACRES HARVESTED",2024-07-02 12:00:00.000,CORN,,GRAIN,ANNUAL,,ACRES,,NATIONAL,US TOTAL,CROPS,ALL PRODUCTION PRACTICES,00,CENSUS,,,9000,AREA HARVESTED,,"752,832",YEAR,"FARM SALES: (25,000 TO 49,999 $)",,FARM SALES,UNITED STATES,US,99,
FIELD CROPS,00000000,00,US TOTAL,,,2022,,ALL CLASSES,6.2,"CORN, GRAIN - ACRES HARVESTED",2024-07-02 12:00:00.000,CORN,,GRAIN,ANNUAL,,ACRES,,NATIONAL,US TOTAL,CROPS,ALL PRODUCTION PRACTICES,00,CENSUS,,,9000,AREA HARVESTED,,"8,885,628",YEAR,"FARM SALES: (250,000 TO 499,999 $)",,FARM SALES,UNITED STATES,US,99,
FIELD CROPS,00000000,00,US TOTAL,,,2022,,ALL CLASSES,7.2,"CORN, GRAIN - ACRES HARVESTED",2024-07-02 12:00:00.000,CORN,,GRAIN,ANNUAL,,ACRES,,NATIONAL,US TOTAL,CROPS,ALL PRODUCTION PRACTICES,00,CENSUS,,,9000,AREA HARVESTED,,"115,888",YEAR,"FARM SALES: (5,000 TO 9,999 $)",,FARM SALES,UNITED STATES,US,99,
FIELD CROPS,00000000,00,US TOTAL,,,2022,,ALL CLASSES,14.4,"CORN, GRAIN - ACRES HARVESTED",2024-07-02 12:00:00.000,CORN,,GRAIN,ANNUAL,,ACRES,,NATIONAL,US TOTAL,CROPS,ALL PRODUCTION PRACTICES,00,CENSUS,,,9000,AREA HARVESTED,,"1,713,285",YEAR,"FARM SALES: (50,000 TO 99,999 $)",,FARM SALES,UNITED STATES,US,99,
FIELD CROPS,00000000,00,US TOTAL,,,2022,,ALL CLASSES,2.4,"CORN, GRAIN - ACRES HARVESTED",2024-07-02 12:00:00.000,CORN,,GRAIN,ANNUAL,,ACRES,,NATIONAL,US TOTAL,CROPS,ALL PRODUCTION PRACTICES,00,CENSUS,,,9000,AREA HARVESTED,,"13,601,647",YEAR,"FARM SALES: (500,000 TO 999,999 $)",,FARM SALES,UNITED STATES,US,99,
FIELD CROPS,00000000,00,US TOTAL,,,2022,,ALL CLASSES,23.1,"CORN, GRAIN - ACRES HARVESTED",2024-07-02 12:00:00.000,CORN,,GRAIN,ANNUAL,,ACRES,,NATIONAL,US TOTAL,CROPS,ALL PRODUCTION PRACTICES,00,CENSUS,,,9000,AREA HARVESTED,,"11,261",YEAR,"FARM SALES: (LESS THAN 1,000 $)",,FARM SALES,UNITED STATES,US,99,
FIELD CROPS,00000000,00,US TOTAL,,,2022,,ALL CLASSES,2.8,"CORN, GRAIN - ACRES HARVESTED",2024-07-02 12:00:00.000,CORN,,GRAIN,ANNUAL,,ACRES,,NATIONAL,US TOTAL,CROPS,ALL PRODUCTION PRACTICES,00,CENSUS,,,9000,AREA HARVESTED,,"71,444,498",YEAR,NAICS CLASSIFICATION: (1111),,NAICS CLASSIFICATION,UNITED STATES,US,99,
FIELD CROPS,00000000,00,US TOTAL,,,2022,,ALL CLASSES,7.1,"CORN, GRAIN - ACRES HARVESTED",2024-07-02 12:00:00.000,CORN,,GRAIN,ANNUAL,,ACRES,,NATIONAL,US TOTAL,CROPS,ALL PRODUCTION PRACTICES,00,CENSUS,,,9000,AREA HARVESTED,,"416,512",YEAR,NAICS CLASSIFICATION: (1112),,NAICS CLASSIFICATION,UNITED STATES,US,99,
FIELD CROPS,00000000,00,US TOTAL,,,2022,,ALL CLASSES,9.0,"CORN, GRAIN - ACRES HARVESTED",2024-07-02 12:00:00.000,CORN,,GRAIN,ANNUAL,,ACRES,,NATIONAL,US TOTAL,CROPS,ALL PRODUCTION PRACTICES,00,CENSUS,,,9000,AREA HARVESTED,,"36,277",YEAR,NAICS CLASSIFICATION: (1113),,NAICS CLASSIFICATION,UNITED STATES,US,99,
FIELD CROPS,00000000,00,US TOTAL,,,2022,,ALL CLASSES,9.2,"CORN, GRAIN - ACRES HARVESTED",2024-07-02 12:00:00.000,CORN,,GRAIN,ANNUAL,,ACRES,,NATIONAL,US TOTAL,CROPS,ALL PRODUCTION PRACTICES,00,CENSUS,,,9000,AREA HARVESTED,,"33,502",YEAR,NAICS CLASSIFICATION: (1114),,NAICS CLASSIFICATION,UNITED STATES,US,99,
FIELD CROPS,00000000,00,US TOTAL,,,2022,,ALL CLASSES,4.4,"CORN, GRAIN - ACRES HARVESTED",2024-07-02 12:00:00.000,CORN,,GRAIN,ANNUAL,,ACRES,,NATIONAL,US TOTAL,CROPS,ALL PRODUCTION PRACTICES,00,CENSUS,,,9000,AREA HARVESTED,,"1,625,557",YEAR,NAICS CLASSIFICATION: (1119),,NAICS CLASSIFICATION,UNITED STATES,US,99,
FIELD CROPS,00000000,00,US TOTAL,,,2022,,ALL CLASSES,9.2,"CORN, GRAIN - ACRES HARVESTED",2024-07-02 12:00:00.000,CORN,,GRAIN,ANNUAL,,ACRES,,NATIONAL,US TOTAL,CROPS,ALL PRODUCTION PRACTICES,00,CENSUS,,,9000,AREA HARVESTED,,"38,662",YEAR,NAICS CLASSIFICATION: (11191),,NAICS CLASSIFICATION,UNITED STATES,US,99,
FIELD CROPS,00000000,00,US TOTAL,,,2022,,ALL CLASSES,10.6,"CORN, GRAIN - ACRES HARVESTED",2024-07-02 12:00:00.000,CORN,,GRAIN,ANNUAL,,ACRES,,NATIONAL,US TOTAL,CROPS,ALL PRODUCTION PRACTICES,00,CENSUS,,,9000,AREA HARVESTED,,"443,943",YEAR,NAICS CLASSIFICATION: (11192),,NAICS CLASSIFICATION,UNITED STATES,US,99,
FIELD CROPS,00000000,00,US TOTAL,,,2022,,ALL CLASSES,4.3,"CORN, GRAIN - ACRES HARVESTED",2024-07-02 12:00:00.000,CORN,,GRAIN,ANNUAL,,ACRES,,NATIONAL,US TOTAL,CROPS,ALL PRODUCTION PRACTICES,00,CENSUS,,,9000,AREA HARVESTED,,"1,142,952",YEAR,NAICS CLASSIFICATION: (11193 & 11194 & 11199),,NAICS CLASSIFICATION,UNITED STATES,US,99,
FIELD CROPS,00000000,00,US TOTAL,,,2022,,ALL CLASSES,7.7,"CORN, GRAIN - ACRES HARVESTED",2024-07-02 12:00:00.000,CORN,,GRAIN,ANNUAL,,ACRES,,NATIONAL,US TOTAL,CROPS,ALL PRODUCTION PRACTICES,00,CENSUS,,,9000,AREA HARVESTED,,"1,282,708",YEAR,NAICS CLASSIFICATION: (112111),,NAICS CLASSIFICATION,UNITED STATES,US,99,
FIELD CROPS,00000000,00,US TOTAL,,,2022,,ALL CLASSES,7.7,"CORN, GRAIN - ACRES HARVESTED",2024-07-02 12:00:00.000,CORN,,GRAIN,ANNUAL,,ACRES,,NATIONAL,US TOTAL,CROPS,ALL PRODUCTION PRACTICES,00,CENSUS,,,9000,AREA HARVESTED,,"1,243,860",YEAR,NAICS CLASSIFICATION: (112112),,NAICS CLASSIFICATION,UNITED STATES,US,99,
FIELD CROPS,00000000,00,US TOTAL,,,2022,,ALL CLASSES,5.9,"CORN, GRAIN - ACRES HARVESTED",2024-07-02 12:00:00.000,CORN,,GRAIN,ANNUAL,,ACRES,,NATIONAL,US TOTAL,CROPS,ALL PRODUCTION PRACTICES,00,CENSUS,,,9000,AREA HARVESTED,,"1,877,922",YEAR,NAICS CLASSIFICATION: (11212),,NAICS CLASSIFICATION,UNITED STATES,US,99,
FIELD CROPS,00000000,00,US TOTAL,,,2022,,ALL CLASSES,17.5,"CORN, GRAIN - ACRES HARVESTED",2024-07-02 12:00:00.000,CORN,,GRAIN,ANNUAL,,ACRES,,NATIONAL,US TOTAL,CROPS,ALL PRODUCTION PRACTICES,00,CENSUS,,,9000,AREA HARVESTED,,"1,768,025",YEAR,NAICS CLASSIFICATION: (1122),,NAICS CLASSIFICATION,UNITED STATES,US,99,
FIELD CROPS,00000000,00,US TOTAL,,,2022,,ALL CLASSES,4.8,"CORN, GRAIN - ACRES HARVESTED",2024-07-02 12:00:00.000,CORN,,GRAIN,ANNUAL,,ACRES,,NATIONAL,US TOTAL,CROPS,ALL PRODUCTION PRACTICES,00,CENSUS,,,9000,AREA HARVESTED,,"527,339",YEAR,NAICS CLASSIFICATION: (1123),,NAICS CLASSIFICATION,UNITED STATES,US,99,
FIELD CROPS,00000000,00,US TOTAL,,,2022,,ALL CLASSES,6.6,"CORN, GRAIN - ACRES HARVESTED",2024-07-02 12:00:00.000,CORN,,GRAIN,ANNUAL,,ACRES,,NATIONAL,US TOTAL,CROPS,ALL PRODUCTION PRACTICES,00,CENSUS,,,9000,AREA HARVESTED,,"11,087",YEAR,NAICS CLASSIFICATION: (1124),,NAICS CLASSIFICATION,UNITED STATES,US,99,
FIELD CROPS,00000000,00,US TOTAL,,,2022,,ALL CLASSES,20.8,"CORN, GRAIN - ACRES HARVESTED",2024-07-02 12:00:00.000,CORN,,GRAIN,ANNUAL,,ACRES,,NATIONAL,US TOTAL,CROPS,ALL PRODUCTION PRACTICES,00,CENSUS,,,9000,AREA HARVESTED,,"330,676",YEAR,NAICS CLASSIFICATION: (1125 & 1129),,NAICS CLASSIFICATION,UNITED STATES,US,99,
FIELD CROPS,00000000,00,US TOTAL,,,2022,,ALL CLASSES,2.6,"CORN, GRAIN - ACRES HARVESTED",2025-08-19 12:00:00.000,CORN,,GRAIN,ANNUAL,,ACRES,,NATIONAL,US TOTAL,CROPS,ALL PRODUCTION PRACTICES,00,CENSUS,,,9000,AREA HARVESTED,,"80,597,963",YEAR,NOT SPECIFIED,,TOTAL,UNITED STATES,US,99,
FIELD CROPS,00000000,00,US TOTAL,,,2022,,ALL CLASSES,1.3,"CORN, SILAGE - ACRES HARVESTED",2024-07-02 12:00:00.000,CORN,,SILAGE,ANNUAL,,ACRES,,NATIONAL,US TOTAL,CROPS,ALL PRODUCTION PRACTICES,00,CENSUS,,,9000,AREA HARVESTED,,"1,649,938",YEAR,"AREA HARVESTED: (1,000 OR MORE ACRES)",,AREA HARVESTED,UNITED STATES,US,99,
FIELD CROPS,00000000,00,US TOTAL,,,2022,,ALL CLASSES,3.3,"CORN, SILAGE - ACRES HARVESTED",2024-07-02 12:00:00.000,CORN,,SILAGE,ANNUAL,,ACRES,,NATIONAL,US TOTAL,CROPS,ALL PRODUCTION PRACTICES,00,CENSUS,,,9000,AREA HARVESTED,,"49,507",YEAR,AREA HARVESTED: (1.0 TO 14.9 ACRES),,AREA HARVESTED,UNITED STATES,US,99,
FIELD CROPS,00000000,00,US TOTAL,,,2022,,ALL CLASSES,4.5,"CORN, SILAGE - ACRES HARVESTED",2024-07-02 12:00:00.000,CORN,,SILAGE,ANNUAL,,ACRES,,NATIONAL,US TOTAL,CROPS,ALL PRODUCTION PRACTICES,00,CENSUS,,,9000,AREA HARVESTED,,"1,152,051",YEAR,AREA HARVESTED: (100 TO 249 ACRES),,AREA HARVESTED,UNITED STATES,US,99,
FIELD CROPS,00000000,00,US TOTAL,,,2022,,ALL CLASSES,4.5,"CORN, SILAGE - ACRES HARVESTED",2024-07-02 12:00:00.000,CORN,,SILAGE,ANNUAL,,ACRES,,NATIONAL,US TOTAL,CROPS,ALL PRODUCTION PRACTICES,00,CENSUS,,,9000,AREA HARVESTED,,"82,068",YEAR,AREA HARVESTED: (15.0 TO 24.9 ACRES),,AREA HARVESTED,UNITED STATES,US,99,
FIELD CROPS,00000000,00,US TOTAL,,,2022,,ALL CLASSES,3.4,"CORN, SILAGE - ACRES HARVESTED",2024-07-02 12:00:00.000,CORN,,SILAGE,ANNUAL,,ACRES,,NATIONAL,US TOTAL,CROPS,ALL PRODUCTION PRACTICES,00,CENSUS,,,9000,AREA HARVESTED,,"232,484",YEAR,AREA HARVESTED: (25.0 TO 49.9 ACRES),,AREA HARVESTED,UNITED STATES,US,99,
FIELD CROPS,00000000,00,US TOTAL,,,2022,,ALL CLASSES,5.4,"CORN, SILAGE - ACRES HARVESTED",2024-07-02 12:00:00.000,CORN,,SILAGE,ANNUAL,,ACRES,,NATIONAL,US TOTAL,CROPS,ALL PRODUCTION PRACTICES,00,CENSUS,,,9000,AREA HARVESTED,,"1,216,897",YEAR,AREA HARVESTED: (250 TO 499 ACRES),,AREA HARVESTED,UNITED STATES,US,99,
FIELD CROPS,00000000,00,US TOTAL,,,2022,,ALL CLASSES,3.7,"CORN, SILAGE - ACRES HARVESTED",2024-07-02 12:00:00.000,CORN,,SILAGE,ANNUAL,,ACRES,,NATIONAL,US TOTAL,CROPS,ALL PRODUCTION PRACTICES,00,CENSUS,,,9000,AREA HARVESTED,,"464,799",YEAR,AREA HARVESTED: (50.0 TO 99.9 ACRES),,AREA HARVESTED,UNITED STATES,US,99,
FIELD CROPS,00000000,00,US TOTAL,,,2022,,ALL CLASSES,5.0,"CORN, SILAGE - ACRES HARVESTED",2024-07-02 12:00:00.000,CORN,,SILAGE,ANNUAL,,ACRES,,NATIONAL,US TOTAL,CROPS,ALL PRODUCTION PRACTICES,00,CENSUS,,,9000,AREA HARVESTED,,"1,130,673",YEAR,AREA HARVESTED: (500 TO 999 ACRES),,AREA HARVESTED,UNITED STATES,US,99,
FIELD CROPS,00000000,00,US TOTAL,,,2022,,ALL CLASSES,8.6,"CORN, SILAGE - ACRES HARVESTED",2024-07-02 12:00:00.000,CORN,,SILAGE,ANNUAL,,ACRES,,NATIONAL,US TOTAL,CROPS,ALL PRODUCTION PRACTICES,00,CENSUS,,,9000,AREA HARVESTED,,"1,312,808",YEAR,"AREA OPERATED: (1,000 TO 1,999 ACRES)",,AREA OPERATED,UNITED STATES,US,99,
FIELD CROPS,00000000,00,US TOTAL,,,2022,,ALL CLASSES,12.4,"CORN, SILAGE - ACRES HARVESTED",2024-07-02 12:00:00.000,CORN,,SILAGE,ANNUAL,,ACRES,,NATIONAL,US TOTAL,CROPS,ALL PRODUCTION PRACTICES,00,CENSUS,,,9000,AREA HARVESTED,,605,YEAR,AREA OPERATED: (1.0 TO 9.9 ACRES),,AREA OPERATED,UNITED STATES,US,99,
FIELD CROPS,00000000,00,US TOTAL,,,2022,,ALL CLASSES,12.1,"CORN, SILAGE - ACRES HARVESTED",2024-07-02 12:00:00.000,CORN,,SILAGE,ANNUAL,,ACRES,,NATIONAL,US TOTAL,CROPS,ALL PRODUCTION PRACTICES,00,CENSUS,,,9000,AREA HARVESTED,,"18,703",YEAR,AREA OPERATED: (10.0 TO 49.9 ACRES),,AREA OPERATED,UNITED STATES,US,99,
FIELD CROPS,00000000,00,US TOTAL,,,2022,,ALL CLASSES,5.9,"CORN, SILAGE - ACRES HARVESTED",2024-07-02 12:00:00.000,CORN,,SILAGE,ANNUAL,,ACRES,,NATIONAL,US TOTAL,CROPS,ALL PRODUCTION PRACTICES,00,CENSUS,,,9000,AREA HARVESTED,,"68,807",YEAR,AREA OPERATED: (100 TO 139 ACRES),,AREA OPERATED,UNITED STATES,US,99,
FIELD CROPS,00000000,00,US TOTAL,,,2022,,ALL CLASSES,5.7,"CORN, SILAGE - ACRES HARVESTED",2024-07-02 12:00:00.000,CORN,,SILAGE,ANNUAL,,ACRES,,NATIONAL,US TOTAL,CROPS,ALL PRODUCTION PRACTICES,00,CENSUS,,,9000,AREA HARVESTED,,"78,698",YEAR,AREA OPERATED: (140 TO 179 ACRES),,AREA OPERATED,UNITED STATES,US,99,
FIELD CROPS,00000000,00,US TOTAL,,,2022,,ALL CLASSES,7.4,"CORN, SILAGE - ACRES HARVESTED",2024-07-02 12:00:00.000,CORN,,SILAGE,ANNUAL,,ACRES,,NATIONAL,US TOTAL,CROPS,ALL PRODUCTION PRACTICES,00,CENSUS,,,9000,AREA HARVESTED,,"76,341",YEAR,AREA OPERATED: (180 TO 219 ACRES),,AREA OPERATED,UNITED STATES,US,99,
FIELD CROPS,00000000,00,US TOTAL,,,2022,,ALL CLASSES,1.9,"CORN, SILAGE - ACRES HARVESTED",2024-07-02 12:00:00.000,CORN,,SILAGE,ANNUAL,,ACRES,,NATIONAL,US TOTAL,CROPS,ALL PRODUCTION PRACTICES,00,CENSUS,,,9000,AREA HARVESTED,,"2,841,182",YEAR,"AREA OPERATED: (2,000 OR MORE ACRES)",,AREA OPERATED,UNITED STATES,US,99,
FIELD CROPS,00000000,00,US TOTAL,,,2022,,ALL CLASSES,7.3,"CORN, SILAGE - ACRES HARVESTED",2024-07-02 12:00:00.000,CORN,,SILAGE,ANNUAL,,ACRES,,NATIONAL,US TOTAL,CROPS,ALL PRODUCTION PRACTICES,00,CENSUS,,,9000,AREA HARVESTED,,"87,341",YEAR,AREA OPERATED: (220 TO 259 ACRES),,AREA OPERATED,UNITED STATES,US,99,
FIELD CROPS,00000000,00,US TOTAL,,,2022,,ALL CLASSES,4.7,"CORN, SILAGE - ACRES HARVESTED",2024-07-02 12:00:00.000,CORN,,SILAGE,ANNUAL,,ACRES,,NATIONAL,US TOTAL,CROPS,ALL PRODUCTION PRACTICES,00,CENSUS,,,9000,AREA HARVESTED,,"479,180",YEAR,AREA OPERATED: (260 TO 499 ACRES),,AREA OPERATED,UNITED STATES,US,99,
FIELD CROPS,00000000,00,US TOTAL,,,2022,,ALL CLASSES,3.9,"CORN, SILAGE - ACRES HARVESTED",2024-07-02 12:00:00.000,CORN,,SILAGE,ANNUAL,,ACRES,,NATIONAL,US TOTAL,CROPS,ALL PRODUCTION PRACTICES,00,CENSUS,,,9000,AREA HARVESTED,,"17,570",YEAR,AREA OPERATED: (50.0 TO 69.9 ACRES),,AREA OPERATED,UNITED STATES,US,99,
FIELD CROPS,00000000,00,US TOTAL,,,2022,,ALL CLASSES,7.5,"CORN, SILAGE - ACRES HARVESTED",2024-07-02 12:00:00.000,CORN,,SILAGE,ANNUAL,,ACRES,,NATIONAL,US TOTAL,CROPS,ALL PRODUCTION PRACTICES,00,CENSUS,,,9000,AREA HARVESTED,,"954,317",YEAR,AREA OPERATED: (500 TO 999 ACRES),,AREA OPERATED,UNITED STATES,US,99,
FIELD CROPS,00000000,00,US TOTAL,,,2022,,ALL CLASSES,7.3,"CORN, SILAGE - ACRES HARVESTED",2024-07-02 12:00:00.000,CORN,,SILAGE,ANNUAL,,ACRES,,NATIONAL,US TOTAL,CROPS,ALL PRODUCTION PRACTICES,00,CENSUS,,,9000,AREA HARVESTED,,"42,865",YEAR,AREA OPERATED: (70.0 TO 99.9 ACRES),,AREA OPERATED,UNITED STATES,US,99,
FIELD CROPS,00000000,00,US TOTAL,,,2022,,ALL CLASSES,38.3,"CORN, SILAGE - ACRES HARVESTED",2024-07-02 12:00:00.000,CORN,,SILAGE,ANNUAL,,ACRES,,NATIONAL,US TOTAL,CROPS,ALL PRODUCTION PRACTICES,00,CENSUS,,,9000,AREA HARVESTED,,706,YEAR,"ECONOMIC CLASS: (1,000 TO 2,499 $)",,ECONOMIC CLASS,UNITED STATES,US,99,
FIELD CROPS,00000000,00,US TOTAL,,,2022,,ALL CLASSES,3.9,"CORN, SILAGE - ACRES HARVESTED",2024-07-02 12:00:00.000,CORN,,SILAGE,ANNUAL,,ACRES,,NATIONAL,US TOTAL,CROPS,ALL PRODUCTION PRACTICES,00,CENSUS,,,9000,AREA HARVESTED,,"4,489,019",YEAR,"ECONOMIC CLASS: (1,000,000 OR MORE $)",,ECONOMIC CLASS,UNITED STATES,US,99,
FIELD CROPS,00000000,00,US TOTAL,,,2022,,ALL CLASSES,5.9,"CORN, SILAGE - ACRES HARVESTED",2024-07-02 12:00:00.000,CORN,,SILAGE,ANNUAL,,ACRES,,NATIONAL,US TOTAL,CROPS,ALL PRODUCTION PRACTICES,00,CENSUS,,,9000,AREA HARVESTED,,"17,996",YEAR,"ECONOMIC CLASS: (10,000 TO 24,999 $)",,ECONOMIC CLASS,UNITED STATES,US,99,
FIELD CROPS,00000000,00,US TOTAL,,,2022,,ALL CLASSES,11.1,"CORN, SILAGE - ACRES HARVESTED",2024-07-02 12:00:00.000,CORN,,SILAGE,ANNUAL,,ACRES,,NATIONAL,US TOTAL,CROPS,ALL PRODUCTION PRACTICES,00,CENSUS,,,9000,AREA HARVESTED,,"264,771",YEAR,"ECONOMIC CLASS: (100,000 TO 249,999 $)",,ECONOMIC CLASS,UNITED STATES,US,99,
FIELD CROPS,00000000,00,US TOTAL,,,2022,,ALL CLASSES,19.8,"CORN, SILAGE - ACRES HARVESTED",2024-07-02 12:00:00.000,CORN,,SILAGE,ANNUAL,,ACRES,,NATIONAL,US TOTAL,CROPS,ALL PRODUCTION PRACTICES,00,CENSUS,,,9000,AREA HARVESTED,,"2,190",YEAR,"ECONOMIC CLASS: (2,500 TO 4,999 $)",,ECONOMIC CLASS,UNITED STATES,US,99,
FIELD CROPS,00000000,00,US TOTAL,,,2022,,ALL CLASSES,8.8,"CORN, SILAGE - ACRES HARVESTED",2024-07-02 12:00:00.000,CORN,,SILAGE,ANNUAL,,ACRES,,NATIONAL,US TOTAL,CROPS,ALL PRODUCTION PRACTICES,00,CENSUS,,,9000,AREA HARVESTED,,"38,857",YEAR,"ECONOMIC CLASS: (25,000 TO 49,999 $)",,ECONOMIC CLASS,UNITED STATES,US,99,
FIELD CROPS,00000000,00,US TOTAL,,,2022,,ALL CLASSES,10.5,"CORN, SILAGE - ACRES HARVESTED",2024-07-02 12:00:00.000,CORN,,SILAGE,ANNUAL,,ACRES,,NATIONAL,US TOTAL,CROPS,ALL PRODUCTION PRACTICES,00,CENSUS,,,9000,AREA HARVESTED,,"407,879",YEAR,"ECONOMIC CLASS: (250,000 TO 499,999 $)",,ECONOMIC CLASS,UNITED STATES,US,99,
FIELD CROPS,00000000,00,US TOTAL,,,2022,,ALL CLASSES,11.1,"CORN, SILAGE - ACRES HARVESTED",2024-07-02 12:00:00.000,CORN,,SILAGE,ANNUAL,,ACRES,,NATIONAL,US TOTAL,CROPS,ALL PRODUCTION PRACTICES,00,CENSUS,,,9000,AREA HARVESTED,,"5,630",YEAR,"ECONOMIC CLASS: (5,000 TO 9,999 $)",,ECONOMIC CLASS,UNITED STATES,US,99,
FIELD CROPS,00000000,00,US TOTAL,,,2022,,ALL CLASSES,8.7,"CORN, SILAGE - ACRES HARVESTED",2024-07-02 12:00:00.000,CORN,,SILAGE,ANNUAL,,ACRES,,NATIONAL,US TOTAL,CROPS,ALL PRODUCTION PRACTICES,00,CENSUS,,,9000,AREA HARVESTED,,"90,281",YEAR,"ECONOMIC CLASS: (50,000 TO 99,999 $)",,ECONOMIC CLASS,UNITED STATES,US,99,
FIELD CROPS,00000000,00,US TOTAL,,,2022,,ALL CLASSES,14.1,"CORN, SILAGE - ACRES HARVESTED",2024-07-02 12:00:00.000,CORN,,SILAGE,ANNUAL,,ACRES,,NATIONAL,US TOTAL,CROPS,ALL PRODUCTION PRACTICES,00,CENSUS,,,9000,AREA HARVESTED,,"660,639",YEAR,"ECONOMIC CLASS: (500,000 TO 999,999 $)",,ECONOMIC CLASS,UNITED STATES,US,99,
FIELD CROPS,00000000,00,US TOTAL,,,2022,,ALL CLASSES,16.0,"CORN, SILAGE - ACRES HARVESTED",2024-07-02 12:00:00.000,CORN,,SILAGE,ANNUAL,,ACRES,,NATIONAL,US TOTAL,CROPS,ALL PRODUCTION PRACTICES,00,CENSUS,,,9000,AREA HARVESTED,,449,YEAR,"ECONOMIC CLASS: (LESS THAN 1,000 $)",,ECONOMIC CLASS,UNITED STATES,US,99,
FIELD CROPS,00000000,00,US TOTAL,,,2022,,ALL CLASSES,39.5,"CORN, SILAGE - ACRES HARVESTED",2024-07-02 12:00:00.000,CORN,,SILAGE,ANNUAL,,ACRES,,NATIONAL,US TOTAL,CROPS,ALL PRODUCTION PRACTICES,00,CENSUS,,,9000,AREA HARVESTED,,795,YEAR,"FARM SALES: (1,000 TO 2,499 $)",,FARM SALES,UNITED STATES,US,99,
FIELD CROPS,00000000,00,US TOTAL,,,2022,,ALL CLASSES,4.2,"CORN, SILAGE - ACRES HARVESTED",2024-07-02 12:00:00.000,CORN,,SILAGE,ANNUAL,,ACRES,,NATIONAL,US TOTAL,CROPS,ALL PRODUCTION PRACTICES,00,CENSUS,,,9000,AREA HARVESTED,,"4,435,519",YEAR,"FARM SALES: (1,000,000 OR MORE $)",,FARM SALES,UNITED STATES,US,99,
FIELD CROPS,00000000,00,US TOTAL,,,2022,,ALL CLASSES,9.3,"CORN, SILAGE - ACRES HARVESTED",2024-07-02 12:00:00.000,CORN,,SILAGE,ANNUAL,,ACRES,,NATIONAL,US TOTAL,CROPS,ALL PRODUCTION PRACTICES,00,CENSUS,,,9000,AREA HARVESTED,,"18,763",YEAR,"FARM SALES: (10,000 TO 24,999 $)",,FARM SALES,UNITED STATES,US,99,
FIELD CROPS,00000000,00,US TOTAL,,,2022,,ALL CLASSES,10.3,"CORN, SILAGE - ACRES HARVESTED",2024-07-02 12:00:00.000,CORN,,SILAGE,ANNUAL,,ACRES,,NATIONAL,US TOTAL,CROPS,ALL PRODUCTION PRACTICES,00,CENSUS,,,9000,AREA HARVESTED,,"276,188",YEAR,"FARM SALES: (100,000 TO 249,999 $)",,FARM SALES,UNITED STATES,US,99,
FIELD CROPS,00000000,00,US TOTAL,,,2022,,ALL CLASSES,19.9,"CORN, SILAGE - ACRES HARVESTED",2024-07-02 12:00:00.000,CORN,,SILAGE,ANNUAL,,ACRES,,NATIONAL,US TOTAL,CROPS,ALL PRODUCTION PRACTICES,00,CENSUS,,,9000,AREA HARVESTED,,"2,336",YEAR,"FARM SALES: (2,500 TO 4,999 $)",,FARM SALES,UNITED STATES,US,99,
FIELD CROPS,00000000,00,US TOTAL,,,2022,,ALL CLASSES,6.6,"CORN, SILAGE - ACRES HARVESTED",2024-07-02 12:00:00.000,CORN,,SILAGE,ANNUAL,,ACRES,,NATIONAL,US TOTAL,CROPS,ALL PRODUCTION PRACTICES,00,CENSUS,,,9000,AREA HARVESTED,,"40,947",YEAR,"FARM SALES: (25,000 TO 49,999 $)",,FARM SALES,UNITED STATES,US,99,
FIELD CROPS,00000000,00,US TOTAL,,,2022,,ALL CLASSES,10.4,"CORN, SILAGE - ACRES HARVESTED",2024-07-02 12:00:00.000,CORN,,SILAGE,ANNUAL,,ACRES,,NATIONAL,US TOTAL,CROPS,ALL PRODUCTION PRACTICES,00,CENSUS,,,9000,AREA HARVESTED,,"432,449",YEAR,"FARM SALES: (250,000 TO 499,999 $)",,FARM SALES,UNITED STATES,US,99,
FIELD CROPS,00000000,00,US TOTAL,,,2022,,ALL CLASSES,10.6,"CORN, SILAGE - ACRES HARVESTED",2024-07-02 12:00:00.000,CORN,,SILAGE,ANNUAL,,ACRES,,NATIONAL,US TOTAL,CROPS,ALL PRODUCTION PRACTICES,00,CENSUS,,,9000,AREA HARVESTED,,"6,044",YEAR,"FARM SALES: (5,000 TO 9,999 $)",,FARM SALES,UNITED STATES,US,99,
FIELD CROPS,00000000,00,US TOTAL,,,2022,,ALL CLASSES,11.6,"CORN, SILAGE - ACRES HARVESTED",2024-07-02 12:00:00.000,CORN,,SILAGE,ANNUAL,,ACRES,,NATIONAL,US TOTAL,CROPS,ALL PRODUCTION PRACTICES,00,CENSUS,,,9000,AREA HARVESTED,,"92,587",YEAR,"FARM SALES: (50,000 TO 99,999 $)",,FARM SALES,UNITED STATES,US,99,
FIELD CROPS,00000000,00,US TOTAL,,,2022,,ALL CLASSES,16.3,"CORN, SILAGE - ACRES HARVESTED",2024-07-02 12:00:00.000,CORN,,SILAGE,ANNUAL,,ACRES,,NATIONAL,US TOTAL,CROPS,ALL PRODUCTION PRACTICES,00,CENSUS,,,9000,AREA HARVESTED,,"672,323",YEAR,"FARM SALES: (500,000 TO 999,999 $)",,FARM SALES,UNITED STATES,US,99,
FIELD CROPS,00000000,00,US TOTAL,,,2022,,ALL CLASSES,15.5,"CORN, SILAGE - ACRES HARVESTED",2024-07-02 12:00:00.000,CORN,,SILAGE,ANNUAL,,ACRES,,NATIONAL,US TOTAL,CROPS,ALL PRODUCTION PRACTICES,00,CENSUS,,,9000,AREA HARVESTED,,466,YEAR,"FARM SALES: (LESS THAN 1,000 $)",,FARM SALES,UNITED STATES,US,99,
FIELD CROPS,00000000,00,US TOTAL,,,2022,,ALL CLASSES,6.6,"CORN, SILAGE - ACRES HARVESTED",2024-07-02 12:00:00.000,CORN,,SILAGE,ANNUAL,,ACRES,,NATIONAL,US TOTAL,CROPS,ALL PRODUCTION PRACTICES,00,CENSUS,,,9000,AREA HARVESTED,,"2,085,818",YEAR,NAICS CLASSIFICATION: (1111),,NAICS CLASSIFICATION,UNITED STATES,US,99,
FIELD CROPS,00000000,00,US TOTAL,,,2022,,ALL CLASSES,17.9,"CORN, SILAGE - ACRES HARVESTED",2024-07-02 12:00:00.000,CORN,,SILAGE,ANNUAL,,ACRES,,NATIONAL,US TOTAL,CROPS,ALL PRODUCTION PRACTICES,00,CENSUS,,,9000,AREA HARVESTED,,"71,734",YEAR,NAICS CLASSIFICATION: (1112),,NAICS CLASSIFICATION,UNITED STATES,US,99,
FIELD CROPS,00000000,00,US TOTAL,,,2022,,ALL CLASSES,19.2,"CORN, SILAGE - ACRES HARVESTED",2024-07-02 12:00:00.000,CORN,,SILAGE,ANNUAL,,ACRES,,NATIONAL,US TOTAL,CROPS,ALL PRODUCTION PRACTICES,00,CENSUS,,,9000,AREA HARVESTED,,"26,116",YEAR,NAICS CLASSIFICATION: (1113),,NAICS CLASSIFICATION,UNITED STATES,US,99,
FIELD CROPS,00000000,00,US TOTAL,,,2022,,ALL CLASSES,29.7,"CORN, SILAGE - ACRES HARVESTED",2024-07-02 12:00:00.000,CORN,,SILAGE,ANNUAL,,ACRES,,NATIONAL,US TOTAL,CROPS,ALL PRODUCTION PRACTICES,00,CENSUS,,,9000,AREA HARVESTED,,"5,521",YEAR,NAICS CLASSIFICATION: (1114),,NAICS CLASSIFICATION,UNITED STATES,US,99,
FIELD CROPS,00000000,00,US TOTAL,,,2022,,ALL CLASSES,7.9,"CORN, SILAGE - ACRES HARVESTED",2024-07-02 12:00:00.000,CORN,,SILAGE,ANNUAL,,ACRES,,NATIONAL,US TOTAL,CROPS,ALL PRODUCTION PRACTICES,00,CENSUS,,,9000,AREA HARVESTED,,"388,439",YEAR,NAICS CLASSIFICATION: (1119),,NAICS CLASSIFICATION,UNITED STATES,US,99,
FIELD CROPS,00000000,00,US TOTAL,,,2022,,ALL CLASSES,13.2,"CORN, SILAGE - ACRES HARVESTED",2024-07-02 12:00:00.000,CORN,,SILAGE,ANNUAL,,ACRES,,NATIONAL,US TOTAL,CROPS,ALL PRODUCTION PRACTICES,00,CENSUS,,,9000,AREA HARVESTED,,"2,312",YEAR,NAICS CLASSIFICATION: (11191),,NAICS CLASSIFICATION,UNITED STATES,US,99,
FIELD CROPS,00000000,00,US TOTAL,,,2022,,ALL CLASSES,17.0,"CORN, SILAGE - ACRES HARVESTED",2024-07-02 12:00:00.000,CORN,,SILAGE,ANNUAL,,ACRES,,NATIONAL,US TOTAL,CROPS,ALL PRODUCTION PRACTICES,00,CENSUS,,,9000,AREA HARVESTED,,"18,156",YEAR,NAICS CLASSIFICATION: (11192),,NAICS CLASSIFICATION,UNITED STATES,US,99,
FIELD CROPS,00000000,00,US TOTAL,,,2022,,ALL CLASSES,8.5,"CORN, SILAGE - ACRES HARVESTED",2024-07-02 12:00:00.000,CORN,,SILAGE,ANNUAL,,ACRES,,NATIONAL,US TOTAL,CROPS,ALL PRODUCTION PRACTICES,00,CENSUS,,,9000,AREA HARVESTED,,"367,971",YEAR,NAICS CLASSIFICATION: (11193 & 11194 & 11199),,NAICS CLASSIFICATION,UNITED STATES,US,99,
FIELD CROPS,00000000,00,US TOTAL,,,2022,,ALL CLASSES,5.8,"CORN, SILAGE - ACRES HARVESTED",2024-07-02 12:00:00.000,CORN,,SILAGE,ANNUAL,,ACRES,,NATIONAL,US TOTAL,CROPS,ALL PRODUCTION PRACTICES,00,CENSUS,,,9000,AREA HARVESTED,,"425,913",YEAR,NAICS CLASSIFICATION: (112111),,NAICS CLASSIFICATION,UNITED STATES,US,99,
FIELD CROPS,00000000,00,US TOTAL,,,2022,,ALL CLASSES,7.3,"CORN, SILAGE - ACRES HARVESTED",2024-07-02 12:00:00.000,CORN,,SILAGE,ANNUAL,,ACRES,,NATIONAL,US TOTAL,CROPS,ALL PRODUCTION PRACTICES,00,CENSUS,,,9000,AREA HARVESTED,,"253,447",YEAR,NAICS CLASSIFICATION: (112112),,NAICS CLASSIFICATION,UNITED STATES,US,99,
FIELD CROPS,00000000,00,US TOTAL,,,2022,,ALL CLASSES,4.1,"CORN, SILAGE - ACRES HARVESTED",2024-07-02 12:00:00.000,CORN,,SILAGE,ANNUAL,,ACRES,,NATIONAL,US TOTAL,CROPS,ALL PRODUCTION PRACTICES,00,CENSUS,,,9000,AREA HARVESTED,,"2,635,391",YEAR,NAICS CLASSIFICATION: (11212),,NAICS CLASSIFICATION,UNITED STATES,US,99,
FIELD CROPS,00000000,00,US TOTAL,,,2022,,ALL CLASSES,14.7,"CORN, SILAGE - ACRES HARVESTED",2024-07-02 12:00:00.000,CORN,,SILAGE,ANNUAL,,ACRES,,NATIONAL,US TOTAL,CROPS,ALL PRODUCTION PRACTICES,00,CENSUS,,,9000,AREA HARVESTED,,"22,330",YEAR,NAICS CLASSIFICATION: (1122),,NAICS CLASSIFICATION,UNITED STATES,US,99,
FIELD CROPS,00000000,00,US TOTAL,,,2022,,ALL CLASSES,7.2,"CORN, SILAGE - ACRES HARVESTED",2024-07-02 12:00:00.000,CORN,,SILAGE,ANNUAL,,ACRES,,NATIONAL,US TOTAL,CROPS,ALL PRODUCTION PRACTICES,00,CENSUS,,,9000,AREA HARVESTED,,"27,826",YEAR,NAICS CLASSIFICATION: (1123),,NAICS CLASSIFICATION,UNITED STATES,US,99,
FIELD CROPS,00000000,00,US TOTAL,,,2022,,ALL CLASSES,2.6,"CORN, SILAGE - ACRES HARVESTED",2024-07-02 12:00:00.000,CORN,,SILAGE,ANNUAL,,ACRES,,NATIONAL,US TOTAL,CROPS,ALL PRODUCTION PRACTICES,00,CENSUS,,,9000,AREA HARVESTED,,"2,406",YEAR,NAICS CLASSIFICATION: (1124),,NAICS CLASSIFICATION,UNITED STATES,US,99,
FIELD CROPS,00000000,00,US TOTAL,,,2022,,ALL CLASSES,9.1,"CORN, SILAGE - ACRES HARVESTED",2024-07-02 12:00:00.000,CORN,,SILAGE,ANNUAL,,ACRES,,NATIONAL,US TOTAL,CROPS,ALL PRODUCTION PRACTICES,00,CENSUS,,,9000,AREA HARVESTED,,"33,476",YEAR,NAICS CLASSIFICATION: (1125 & 1129),,NAICS CLASSIFICATION,UNITED STATES,US,99,
FIELD CROPS,00000000,00,US TOTAL,,,2022,,ALL CLASSES,3.2,"CORN, SILAGE - ACRES HARVESTED",2025-08-19 12:00:00.000,CORN,,SILAGE,ANNUAL,,ACRES,,NATIONAL,US TOTAL,CROPS,ALL PRODUCTION PRACTICES,00,CENSUS,,,9000,AREA HARVESTED,,"5,978,417",YEAR,NOT SPECIFIED,,TOTAL,UNITED STATES,US,99,
FIELD CROPS,00000000,00,US TOTAL,,,2022,,ALL CLASSES,3.9,"CORN, GRAIN, IRRIGATED - ACRES HARVESTED",2024-07-02 12:00:00.000,CORN,,GRAIN,ANNUAL,,ACRES,,NATIONAL,US TOTAL,CROPS,IRRIGATED,00,CENSUS,,,9000,AREA HARVESTED,,"5,561,379",YEAR,"AREA HARVESTED: (1,000 OR MORE ACRES)",,AREA HARVESTED,UNITED STATES,US,99,
FIELD CROPS,00000000,00,US TOTAL,,,2022,,ALL CLASSES,6.8,"CORN, GRAIN, IRRIGATED - ACRES HARVESTED",2024-07-02 12:00:00.000,CORN,,GRAIN,ANNUAL,,ACRES,,NATIONAL,US TOTAL,CROPS,IRRIGATED,00,CENSUS,,,9000,AREA HARVESTED,,"2,876,646",YEAR,"AREA HARVESTED: (1,000 TO 1,999 ACRES)",,AREA HARVESTED,UNITED STATES,US,99,
FIELD CROPS,00000000,00,US TOTAL,,,2022,,ALL CLASSES,6.7,"CORN, GRAIN, IRRIGATED - ACRES HARVESTED",2024-07-02 12:00:00.000,CORN,,GRAIN,ANNUAL,,ACRES,,NATIONAL,US TOTAL,CROPS,IRRIGATED,00,CENSUS,,,9000,AREA HARVESTED,,"7,138",YEAR,AREA HARVESTED: (1.0 TO 14.9 ACRES),,AREA HARVESTED,UNITED STATES,US,99,
FIELD CROPS,00000000,00,US TOTAL,,,2022,,ALL CLASSES,5.9,"CORN, GRAIN, IRRIGATED - ACRES HARVESTED",2024-07-02 12:00:00.000,CORN,,GRAIN,ANNUAL,,ACRES,,NATIONAL,US TOTAL,CROPS,IRRIGATED,00,CENSUS,,,9000,AREA HARVESTED,,"945,747",YEAR,AREA HARVESTED: (100 TO 249 ACRES),,AREA HARVESTED,UNITED STATES,US,99,
FIELD CROPS,00000000,00,US TOTAL,,,2022,,ALL CLASSES,11.2,"CORN, GRAIN, IRRIGATED - ACRES HARVESTED",2024-07-02 12:00:00.000,CORN,,GRAIN,ANNUAL,,ACRES,,NATIONAL,US TOTAL,CROPS,IRRIGATED,00,CENSUS,,,9000,AREA HARVESTED,,"11,987",YEAR,AREA HARVESTED: (15.0 TO 24.9 ACRES),,AREA HARVESTED,UNITED STATES,US,99,
FIELD CROPS,00000000,00,US TOTAL,,,2022,,ALL CLASSES,5.1,"CORN, GRAIN, IRRIGATED - ACRES HARVESTED",2024-07-02 12:00:00.000,CORN,,GRAIN,ANNUAL,,ACRES,,NATIONAL,US TOTAL,CROPS,IRRIGATED,00,CENSUS,,,9000,AREA HARVESTED,,"1,252,977",YEAR,"AREA HARVESTED: (2,000 TO 2,999 ACRES)",,AREA HARVESTED,UNITED STATES,US,99,
FIELD CROPS,00000000,00,US TOTAL,,,2022,,ALL CLASSES,5.6,"CORN, GRAIN, IRRIGATED - ACRES HARVESTED",2024-07-02 12:00:00.000,CORN,,GRAIN,ANNUAL,,ACRES,,NATIONAL,US TOTAL,CROPS,IRRIGATED,00,CENSUS,,,9000,AREA HARVESTED,,"55,397",YEAR,AREA HARVESTED: (25.0 TO 49.9 ACRES),,AREA HARVESTED,UNITED STATES,US,99,
FIELD CROPS,00000000,00,US TOTAL,,,2022,,ALL CLASSES,4.6,"CORN, GRAIN, IRRIGATED - ACRES HARVESTED",2024-07-02 12:00:00.000,CORN,,GRAIN,ANNUAL,,ACRES,,NATIONAL,US TOTAL,CROPS,IRRIGATED,00,CENSUS,,,9000,AREA HARVESTED,,"1,658,545",YEAR,AREA HARVESTED: (250 TO 499 ACRES),,AREA HARVESTED,UNITED STATES,US,99,
FIELD CROPS,00000000,00,US TOTAL,,,2022,,ALL CLASSES,5.0,"CORN, GRAIN, IRRIGATED - ACRES HARVESTED",2024-07-02 12:00:00.000,CORN,,GRAIN,ANNUAL,,ACRES,,NATIONAL,US TOTAL,CROPS,IRRIGATED,00,CENSUS,,,9000,AREA HARVESTED,,"820,036",YEAR,"AREA HARVESTED: (3,000 TO 4,999 ACRES)",,AREA HARVESTED,UNITED STATES,US,99,
FIELD CROPS,00000000,00,US TOTAL,,,2022,,ALL CLASSES,6.5,"CORN, GRAIN, IRRIGATED - ACRES HARVESTED",2024-07-02 12:00:00.000,CORN,,GRAIN,ANNUAL,,ACRES,,NATIONAL,US TOTAL,CROPS,IRRIGATED,00,CENSUS,,,9000,AREA HARVESTED,,"611,720",YEAR,"AREA HARVESTED: (5,000 OR MORE ACRES)",,AREA HARVESTED,UNITED STATES,US,99,
FIELD CROPS,00000000,00,US TOTAL,,,2022,,ALL CLASSES,8.4,"CORN, GRAIN, IRRIGATED - ACRES HARVESTED",2024-07-02 12:00:00.000,CORN,,GRAIN,ANNUAL,,ACRES,,NATIONAL,US TOTAL,CROPS,IRRIGATED,00,CENSUS,,,9000,AREA HARVESTED,,"213,198",YEAR,AREA HARVESTED: (50.0 TO 99.9 ACRES),,AREA HARVESTED,UNITED STATES,US,99,
FIELD CROPS,00000000,00,US TOTAL,,,2022,,ALL CLASSES,5.7,"CORN, GRAIN, IRRIGATED - ACRES HARVESTED",2024-07-02 12:00:00.000,CORN,,GRAIN,ANNUAL,,ACRES,,NATIONAL,US TOTAL,CROPS,IRRIGATED,00,CENSUS,,,9000,AREA HARVESTED,,"2,547,259",YEAR,AREA HARVESTED: (500 TO 999 ACRES),,AREA HARVESTED,UNITED STATES,US,99,
FIELD CROPS,00000000,00,US TOTAL,,,2022,,ALL CLASSES,7.0,"CORN, GRAIN, IRRIGATED - ACRES HARVESTED",2024-07-02 12:00:00.000,CORN,,GRAIN,ANNUAL,,ACRES,,NATIONAL,US TOTAL,CROPS,IRRIGATED,00,CENSUS,,,9000,AREA HARVESTED,,"2,225,225",YEAR,"AREA OPERATED: (1,000 TO 1,999 ACRES)",,AREA OPERATED,UNITED STATES,US,99,
FIELD CROPS,00000000,00,US TOTAL,,,2022,,ALL CLASSES,18.8,"CORN, GRAIN, IRRIGATED - ACRES HARVESTED",2024-07-02 12:00:00.000,CORN,,GRAIN,ANNUAL,,ACRES,,NATIONAL,US TOTAL,CROPS,IRRIGATED,00,CENSUS,,,9000,AREA HARVESTED,,"1,053",YEAR,AREA OPERATED: (1.0 TO 9.9 ACRES),,AREA OPERATED,UNITED STATES,US,99,
FIELD CROPS,00000000,00,US TOTAL,,,2022,,ALL CLASSES,9.4,"CORN, GRAIN, IRRIGATED - ACRES HARVESTED",2024-07-02 12:00:00.000,CORN,,GRAIN,ANNUAL,,ACRES,,NATIONAL,US TOTAL,CROPS,IRRIGATED,00,CENSUS,,,9000,AREA HARVESTED,,"15,192",YEAR,AREA OPERATED: (10.0 TO 49.9 ACRES),,AREA OPERATED,UNITED STATES,US,99,
FIELD CROPS,00000000,00,US TOTAL,,,2022,,ALL CLASSES,13.5,"CORN, GRAIN, IRRIGATED - ACRES HARVESTED",2024-07-02 12:00:00.000,CORN,,GRAIN,ANNUAL,,ACRES,,NATIONAL,US TOTAL,CROPS,IRRIGATED,00,CENSUS,,,9000,AREA HARVESTED,,"42,579",YEAR,AREA OPERATED: (100 TO 139 ACRES),,AREA OPERATED,UNITED STATES,US,99,
FIELD CROPS,00000000,00,US TOTAL,,,2022,,ALL CLASSES,10.1,"CORN, GRAIN, IRRIGATED - ACRES HARVESTED",2024-07-02 12:00:00.000,CORN,,GRAIN,ANNUAL,,ACRES,,NATIONAL,US TOTAL,CROPS,IRRIGATED,00,CENSUS,,,9000,AREA HARVESTED,,"101,095",YEAR,AREA OPERATED: (140 TO 179 ACRES),,AREA OPERATED,UNITED STATES,US,99,
FIELD CROPS,00000000,00,US TOTAL,,,2022,,ALL CLASSES,23.8,"CORN, GRAIN, IRRIGATED - ACRES HARVESTED",2024-07-02 12:00:00.000,CORN,,GRAIN,ANNUAL,,ACRES,,NATIONAL,US TOTAL,CROPS,IRRIGATED,00,CENSUS,,,9000,AREA HARVESTED,,"61,113",YEAR,AREA OPERATED: (180 TO 219 ACRES),,AREA OPERATED,UNITED STATES,US,99,
FIELD CROPS,00000000,00,US TOTAL,,,2022,,ALL CLASSES,2.7,"CORN, GRAIN, IRRIGATED - ACRES HARVESTED",2024-07-02 12:00:00.000,CORN,,GRAIN,ANNUAL,,ACRES,,NATIONAL,US TOTAL,CROPS,IRRIGATED,00,CENSUS,,,9000,AREA HARVESTED,,"6,606,936",YEAR,"AREA OPERATED: (2,000 OR MORE ACRES)",,AREA OPERATED,UNITED STATES,US,99,
FIELD CROPS,00000000,00,US TOTAL,,,2022,,ALL CLASSES,20.5,"CORN, GRAIN, IRRIGATED - ACRES HARVESTED",2024-07-02 12:00:00.000,CORN,,GRAIN,ANNUAL,,ACRES,,NATIONAL,US TOTAL,CROPS,IRRIGATED,00,CENSUS,,,9000,AREA HARVESTED,,"80,101",YEAR,AREA OPERATED: (220 TO 259 ACRES),,AREA OPERATED,UNITED STATES,US,99,
FIELD CROPS,00000000,00,US TOTAL,,,2022,,ALL CLASSES,9.3,"CORN, GRAIN, IRRIGATED - ACRES HARVESTED",2024-07-02 12:00:00.000,CORN,,GRAIN,ANNUAL,,ACRES,,NATIONAL,US TOTAL,CROPS,IRRIGATED,00,CENSUS,,,9000,AREA HARVESTED,,"535,970",YEAR,AREA OPERATED: (260 TO 499 ACRES),,AREA OPERATED,UNITED STATES,US,99,
FIELD CROPS,00000000,00,US TOTAL,,,2022,,ALL CLASSES,11.9,"CORN, GRAIN, IRRIGATED - ACRES HARVESTED",2024-07-02 12:00:00.000,CORN,,GRAIN,ANNUAL,,ACRES,,NATIONAL,US TOTAL,CROPS,IRRIGATED,00,CENSUS,,,9000,AREA HARVESTED,,"10,726",YEAR,AREA OPERATED: (50.0 TO 69.9 ACRES),,AREA OPERATED,UNITED STATES,US,99,
FIELD CROPS,00000000,00,US TOTAL,,,2022,,ALL CLASSES,9.1,"CORN, GRAIN, IRRIGATED - ACRES HARVESTED",2024-07-02 12:00:00.000,CORN,,GRAIN,ANNUAL,,ACRES,,NATIONAL,US TOTAL,CROPS,IRRIGATED,00,CENSUS,,,9000,AREA HARVESTED,,"1,284,908",YEAR,AREA OPERATED: (500 TO 999 ACRES),,AREA OPERATED,UNITED STATES,US,99,
FIELD CROPS,00000000,00,US TOTAL,,,2022,,ALL CLASSES,14.2,"CORN, GRAIN, IRRIGATED - ACRES HARVESTED",2024-07-02 12:00:00.000,CORN,,GRAIN,ANNUAL,,ACRES,,NATIONAL,US TOTAL,CROPS,IRRIGATED,00,CENSUS,,,9000,AREA HARVESTED,,"35,752",YEAR,AREA OPERATED: (70.0 TO 99.9 ACRES),,AREA OPERATED,UNITED STATES,US,99,
FIELD CROPS,00000000,00,US TOTAL,,,2022,,ALL CLASSES,28.9,"CORN, GRAIN, IRRIGATED - ACRES HARVESTED",2024-07-02 12:00:00.000,CORN,,GRAIN,ANNUAL,,ACRES,,NATIONAL,US TOTAL,CROPS,IRRIGATED,00,CENSUS,,,9000,AREA HARVESTED,,550,YEAR,"ECONOMIC CLASS: (1,000 TO 2,499 $)",,ECONOMIC CLASS,UNITED STATES,US,99,
FIELD CROPS,00000000,00,US TOTAL,,,2022,,ALL CLASSES,3.5,"CORN, GRAIN, IRRIGATED - ACRES HARVESTED",2024-07-02 12:00:00.000,CORN,,GRAIN,ANNUAL,,ACRES,,NATIONAL,US TOTAL,CROPS,IRRIGATED,00,CENSUS,,,9000,AREA HARVESTED,,"8,033,710",YEAR,"ECONOMIC CLASS: (1,000,000 OR MORE $)",,ECONOMIC CLASS,UNITED STATES,US,99,
FIELD CROPS,00000000,00,US TOTAL,,,2022,,ALL CLASSES,12.2,"CORN, GRAIN, IRRIGATED - ACRES HARVESTED",2024-07-02 12:00:00.000,CORN,,GRAIN,ANNUAL,,ACRES,,NATIONAL,US TOTAL,CROPS,IRRIGATED,00,CENSUS,,,9000,AREA HARVESTED,,"7,813",YEAR,"ECONOMIC CLASS: (10,000 TO 24,999 $)",,ECONOMIC CLASS,UNITED STATES,US,99,
FIELD CROPS,00000000,00,US TOTAL,,,2022,,ALL CLASSES,12.5,"CORN, GRAIN, IRRIGATED - ACRES HARVESTED",2024-07-02 12:00:00.000,CORN,,GRAIN,ANNUAL,,ACRES,,NATIONAL,US TOTAL,CROPS,IRRIGATED,00,CENSUS,,,9000,AREA HARVESTED,,"408,167",YEAR,"ECONOMIC CLASS: (100,000 TO 249,999 $)",,ECONOMIC CLASS,UNITED STATES,US,99,
FIELD CROPS,00000000,00,US TOTAL,,,2022,,ALL CLASSES,12.9,"CORN, GRAIN, IRRIGATED - ACRES HARVESTED",2024-07-02 12:00:00.000,CORN,,GRAIN,ANNUAL,,ACRES,,NATIONAL,US TOTAL,CROPS,IRRIGATED,00,CENSUS,,,9000,AREA HARVESTED,,"1,115",YEAR,"ECONOMIC CLASS: (2,500 TO 4,999 $)",,ECONOMIC CLASS,UNITED STATES,US,99,
FIELD CROPS,00000000,00,US TOTAL,,,2022,,ALL CLASSES,18.8,"CORN, GRAIN, IRRIGATED - ACRES HARVESTED",2024-07-02 12:00:00.000,CORN,,GRAIN,ANNUAL,,ACRES,,NATIONAL,US TOTAL,CROPS,IRRIGATED,00,CENSUS,,,9000,AREA HARVESTED,,"24,103",YEAR,"ECONOMIC CLASS: (25,000 TO 49,999 $)",,ECONOMIC CLASS,UNITED STATES,US,99,
FIELD CROPS,00000000,00,US TOTAL,,,2022,,ALL CLASSES,7.5,"CORN, GRAIN, IRRIGATED - ACRES HARVESTED",2024-07-02 12:00:00.000,CORN,,GRAIN,ANNUAL,,ACRES,,NATIONAL,US TOTAL,CROPS,IRRIGATED,00,CENSUS,,,9000,AREA HARVESTED,,"747,937",YEAR,"ECONOMIC CLASS: (250,000 TO 499,999 $)",,ECONOMIC CLASS,UNITED STATES,US,99,
FIELD CROPS,00000000,00,US TOTAL,,,2022,,ALL CLASSES,30.6,"CORN, GRAIN, IRRIGATED - ACRES HARVESTED",2024-07-02 12:00:00.000,CORN,,GRAIN,ANNUAL,,ACRES,,NATIONAL,US TOTAL,CROPS,IRRIGATED,00,CENSUS,,,9000,AREA HARVESTED,,"2,685",YEAR,"ECONOMIC CLASS: (5,000 TO 9,999 $)",,ECONOMIC CLASS,UNITED STATES,US,99,
FIELD CROPS,00000000,00,US TOTAL,,,2022,,ALL CLASSES,15.1,"CORN, GRAIN, IRRIGATED - ACRES HARVESTED",2024-07-02 12:00:00.000,CORN,,GRAIN,ANNUAL,,ACRES,,NATIONAL,US TOTAL,CROPS,IRRIGATED,00,CENSUS,,,9000,AREA HARVESTED,,"76,234",YEAR,"ECONOMIC CLASS: (50,000 TO 99,999 $)",,ECONOMIC CLASS,UNITED STATES,US,99,
FIELD CROPS,00000000,00,US TOTAL,,,2022,,ALL CLASSES,5.9,"CORN, GRAIN, IRRIGATED - ACRES HARVESTED",2024-07-02 12:00:00.000,CORN,,GRAIN,ANNUAL,,ACRES,,NATIONAL,US TOTAL,CROPS,IRRIGATED,00,CENSUS,,,9000,AREA HARVESTED,,"1,698,043",YEAR,"ECONOMIC CLASS: (500,000 TO 999,999 $)",,ECONOMIC CLASS,UNITED STATES,US,99,
FIELD CROPS,00000000,00,US TOTAL,,,2022,,ALL CLASSES,11.1,"CORN, GRAIN, IRRIGATED - ACRES HARVESTED",2024-07-02 12:00:00.000,CORN,,GRAIN,ANNUAL,,ACRES,,NATIONAL,US TOTAL,CROPS,IRRIGATED,00,CENSUS,,,9000,AREA HARVESTED,,293,YEAR,"ECONOMIC CLASS: (LESS THAN 1,000 $)",,ECONOMIC CLASS,UNITED STATES,US,99,
FIELD CROPS,00000000,00,US TOTAL,,,2022,,ALL CLASSES,29.1,"CORN, GRAIN, IRRIGATED - ACRES HARVESTED",2024-07-02 12:00:00.000,CORN,,GRAIN,ANNUAL,,ACRES,,NATIONAL,US TOTAL,CROPS,IRRIGATED,00,CENSUS,,,9000,AREA HARVESTED,,575,YEAR,"FARM SALES: (1,000 TO 2,499 $)",,FARM SALES,UNITED STATES,US,99,
FIELD CROPS,00000000,00,US TOTAL,,,2022,,ALL CLASSES,3.5,"CORN, GRAIN, IRRIGATED - ACRES HARVESTED",2024-07-02 12:00:00.000,CORN,,GRAIN,ANNUAL,,ACRES,,NATIONAL,US TOTAL,CROPS,IRRIGATED,00,CENSUS,,,9000,AREA HARVESTED,,"7,961,067",YEAR,"FARM SALES: (1,000,000 OR MORE $)",,FARM SALES,UNITED STATES,US,99,
FIELD CROPS,00000000,00,US TOTAL,,,2022,,ALL CLASSES,11.5,"CORN, GRAIN, IRRIGATED - ACRES HARVESTED",2024-07-02 12:00:00.000,CORN,,GRAIN,ANNUAL,,ACRES,,NATIONAL,US TOTAL,CROPS,IRRIGATED,00,CENSUS,,,9000,AREA HARVESTED,,"8,560",YEAR,"FARM SALES: (10,000 TO 24,999 $)",,FARM SALES,UNITED STATES,US,99,
FIELD CROPS,00000000,00,US TOTAL,,,2022,,ALL CLASSES,13.1,"CORN, GRAIN, IRRIGATED - ACRES HARVESTED",2024-07-02 12:00:00.000,CORN,,GRAIN,ANNUAL,,ACRES,,NATIONAL,US TOTAL,CROPS,IRRIGATED,00,CENSUS,,,9000,AREA HARVESTED,,"417,099",YEAR,"FARM SALES: (100,000 TO 249,999 $)",,FARM SALES,UNITED STATES,US,99,
FIELD CROPS,00000000,00,US TOTAL,,,2022,,ALL CLASSES,14.1,"CORN, GRAIN, IRRIGATED - ACRES HARVESTED",2024-07-02 12:00:00.000,CORN,,GRAIN,ANNUAL,,ACRES,,NATIONAL,US TOTAL,CROPS,IRRIGATED,00,CENSUS,,,9000,AREA HARVESTED,,"1,188",YEAR,"FARM SALES: (2,500 TO 4,999 $)",,FARM SALES,UNITED STATES,US,99,
FIELD CROPS,00000000,00,US TOTAL,,,2022,,ALL CLASSES,18.4,"CORN, GRAIN, IRRIGATED - ACRES HARVESTED",2024-07-02 12:00:00.000,CORN,,GRAIN,ANNUAL,,ACRES,,NATIONAL,US TOTAL,CROPS,IRRIGATED,00,CENSUS,,,9000,AREA HARVESTED,,"25,513",YEAR,"FARM SALES: (25,000 TO 49,999 $)",,FARM SALES,UNITED STATES,US,99,
FIELD CROPS,00000000,00,US TOTAL,,,2022,,ALL CLASSES,8.0,"CORN, GRAIN, IRRIGATED - ACRES HARVESTED",2024-07-02 12:00:00.000,CORN,,GRAIN,ANNUAL,,ACRES,,NATIONAL,US TOTAL,CROPS,IRRIGATED,00,CENSUS,,,9000,AREA HARVESTED,,"772,990",YEAR,"FARM SALES: (250,000 TO 499,999 $)",,FARM SALES,UNITED STATES,US,99,
FIELD CROPS,00000000,00,US TOTAL,,,2022,,ALL CLASSES,27.2,"CORN, GRAIN, IRRIGATED - ACRES HARVESTED",2024-07-02 12:00:00.000,CORN,,GRAIN,ANNUAL,,ACRES,,NATIONAL,US TOTAL,CROPS,IRRIGATED,00,CENSUS,,,9000,AREA HARVESTED,,"2,906",YEAR,"FARM SALES: (5,000 TO 9,999 $)",,FARM SALES,UNITED STATES,US,99,
FIELD CROPS,00000000,00,US TOTAL,,,2022,,ALL CLASSES,12.7,"CORN, GRAIN, IRRIGATED - ACRES HARVESTED",2024-07-02 12:00:00.000,CORN,,GRAIN,ANNUAL,,ACRES,,NATIONAL,US TOTAL,CROPS,IRRIGATED,00,CENSUS,,,9000,AREA HARVESTED,,"86,873",YEAR,"FARM SALES: (50,000 TO 99,999 $)",,FARM SALES,UNITED STATES,US,99,
FIELD CROPS,00000000,00,US TOTAL,,,2022,,ALL CLASSES,5.7,"CORN, GRAIN, IRRIGATED - ACRES HARVESTED",2024-07-02 12:00:00.000,CORN,,GRAIN,ANNUAL,,ACRES,,NATIONAL,US TOTAL,CROPS,IRRIGATED,00,CENSUS,,,9000,AREA HARVESTED,,"1,723,586",YEAR,"FARM SALES: (500,000 TO 999,999 $)",,FARM SALES,UNITED STATES,US,99,
FIELD CROPS,00000000,00,US TOTAL,,,2022,,ALL CLASSES,11.1,"CORN, GRAIN, IRRIGATED - ACRES HARVESTED",2024-07-02 12:00:00.000,CORN,,GRAIN,ANNUAL,,ACRES,,NATIONAL,US TOTAL,CROPS,IRRIGATED,00,CENSUS,,,9000,AREA HARVESTED,,293,YEAR,"FARM SALES: (LESS THAN 1,000 $)",,FARM SALES,UNITED STATES,US,99,
FIELD CROPS,00000000,00,US TOTAL,,,2022,,ALL CLASSES,4.4,"CORN, GRAIN, IRRIGATED - ACRES HARVESTED",2024-07-02 12:00:00.000,CORN,,GRAIN,ANNUAL,,ACRES,,NATIONAL,US TOTAL,CROPS,IRRIGATED,00,CENSUS,,,9000,AREA HARVESTED,,"9,653,415",YEAR,NAICS CLASSIFICATION: (1111),,NAICS CLASSIFICATION,UNITED STATES,US,99,
FIELD CROPS,00000000,00,US TOTAL,,,2022,,ALL CLASSES,9.0,"CORN, GRAIN, IRRIGATED - ACRES HARVESTED",2024-07-02 12:00:00.000,CORN,,GRAIN,ANNUAL,,ACRES,,NATIONAL,US TOTAL,CROPS,IRRIGATED,00,CENSUS,,,9000,AREA HARVESTED,,"197,270",YEAR,NAICS CLASSIFICATION: (1112),,NAICS CLASSIFICATION,UNITED STATES,US,99,
FIELD CROPS,00000000,00,US TOTAL,,,2022,,ALL CLASSES,13.7,"CORN, GRAIN, IRRIGATED - ACRES HARVESTED",2024-07-02 12:00:00.000,CORN,,GRAIN,ANNUAL,,ACRES,,NATIONAL,US TOTAL,CROPS,IRRIGATED,00,CENSUS,,,9000,AREA HARVESTED,,"5,879",YEAR,NAICS CLASSIFICATION: (1113),,NAICS CLASSIFICATION,UNITED STATES,US,99,
FIELD CROPS,00000000,00,US TOTAL,,,2022,,ALL CLASSES,4.2,"CORN, GRAIN, IRRIGATED - ACRES HARVESTED",2024-07-02 12:00:00.000,CORN,,GRAIN,ANNUAL,,ACRES,,NATIONAL,US TOTAL,CROPS,IRRIGATED,00,CENSUS,,,9000,AREA HARVESTED,,"4,495",YEAR,NAICS CLASSIFICATION: (1114),,NAICS CLASSIFICATION,UNITED STATES,US,99,
FIELD CROPS,00000000,00,US TOTAL,,,2022,,ALL CLASSES,5.9,"CORN, GRAIN, IRRIGATED - ACRES HARVESTED",2024-07-02 12:00:00.000,CORN,,GRAIN,ANNUAL,,ACRES,,NATIONAL,US TOTAL,CROPS,IRRIGATED,00,CENSUS,,,9000,AREA HARVESTED,,"514,637",YEAR,NAICS CLASSIFICATION: (1119),,NAICS CLASSIFICATION,UNITED STATES,US,99,
FIELD CROPS,00000000,00,US TOTAL,,,2022,,ALL CLASSES,51.8,"CORN, GRAIN, IRRIGATED - ACRES HARVESTED",2024-07-02 12:00:00.000,CORN,,GRAIN,ANNUAL,,ACRES,,NATIONAL,US TOTAL,CROPS,IRRIGATED,00,CENSUS,,,9000,AREA HARVESTED,,626,YEAR,NAICS CLASSIFICATION: (11191),,NAICS CLASSIFICATION,UNITED STATES,US,99,
FIELD CROPS,00000000,00,US TOTAL,,,2022,,ALL CLASSES,16.3,"CORN, GRAIN, IRRIGATED - ACRES HARVESTED",2024-07-02 12:00:00.000,CORN,,GRAIN,ANNUAL,,ACRES,,NATIONAL,US TOTAL,CROPS,IRRIGATED,00,CENSUS,,,9000,AREA HARVESTED,,"150,499",YEAR,NAICS CLASSIFICATION: (11192),,NAICS CLASSIFICATION,UNITED STATES,US,99,
FIELD CROPS,00000000,00,US TOTAL,,,2022,,ALL CLASSES,3.3,"CORN, GRAIN, IRRIGATED - ACRES HARVESTED",2024-07-02 12:00:00.000,CORN,,GRAIN,ANNUAL,,ACRES,,NATIONAL,US TOTAL,CROPS,IRRIGATED,00,CENSUS,,,9000,AREA HARVESTED,,"363,512",YEAR,NAICS CLASSIFICATION: (11193 & 11194 & 11199),,NAICS CLASSIFICATION,UNITED STATES,US,99,
FIELD CROPS,00000000,00,US TOTAL,,,2022,,ALL CLASSES,7.2,"CORN, GRAIN, IRRIGATED - ACRES HARVESTED",2024-07-02 12:00:00.000,CORN,,GRAIN,ANNUAL,,ACRES,,NATIONAL,US TOTAL,CROPS,IRRIGATED,00,CENSUS,,,9000,AREA HARVESTED,,"180,032",YEAR,NAICS CLASSIFICATION: (112111),,NAICS CLASSIFICATION,UNITED STATES,US,99,
FIELD CROPS,00000000,00,US TOTAL,,,2022,,ALL CLASSES,8.8,"CORN, GRAIN, IRRIGATED - ACRES HARVESTED",2024-07-02 12:00:00.000,CORN,,GRAIN,ANNUAL,,ACRES,,NATIONAL,US TOTAL,CROPS,IRRIGATED,00,CENSUS,,,9000,AREA HARVESTED,,"180,666",YEAR,NAICS CLASSIFICATION: (112112),,NAICS CLASSIFICATION,UNITED STATES,US,99,
FIELD CROPS,00000000,00,US TOTAL,,,2022,,ALL CLASSES,10.0,"CORN, GRAIN, IRRIGATED - ACRES HARVESTED",2024-07-02 12:00:00.000,CORN,,GRAIN,ANNUAL,,ACRES,,NATIONAL,US TOTAL,CROPS,IRRIGATED,00,CENSUS,,,9000,AREA HARVESTED,,"103,938",YEAR,NAICS CLASSIFICATION: (11212),,NAICS CLASSIFICATION,UNITED STATES,US,99,
FIELD CROPS,00000000,00,US TOTAL,,,2022,,ALL CLASSES,22.1,"CORN, GRAIN, IRRIGATED - ACRES HARVESTED",2024-07-02 12:00:00.000,CORN,,GRAIN,ANNUAL,,ACRES,,NATIONAL,US TOTAL,CROPS,IRRIGATED,00,CENSUS,,,9000,AREA HARVESTED,,"90,074",YEAR,NAICS CLASSIFICATION: (1122),,NAICS CLASSIFICATION,UNITED STATES,US,99,
FIELD CROPS,00000000,00,US TOTAL,,,2022,,ALL CLASSES,8.0,"CORN, GRAIN, IRRIGATED - ACRES HARVESTED",2024-07-02 12:00:00.000,CORN,,GRAIN,ANNUAL,,ACRES,,NATIONAL,US TOTAL,CROPS,IRRIGATED,00,CENSUS,,,9000,AREA HARVESTED,,"43,513",YEAR,NAICS CLASSIFICATION: (1123),,NAICS CLASSIFICATION,UNITED STATES,US,99,
FIELD CROPS,00000000,00,US TOTAL,,,2022,,ALL CLASSES,30.2,"CORN, GRAIN, IRRIGATED - ACRES HARVESTED",2024-07-02 12:00:00.000,CORN,,GRAIN,ANNUAL,,ACRES,,NATIONAL,US TOTAL,CROPS,IRRIGATED,00,CENSUS,,,9000,AREA HARVESTED,,"1,943",YEAR,NAICS CLASSIFICATION: (1124),,NAICS CLASSIFICATION,UNITED STATES,US,99,
FIELD CROPS,00000000,00,US TOTAL,,,2022,,ALL CLASSES,4.7,"CORN, GRAIN, IRRIGATED - ACRES HARVESTED",2024-07-02 12:00:00.000,CORN,,GRAIN,ANNUAL,,ACRES,,NATIONAL,US TOTAL,CROPS,IRRIGATED,00,CENSUS,,,9000,AREA HARVESTED,,"24,788",YEAR,NAICS CLASSIFICATION: (1125 & 1129),,NAICS CLASSIFICATION,UNITED STATES,US,99,
FIELD CROPS,00000000,00,US TOTAL,,,2022,,ALL CLASSES,4.1,"CORN, GRAIN, IRRIGATED - ACRES HARVESTED",2025-08-19 12:00:00.000,CORN,,GRAIN,ANNUAL,,ACRES,,NATIONAL,US TOTAL,CROPS,IRRIGATED,00,CENSUS,,,9000,AREA HARVESTED,,"11,000,650",YEAR,NOT SPECIFIED,,TOTAL,UNITED STATES,US,99,
FIELD CROPS,00000000,00,US TOTAL,,,2022,,ALL CLASSES,3.0,"CORN, SILAGE, IRRIGATED - ACRES HARVESTED",2024-07-02 12:00:00.000,CORN,,SILAGE,ANNUAL,,ACRES,,NATIONAL,US TOTAL,CROPS,IRRIGATED,00,CENSUS,,,9000,AREA HARVESTED,,"568,712",YEAR,"AREA HARVESTED: (1,000 OR MORE ACRES)",,AREA HARVESTED,UNITED STATES,US,99,
FIELD CROPS,00000000,00,US TOTAL,,,2022,,ALL CLASSES,11.8,"CORN, SILAGE, IRRIGATED - ACRES HARVESTED",2024-07-02 12:00:00.000,CORN,,SILAGE,ANNUAL,,ACRES,,NATIONAL,US TOTAL,CROPS,IRRIGATED,00,CENSUS,,,9000,AREA HARVESTED,,"2,641",YEAR,AREA HARVESTED: (1.0 TO 14.9 ACRES),,AREA HARVESTED,UNITED STATES,US,99,
FIELD CROPS,00000000,00,US TOTAL,,,2022,,ALL CLASSES,14.6,"CORN, SILAGE, IRRIGATED - ACRES HARVESTED",2024-07-02 12:00:00.000,CORN,,SILAGE,ANNUAL,,ACRES,,NATIONAL,US TOTAL,CROPS,IRRIGATED,00,CENSUS,,,9000,AREA HARVESTED,,"261,426",YEAR,AREA HARVESTED: (100 TO 249 ACRES),,AREA HARVESTED,UNITED STATES,US,99,
FIELD CROPS,00000000,00,US TOTAL,,,2022,,ALL CLASSES,9.9,"CORN, SILAGE, IRRIGATED - ACRES HARVESTED",2024-07-02 12:00:00.000,CORN,,SILAGE,ANNUAL,,ACRES,,NATIONAL,US TOTAL,CROPS,IRRIGATED,00,CENSUS,,,9000,AREA HARVESTED,,"6,531",YEAR,AREA HARVESTED: (15.0 TO 24.9 ACRES),,AREA HARVESTED,UNITED STATES,US,99,
FIELD CROPS,00000000,00,US TOTAL,,,2022,,ALL CLASSES,12.7,"CORN, SILAGE, IRRIGATED - ACRES HARVESTED",2024-07-02 12:00:00.000,CORN,,SILAGE,ANNUAL,,ACRES,,NATIONAL,US TOTAL,CROPS,IRRIGATED,00,CENSUS,,,9000,AREA HARVESTED,,"23,207",YEAR,AREA HARVESTED: (25.0 TO 49.9 ACRES),,AREA HARVESTED,UNITED STATES,US,99,
FIELD CROPS,00000000,00,US TOTAL,,,2022,,ALL CLASSES,11.1,"CORN, SILAGE, IRRIGATED - ACRES HARVESTED",2024-07-02 12:00:00.000,CORN,,SILAGE,ANNUAL,,ACRES,,NATIONAL,US TOTAL,CROPS,IRRIGATED,00,CENSUS,,,9000,AREA HARVESTED,,"323,221",YEAR,AREA HARVESTED: (250 TO 499 ACRES),,AREA HARVESTED,UNITED STATES,US,99,
FIELD CROPS,00000000,00,US TOTAL,,,2022,,ALL CLASSES,5.6,"CORN, SILAGE, IRRIGATED - ACRES HARVESTED",2024-07-02 12:00:00.000,CORN,,SILAGE,ANNUAL,,ACRES,,NATIONAL,US TOTAL,CROPS,IRRIGATED,00,CENSUS,,,9000,AREA HARVESTED,,"71,284",YEAR,AREA HARVESTED: (50.0 TO 99.9 ACRES),,AREA HARVESTED,UNITED STATES,US,99,
FIELD CROPS,00000000,00,US TOTAL,,,2022,,ALL CLASSES,9.6,"CORN, SILAGE, IRRIGATED - ACRES HARVESTED",2024-07-02 12:00:00.000,CORN,,SILAGE,ANNUAL,,ACRES,,NATIONAL,US TOTAL,CROPS,IRRIGATED,00,CENSUS,,,9000,AREA HARVESTED,,"386,378",YEAR,AREA HARVESTED: (500 TO 999 ACRES),,AREA HARVESTED,UNITED STATES,US,99,
FIELD CROPS,00000000,00,US TOTAL,,,2022,,ALL CLASSES,4.2,"CORN, SILAGE, IRRIGATED - ACRES HARVESTED",2024-07-02 12:00:00.000,CORN,,SILAGE,ANNUAL,,ACRES,,NATIONAL,US TOTAL,CROPS,IRRIGATED,00,CENSUS,,,9000,AREA HARVESTED,,"333,213",YEAR,"AREA OPERATED: (1,000 TO 1,999 ACRES)",,AREA OPERATED,UNITED STATES,US,99,
FIELD CROPS,00000000,00,US TOTAL,,,2022,,ALL CLASSES,21.2,"CORN, SILAGE, IRRIGATED - ACRES HARVESTED",2024-07-02 12:00:00.000,CORN,,SILAGE,ANNUAL,,ACRES,,NATIONAL,US TOTAL,CROPS,IRRIGATED,00,CENSUS,,,9000,AREA HARVESTED,,171,YEAR,AREA OPERATED: (1.0 TO 9.9 ACRES),,AREA OPERATED,UNITED STATES,US,99,
FIELD CROPS,00000000,00,US TOTAL,,,2022,,ALL CLASSES,19.2,"CORN, SILAGE, IRRIGATED - ACRES HARVESTED",2024-07-02 12:00:00.000,CORN,,SILAGE,ANNUAL,,ACRES,,NATIONAL,US TOTAL,CROPS,IRRIGATED,00,CENSUS,,,9000,AREA HARVESTED,,"4,838",YEAR,AREA OPERATED: (10.0 TO 49.9 ACRES),,AREA OPERATED,UNITED STATES,US,99,
FIELD CROPS,00000000,00,US TOTAL,,,2022,,ALL CLASSES,27.1,"CORN, SILAGE, IRRIGATED - ACRES HARVESTED",2024-07-02 12:00:00.000,CORN,,SILAGE,ANNUAL,,ACRES,,NATIONAL,US TOTAL,CROPS,IRRIGATED,00,CENSUS,,,9000,AREA HARVESTED,,"13,441",YEAR,AREA OPERATED: (100 TO 139 ACRES),,AREA OPERATED,UNITED STATES,US,99,
FIELD CROPS,00000000,00,US TOTAL,,,2022,,ALL CLASSES,25.5,"CORN, SILAGE, IRRIGATED - ACRES HARVESTED",2024-07-02 12:00:00.000,CORN,,SILAGE,ANNUAL,,ACRES,,NATIONAL,US TOTAL,CROPS,IRRIGATED,00,CENSUS,,,9000,AREA HARVESTED,,"16,859",YEAR,AREA OPERATED: (140 TO 179 ACRES),,AREA OPERATED,UNITED STATES,US,99,
FIELD CROPS,00000000,00,US TOTAL,,,2022,,ALL CLASSES,37.1,"CORN, SILAGE, IRRIGATED - ACRES HARVESTED",2024-07-02 12:00:00.000,CORN,,SILAGE,ANNUAL,,ACRES,,NATIONAL,US TOTAL,CROPS,IRRIGATED,00,CENSUS,,,9000,AREA HARVESTED,,"13,542",YEAR,AREA OPERATED: (180 TO 219 ACRES),,AREA OPERATED,UNITED STATES,US,99,
FIELD CROPS,00000000,00,US TOTAL,,,2022,,ALL CLASSES,3.9,"CORN, SILAGE, IRRIGATED - ACRES HARVESTED",2024-07-02 12:00:00.000,CORN,,SILAGE,ANNUAL,,ACRES,,NATIONAL,US TOTAL,CROPS,IRRIGATED,00,CENSUS,,,9000,AREA HARVESTED,,"853,170",YEAR,"AREA OPERATED: (2,000 OR MORE ACRES)",,AREA OPERATED,UNITED STATES,US,99,
FIELD CROPS,00000000,00,US TOTAL,,,2022,,ALL CLASSES,35.7,"CORN, SILAGE, IRRIGATED - ACRES HARVESTED",2024-07-02 12:00:00.000,CORN,,SILAGE,ANNUAL,,ACRES,,NATIONAL,US TOTAL,CROPS,IRRIGATED,00,CENSUS,,,9000,AREA HARVESTED,,"24,803",YEAR,AREA OPERATED: (220 TO 259 ACRES),,AREA OPERATED,UNITED STATES,US,99,
FIELD CROPS,00000000,00,US TOTAL,,,2022,,ALL CLASSES,17.1,"CORN, SILAGE, IRRIGATED - ACRES HARVESTED",2024-07-02 12:00:00.000,CORN,,SILAGE,ANNUAL,,ACRES,,NATIONAL,US TOTAL,CROPS,IRRIGATED,00,CENSUS,,,9000,AREA HARVESTED,,"121,109",YEAR,AREA OPERATED: (260 TO 499 ACRES),,AREA OPERATED,UNITED STATES,US,99,
FIELD CROPS,00000000,00,US TOTAL,,,2022,,ALL CLASSES,18.6,"CORN, SILAGE, IRRIGATED - ACRES HARVESTED",2024-07-02 12:00:00.000,CORN,,SILAGE,ANNUAL,,ACRES,,NATIONAL,US TOTAL,CROPS,IRRIGATED,00,CENSUS,,,9000,AREA HARVESTED,,"3,046",YEAR,AREA OPERATED: (50.0 TO 69.9 ACRES),,AREA OPERATED,UNITED STATES,US,99,
FIELD CROPS,00000000,00,US TOTAL,,,2022,,ALL CLASSES,16.3,"CORN, SILAGE, IRRIGATED - ACRES HARVESTED",2024-07-02 12:00:00.000,CORN,,SILAGE,ANNUAL,,ACRES,,NATIONAL,US TOTAL,CROPS,IRRIGATED,00,CENSUS,,,9000,AREA HARVESTED,,"250,847",YEAR,AREA OPERATED: (500 TO 999 ACRES),,AREA OPERATED,UNITED STATES,US,99,
FIELD CROPS,00000000,00,US TOTAL,,,2022,,ALL CLASSES,20.0,"CORN, SILAGE, IRRIGATED - ACRES HARVESTED",2024-07-02 12:00:00.000,CORN,,SILAGE,ANNUAL,,ACRES,,NATIONAL,US TOTAL,CROPS,IRRIGATED,00,CENSUS,,,9000,AREA HARVESTED,,"8,361",YEAR,AREA OPERATED: (70.0 TO 99.9 ACRES),,AREA OPERATED,UNITED STATES,US,99,
FIELD CROPS,00000000,00,US TOTAL,,,2022,,ALL CLASSES,(D),"CORN, SILAGE, IRRIGATED - ACRES HARVESTED",2024-07-02 12:00:00.000,CORN,,SILAGE,ANNUAL,,ACRES,,NATIONAL,US TOTAL,CROPS,IRRIGATED,00,CENSUS,,,9000,AREA HARVESTED,,                 (D),YEAR,"ECONOMIC CLASS: (1,000 TO 2,499 $)",,ECONOMIC CLASS,UNITED STATES,US,99,
FIELD CROPS,00000000,00,US TOTAL,,,2022,,ALL CLASSES,4.2,"CORN, SILAGE, IRRIGATED - ACRES HARVESTED",2024-07-02 12:00:00.000,CORN,,SILAGE,ANNUAL,,ACRES,,NATIONAL,US TOTAL,CROPS,IRRIGATED,00,CENSUS,,,9000,AREA HARVESTED,,"1,323,596",YEAR,"ECONOMIC CLASS: (1,000,000 OR MORE $)",,ECONOMIC CLASS,UNITED STATES,US,99,
FIELD CROPS,00000000,00,US TOTAL,,,2022,,ALL CLASSES,22.8,"CORN, SILAGE, IRRIGATED - ACRES HARVESTED",2024-07-02 12:00:00.000,CORN,,SILAGE,ANNUAL,,ACRES,,NATIONAL,US TOTAL,CROPS,IRRIGATED,00,CENSUS,,,9000,AREA HARVESTED,,"1,767",YEAR,"ECONOMIC CLASS: (10,000 TO 24,999 $)",,ECONOMIC CLASS,UNITED STATES,US,99,
FIELD CROPS,00000000,00,US TOTAL,,,2022,,ALL CLASSES,8.6,"CORN, SILAGE, IRRIGATED - ACRES HARVESTED",2024-07-02 12:00:00.000,CORN,,SILAGE,ANNUAL,,ACRES,,NATIONAL,US TOTAL,CROPS,IRRIGATED,00,CENSUS,,,9000,AREA HARVESTED,,"47,121",YEAR,"ECONOMIC CLASS: (100,000 TO 249,999 $)",,ECONOMIC CLASS,UNITED STATES,US,99,
FIELD CROPS,00000000,00,US TOTAL,,,2022,,ALL CLASSES,58.4,"CORN, SILAGE, IRRIGATED - ACRES HARVESTED",2024-07-02 12:00:00.000,CORN,,SILAGE,ANNUAL,,ACRES,,NATIONAL,US TOTAL,CROPS,IRRIGATED,00,CENSUS,,,9000,AREA HARVESTED,,59,YEAR,"ECONOMIC CLASS: (2,500 TO 4,999 $)",,ECONOMIC CLASS,UNITED STATES,US,99,
FIELD CROPS,00000000,00,US TOTAL,,,2022,,ALL CLASSES,13.2,"CORN, SILAGE, IRRIGATED - ACRES HARVESTED",2024-07-02 12:00:00.000,CORN,,SILAGE,ANNUAL,,ACRES,,NATIONAL,US TOTAL,CROPS,IRRIGATED,00,CENSUS,,,9000,AREA HARVESTED,,"4,146",YEAR,"ECONOMIC CLASS: (25,000 TO 49,999 $)",,ECONOMIC CLASS,UNITED STATES,US,99,
FIELD CROPS,00000000,00,US TOTAL,,,2022,,ALL CLASSES,25.7,"CORN, SILAGE, IRRIGATED - ACRES HARVESTED",2024-07-02 12:00:00.000,CORN,,SILAGE,ANNUAL,,ACRES,,NATIONAL,US TOTAL,CROPS,IRRIGATED,00,CENSUS,,,9000,AREA HARVESTED,,"81,708",YEAR,"ECONOMIC CLASS: (250,000 TO 499,999 $)",,ECONOMIC CLASS,UNITED STATES,US,99,
FIELD CROPS,00000000,00,US TOTAL,,,2022,,ALL CLASSES,10.6,"CORN, SILAGE, IRRIGATED - ACRES HARVESTED",2024-07-02 12:00:00.000,CORN,,SILAGE,ANNUAL,,ACRES,,NATIONAL,US TOTAL,CROPS,IRRIGATED,00,CENSUS,,,9000,AREA HARVESTED,,385,YEAR,"ECONOMIC CLASS: (5,000 TO 9,999 $)",,ECONOMIC CLASS,UNITED STATES,US,99,
FIELD CROPS,00000000,00,US TOTAL,,,2022,,ALL CLASSES,9.7,"CORN, SILAGE, IRRIGATED - ACRES HARVESTED",2024-07-02 12:00:00.000,CORN,,SILAGE,ANNUAL,,ACRES,,NATIONAL,US TOTAL,CROPS,IRRIGATED,00,CENSUS,,,9000,AREA HARVESTED,,"11,164",YEAR,"ECONOMIC CLASS: (50,000 TO 99,999 $)",,ECONOMIC CLASS,UNITED STATES,US,99,
FIELD CROPS,00000000,00,US TOTAL,,,2022,,ALL CLASSES,34.8,"CORN, SILAGE, IRRIGATED - ACRES HARVESTED",2024-07-02 12:00:00.000,CORN,,SILAGE,ANNUAL,,ACRES,,NATIONAL,US TOTAL,CROPS,IRRIGATED,00,CENSUS,,,9000,AREA HARVESTED,,"173,419",YEAR,"ECONOMIC CLASS: (500,000 TO 999,999 $)",,ECONOMIC CLASS,UNITED STATES,US,99,
FIELD CROPS,00000000,00,US TOTAL,,,2022,,ALL CLASSES,(D),"CORN, SILAGE, IRRIGATED - ACRES HARVESTED",2024-07-02 12:00:00.000,CORN,,SILAGE,ANNUAL,,ACRES,,NATIONAL,US TOTAL,CROPS,IRRIGATED,00,CENSUS,,,9000,AREA HARVESTED,,                 (D),YEAR,"ECONOMIC CLASS: (LESS THAN 1,000 $)",,ECONOMIC CLASS,UNITED STATES,US,99,
FIELD CROPS,00000000,00,US TOTAL,,,2022,,ALL CLASSES,(D),"CORN, SILAGE, IRRIGATED - ACRES HARVESTED",2024-07-02 12:00:00.000,CORN,,SILAGE,ANNUAL,,ACRES,,NATIONAL,US TOTAL,CROPS,IRRIGATED,00,CENSUS,,,9000,AREA HARVESTED,,                 (D),YEAR,"FARM SALES: (1,000 TO 2,499 $)",,FARM SALES,UNITED STATES,US,99,
FIELD CROPS,00000000,00,US TOTAL,,,2022,,ALL CLASSES,4.0,"CORN, SILAGE, IRRIGATED - ACRES HARVESTED",2024-07-02 12:00:00.000,CORN,,SILAGE,ANNUAL,,ACRES,,NATIONAL,US TOTAL,CROPS,IRRIGATED,00,CENSUS,,,9000,AREA HARVESTED,,"1,309,963",YEAR,"FARM SALES: (1,000,000 OR MORE $)",,FARM SALES,UNITED STATES,US,99,
FIELD CROPS,00000000,00,US TOTAL,,,2022,,ALL CLASSES,18.1,"CORN, SILAGE, IRRIGATED - ACRES HARVESTED",2024-07-02 12:00:00.000,CORN,,SILAGE,ANNUAL,,ACRES,,NATIONAL,US TOTAL,CROPS,IRRIGATED,00,CENSUS,,,9000,AREA HARVESTED,,"2,085",YEAR,"FARM SALES: (10,000 TO 24,999 $)",,FARM SALES,UNITED STATES,US,99,
FIELD CROPS,00000000,00,US TOTAL,,,2022,,ALL CLASSES,8.7,"CORN, SILAGE, IRRIGATED - ACRES HARVESTED",2024-07-02 12:00:00.000,CORN,,SILAGE,ANNUAL,,ACRES,,NATIONAL,US TOTAL,CROPS,IRRIGATED,00,CENSUS,,,9000,AREA HARVESTED,,"50,376",YEAR,"FARM SALES: (100,000 TO 249,999 $)",,FARM SALES,UNITED STATES,US,99,
FIELD CROPS,00000000,00,US TOTAL,,,2022,,ALL CLASSES,56.8,"CORN, SILAGE, IRRIGATED - ACRES HARVESTED",2024-07-02 12:00:00.000,CORN,,SILAGE,ANNUAL,,ACRES,,NATIONAL,US TOTAL,CROPS,IRRIGATED,00,CENSUS,,,9000,AREA HARVESTED,,79,YEAR,"FARM SALES: (2,500 TO 4,999 $)",,FARM SALES,UNITED STATES,US,99,
FIELD CROPS,00000000,00,US TOTAL,,,2022,,ALL CLASSES,14.4,"CORN, SILAGE, IRRIGATED - ACRES HARVESTED",2024-07-02 12:00:00.000,CORN,,SILAGE,ANNUAL,,ACRES,,NATIONAL,US TOTAL,CROPS,IRRIGATED,00,CENSUS,,,9000,AREA HARVESTED,,"4,160",YEAR,"FARM SALES: (25,000 TO 49,999 $)",,FARM SALES,UNITED STATES,US,99,
FIELD CROPS,00000000,00,US TOTAL,,,2022,,ALL CLASSES,25.8,"CORN, SILAGE, IRRIGATED - ACRES HARVESTED",2024-07-02 12:00:00.000,CORN,,SILAGE,ANNUAL,,ACRES,,NATIONAL,US TOTAL,CROPS,IRRIGATED,00,CENSUS,,,9000,AREA HARVESTED,,"87,223",YEAR,"FARM SALES: (250,000 TO 499,999 $)",,FARM SALES,UNITED STATES,US,99,
FIELD CROPS,00000000,00,US TOTAL,,,2022,,ALL CLASSES,10.6,"CORN, SILAGE, IRRIGATED - ACRES HARVESTED",2024-07-02 12:00:00.000,CORN,,SILAGE,ANNUAL,,ACRES,,NATIONAL,US TOTAL,CROPS,IRRIGATED,00,CENSUS,,,9000,AREA HARVESTED,,385,YEAR,"FARM SALES: (5,000 TO 9,999 $)",,FARM SALES,UNITED STATES,US,99,
FIELD CROPS,00000000,00,US TOTAL,,,2022,,ALL CLASSES,9.3,"CORN, SILAGE, IRRIGATED - ACRES HARVESTED",2024-07-02 12:00:00.000,CORN,,SILAGE,ANNUAL,,ACRES,,NATIONAL,US TOTAL,CROPS,IRRIGATED,00,CENSUS,,,9000,AREA HARVESTED,,"11,130",YEAR,"FARM SALES: (50,000 TO 99,999 $)",,FARM SALES,UNITED STATES,US,99,
FIELD CROPS,00000000,00,US TOTAL,,,2022,,ALL CLASSES,37.7,"CORN, SILAGE, IRRIGATED - ACRES HARVESTED",2024-07-02 12:00:00.000,CORN,,SILAGE,ANNUAL,,ACRES,,NATIONAL,US TOTAL,CROPS,IRRIGATED,00,CENSUS,,,9000,AREA HARVESTED,,"177,964",YEAR,"FARM SALES: (500,000 TO 999,999 $)",,FARM SALES,UNITED STATES,US,99,
FIELD CROPS,00000000,00,US TOTAL,,,2022,,ALL CLASSES,(D),"CORN, SILAGE, IRRIGATED - ACRES HARVESTED",2024-07-02 12:00:00.000,CORN,,SILAGE,ANNUAL,,ACRES,,NATIONAL,US TOTAL,CROPS,IRRIGATED,00,CENSUS,,,9000,AREA HARVESTED,,                 (D),YEAR,"FARM SALES: (LESS THAN 1,000 $)",,FARM SALES,UNITED STATES,US,99,
FIELD CROPS,00000000,00,US TOTAL,,,2022,,ALL CLASSES,16.0,"CORN, SILAGE, IRRIGATED - ACRES HARVESTED",2024-07-02 12:00:00.000,CORN,,SILAGE,ANNUAL,,ACRES,,NATIONAL,US TOTAL,CROPS,IRRIGATED,00,CENSUS,,,9000,AREA HARVESTED,,"640,690",YEAR,NAICS CLASSIFICATION: (1111),,NAICS CLASSIFICATION,UNITED STATES,US,99,
FIELD CROPS,00000000,00,US TOTAL,,,2022,,ALL CLASSES,17.7,"CORN, SILAGE, IRRIGATED - ACRES HARVESTED",2024-07-02 12:00:00.000,CORN,,SILAGE,ANNUAL,,ACRES,,NATIONAL,US TOTAL,CROPS,IRRIGATED,00,CENSUS,,,9000,AREA HARVESTED,,"53,418",YEAR,NAICS CLASSIFICATION: (1112),,NAICS CLASSIFICATION,UNITED STATES,US,99,
FIELD CROPS,00000000,00,US TOTAL,,,2022,,ALL CLASSES,16.7,"CORN, SILAGE, IRRIGATED - ACRES HARVESTED",2024-07-02 12:00:00.000,CORN,,SILAGE,ANNUAL,,ACRES,,NATIONAL,US TOTAL,CROPS,IRRIGATED,00,CENSUS,,,9000,AREA HARVESTED,,"23,085",YEAR,NAICS CLASSIFICATION: (1113),,NAICS CLASSIFICATION,UNITED STATES,US,99,
FIELD CROPS,00000000,00,US TOTAL,,,2022,,ALL CLASSES,12.5,"CORN, SILAGE, IRRIGATED - ACRES HARVESTED",2024-07-02 12:00:00.000,CORN,,SILAGE,ANNUAL,,ACRES,,NATIONAL,US TOTAL,CROPS,IRRIGATED,00,CENSUS,,,9000,AREA HARVESTED,,260,YEAR,NAICS CLASSIFICATION: (1114),,NAICS CLASSIFICATION,UNITED STATES,US,99,
FIELD CROPS,00000000,00,US TOTAL,,,2022,,ALL CLASSES,10.6,"CORN, SILAGE, IRRIGATED - ACRES HARVESTED",2024-07-02 12:00:00.000,CORN,,SILAGE,ANNUAL,,ACRES,,NATIONAL,US TOTAL,CROPS,IRRIGATED,00,CENSUS,,,9000,AREA HARVESTED,,"229,590",YEAR,NAICS CLASSIFICATION: (1119),,NAICS CLASSIFICATION,UNITED STATES,US,99,
FIELD CROPS,00000000,00,US TOTAL,,,2022,,ALL CLASSES,24.2,"CORN, SILAGE, IRRIGATED - ACRES HARVESTED",2024-07-02 12:00:00.000,CORN,,SILAGE,ANNUAL,,ACRES,,NATIONAL,US TOTAL,CROPS,IRRIGATED,00,CENSUS,,,9000,AREA HARVESTED,,"10,868",YEAR,NAICS CLASSIFICATION: (11192),,NAICS CLASSIFICATION,UNITED STATES,US,99,
FIELD CROPS,00000000,00,US TOTAL,,,2022,,ALL CLASSES,11.3,"CORN, SILAGE, IRRIGATED - ACRES HARVESTED",2024-07-02 12:00:00.000,CORN,,SILAGE,ANNUAL,,ACRES,,NATIONAL,US TOTAL,CROPS,IRRIGATED,00,CENSUS,,,9000,AREA HARVESTED,,"218,722",YEAR,NAICS CLASSIFICATION: (11193 & 11194 & 11199),,NAICS CLASSIFICATION,UNITED STATES,US,99,
FIELD CROPS,00000000,00,US TOTAL,,,2022,,ALL CLASSES,4.1,"CORN, SILAGE, IRRIGATED - ACRES HARVESTED",2024-07-02 12:00:00.000,CORN,,SILAGE,ANNUAL,,ACRES,,NATIONAL,US TOTAL,CROPS,IRRIGATED,00,CENSUS,,,9000,AREA HARVESTED,,"91,252",YEAR,NAICS CLASSIFICATION: (112111),,NAICS CLASSIFICATION,UNITED STATES,US,99,
FIELD CROPS,00000000,00,US TOTAL,,,2022,,ALL CLASSES,3.9,"CORN, SILAGE, IRRIGATED - ACRES HARVESTED",2024-07-02 12:00:00.000,CORN,,SILAGE,ANNUAL,,ACRES,,NATIONAL,US TOTAL,CROPS,IRRIGATED,00,CENSUS,,,9000,AREA HARVESTED,,"45,798",YEAR,NAICS CLASSIFICATION: (112112),,NAICS CLASSIFICATION,UNITED STATES,US,99,
FIELD CROPS,00000000,00,US TOTAL,,,2022,,ALL CLASSES,2.0,"CORN, SILAGE, IRRIGATED - ACRES HARVESTED",2024-07-02 12:00:00.000,CORN,,SILAGE,ANNUAL,,ACRES,,NATIONAL,US TOTAL,CROPS,IRRIGATED,00,CENSUS,,,9000,AREA HARVESTED,,"552,639",YEAR,NAICS CLASSIFICATION: (11212),,NAICS CLASSIFICATION,UNITED STATES,US,99,
FIELD CROPS,00000000,00,US TOTAL,,,2022,,ALL CLASSES,26.1,"CORN, SILAGE, IRRIGATED - ACRES HARVESTED",2024-07-02 12:00:00.000,CORN,,SILAGE,ANNUAL,,ACRES,,NATIONAL,US TOTAL,CROPS,IRRIGATED,00,CENSUS,,,9000,AREA HARVESTED,,"1,531",YEAR,NAICS CLASSIFICATION: (1122),,NAICS CLASSIFICATION,UNITED STATES,US,99,
FIELD CROPS,00000000,00,US TOTAL,,,2022,,ALL CLASSES,42.2,"CORN, SILAGE, IRRIGATED - ACRES HARVESTED",2024-07-02 12:00:00.000,CORN,,SILAGE,ANNUAL,,ACRES,,NATIONAL,US TOTAL,CROPS,IRRIGATED,00,CENSUS,,,9000,AREA HARVESTED,,451,YEAR,NAICS CLASSIFICATION: (1123),,NAICS CLASSIFICATION,UNITED STATES,US,99,
FIELD CROPS,00000000,00,US TOTAL,,,2022,,ALL CLASSES,3.5,"CORN, SILAGE, IRRIGATED - ACRES HARVESTED",2024-07-02 12:00:00.000,CORN,,SILAGE,ANNUAL,,ACRES,,NATIONAL,US TOTAL,CROPS,IRRIGATED,00,CENSUS,,,9000,AREA HARVESTED,,935,YEAR,NAICS CLASSIFICATION: (1124),,NAICS CLASSIFICATION,UNITED STATES,US,99,
FIELD CROPS,00000000,00,US TOTAL,,,2022,,ALL CLASSES,8.9,"CORN, SILAGE, IRRIGATED - ACRES HARVESTED",2024-07-02 12:00:00.000,CORN,,SILAGE,ANNUAL,,ACRES,,NATIONAL,US TOTAL,CROPS,IRRIGATED,00,CENSUS,,,9000,AREA HARVESTED,,"3,751",YEAR,NAICS CLASSIFICATION: (1125 & 1129),,NAICS CLASSIFICATION,UNITED STATES,US,99,
FIELD CROPS,00000000,00,US TOTAL,,,2022,,ALL CLASSES,6.9,"CORN, SILAGE, IRRIGATED - ACRES HARVESTED",2025-08-19 12:00:00.000,CORN,,SILAGE,ANNUAL,,ACRES,,NATIONAL,US TOTAL,CROPS,IRRIGATED,00,CENSUS,,,9000,AREA HARVESTED,,"1,643,400",YEAR,NOT SPECIFIED,,TOTAL,UNITED STATES,US,99,
FIELD CROPS,00000000,00,US TOTAL,,,2022,,ALL CLASSES,6.9,"CORN, GRAIN, IRRIGATED, ENTIRE CROP - ACRES HARVESTED",2024-07-02 12:00:00.000,CORN,,GRAIN,ANNUAL,,ACRES,,NATIONAL,US TOTAL,CROPS,"IRRIGATED, ENTIRE CROP",00,CENSUS,,,9000,AREA HARVESTED,,"4,603,656",YEAR,NOT SPECIFIED,,TOTAL,UNITED STATES,US,99,
FIELD CROPS,00000000,00,US TOTAL,,,2022,,ALL CLASSES,8.3,"CORN, SILAGE, IRRIGATED, ENTIRE CROP - ACRES HARVESTED",2024-07-02 12:00:00.000,CORN,,SILAGE,ANNUAL,,ACRES,,NATIONAL,US TOTAL,CROPS,"IRRIGATED, ENTIRE CROP",00,CENSUS,,,9000,AREA HARVESTED,,"1,469,649",YEAR,NOT SPECIFIED,,TOTAL,UNITED STATES,US,99,
FIELD CROPS,00000000,00,US TOTAL,,,2022,,ALL CLASSES,2.8,"CORN, GRAIN, IRRIGATED, NONE OF CROP - ACRES HARVESTED",2024-07-02 12:00:00.000,CORN,,GRAIN,ANNUAL,,ACRES,,NATIONAL,US TOTAL,CROPS,"IRRIGATED, NONE OF CROP",00,CENSUS,,,9000,AREA HARVESTED,,"62,324,428",YEAR,NOT SPECIFIED,,TOTAL,UNITED STATES,US,99,
FIELD CROPS,00000000,00,US TOTAL,,,2022,,ALL CLASSES,4.2,"CORN, SILAGE, IRRIGATED, NONE OF CROP - ACRES HARVESTED",2024-07-02 12:00:00.000,CORN,,SILAGE,ANNUAL,,ACRES,,NATIONAL,US TOTAL,CROPS,"IRRIGATED, NONE OF CROP",00,CENSUS,,,9000,AREA HARVESTED,,"4,075,625",YEAR,NOT SPECIFIED,,TOTAL,UNITED STATES,US,99,
FIELD CROPS,00000000,00,US TOTAL,,,2022,,ALL CLASSES,2.7,"CORN, GRAIN, IRRIGATED, PART OF CROP, IRRIGATED PORTION - ACRES HARVESTED",2024-07-02 12:00:00.000,CORN,,GRAIN,ANNUAL,,ACRES,,NATIONAL,US TOTAL,CROPS,"IRRIGATED, PART OF CROP, IRRIGATED PORTION",00,CENSUS,,,9000,AREA HARVESTED,,"6,396,994",YEAR,NOT SPECIFIED,,TOTAL,UNITED STATES,US,99,
FIELD CROPS,00000000,00,US TOTAL,,,2022,,ALL CLASSES,11.3,"CORN, SILAGE, IRRIGATED, PART OF CROP, IRRIGATED PORTION - ACRES HARVESTED",2024-07-02 12:00:00.000,CORN,,SILAGE,ANNUAL,,ACRES,,NATIONAL,US TOTAL,CROPS,"IRRIGATED, PART OF CROP, IRRIGATED PORTION",00,CENSUS,,,9000,AREA HARVESTED,,"173,751",YEAR,NOT SPECIFIED,,TOTAL,UNITED STATES,US,99,
FIELD CROPS,00000000,00,US TOTAL,,,2022,,ALL CLASSES,3.3,"CORN, GRAIN, IRRIGATED, PART OF CROP, NON-IRRIGATED PORTION - ACRES HARVESTED",2024-07-02 12:00:00.000,CORN,,GRAIN,ANNUAL,,ACRES,,NATIONAL,US TOTAL,CROPS,"IRRIGATED, PART OF CROP, NON-IRRIGATED PORTION",00,CENSUS,,,9000,AREA HARVESTED,,"7,272,885",YEAR,NOT SPECIFIED,,TOTAL,UNITED STATES,US,99,
FIELD CROPS,00000000,00,US TOTAL,,,2022,,ALL CLASSES,13.7,"CORN, SILAGE, IRRIGATED, PART OF CROP, NON-IRRIGATED PORTION - ACRES HARVESTED",2024-07-02 12:00:00.000,CORN,,SILAGE,ANNUAL,,ACRES,,NATIONAL,US TOTAL,CROPS,"IRRIGATED, PART OF CROP, NON-IRRIGATED PORTION",00,CENSUS,,,9000,AREA HARVESTED,,"259,392",YEAR,NOT SPECIFIED,,TOTAL,UNITED STATES,US,99,
FIELD CROPS,00000000,00,US TOTAL,,,2022,,TRADITIONAL OR INDIAN,21.2,"CORN, TRADITIONAL OR INDIAN - ACRES HARVESTED",2024-07-02 12:00:00.000,CORN,,ALL UTILIZATION PRACTICES,ANNUAL,,ACRES,,NATIONAL,US TOTAL,CROPS,ALL PRODUCTION PRACTICES,00,CENSUS,,,9000,AREA HARVESTED,,"5,249",YEAR,NOT SPECIFIED,,TOTAL,UNITED STATES,US,99,
FIELD CROPS,00000000,00,US TOTAL,,,2022,,TRADITIONAL OR INDIAN,21.5,"CORN, TRADITIONAL OR INDIAN, IRRIGATED - ACRES HARVESTED",2024-07-02 12:00:00.000,CORN,,ALL UTILIZATION PRACTICES,ANNUAL,,ACRES,,NATIONAL,US TOTAL,CROPS,IRRIGATED,00,CENSUS,,,9000,AREA HARVESTED,,"4,408",YEAR,NOT SPECIFIED,,TOTAL,UNITED STATES,US,99,
FIELD CROPS,00000000,00,US TOTAL,,,2023,,ALL CLASSES,6.3,"CORN, GRAIN, IRRIGATED - ACRES HARVESTED",2024-10-31 12:00:00.000,CORN,,GRAIN,ANNUAL,,ACRES,,NATIONAL,US TOTAL,CROPS,IRRIGATED,00,CENSUS,,,9000,AREA HARVESTED,,"1,940,173",YEAR,"IRRIGATION METHOD, PRIMARY: (GRAVITY)",,"IRRIGATION METHOD, PRIMARY",UNITED STATES,US,99,
FIELD CROPS,00000000,00,US TOTAL,,,2023,,ALL CLASSES,3.4,"CORN, GRAIN, IRRIGATED - ACRES HARVESTED",2024-10-31 12:00:00.000,CORN,,GRAIN,ANNUAL,,ACRES,,NATIONAL,US TOTAL,CROPS,IRRIGATED,00,CENSUS,,,9000,AREA HARVESTED,,"9,701,551",YEAR,"IRRIGATION METHOD, PRIMARY: (PRESSURE)",,"IRRIGATION METHOD, PRIMARY",UNITED STATES,US,99,
FIELD CROPS,00000000,00,US TOTAL,,,2023,,ALL CLASSES,2.2,"CORN, GRAIN, IRRIGATED - ACRES HARVESTED",2024-10-31 12:00:00.000,CORN,,GRAIN,ANNUAL,,ACRES,,NATIONAL,US TOTAL,CROPS,IRRIGATED,00,CENSUS,,,9000,AREA HARVESTED,,"11,641,724",YEAR,NOT SPECIFIED,,TOTAL,UNITED STATES,US,99,
FIELD CROPS,00000000,00,US TOTAL,,,2023,,ALL CLASSES,2.3,"CORN, GRAIN, IRRIGATED - ACRES HARVESTED",2024-10-31 12:00:00.000,CORN,,GRAIN,ANNUAL,,ACRES,,NATIONAL,US TOTAL,CROPS,IRRIGATED,00,CENSUS,,,9000,AREA HARVESTED,,"10,484,289",YEAR,WATER SOURCE: (GROUND),,WATER SOURCE,UNITED STATES,US,99,
FIELD CROPS,00000000,00,US TOTAL,,,2023,,ALL CLASSES,6.8,"CORN, GRAIN, IRRIGATED - ACRES HARVESTED",2024-10-31 12:00:00.000,CORN,,GRAIN,ANNUAL,,ACRES,,NATIONAL,US TOTAL,CROPS,IRRIGATED,00,CENSUS,,,9000,AREA HARVESTED,,"820,420",YEAR,WATER SOURCE: (OFF FARM),,WATER SOURCE,UNITED STATES,US,99,
FIELD CROPS,00000000,00,US TOTAL,,,2023,,ALL CLASSES,7.3,"CORN, GRAIN, IRRIGATED - ACRES HARVESTED",2024-10-31 12:00:00.000,CORN,,GRAIN,ANNUAL,,ACRES,,NATIONAL,US TOTAL,CROPS,IRRIGATED,00,CENSUS,,,9000,AREA HARVESTED,,"490,629",YEAR,WATER SOURCE: (ON FARM SURFACE),,WATER SOURCE,UNITED STATES,US,99,
FIELD CROPS,00000000,00,US TOTAL,,,2023,,ALL CLASSES,8.6,"CORN, SILAGE, IRRIGATED - ACRES HARVESTED",2024-10-31 12:00:00.000,CORN,,SILAGE,ANNUAL,,ACRES,,NATIONAL,US TOTAL,CROPS,IRRIGATED,00,CENSUS,,,9000,AREA HARVESTED,,"656,598",YEAR,"IRRIGATION METHOD, PRIMARY: (GRAVITY)",,"IRRIGATION METHOD, PRIMARY",UNITED STATES,US,99,
FIELD CROPS,00000000,00,US TOTAL,,,2023,,ALL CLASSES,8.7,"CORN, SILAGE, IRRIGATED - ACRES HARVESTED",2024-10-31 12:00:00.000,CORN,,SILAGE,ANNUAL,,ACRES,,NATIONAL,US TOTAL,CROPS,IRRIGATED,00,CENSUS,,,9000,AREA HARVESTED,,"1,252,923",YEAR,"IRRIGATION METHOD, PRIMARY: (PRESSURE)",,"IRRIGATION METHOD, PRIMARY",UNITED STATES,US,99,
FIELD CROPS,00000000,00,US TOTAL,,,2023,,ALL CLASSES,7.5,"CORN, SILAGE, IRRIGATED - ACRES HARVESTED",2024-10-31 12:00:00.000,CORN,,SILAGE,ANNUAL,,ACRES,,NATIONAL,US TOTAL,CROPS,IRRIGATED,00,CENSUS,,,9000,AREA HARVESTED,,"1,909,521",YEAR,NOT SPECIFIED,,TOTAL,UNITED STATES,US,99,
FIELD CROPS,00000000,00,US TOTAL,,,2023,,ALL CLASSES,5.5,"CORN, SILAGE, IRRIGATED - ACRES HARVESTED",2024-10-31 12:00:00.000,CORN,,SILAGE,ANNUAL,,ACRES,,NATIONAL,US TOTAL,CROPS,IRRIGATED,00,CENSUS,,,9000,AREA HARVESTED,,"1,152,317",YEAR,WATER SOURCE: (GROUND),,WATER SOURCE,UNITED STATES,US,99,
FIELD CROPS,00000000,00,US TOTAL,,,2023,,ALL CLASSES,12.2,"CORN, SILAGE, IRRIGATED - ACRES HARVESTED",2024-10-31 12:00:00.000,CORN,,SILAGE,ANNUAL,,ACRES,,NATIONAL,US TOTAL,CROPS,IRRIGATED,00,CENSUS,,,9000,AREA HARVESTED,,"711,629",YEAR,WATER SOURCE: (OFF FARM),,WATER SOURCE,UNITED STATES,US,99,
FIELD CROPS,00000000,00,US TOTAL,,,2023,,ALL CLASSES,18.0,"CORN, SILAGE, IRRIGATED - ACRES HARVESTED",2024-10-31 12:00:00.000,CORN,,SILAGE,ANNUAL,,ACRES,,NATIONAL,US TOTAL,CROPS,IRRIGATED,00,CENSUS,,,9000,AREA HARVESTED,,"376,434",YEAR,WATER SOURCE: (ON FARM SURFACE),,WATER SOURCE,UNITED STATES,US,99,
