county_ansi,asd_desc,util_practice_desc,freq_desc,commodity_desc,short_desc,load_time,CV (%),class_desc,year,region_desc,zip_5,county_name,state_name,group_desc,watershed_code,begin_code,state_fips_code,watershed_desc,country_name,state_alpha,domain_desc,asd_code,domaincat_desc,reference_period_desc,week_ending,Value,county_code,state_ansi,statisticcat_desc,country_code,source_desc,end_code,prodn_practice_desc,location_desc,sector_desc,unit_desc,agg_level_desc,congr_district_code
,,ALL UTILIZATION PRACTICES,ANNUAL,SOYBEANS,SOYBEANS - ACRES HARVESTED,2012-01-01 00:00:00.000,,ALL CLASSES,1960,,,,US TOTAL,FIELD CROPS,00000000,00,99,,UNITED STATES,US,TOTAL,,NOT SPECIFIED,YEAR,,"23,655,000",,,AREA HARVESTED,9000,SURVEY,00,ALL PRODUCTION PRACTICES,US TOTAL,CROPS,ACRES,NATIONAL,
,,ALL UTILIZATION PRACTICES,ANNUAL,SOYBEANS,SOYBEANS - ACRES HARVESTED,2012-01-01 00:00:00.000,,ALL CLASSES,1961,,,,US TOTAL,FIELD CROPS,00000000,00,99,,UNITED STATES,US,TOTAL,,NOT SPECIFIED,YEAR,,"27,003,000",,,AREA HARVESTED,9000,SURVEY,00,ALL PRODUCTION PRACTICES,US TOTAL,CROPS,ACRES,NATIONAL,
,,ALL UTILIZATION PRACTICES,ANNUAL,SOYBEANS,SOYBEANS - ACRES HARVESTED,2012-01-01 00:00:00.000,,ALL CLASSES,1962,,,,US TOTAL,FIELD CROPS,00000000,00,99,,UNITED STATES,US,TOTAL,,NOT SPECIFIED,YEAR,,"27,608,000",,,AREA HARVESTED,9000,SURVEY,00,ALL PRODUCTION PRACTICES,US TOTAL,CROPS,ACRES,NATIONAL,
,,ALL UTILIZATION PRACTICES,ANNUAL,SOYBEANS,SOYBEANS - ACRES HARVESTED,2012-01-01 00:00:00.000,,ALL CLASSES,1963,,,,US TOTAL,FIELD CROPS,00000000,00,99,,UNITED STATES,US,TOTAL,,NOT SPECIFIED,YEAR,,"28,615,000",,,AREA HARVESTED,9000,SURVEY,00,ALL PRODUCTION PRACTICES,US TOTAL,CROPS,ACRES,NATIONAL,
,,ALL UTILIZATION PRACTICES,ANNUAL,SOYBEANS,SOYBEANS - ACRES HARVESTED,2012-01-01 00:00:00.000,,ALL CLASSES,1964,,,,US TOTAL,FIELD CROPS,00000000,00,99,,UNITED STATES,US,TOTAL,,NOT SPECIFIED,YEAR,,"30,793,000",,,AREA HARVESTED,9000,SURVEY,00,ALL PRODUCTION PRACTICES,US TOTAL,CROPS,ACRES,NATIONAL,
,,ALL UTILIZATION PRACTICES,ANNUAL,SOYBEANS,SOYBEANS - ACRES HARVESTED,2012-01-01 00:00:00.000,,ALL CLASSES,1965,,,,US TOTAL,FIELD CROPS,00000000,00,99,,UNITED STATES,US,TOTAL,,NOT SPECIFIED,YEAR,,"34,449,000",,,AREA HARVESTED,9000,SURVEY,00,ALL PRODUCTION PRACTICES,US TOTAL,CROPS,ACRES,NATIONAL,
,,ALL UTILIZATION PRACTICES,ANNUAL,SOYBEANS,SOYBEANS - ACRES HARVESTED,2012-01-01 00:00:00.000,,ALL CLASSES,1966,,,,US TOTAL,FIELD CROPS,00000000,00,99,,UNITED STATES,US,TOTAL,,NOT SPECIFIED,YEAR,,"36,546,000",,,AREA HARVESTED,9000,SURVEY,00,ALL PRODUCTION PRACTICES,US TOTAL,CROPS,ACRES,NATIONAL,
,,ALL UTILIZATION PRACTICES,ANNUAL,SOYBEANS,SOYBEANS - ACRES HARVESTED,2012-01-01 00:00:00.000,,ALL CLASSES,1967,,,,US TOTAL,FIELD CROPS,00000000,00,99,,UNITED STATES,US,TOTAL,,NOT SPECIFIED,YEAR,,"39,805,000",,,AREA HARVESTED,9000,SURVEY,00,ALL PRODUCTION PRACTICES,US TOTAL,CROPS,ACRES,NATIONAL,
,,ALL UTILIZATION PRACTICES,ANNUAL,SOYBEANS,SOYBEANS - ACRES HARVESTED,2012-01-01 00:00:00.000,,ALL CLASSES,1968,,,,US TOTAL,FIELD CROPS,00000000,00,99,,UNITED STATES,US,TOTAL,,NOT SPECIFIED,YEAR,,"41,391,000",,,AREA HARVESTED,9000,SURVEY,00,ALL PRODUCTION PRACTICES,US TOTAL,CROPS,ACRES,NATIONAL,
,,ALL UTILIZATION PRACTICES,ANNUAL,SOYBEANS,SOYBEANS - ACRES HARVESTED,2012-01-01 00:00:00.000,,ALL CLASSES,1969,,,,US TOTAL,FIELD CROPS,00000000,00,99,,UNITED STATES,US,TOTAL,,NOT SPECIFIED,YEAR,,"41,337,000",,,AREA HARVESTED,9000,SURVEY,00,ALL PRODUCTION PRACTICES,US TOTAL,CROPS,ACRES,NATIONAL,
,,ALL UTILIZATION PRACTICES,ANNUAL,SOYBEANS,SOYBEANS - ACRES HARVESTED,2012-01-01 00:00:00.000,,ALL CLASSES,1970,,,,US TOTAL,FIELD CROPS,00000000,00,99,,UNITED STATES,US,TOTAL,,NOT SPECIFIED,YEAR,,"42,249,000",,,AREA HARVESTED,9000,SURVEY,00,ALL PRODUCTION PRACTICES,US TOTAL,CROPS,ACRES,NATIONAL,
,,ALL UTILIZATION PRACTICES,ANNUAL,SOYBEANS,SOYBEANS - ACRES HARVESTED,2012-01-01 00:00:00.000,,ALL CLASSES,1971,,,,US TOTAL,FIELD CROPS,00000000,00,99,,UNITED STATES,US,TOTAL,,NOT SPECIFIED,YEAR,,"42,705,000",,,AREA HARVESTED,9000,SURVEY,00,ALL PRODUCTION PRACTICES,US TOTAL,CROPS,ACRES,NATIONAL,
,,ALL UTILIZATION PRACTICES,ANNUAL,SOYBEANS,SOYBEANS - ACRES HARVESTED,2012-01-01 00:00:00.000,,ALL CLASSES,1972,,,,US TOTAL,FIELD CROPS,00000000,00,99,,UNITED STATES,US,TOTAL,,NOT SPECIFIED,YEAR,,"45,683,000",,,AREA HARVESTED,9000,SURVEY,00,ALL PRODUCTION PRACTICES,US TOTAL,CROPS,ACRES,NATIONAL,
,,ALL UTILIZATION PRACTICES,ANNUAL,SOYBEANS,SOYBEANS - ACRES HARVESTED,2012-01-01 00:00:00.000,,ALL CLASSES,1973,,,,US TOTAL,FIELD CROPS,00000000,00,99,,UNITED STATES,US,TOTAL,,NOT SPECIFIED,YEAR,,"55,667,000",,,AREA HARVESTED,9000,SURVEY,00,ALL PRODUCTION PRACTICES,US TOTAL,CROPS,ACRES,NATIONAL,
,,ALL UTILIZATION PRACTICES,ANNUAL,SOYBEANS,SOYBEANS - ACRES HARVESTED,2012-01-01 00:00:00.000,,ALL CLASSES,1974,,,,US TOTAL,FIELD CROPS,00000000,00,99,,UNITED STATES,US,TOTAL,,NOT SPECIFIED,YEAR,,"51,341,000",,,AREA HARVESTED,9000,SURVEY,00,ALL PRODUCTION PRACTICES,US TOTAL,CROPS,ACRES,NATIONAL,
,,ALL UTILIZATION PRACTICES,ANNUAL,SOYBEANS,SOYBEANS - ACRES HARVESTED,2012-01-01 00:00:00.000,,ALL CLASSES,1975,,,,US TOTAL,FIELD CROPS,00000000,00,99,,UNITED STATES,US,TOTAL,,NOT SPECIFIED,YEAR,,"53,617,000",,,AREA HARVESTED,9000,SURVEY,00,ALL PRODUCTION PRACTICES,US TOTAL,CROPS,ACRES,NATIONAL,
,,ALL UTILIZATION PRACTICES,ANNUAL,SOYBEANS,SOYBEANS - ACRES HARVESTED,2012-01-01 00:00:00.000,,ALL CLASSES,1976,,,,US TOTAL,FIELD CROPS,00000000,00,99,,UNITED STATES,US,TOTAL,,NOT SPECIFIED,YEAR,,"49,401,000",,,AREA HARVESTED,9000,SURVEY,00,ALL PRODUCTION PRACTICES,US TOTAL,CROPS,ACRES,NATIONAL,
,,ALL UTILIZATION PRACTICES,ANNUAL,SOYBEANS,SOYBEANS - ACRES HARVESTED,2012-01-01 00:00:00.000,,ALL CLASSES,1977,,,,US TOTAL,FIELD CROPS,00000000,00,99,,UNITED STATES,US,TOTAL,,NOT SPECIFIED,YEAR,,"57,830,000",,,AREA HARVESTED,9000,SURVEY,00,ALL PRODUCTION PRACTICES,US TOTAL,CROPS,ACRES,NATIONAL,
,,ALL UTILIZATION PRACTICES,ANNUAL,SOYBEANS,SOYBEANS - ACRES HARVESTED,2012-01-01 00:00:00.000,,ALL CLASSES,1978,,,,US TOTAL,FIELD CROPS,00000000,00,99,,UNITED STATES,US,TOTAL,,NOT SPECIFIED,YEAR,,"63,663,000",,,AREA HARVESTED,9000,SURVEY,00,ALL PRODUCTION PRACTICES,US TOTAL,CROPS,ACRES,NATIONAL,
,,ALL UTILIZATION PRACTICES,ANNUAL,SOYBEANS,SOYBEANS - ACRES HARVESTED,2012-01-01 00:00:00.000,,ALL CLASSES,1979,,,,US TOTAL,FIELD CROPS,00000000,00,99,,UNITED STATES,US,TOTAL,,NOT SPECIFIED,YEAR,,"70,343,000",,,AREA HARVESTED,9000,SURVEY,00,ALL PRODUCTION PRACTICES,US TOTAL,CROPS,ACRES,NATIONAL,
,,ALL UTILIZATION PRACTICES,ANNUAL,SOYBEANS,SOYBEANS - ACRES HARVESTED,2012-01-01 00:00:00.000,,ALL CLASSES,1980,,,,US TOTAL,FIELD CROPS,00000000,00,99,,UNITED STATES,US,TOTAL,,NOT SPECIFIED,YEAR,,"67,813,000",,,AREA HARVESTED,9000,SURVEY,00,ALL PRODUCTION PRACTICES,US TOTAL,CROPS,ACRES,NATIONAL,
,,ALL UTILIZATION PRACTICES,ANNUAL,SOYBEANS,SOYBEANS - ACRES HARVESTED,2012-01-01 00:00:00.000,,ALL CLASSES,1981,,,,US TOTAL,FIELD CROPS,00000000,00,99,,UNITED STATES,US,TOTAL,,NOT SPECIFIED,YEAR,,"66,163,000",,,AREA HARVESTED,9000,SURVEY,00,ALL PRODUCTION PRACTICES,US TOTAL,CROPS,ACRES,NATIONAL,
,,ALL UTILIZATION PRACTICES,ANNUAL,SOYBEANS,SOYBEANS - ACRES HARVESTED,2012-01-01 00:00:00.000,,ALL CLASSES,1982,,,,US TOTAL,FIELD CROPS,00000000,00,99,,UNITED STATES,US,TOTAL,,NOT SPECIFIED,YEAR,,"69,442,000",,,AREA HARVESTED,9000,SURVEY,00,ALL PRODUCTION PRACTICES,US TOTAL,CROPS,ACRES,NATIONAL,
,,ALL UTILIZATION PRACTICES,ANNUAL,SOYBEANS,SOYBEANS - ACRES HARVESTED,2012-01-01 00:00:00.000,,ALL CLASSES,1983,,,,US TOTAL,FIELD CROPS,00000000,00,99,,UNITED STATES,US,TOTAL,,NOT SPECIFIED,YEAR,,"62,525,000",,,AREA HARVESTED,9000,SURVEY,00,ALL PRODUCTION PRACTICES,US TOTAL,CROPS,ACRES,NATIONAL,
,,ALL UTILIZATION PRACTICES,ANNUAL,SOYBEANS,SOYBEANS - ACRES HARVESTED,2012-01-01 00:00:00.000,,ALL CLASSES,1984,,,,US TOTAL,FIELD CROPS,00000000,00,99,,UNITED STATES,US,TOTAL,,NOT SPECIFIED,YEAR,,"66,113,000",,,AREA HARVESTED,9000,SURVEY,00,ALL PRODUCTION PRACTICES,US TOTAL,CROPS,ACRES,NATIONAL,
,,ALL UTILIZATION PRACTICES,ANNUAL,SOYBEANS,SOYBEANS - ACRES HARVESTED,2012-01-01 00:00:00.000,,ALL CLASSES,1985,,,,US TOTAL,FIELD CROPS,00000000,00,99,,UNITED STATES,US,TOTAL,,NOT SPECIFIED,YEAR,,"61,599,000",,,AREA HARVESTED,9000,SURVEY,00,ALL PRODUCTION PRACTICES,US TOTAL,CROPS,ACRES,NATIONAL,
,,ALL UTILIZATION PRACTICES,ANNUAL,SOYBEANS,SOYBEANS - ACRES HARVESTED,2012-01-01 00:00:00.000,,ALL CLASSES,1986,,,,US TOTAL,FIELD CROPS,00000000,00,99,,UNITED STATES,US,TOTAL,,NOT SPECIFIED,YEAR,,"58,312,000",,,AREA HARVESTED,9000,SURVEY,00,ALL PRODUCTION PRACTICES,US TOTAL,CROPS,ACRES,NATIONAL,
,,ALL UTILIZATION PRACTICES,ANNUAL,SOYBEANS,SOYBEANS - ACRES HARVESTED,2012-01-01 00:00:00.000,,ALL CLASSES,1987,,,,US TOTAL,FIELD CROPS,00000000,00,99,,UNITED STATES,US,TOTAL,,NOT SPECIFIED,YEAR,,"57,172,000",,,AREA HARVESTED,9000,SURVEY,00,ALL PRODUCTION PRACTICES,US TOTAL,CROPS,ACRES,NATIONAL,
,,ALL UTILIZATION PRACTICES,ANNUAL,SOYBEANS,SOYBEANS - ACRES HARVESTED,2012-01-01 00:00:00.000,,ALL CLASSES,1988,,,,US TOTAL,FIELD CROPS,00000000,00,99,,UNITED STATES,US,TOTAL,,NOT SPECIFIED,YEAR,,"57,373,000",,,AREA HARVESTED,9000,SURVEY,00,ALL PRODUCTION PRACTICES,US TOTAL,CROPS,ACRES,NATIONAL,
,,ALL UTILIZATION PRACTICES,ANNUAL,SOYBEANS,SOYBEANS - ACRES HARVESTED,2012-01-01 00:00:00.000,,ALL CLASSES,1989,,,,US TOTAL,FIELD CROPS,00000000,00,99,,UNITED STATES,US,TOTAL,,NOT SPECIFIED,YEAR,,"59,538,000",,,AREA HARVESTED,9000,SURVEY,00,ALL PRODUCTION PRACTICES,US TOTAL,CROPS,ACRES,NATIONAL,
,,ALL UTILIZATION PRACTICES,ANNUAL,SOYBEANS,SOYBEANS - ACRES HARVESTED,2012-01-01 00:00:00.000,,ALL CLASSES,1990,,,,US TOTAL,FIELD CROPS,00000000,00,99,,UNITED STATES,US,TOTAL,,NOT SPECIFIED,YEAR,,"56,512,000",,,AREA HARVESTED,9000,SURVEY,00,ALL PRODUCTION PRACTICES,US TOTAL,CROPS,ACRES,NATIONAL,
,,ALL UTILIZATION PRACTICES,ANNUAL,SOYBEANS,SOYBEANS - ACRES HARVESTED,2012-01-01 00:00:00.000,,ALL CLASSES,1991,,,,US TOTAL,FIELD CROPS,00000000,00,99,,UNITED STATES,US,TOTAL,,NOT SPECIFIED,YEAR,,"58,011,000",,,AREA HARVESTED,9000,SURVEY,00,ALL PRODUCTION PRACTICES,US TOTAL,CROPS,ACRES,NATIONAL,
,,ALL UTILIZATION PRACTICES,ANNUAL,SOYBEANS,SOYBEANS - ACRES HARVESTED,2012-01-01 00:00:00.000,,ALL CLASSES,1992,,,,US TOTAL,FIELD CROPS,00000000,00,99,,UNITED STATES,US,TOTAL,,NOT SPECIFIED,YEAR,,"58,233,000",,,AREA HARVESTED,9000,SURVEY,00,ALL PRODUCTION PRACTICES,US TOTAL,CROPS,ACRES,NATIONAL,
,,ALL UTILIZATION PRACTICES,ANNUAL,SOYBEANS,SOYBEANS - ACRES HARVESTED,2012-01-01 00:00:00.000,,ALL CLASSES,1993,,,,US TOTAL,FIELD CROPS,00000000,00,99,,UNITED STATES,US,TOTAL,,NOT SPECIFIED,YEAR,,"57,307,000",,,AREA HARVESTED,9000,SURVEY,00,ALL PRODUCTION PRACTICES,US TOTAL,CROPS,ACRES,NATIONAL,
,,ALL UTILIZATION PRACTICES,ANNUAL,SOYBEANS,SOYBEANS - ACRES HARVESTED,2012-01-01 00:00:00.000,,ALL CLASSES,1994,,,,US TOTAL,FIELD CROPS,00000000,00,99,,UNITED STATES,US,TOTAL,,NOT SPECIFIED,YEAR,,"60,809,000",,,AREA HARVESTED,9000,SURVEY,00,ALL PRODUCTION PRACTICES,US TOTAL,CROPS,ACRES,NATIONAL,
,,ALL UTILIZATION PRACTICES,ANNUAL,SOYBEANS,SOYBEANS - ACRES HARVESTED,2012-01-01 00:00:00.000,,ALL CLASSES,1995,,,,US TOTAL,FIELD CROPS,00000000,00,99,,UNITED STATES,US,TOTAL,,NOT SPECIFIED,YEAR,,"61,544,000",,,AREA HARVESTED,9000,SURVEY,00,ALL PRODUCTION PRACTICES,US TOTAL,CROPS,ACRES,NATIONAL,
,,ALL UTILIZATION PRACTICES,ANNUAL,SOYBEANS,SOYBEANS - ACRES HARVESTED,2012-01-01 00:00:00.000,,ALL CLASSES,1996,,,,US TOTAL,FIELD CROPS,00000000,00,99,,UNITED STATES,US,TOTAL,,NOT SPECIFIED,YEAR,,"63,349,000",,,AREA HARVESTED,9000,SURVEY,00,ALL PRODUCTION PRACTICES,US TOTAL,CROPS,ACRES,NATIONAL,
,,ALL UTILIZATION PRACTICES,ANNUAL,SOYBEANS,SOYBEANS - ACRES HARVESTED,2012-01-01 00:00:00.000,,ALL CLASSES,1997,,,,US TOTAL,FIELD CROPS,00000000,00,99,,UNITED STATES,US,TOTAL,,NOT SPECIFIED,YEAR,,"69,110,000",,,AREA HARVESTED,9000,SURVEY,00,ALL PRODUCTION PRACTICES,US TOTAL,CROPS,ACRES,NATIONAL,
,,ALL UTILIZATION PRACTICES,ANNUAL,SOYBEANS,SOYBEANS - ACRES HARVESTED,2012-01-01 00:00:00.000,,ALL CLASSES,1998,,,,US TOTAL,FIELD CROPS,00000000,00,99,,UNITED STATES,US,TOTAL,,NOT SPECIFIED,YEAR,,"70,441,000",,,AREA HARVESTED,9000,SURVEY,00,ALL PRODUCTION PRACTICES,US TOTAL,CROPS,ACRES,NATIONAL,
,,ALL UTILIZATION PRACTICES,ANNUAL,SOYBEANS,SOYBEANS - ACRES HARVESTED,2012-01-01 00:00:00.000,,ALL CLASSES,1999,,,,US TOTAL,FIELD CROPS,00000000,00,99,,UNITED STATES,US,TOTAL,,NOT SPECIFIED,YEAR,,"72,446,000",,,AREA HARVESTED,9000,SURVEY,00,ALL PRODUCTION PRACTICES,US TOTAL,CROPS,ACRES,NATIONAL,
,,ALL UTILIZATION PRACTICES,ANNUAL,SOYBEANS,SOYBEANS - ACRES HARVESTED,2012-01-01 00:00:00.000,,ALL CLASSES,2000,,,,US TOTAL,FIELD CROPS,00000000,00,99,,UNITED STATES,US,TOTAL,,NOT SPECIFIED,YEAR,,"72,408,000",,,AREA HARVESTED,9000,SURVEY,00,ALL PRODUCTION PRACTICES,US TOTAL,CROPS,ACRES,NATIONAL,
,,ALL UTILIZATION PRACTICES,ANNUAL,SOYBEANS,SOYBEANS - ACRES HARVESTED,2012-01-01 00:00:00.000,,ALL CLASSES,2001,,,,US TOTAL,FIELD CROPS,00000000,00,99,,UNITED STATES,US,TOTAL,,NOT SPECIFIED,YEAR,,"72,975,000",,,AREA HARVESTED,9000,SURVEY,00,ALL PRODUCTION PRACTICES,US TOTAL,CROPS,ACRES,NATIONAL,
,,ALL UTILIZATION PRACTICES,ANNUAL,SOYBEANS,SOYBEANS - ACRES HARVESTED,2012-01-01 00:00:00.000,,ALL CLASSES,2002,,,,US TOTAL,FIELD CROPS,00000000,00,99,,UNITED STATES,US,TOTAL,,NOT SPECIFIED,YEAR,,"72,497,000",,,AREA HARVESTED,9000,SURVEY,00,ALL PRODUCTION PRACTICES,US TOTAL,CROPS,ACRES,NATIONAL,
,,ALL UTILIZATION PRACTICES,ANNUAL,SOYBEANS,SOYBEANS - ACRES HARVESTED,2012-01-01 00:00:00.000,,ALL CLASSES,2003,,,,US TOTAL,FIELD CROPS,00000000,00,99,,UNITED STATES,US,TOTAL,,NOT SPECIFIED,YEAR,,"72,476,000",,,AREA HARVESTED,9000,SURVEY,00,ALL PRODUCTION PRACTICES,US TOTAL,CROPS,ACRES,NATIONAL,
,,ALL UTILIZATION PRACTICES,ANNUAL,SOYBEANS,SOYBEANS - ACRES HARVESTED,2012-01-01 00:00:00.000,,ALL CLASSES,2004,,,,US TOTAL,FIELD CROPS,00000000,00,99,,UNITED STATES,US,TOTAL,,NOT SPECIFIED,YEAR,,"73,958,000",,,AREA HARVESTED,9000,SURVEY,00,ALL PRODUCTION PRACTICES,US TOTAL,CROPS,ACRES,NATIONAL,
,,ALL UTILIZATION PRACTICES,ANNUAL,SOYBEANS,SOYBEANS - ACRES HARVESTED,2012-01-01 00:00:00.000,,ALL CLASSES,2005,,,,US TOTAL,FIELD CROPS,00000000,00,99,,UNITED STATES,US,TOTAL,,NOT SPECIFIED,YEAR,,"71,251,000",,,AREA HARVESTED,9000,SURVEY,00,ALL PRODUCTION PRACTICES,US TOTAL,CROPS,ACRES,NATIONAL,
,,ALL UTILIZATION PRACTICES,ANNUAL,SOYBEANS,SOYBEANS - ACRES HARVESTED,2012-01-01 00:00:00.000,,ALL CLASSES,2006,,,,US TOTAL,FIELD CROPS,00000000,00,99,,UNITED STATES,US,TOTAL,,NOT SPECIFIED,YEAR,,"74,602,000",,,AREA HARVESTED,9000,SURVEY,00,ALL PRODUCTION PRACTICES,US TOTAL,CROPS,ACRES,NATIONAL,
,,ALL UTILIZATION PRACTICES,ANNUAL,SOYBEANS,SOYBEANS - ACRES HARVESTED,2012-01-01 00:00:00.000,,ALL CLASSES,2007,,,,US TOTAL,FIELD CROPS,00000000,00,99,,UNITED STATES,US,TOTAL,,NOT SPECIFIED,YEAR,,"64,146,000",,,AREA HARVESTED,9000,SURVEY,00,ALL PRODUCTION PRACTICES,US TOTAL,CROPS,ACRES,NATIONAL,
,,ALL UTILIZATION PRACTICES,ANNUAL,SOYBEANS,SOYBEANS - ACRES HARVESTED,2014-11-03 16:18:55.000,,ALL CLASSES,2008,,,,US TOTAL,FIELD CROPS,00000000,00,99,,UNITED STATES,US,TOTAL,,NOT SPECIFIED,YEAR,,"74,681,000",,,AREA HARVESTED,9000,SURVEY,00,ALL PRODUCTION PRACTICES,US TOTAL,CROPS,ACRES,NATIONAL,
,,ALL UTILIZATION PRACTICES,ANNUAL,SOYBEANS,SOYBEANS - ACRES HARVESTED,2014-11-03 16:18:55.000,,ALL CLASSES,2009,,,,US TOTAL,FIELD CROPS,00000000,00,99,,UNITED STATES,US,TOTAL,,NOT SPECIFIED,YEAR,,"76,372,000",,,AREA HARVESTED,9000,SURVEY,00,ALL PRODUCTION PRACTICES,US TOTAL,CROPS,ACRES,NATIONAL,
,,ALL UTILIZATION PRACTICES,ANNUAL,SOYBEANS,SOYBEANS - ACRES HARVESTED,2014-11-03 16:18:55.000,,ALL CLASSES,2010,,,,US TOTAL,FIELD CROPS,00000000,00,99,,UNITED STATES,US,TOTAL,,NOT SPECIFIED,YEAR,,"76,610,000",,,AREA HARVESTED,9000,SURVEY,00,ALL PRODUCTION PRACTICES,US TOTAL,CROPS,ACRES,NATIONAL,
,,ALL UTILIZATION PRACTICES,ANNUAL,SOYBEANS,SOYBEANS - ACRES HARVESTED,2014-11-03 16:18:55.000,,ALL CLASSES,2011,,,,US TOTAL,FIELD CROPS,00000000,00,99,,UNITED STATES,US,TOTAL,,NOT SPECIFIED,YEAR,,"73,776,000",,,AREA HARVESTED,9000,SURVEY,00,ALL PRODUCTION PRACTICES,US TOTAL,CROPS,ACRES,NATIONAL,
,,ALL UTILIZATION PRACTICES,ANNUAL,SOYBEANS,SOYBEANS - ACRES HARVESTED,2014-11-03 16:18:55.000,,ALL CLASSES,2012,,,,US TOTAL,FIELD CROPS,00000000,00,99,,UNITED STATES,US,TOTAL,,NOT SPECIFIED,YEAR,,"76,144,000",,,AREA HARVESTED,9000,SURVEY,00,ALL PRODUCTION PRACTICES,US TOTAL,CROPS,ACRES,NATIONAL,
,,ALL UTILIZATION PRACTICES,ANNUAL,SOYBEANS,SOYBEANS - ACRES HARVESTED,2012-08-10 12:59:15.000,,ALL CLASSES,2012,,,,US TOTAL,FIELD CROPS,00000000,00,99,,UNITED STATES,US,TOTAL,,NOT SPECIFIED,YEAR - AUG FORECAST,,"74,635,000",,,AREA HARVESTED,9000,SURVEY,00,ALL PRODUCTION PRACTICES,US TOTAL,CROPS,ACRES,NATIONAL,
,,ALL UTILIZATION PRACTICES,ANNUAL,SOYBEANS,SOYBEANS - ACRES HARVESTED,2012-06-29 08:37:20.000,,ALL CLASSES,2012,,,,US TOTAL,FIELD CROPS,00000000,00,99,,UNITED STATES,US,TOTAL,,NOT SPECIFIED,YEAR - JUN ACREAGE,,"75,315,000",,,AREA HARVESTED,9000,SURVEY,00,ALL PRODUCTION PRACTICES,US TOTAL,CROPS,ACRES,NATIONAL,
,,ALL UTILIZATION PRACTICES,ANNUAL,SOYBEANS,SOYBEANS - ACRES HARVESTED,2012-11-09 10:26:00.000,,ALL CLASSES,2012,,,,US TOTAL,FIELD CROPS,00000000,00,99,,UNITED STATES,US,TOTAL,,NOT SPECIFIED,YEAR - NOV FORECAST,,"75,693,000",,,AREA HARVESTED,9000,SURVEY,00,ALL PRODUCTION PRACTICES,US TOTAL,CROPS,ACRES,NATIONAL,
,,ALL UTILIZATION PRACTICES,ANNUAL,SOYBEANS,SOYBEANS - ACRES HARVESTED,2012-10-11 11:19:07.000,,ALL CLASSES,2012,,,,US TOTAL,FIELD CROPS,00000000,00,99,,UNITED STATES,US,TOTAL,,NOT SPECIFIED,YEAR - OCT FORECAST,,"75,693,000",,,AREA HARVESTED,9000,SURVEY,00,ALL PRODUCTION PRACTICES,US TOTAL,CROPS,ACRES,NATIONAL,
,,ALL UTILIZATION PRACTICES,ANNUAL,SOYBEANS,SOYBEANS - ACRES HARVESTED,2012-09-12 11:03:54.000,,ALL CLASSES,2012,,,,US TOTAL,FIELD CROPS,00000000,00,99,,UNITED STATES,US,TOTAL,,NOT SPECIFIED,YEAR - SEP FORECAST,,"74,635,000",,,AREA HARVESTED,9000,SURVEY,00,ALL PRODUCTION PRACTICES,US TOTAL,CROPS,ACRES,NATIONAL,
,,ALL UTILIZATION PRACTICES,ANNUAL,SOYBEANS,SOYBEANS - ACRES HARVESTED,2019-02-06 15:00:06.000,,ALL CLASSES,2013,,,,US TOTAL,FIELD CROPS,00000000,00,99,,UNITED STATES,US,TOTAL,,NOT SPECIFIED,YEAR,,"76,233,000",,,AREA HARVESTED,9000,SURVEY,00,ALL PRODUCTION PRACTICES,US TOTAL,CROPS,ACRES,NATIONAL,
,,ALL UTILIZATION PRACTICES,ANNUAL,SOYBEANS,SOYBEANS - ACRES HARVESTED,2013-08-12 12:25:57.000,,ALL CLASSES,2013,,,,US TOTAL,FIELD CROPS,00000000,00,99,,UNITED STATES,US,TOTAL,,NOT SPECIFIED,YEAR - AUG FORECAST,,"76,378,000",,,AREA HARVESTED,9000,SURVEY,00,ALL PRODUCTION PRACTICES,US TOTAL,CROPS,ACRES,NATIONAL,
,,ALL UTILIZATION PRACTICES,ANNUAL,SOYBEANS,SOYBEANS - ACRES HARVESTED,2013-11-08 14:14:29.000,,ALL CLASSES,2013,,,,US TOTAL,FIELD CROPS,00000000,00,99,,UNITED STATES,US,TOTAL,,NOT SPECIFIED,YEAR - NOV FORECAST,,"75,688,000",,,AREA HARVESTED,9000,SURVEY,00,ALL PRODUCTION PRACTICES,US TOTAL,CROPS,ACRES,NATIONAL,
,,ALL UTILIZATION PRACTICES,ANNUAL,SOYBEANS,SOYBEANS - ACRES HARVESTED,2013-09-12 12:27:34.000,,ALL CLASSES,2013,,,,US TOTAL,FIELD CROPS,00000000,00,99,,UNITED STATES,US,TOTAL,,NOT SPECIFIED,YEAR - SEP FORECAST,,"76,378,000",,,AREA HARVESTED,9000,SURVEY,00,ALL PRODUCTION PRACTICES,US TOTAL,CROPS,ACRES,NATIONAL,
,,ALL UTILIZATION PRACTICES,ANNUAL,SOYBEANS,SOYBEANS - ACRES HARVESTED,2019-02-06 15:00:06.000,,ALL CLASSES,2014,,,,US TOTAL,FIELD CROPS,00000000,00,99,,UNITED STATES,US,TOTAL,,NOT SPECIFIED,YEAR,,"82,611,000",,,AREA HARVESTED,9000,SURVEY,00,ALL PRODUCTION PRACTICES,US TOTAL,CROPS,ACRES,NATIONAL,
,,ALL UTILIZATION PRACTICES,ANNUAL,SOYBEANS,SOYBEANS - ACRES HARVESTED,2014-08-12 12:00:16.000,,ALL CLASSES,2014,,,,US TOTAL,FIELD CROPS,00000000,00,99,,UNITED STATES,US,TOTAL,,NOT SPECIFIED,YEAR - AUG FORECAST,,"84,058,000",,,AREA HARVESTED,9000,SURVEY,00,ALL PRODUCTION PRACTICES,US TOTAL,CROPS,ACRES,NATIONAL,
,,ALL UTILIZATION PRACTICES,ANNUAL,SOYBEANS,SOYBEANS - ACRES HARVESTED,2014-06-30 12:24:30.000,,ALL CLASSES,2014,,,,US TOTAL,FIELD CROPS,00000000,00,99,,UNITED STATES,US,TOTAL,,NOT SPECIFIED,YEAR - JUN ACREAGE,,"84,058,000",,,AREA HARVESTED,9000,SURVEY,00,ALL PRODUCTION PRACTICES,US TOTAL,CROPS,ACRES,NATIONAL,
,,ALL UTILIZATION PRACTICES,ANNUAL,SOYBEANS,SOYBEANS - ACRES HARVESTED,2014-11-10 12:04:43.000,,ALL CLASSES,2014,,,,US TOTAL,FIELD CROPS,00000000,00,99,,UNITED STATES,US,TOTAL,,NOT SPECIFIED,YEAR - NOV FORECAST,,"83,403,000",,,AREA HARVESTED,9000,SURVEY,00,ALL PRODUCTION PRACTICES,US TOTAL,CROPS,ACRES,NATIONAL,
,,ALL UTILIZATION PRACTICES,ANNUAL,SOYBEANS,SOYBEANS - ACRES HARVESTED,2014-10-10 12:10:23.000,,ALL CLASSES,2014,,,,US TOTAL,FIELD CROPS,00000000,00,99,,UNITED STATES,US,TOTAL,,NOT SPECIFIED,YEAR - OCT FORECAST,,"83,403,000",,,AREA HARVESTED,9000,SURVEY,00,ALL PRODUCTION PRACTICES,US TOTAL,CROPS,ACRES,NATIONAL,
,,ALL UTILIZATION PRACTICES,ANNUAL,SOYBEANS,SOYBEANS - ACRES HARVESTED,2014-09-11 12:00:26.000,,ALL CLASSES,2014,,,,US TOTAL,FIELD CROPS,00000000,00,99,,UNITED STATES,US,TOTAL,,NOT SPECIFIED,YEAR - SEP FORECAST,,"84,058,000",,,AREA HARVESTED,9000,SURVEY,00,ALL PRODUCTION PRACTICES,US TOTAL,CROPS,ACRES,NATIONAL,
,,ALL UTILIZATION PRACTICES,ANNUAL,SOYBEANS,SOYBEANS - ACRES HARVESTED,2019-02-06 15:00:06.000,,ALL CLASSES,2015,,,,US TOTAL,FIELD CROPS,00000000,00,99,,UNITED STATES,US,TOTAL,,NOT SPECIFIED,YEAR,,"81,742,000",,,AREA HARVESTED,9000,SURVEY,00,ALL PRODUCTION PRACTICES,US TOTAL,CROPS,ACRES,NATIONAL,
,,ALL UTILIZATION PRACTICES,ANNUAL,SOYBEANS,SOYBEANS - ACRES HARVESTED,2015-08-12 12:00:00.000,,ALL CLASSES,2015,,,,US TOTAL,FIELD CROPS,00000000,00,99,,UNITED STATES,US,TOTAL,,NOT SPECIFIED,YEAR - AUG FORECAST,,"83,549,000",,,AREA HARVESTED,9000,SURVEY,00,ALL PRODUCTION PRACTICES,US TOTAL,CROPS,ACRES,NATIONAL,
,,ALL UTILIZATION PRACTICES,ANNUAL,SOYBEANS,SOYBEANS - ACRES HARVESTED,2015-06-30 12:00:00.000,,ALL CLASSES,2015,,,,US TOTAL,FIELD CROPS,00000000,00,99,,UNITED STATES,US,TOTAL,,NOT SPECIFIED,YEAR - JUN ACREAGE,,"84,449,000",,,AREA HARVESTED,9000,SURVEY,00,ALL PRODUCTION PRACTICES,US TOTAL,CROPS,ACRES,NATIONAL,
,,ALL UTILIZATION PRACTICES,ANNUAL,SOYBEANS,SOYBEANS - ACRES HARVESTED,2015-11-10 12:00:00.000,,ALL CLASSES,2015,,,,US TOTAL,FIELD CROPS,00000000,00,99,,UNITED STATES,US,TOTAL,,NOT SPECIFIED,YEAR - NOV FORECAST,,"82,429,000",,,AREA HARVESTED,9000,SURVEY,00,ALL PRODUCTION PRACTICES,US TOTAL,CROPS,ACRES,NATIONAL,
,,ALL UTILIZATION PRACTICES,ANNUAL,SOYBEANS,SOYBEANS - ACRES HARVESTED,2015-10-09 12:00:00.000,,ALL CLASSES,2015,,,,US TOTAL,FIELD CROPS,00000000,00,99,,UNITED STATES,US,TOTAL,,NOT SPECIFIED,YEAR - OCT FORECAST,,"82,429,000",,,AREA HARVESTED,9000,SURVEY,00,ALL PRODUCTION PRACTICES,US TOTAL,CROPS,ACRES,NATIONAL,
,,ALL UTILIZATION PRACTICES,ANNUAL,SOYBEANS,SOYBEANS - ACRES HARVESTED,2015-09-11 12:00:00.000,,ALL CLASSES,2015,,,,US TOTAL,FIELD CROPS,00000000,00,99,,UNITED STATES,US,TOTAL,,NOT SPECIFIED,YEAR - SEP FORECAST,,"83,549,000",,,AREA HARVESTED,9000,SURVEY,00,ALL PRODUCTION PRACTICES,US TOTAL,CROPS,ACRES,NATIONAL,
,,ALL UTILIZATION PRACTICES,ANNUAL,SOYBEANS,SOYBEANS - ACRES HARVESTED,2019-02-06 15:00:06.000,,ALL CLASSES,2016,,,,US TOTAL,FIELD CROPS,00000000,00,99,,UNITED STATES,US,TOTAL,,NOT SPECIFIED,YEAR,,"82,706,000",,,AREA HARVESTED,9000,SURVEY,00,ALL PRODUCTION PRACTICES,US TOTAL,CROPS,ACRES,NATIONAL,
,,ALL UTILIZATION PRACTICES,ANNUAL,SOYBEANS,SOYBEANS - ACRES HARVESTED,2016-08-12 12:00:00.000,,ALL CLASSES,2016,,,,US TOTAL,FIELD CROPS,00000000,00,99,,UNITED STATES,US,TOTAL,,NOT SPECIFIED,YEAR - AUG FORECAST,,"83,037,000",,,AREA HARVESTED,9000,SURVEY,00,ALL PRODUCTION PRACTICES,US TOTAL,CROPS,ACRES,NATIONAL,
,,ALL UTILIZATION PRACTICES,ANNUAL,SOYBEANS,SOYBEANS - ACRES HARVESTED,2016-06-30 12:00:00.000,,ALL CLASSES,2016,,,,US TOTAL,FIELD CROPS,00000000,00,99,,UNITED STATES,US,TOTAL,,NOT SPECIFIED,YEAR - JUN ACREAGE,,"83,037,000",,,AREA HARVESTED,9000,SURVEY,00,ALL PRODUCTION PRACTICES,US TOTAL,CROPS,ACRES,NATIONAL,
,,ALL UTILIZATION PRACTICES,ANNUAL,SOYBEANS,SOYBEANS - ACRES HARVESTED,2016-11-09 13:11:41.000,,ALL CLASSES,2016,,,,US TOTAL,FIELD CROPS,00000000,00,99,,UNITED STATES,US,TOTAL,,NOT SPECIFIED,YEAR - NOV FORECAST,,"83,047,000",,,AREA HARVESTED,9000,SURVEY,00,ALL PRODUCTION PRACTICES,US TOTAL,CROPS,ACRES,NATIONAL,
,,ALL UTILIZATION PRACTICES,ANNUAL,SOYBEANS,SOYBEANS - ACRES HARVESTED,2016-10-12 12:00:00.000,,ALL CLASSES,2016,,,,US TOTAL,FIELD CROPS,00000000,00,99,,UNITED STATES,US,TOTAL,,NOT SPECIFIED,YEAR - OCT FORECAST,,"83,047,000",,,AREA HARVESTED,9000,SURVEY,00,ALL PRODUCTION PRACTICES,US TOTAL,CROPS,ACRES,NATIONAL,
,,ALL UTILIZATION PRACTICES,ANNUAL,SOYBEANS,SOYBEANS - ACRES HARVESTED,2016-09-12 12:00:00.000,,ALL CLASSES,2016,,,,US TOTAL,FIELD CROPS,00000000,00,99,,UNITED STATES,US,TOTAL,,NOT SPECIFIED,YEAR - SEP FORECAST,,"83,037,000",,,AREA HARVESTED,9000,SURVEY,00,ALL PRODUCTION PRACTICES,US TOTAL,CROPS,ACRES,NATIONAL,
,,ALL UTILIZATION PRACTICES,ANNUAL,SOYBEANS,SOYBEANS - ACRES HARVESTED,2019-02-06 15:00:06.000,,ALL CLASSES,2017,,,,US TOTAL,FIELD CROPS,00000000,00,99,,UNITED STATES,US,TOTAL,,NOT SPECIFIED,YEAR,,"89,542,000",,,AREA HARVESTED,9000,SURVEY,00,ALL PRODUCTION PRACTICES,US TOTAL,CROPS,ACRES,NATIONAL,
,,ALL UTILIZATION PRACTICES,ANNUAL,SOYBEANS,SOYBEANS - ACRES HARVESTED,2017-08-10 12:08:28.000,,ALL CLASSES,2017,,,,US TOTAL,FIELD CROPS,00000000,00,99,,UNITED STATES,US,TOTAL,,NOT SPECIFIED,YEAR - AUG FORECAST,,"88,731,000",,,AREA HARVESTED,9000,SURVEY,00,ALL PRODUCTION PRACTICES,US TOTAL,CROPS,ACRES,NATIONAL,
,,ALL UTILIZATION PRACTICES,ANNUAL,SOYBEANS,SOYBEANS - ACRES HARVESTED,2017-06-30 12:02:44.000,,ALL CLASSES,2017,,,,US TOTAL,FIELD CROPS,00000000,00,99,,UNITED STATES,US,TOTAL,,NOT SPECIFIED,YEAR - JUN ACREAGE,,"88,731,000",,,AREA HARVESTED,9000,SURVEY,00,ALL PRODUCTION PRACTICES,US TOTAL,CROPS,ACRES,NATIONAL,
,,ALL UTILIZATION PRACTICES,ANNUAL,SOYBEANS,SOYBEANS - ACRES HARVESTED,2017-11-09 12:02:08.000,,ALL CLASSES,2017,,,,US TOTAL,FIELD CROPS,00000000,00,99,,UNITED STATES,US,TOTAL,,NOT SPECIFIED,YEAR - NOV FORECAST,,"89,471,000",,,AREA HARVESTED,9000,SURVEY,00,ALL PRODUCTION PRACTICES,US TOTAL,CROPS,ACRES,NATIONAL,
,,ALL UTILIZATION PRACTICES,ANNUAL,SOYBEANS,SOYBEANS - ACRES HARVESTED,2017-10-12 12:04:13.000,,ALL CLASSES,2017,,,,US TOTAL,FIELD CROPS,00000000,00,99,,UNITED STATES,US,TOTAL,,NOT SPECIFIED,YEAR - OCT FORECAST,,"89,471,000",,,AREA HARVESTED,9000,SURVEY,00,ALL PRODUCTION PRACTICES,US TOTAL,CROPS,ACRES,NATIONAL,
,,ALL UTILIZATION PRACTICES,ANNUAL,SOYBEANS,SOYBEANS - ACRES HARVESTED,2017-09-12 12:01:44.000,,ALL CLASSES,2017,,,,US TOTAL,FIELD CROPS,00000000,00,99,,UNITED STATES,US,TOTAL,,NOT SPECIFIED,YEAR - SEP FORECAST,,"88,731,000",,,AREA HARVESTED,9000,SURVEY,00,ALL PRODUCTION PRACTICES,US TOTAL,CROPS,ACRES,NATIONAL,
,,ALL UTILIZATION PRACTICES,ANNUAL,SOYBEANS,SOYBEANS - ACRES HARVESTED,2024-01-09 15:00:00.000,,ALL CLASSES,2018,,,,US TOTAL,FIELD CROPS,00000000,00,99,,UNITED STATES,US,TOTAL,,NOT SPECIFIED,YEAR,,"87,594,000",,,AREA HARVESTED,9000,SURVEY,00,ALL PRODUCTION PRACTICES,US TOTAL,CROPS,ACRES,NATIONAL,
,,ALL UTILIZATION PRACTICES,ANNUAL,SOYBEANS,SOYBEANS - ACRES HARVESTED,2018-08-10 12:01:40.000,,ALL CLASSES,2018,,,,US TOTAL,FIELD CROPS,00000000,00,99,,UNITED STATES,US,TOTAL,,NOT SPECIFIED,YEAR - AUG FORECAST,,"88,862,000",,,AREA HARVESTED,9000,SURVEY,00,ALL PRODUCTION PRACTICES,US TOTAL,CROPS,ACRES,NATIONAL,
,,ALL UTILIZATION PRACTICES,ANNUAL,SOYBEANS,SOYBEANS - ACRES HARVESTED,2018-06-29 12:07:05.000,,ALL CLASSES,2018,,,,US TOTAL,FIELD CROPS,00000000,00,99,,UNITED STATES,US,TOTAL,,NOT SPECIFIED,YEAR - JUN ACREAGE,,"88,862,000",,,AREA HARVESTED,9000,SURVEY,00,ALL PRODUCTION PRACTICES,US TOTAL,CROPS,ACRES,NATIONAL,
,,ALL UTILIZATION PRACTICES,ANNUAL,SOYBEANS,SOYBEANS - ACRES HARVESTED,2018-11-08 12:01:20.000,,ALL CLASSES,2018,,,,US TOTAL,FIELD CROPS,00000000,00,99,,UNITED STATES,US,TOTAL,,NOT SPECIFIED,YEAR - NOV FORECAST,,"88,343,000",,,AREA HARVESTED,9000,SURVEY,00,ALL PRODUCTION PRACTICES,US TOTAL,CROPS,ACRES,NATIONAL,
,,ALL UTILIZATION PRACTICES,ANNUAL,SOYBEANS,SOYBEANS - ACRES HARVESTED,2018-10-11 12:02:09.000,,ALL CLASSES,2018,,,,US TOTAL,FIELD CROPS,00000000,00,99,,UNITED STATES,US,TOTAL,,NOT SPECIFIED,YEAR - OCT FORECAST,,"88,348,000",,,AREA HARVESTED,9000,SURVEY,00,ALL PRODUCTION PRACTICES,US TOTAL,CROPS,ACRES,NATIONAL,
,,ALL UTILIZATION PRACTICES,ANNUAL,SOYBEANS,SOYBEANS - ACRES HARVESTED,2018-09-12 12:02:09.000,,ALL CLASSES,2018,,,,US TOTAL,FIELD CROPS,00000000,00,99,,UNITED STATES,US,TOTAL,,NOT SPECIFIED,YEAR - SEP FORECAST,,"88,862,000",,,AREA HARVESTED,9000,SURVEY,00,ALL PRODUCTION PRACTICES,US TOTAL,CROPS,ACRES,NATIONAL,
,,ALL UTILIZATION PRACTICES,ANNUAL,SOYBEANS,SOYBEANS - ACRES HARVESTED,2024-01-09 15:00:00.000,,ALL CLASSES,2019,,,,US TOTAL,FIELD CROPS,00000000,00,99,,UNITED STATES,US,TOTAL,,NOT SPECIFIED,YEAR,,"74,918,000",,,AREA HARVESTED,9000,SURVEY,00,ALL PRODUCTION PRACTICES,US TOTAL,CROPS,ACRES,NATIONAL,
,,ALL UTILIZATION PRACTICES,ANNUAL,SOYBEANS,SOYBEANS - ACRES HARVESTED,2019-08-12 12:01:08.000,,ALL CLASSES,2019,,,,US TOTAL,FIELD CROPS,00000000,00,99,,UNITED STATES,US,TOTAL,,NOT SPECIFIED,YEAR - AUG FORECAST,,"75,866,000",,,AREA HARVESTED,9000,SURVEY,00,ALL PRODUCTION PRACTICES,US TOTAL,CROPS,ACRES,NATIONAL,
,,ALL UTILIZATION PRACTICES,ANNUAL,SOYBEANS,SOYBEANS - ACRES HARVESTED,2019-06-28 12:00:00.000,,ALL CLASSES,2019,,,,US TOTAL,FIELD CROPS,00000000,00,99,,UNITED STATES,US,TOTAL,,NOT SPECIFIED,YEAR - JUN ACREAGE,,"79,266,000",,,AREA HARVESTED,9000,SURVEY,00,ALL PRODUCTION PRACTICES,US TOTAL,CROPS,ACRES,NATIONAL,
,,ALL UTILIZATION PRACTICES,ANNUAL,SOYBEANS,SOYBEANS - ACRES HARVESTED,2019-11-08 12:00:46.000,,ALL CLASSES,2019,,,,US TOTAL,FIELD CROPS,00000000,00,99,,UNITED STATES,US,TOTAL,,NOT SPECIFIED,YEAR - NOV FORECAST,,"75,626,000",,,AREA HARVESTED,9000,SURVEY,00,ALL PRODUCTION PRACTICES,US TOTAL,CROPS,ACRES,NATIONAL,
,,ALL UTILIZATION PRACTICES,ANNUAL,SOYBEANS,SOYBEANS - ACRES HARVESTED,2019-10-10 12:03:54.000,,ALL CLASSES,2019,,,,US TOTAL,FIELD CROPS,00000000,00,99,,UNITED STATES,US,TOTAL,,NOT SPECIFIED,YEAR - OCT FORECAST,,"75,626,000",,,AREA HARVESTED,9000,SURVEY,00,ALL PRODUCTION PRACTICES,US TOTAL,CROPS,ACRES,NATIONAL,
,,ALL UTILIZATION PRACTICES,ANNUAL,SOYBEANS,SOYBEANS - ACRES HARVESTED,2019-09-12 12:01:19.000,,ALL CLASSES,2019,,,,US TOTAL,FIELD CROPS,00000000,00,99,,UNITED STATES,US,TOTAL,,NOT SPECIFIED,YEAR - SEP FORECAST,,"75,866,000",,,AREA HARVESTED,9000,SURVEY,00,ALL PRODUCTION PRACTICES,US TOTAL,CROPS,ACRES,NATIONAL,
,,ALL UTILIZATION PRACTICES,ANNUAL,SOYBEANS,SOYBEANS - ACRES HARVESTED,2024-01-09 15:00:00.000,,ALL CLASSES,2020,,,,US TOTAL,FIELD CROPS,00000000,00,99,,UNITED STATES,US,TOTAL,,NOT SPECIFIED,YEAR,,"82,603,000",,,AREA HARVESTED,9000,SURVEY,00,ALL PRODUCTION PRACTICES,US TOTAL,CROPS,ACRES,NATIONAL,
,,ALL UTILIZATION PRACTICES,ANNUAL,SOYBEANS,SOYBEANS - ACRES HARVESTED,2020-08-12 12:04:12.000,,ALL CLASSES,2020,,,,US TOTAL,FIELD CROPS,00000000,00,99,,UNITED STATES,US,TOTAL,,NOT SPECIFIED,YEAR - AUG FORECAST,,"83,020,000",,,AREA HARVESTED,9000,SURVEY,00,ALL PRODUCTION PRACTICES,US TOTAL,CROPS,ACRES,NATIONAL,
,,ALL UTILIZATION PRACTICES,ANNUAL,SOYBEANS,SOYBEANS - ACRES HARVESTED,2020-06-30 12:02:25.000,,ALL CLASSES,2020,,,,US TOTAL,FIELD CROPS,00000000,00,99,,UNITED STATES,US,TOTAL,,NOT SPECIFIED,YEAR - JUN ACREAGE,,"83,020,000",,,AREA HARVESTED,9000,SURVEY,00,ALL PRODUCTION PRACTICES,US TOTAL,CROPS,ACRES,NATIONAL,
,,ALL UTILIZATION PRACTICES,ANNUAL,SOYBEANS,SOYBEANS - ACRES HARVESTED,2020-11-10 12:02:34.000,,ALL CLASSES,2020,,,,US TOTAL,FIELD CROPS,00000000,00,99,,UNITED STATES,US,TOTAL,,NOT SPECIFIED,YEAR - NOV FORECAST,,"82,289,000",,,AREA HARVESTED,9000,SURVEY,00,ALL PRODUCTION PRACTICES,US TOTAL,CROPS,ACRES,NATIONAL,
,,ALL UTILIZATION PRACTICES,ANNUAL,SOYBEANS,SOYBEANS - ACRES HARVESTED,2020-10-09 12:01:33.000,,ALL CLASSES,2020,,,,US TOTAL,FIELD CROPS,00000000,00,99,,UNITED STATES,US,TOTAL,,NOT SPECIFIED,YEAR - OCT FORECAST,,"82,289,000",,,AREA HARVESTED,9000,SURVEY,00,ALL PRODUCTION PRACTICES,US TOTAL,CROPS,ACRES,NATIONAL,
,,ALL UTILIZATION PRACTICES,ANNUAL,SOYBEANS,SOYBEANS - ACRES HARVESTED,2020-09-11 12:03:32.000,,ALL CLASSES,2020,,,,US TOTAL,FIELD CROPS,00000000,00,99,,UNITED STATES,US,TOTAL,,NOT SPECIFIED,YEAR - SEP FORECAST,,"83,020,000",,,AREA HARVESTED,9000,SURVEY,00,ALL PRODUCTION PRACTICES,US TOTAL,CROPS,ACRES,NATIONAL,
,,ALL UTILIZATION PRACTICES,ANNUAL,SOYBEANS,SOYBEANS - ACRES HARVESTED,2024-01-09 15:00:00.000,,ALL CLASSES,2021,,,,US TOTAL,FIELD CROPS,00000000,00,99,,UNITED STATES,US,TOTAL,,NOT SPECIFIED,YEAR,,"86,292,000",,,AREA HARVESTED,9000,SURVEY,00,ALL PRODUCTION PRACTICES,US TOTAL,CROPS,ACRES,NATIONAL,
,,ALL UTILIZATION PRACTICES,ANNUAL,SOYBEANS,SOYBEANS - ACRES HARVESTED,2021-08-12 12:01:34.000,,ALL CLASSES,2021,,,,US TOTAL,FIELD CROPS,00000000,00,99,,UNITED STATES,US,TOTAL,,NOT SPECIFIED,YEAR - AUG FORECAST,,"86,720,000",,,AREA HARVESTED,9000,SURVEY,00,ALL PRODUCTION PRACTICES,US TOTAL,CROPS,ACRES,NATIONAL,
,,ALL UTILIZATION PRACTICES,ANNUAL,SOYBEANS,SOYBEANS - ACRES HARVESTED,2021-06-30 12:01:34.000,,ALL CLASSES,2021,,,,US TOTAL,FIELD CROPS,00000000,00,99,,UNITED STATES,US,TOTAL,,NOT SPECIFIED,YEAR - JUN ACREAGE,,"86,720,000",,,AREA HARVESTED,9000,SURVEY,00,ALL PRODUCTION PRACTICES,US TOTAL,CROPS,ACRES,NATIONAL,
,,ALL UTILIZATION PRACTICES,ANNUAL,SOYBEANS,SOYBEANS - ACRES HARVESTED,2021-11-09 12:02:06.000,,ALL CLASSES,2021,,,,US TOTAL,FIELD CROPS,00000000,00,99,,UNITED STATES,US,TOTAL,,NOT SPECIFIED,YEAR - NOV FORECAST,,"86,436,000",,,AREA HARVESTED,9000,SURVEY,00,ALL PRODUCTION PRACTICES,US TOTAL,CROPS,ACRES,NATIONAL,
,,ALL UTILIZATION PRACTICES,ANNUAL,SOYBEANS,SOYBEANS - ACRES HARVESTED,2021-10-12 12:01:38.000,,ALL CLASSES,2021,,,,US TOTAL,FIELD CROPS,00000000,00,99,,UNITED STATES,US,TOTAL,,NOT SPECIFIED,YEAR - OCT FORECAST,,"86,436,000",,,AREA HARVESTED,9000,SURVEY,00,ALL PRODUCTION PRACTICES,US TOTAL,CROPS,ACRES,NATIONAL,
,,ALL UTILIZATION PRACTICES,ANNUAL,SOYBEANS,SOYBEANS - ACRES HARVESTED,2021-09-10 12:08:17.000,,ALL CLASSES,2021,,,,US TOTAL,FIELD CROPS,00000000,00,99,,UNITED STATES,US,TOTAL,,NOT SPECIFIED,YEAR - SEP FORECAST,,"86,436,000",,,AREA HARVESTED,9000,SURVEY,00,ALL PRODUCTION PRACTICES,US TOTAL,CROPS,ACRES,NATIONAL,
,,ALL UTILIZATION PRACTICES,ANNUAL,SOYBEANS,SOYBEANS - ACRES HARVESTED,2024-01-09 15:00:00.000,,ALL CLASSES,2022,,,,US TOTAL,FIELD CROPS,00000000,00,99,,UNITED STATES,US,TOTAL,,NOT SPECIFIED,YEAR,,"86,174,000",,,AREA HARVESTED,9000,SURVEY,00,ALL PRODUCTION PRACTICES,US TOTAL,CROPS,ACRES,NATIONAL,
,,ALL UTILIZATION PRACTICES,ANNUAL,SOYBEANS,SOYBEANS - ACRES HARVESTED,2022-08-12 12:00:52.000,,ALL CLASSES,2022,,,,US TOTAL,FIELD CROPS,00000000,00,99,,UNITED STATES,US,TOTAL,,NOT SPECIFIED,YEAR - AUG FORECAST,,"87,211,000",,,AREA HARVESTED,9000,SURVEY,00,ALL PRODUCTION PRACTICES,US TOTAL,CROPS,ACRES,NATIONAL,
,,ALL UTILIZATION PRACTICES,ANNUAL,SOYBEANS,SOYBEANS - ACRES HARVESTED,2022-06-30 12:00:49.000,,ALL CLASSES,2022,,,,US TOTAL,FIELD CROPS,00000000,00,99,,UNITED STATES,US,TOTAL,,NOT SPECIFIED,YEAR - JUN ACREAGE,,"87,511,000",,,AREA HARVESTED,9000,SURVEY,00,ALL PRODUCTION PRACTICES,US TOTAL,CROPS,ACRES,NATIONAL,
,,ALL UTILIZATION PRACTICES,ANNUAL,SOYBEANS,SOYBEANS - ACRES HARVESTED,2022-11-09 12:00:00.000,,ALL CLASSES,2022,,,,US TOTAL,FIELD CROPS,00000000,00,99,,UNITED STATES,US,TOTAL,,NOT SPECIFIED,YEAR - NOV FORECAST,,"86,631,000",,,AREA HARVESTED,9000,SURVEY,00,ALL PRODUCTION PRACTICES,US TOTAL,CROPS,ACRES,NATIONAL,
,,ALL UTILIZATION PRACTICES,ANNUAL,SOYBEANS,SOYBEANS - ACRES HARVESTED,2022-10-12 12:00:00.000,,ALL CLASSES,2022,,,,US TOTAL,FIELD CROPS,00000000,00,99,,UNITED STATES,US,TOTAL,,NOT SPECIFIED,YEAR - OCT FORECAST,,"86,631,000",,,AREA HARVESTED,9000,SURVEY,00,ALL PRODUCTION PRACTICES,US TOTAL,CROPS,ACRES,NATIONAL,
,,ALL UTILIZATION PRACTICES,ANNUAL,SOYBEANS,SOYBEANS - ACRES HARVESTED,2022-09-12 12:03:33.000,,ALL CLASSES,2022,,,,US TOTAL,FIELD CROPS,00000000,00,99,,UNITED STATES,US,TOTAL,,NOT SPECIFIED,YEAR - SEP FORECAST,,"86,631,000",,,AREA HARVESTED,9000,SURVEY,00,ALL PRODUCTION PRACTICES,US TOTAL,CROPS,ACRES,NATIONAL,
,,ALL UTILIZATION PRACTICES,ANNUAL,SOYBEANS,SOYBEANS - ACRES HARVESTED,2024-09-30 12:00:00.000,,ALL CLASSES,2023,,,,US TOTAL,FIELD CROPS,00000000,00,99,,UNITED STATES,US,TOTAL,,NOT SPECIFIED,YEAR,,"82,271,000",,,AREA HARVESTED,9000,SURVEY,00,ALL PRODUCTION PRACTICES,US TOTAL,CROPS,ACRES,NATIONAL,
,,ALL UTILIZATION PRACTICES,ANNUAL,SOYBEANS,SOYBEANS - ACRES HARVESTED,2023-08-11 12:00:00.000,,ALL CLASSES,2023,,,,US TOTAL,FIELD CROPS,00000000,00,99,,UNITED STATES,US,TOTAL,,NOT SPECIFIED,YEAR - AUG FORECAST,,"82,696,000",,,AREA HARVESTED,9000,SURVEY,00,ALL PRODUCTION PRACTICES,US TOTAL,CROPS,ACRES,NATIONAL,
,,ALL UTILIZATION PRACTICES,ANNUAL,SOYBEANS,SOYBEANS - ACRES HARVESTED,2023-06-30 12:00:00.000,,ALL CLASSES,2023,,,,US TOTAL,FIELD CROPS,00000000,00,99,,UNITED STATES,US,TOTAL,,NOT SPECIFIED,YEAR - JUN ACREAGE,,"82,696,000",,,AREA HARVESTED,9000,SURVEY,00,ALL PRODUCTION PRACTICES,US TOTAL,CROPS,ACRES,NATIONAL,
,,ALL UTILIZATION PRACTICES,ANNUAL,SOYBEANS,SOYBEANS - ACRES HARVESTED,2023-11-09 12:00:00.000,,ALL CLASSES,2023,,,,US TOTAL,FIELD CROPS,00000000,00,99,,UNITED STATES,US,TOTAL,,NOT SPECIFIED,YEAR - NOV FORECAST,,"82,791,000",,,AREA HARVESTED,9000,SURVEY,00,ALL PRODUCTION PRACTICES,US TOTAL,CROPS,ACRES,NATIONAL,
,,ALL UTILIZATION PRACTICES,ANNUAL,SOYBEANS,SOYBEANS - ACRES HARVESTED,2023-10-12 12:00:00.000,,ALL CLASSES,2023,,,,US TOTAL,FIELD CROPS,00000000,00,99,,UNITED STATES,US,TOTAL,,NOT SPECIFIED,YEAR - OCT FORECAST,,"82,791,000",,,AREA HARVESTED,9000,SURVEY,00,ALL PRODUCTION PRACTICES,US TOTAL,CROPS,ACRES,NATIONAL,
,,ALL UTILIZATION PRACTICES,ANNUAL,SOYBEANS,SOYBEANS - ACRES HARVESTED,2023-09-12 12:00:00.000,,ALL CLASSES,2023,,,,US TOTAL,FIELD CROPS,00000000,00,99,,UNITED STATES,US,TOTAL,,NOT SPECIFIED,YEAR - SEP FORECAST,,"82,791,000",,,AREA HARVESTED,9000,SURVEY,00,ALL PRODUCTION PRACTICES,US TOTAL,CROPS,ACRES,NATIONAL,
,,ALL UTILIZATION PRACTICES,ANNUAL,SOYBEANS,SOYBEANS - ACRES HARVESTED,2012-01-01 00:00:00.000,,ALL CLASSES,1997,,,,US TOTAL,FIELD CROPS,00000000,00,99,,UNITED STATES,US,AREA HARVESTED,,"AREA HARVESTED: (1,000 OR MORE ACRES)",YEAR,,"10,973,364",,,AREA HARVESTED,9000,CENSUS,00,ALL PRODUCTION PRACTICES,US TOTAL,CROPS,ACRES,NATIONAL,
,,ALL UTILIZATION PRACTICES,ANNUAL,SOYBEANS,SOYBEANS - ACRES HARVESTED,2012-01-01 00:00:00.000,,ALL CLASSES,1997,,,,US TOTAL,FIELD CROPS,00000000,00,99,,UNITED STATES,US,AREA HARVESTED,,"AREA HARVESTED: (1,000 TO 1,999 ACRES)",YEAR,,"7,630,351",,,AREA HARVESTED,9000,CENSUS,00,ALL PRODUCTION PRACTICES,US TOTAL,CROPS,ACRES,NATIONAL,
,,ALL UTILIZATION PRACTICES,ANNUAL,SOYBEANS,SOYBEANS - ACRES HARVESTED,2012-01-01 00:00:00.000,,ALL CLASSES,1997,,,,US TOTAL,FIELD CROPS,00000000,00,99,,UNITED STATES,US,AREA HARVESTED,,AREA HARVESTED: (1.0 TO 14.9 ACRES),YEAR,,"260,536",,,AREA HARVESTED,9000,CENSUS,00,ALL PRODUCTION PRACTICES,US TOTAL,CROPS,ACRES,NATIONAL,
,,ALL UTILIZATION PRACTICES,ANNUAL,SOYBEANS,SOYBEANS - ACRES HARVESTED,2012-01-01 00:00:00.000,,ALL CLASSES,1997,,,,US TOTAL,FIELD CROPS,00000000,00,99,,UNITED STATES,US,AREA HARVESTED,,AREA HARVESTED: (100 TO 249 ACRES),YEAR,,"14,902,654",,,AREA HARVESTED,9000,CENSUS,00,ALL PRODUCTION PRACTICES,US TOTAL,CROPS,ACRES,NATIONAL,
,,ALL UTILIZATION PRACTICES,ANNUAL,SOYBEANS,SOYBEANS - ACRES HARVESTED,2012-01-01 00:00:00.000,,ALL CLASSES,1997,,,,US TOTAL,FIELD CROPS,00000000,00,99,,UNITED STATES,US,AREA HARVESTED,,AREA HARVESTED: (15.0 TO 24.9 ACRES),YEAR,,"560,910",,,AREA HARVESTED,9000,CENSUS,00,ALL PRODUCTION PRACTICES,US TOTAL,CROPS,ACRES,NATIONAL,
,,ALL UTILIZATION PRACTICES,ANNUAL,SOYBEANS,SOYBEANS - ACRES HARVESTED,2012-01-01 00:00:00.000,,ALL CLASSES,1997,,,,US TOTAL,FIELD CROPS,00000000,00,99,,UNITED STATES,US,AREA HARVESTED,,"AREA HARVESTED: (2,000 TO 2,999 ACRES)",YEAR,,"1,945,179",,,AREA HARVESTED,9000,CENSUS,00,ALL PRODUCTION PRACTICES,US TOTAL,CROPS,ACRES,NATIONAL,
,,ALL UTILIZATION PRACTICES,ANNUAL,SOYBEANS,SOYBEANS - ACRES HARVESTED,2012-01-01 00:00:00.000,,ALL CLASSES,1997,,,,US TOTAL,FIELD CROPS,00000000,00,99,,UNITED STATES,US,AREA HARVESTED,,AREA HARVESTED: (25.0 TO 49.9 ACRES),YEAR,,"2,061,477",,,AREA HARVESTED,9000,CENSUS,00,ALL PRODUCTION PRACTICES,US TOTAL,CROPS,ACRES,NATIONAL,
,,ALL UTILIZATION PRACTICES,ANNUAL,SOYBEANS,SOYBEANS - ACRES HARVESTED,2012-01-01 00:00:00.000,,ALL CLASSES,1997,,,,US TOTAL,FIELD CROPS,00000000,00,99,,UNITED STATES,US,AREA HARVESTED,,AREA HARVESTED: (250 TO 499 ACRES),YEAR,,"17,963,129",,,AREA HARVESTED,9000,CENSUS,00,ALL PRODUCTION PRACTICES,US TOTAL,CROPS,ACRES,NATIONAL,
,,ALL UTILIZATION PRACTICES,ANNUAL,SOYBEANS,SOYBEANS - ACRES HARVESTED,2012-01-01 00:00:00.000,,ALL CLASSES,1997,,,,US TOTAL,FIELD CROPS,00000000,00,99,,UNITED STATES,US,AREA HARVESTED,,"AREA HARVESTED: (3,000 TO 4,999 ACRES)",YEAR,,"997,296",,,AREA HARVESTED,9000,CENSUS,00,ALL PRODUCTION PRACTICES,US TOTAL,CROPS,ACRES,NATIONAL,
,,ALL UTILIZATION PRACTICES,ANNUAL,SOYBEANS,SOYBEANS - ACRES HARVESTED,2012-01-01 00:00:00.000,,ALL CLASSES,1997,,,,US TOTAL,FIELD CROPS,00000000,00,99,,UNITED STATES,US,AREA HARVESTED,,"AREA HARVESTED: (5,000 OR MORE ACRES)",YEAR,,"400,538",,,AREA HARVESTED,9000,CENSUS,00,ALL PRODUCTION PRACTICES,US TOTAL,CROPS,ACRES,NATIONAL,
,,ALL UTILIZATION PRACTICES,ANNUAL,SOYBEANS,SOYBEANS - ACRES HARVESTED,2012-01-01 00:00:00.000,,ALL CLASSES,1997,,,,US TOTAL,FIELD CROPS,00000000,00,99,,UNITED STATES,US,AREA HARVESTED,,AREA HARVESTED: (50.0 TO 99.9 ACRES),YEAR,,"4,952,309",,,AREA HARVESTED,9000,CENSUS,00,ALL PRODUCTION PRACTICES,US TOTAL,CROPS,ACRES,NATIONAL,
,,ALL UTILIZATION PRACTICES,ANNUAL,SOYBEANS,SOYBEANS - ACRES HARVESTED,2012-01-01 00:00:00.000,,ALL CLASSES,1997,,,,US TOTAL,FIELD CROPS,00000000,00,99,,UNITED STATES,US,AREA HARVESTED,,AREA HARVESTED: (500 TO 999 ACRES),YEAR,,"16,098,895",,,AREA HARVESTED,9000,CENSUS,00,ALL PRODUCTION PRACTICES,US TOTAL,CROPS,ACRES,NATIONAL,
,,ALL UTILIZATION PRACTICES,ANNUAL,SOYBEANS,SOYBEANS - ACRES HARVESTED,2012-01-01 00:00:00.000,,ALL CLASSES,1997,,,,US TOTAL,FIELD CROPS,00000000,00,99,,UNITED STATES,US,TOTAL,,NOT SPECIFIED,YEAR,,"67,773,274",,,AREA HARVESTED,9000,CENSUS,00,ALL PRODUCTION PRACTICES,US TOTAL,CROPS,ACRES,NATIONAL,
,,ALL UTILIZATION PRACTICES,ANNUAL,SOYBEANS,"SOYBEANS, IRRIGATED - ACRES HARVESTED",2012-01-01 00:00:00.000,,ALL CLASSES,1997,,,,US TOTAL,FIELD CROPS,00000000,00,99,,UNITED STATES,US,AREA HARVESTED,,"AREA HARVESTED: (1,000 OR MORE ACRES)",YEAR,,"1,245,312",,,AREA HARVESTED,9000,CENSUS,00,IRRIGATED,US TOTAL,CROPS,ACRES,NATIONAL,
,,ALL UTILIZATION PRACTICES,ANNUAL,SOYBEANS,"SOYBEANS, IRRIGATED - ACRES HARVESTED",2012-01-01 00:00:00.000,,ALL CLASSES,1997,,,,US TOTAL,FIELD CROPS,00000000,00,99,,UNITED STATES,US,AREA HARVESTED,,"AREA HARVESTED: (1,000 TO 1,999 ACRES)",YEAR,,"772,797",,,AREA HARVESTED,9000,CENSUS,00,IRRIGATED,US TOTAL,CROPS,ACRES,NATIONAL,
,,ALL UTILIZATION PRACTICES,ANNUAL,SOYBEANS,"SOYBEANS, IRRIGATED - ACRES HARVESTED",2012-01-01 00:00:00.000,,ALL CLASSES,1997,,,,US TOTAL,FIELD CROPS,00000000,00,99,,UNITED STATES,US,AREA HARVESTED,,AREA HARVESTED: (1.0 TO 14.9 ACRES),YEAR,,"4,029",,,AREA HARVESTED,9000,CENSUS,00,IRRIGATED,US TOTAL,CROPS,ACRES,NATIONAL,
,,ALL UTILIZATION PRACTICES,ANNUAL,SOYBEANS,"SOYBEANS, IRRIGATED - ACRES HARVESTED",2012-01-01 00:00:00.000,,ALL CLASSES,1997,,,,US TOTAL,FIELD CROPS,00000000,00,99,,UNITED STATES,US,AREA HARVESTED,,AREA HARVESTED: (100 TO 249 ACRES),YEAR,,"683,675",,,AREA HARVESTED,9000,CENSUS,00,IRRIGATED,US TOTAL,CROPS,ACRES,NATIONAL,
,,ALL UTILIZATION PRACTICES,ANNUAL,SOYBEANS,"SOYBEANS, IRRIGATED - ACRES HARVESTED",2012-01-01 00:00:00.000,,ALL CLASSES,1997,,,,US TOTAL,FIELD CROPS,00000000,00,99,,UNITED STATES,US,AREA HARVESTED,,AREA HARVESTED: (15.0 TO 24.9 ACRES),YEAR,,"11,541",,,AREA HARVESTED,9000,CENSUS,00,IRRIGATED,US TOTAL,CROPS,ACRES,NATIONAL,
,,ALL UTILIZATION PRACTICES,ANNUAL,SOYBEANS,"SOYBEANS, IRRIGATED - ACRES HARVESTED",2012-01-01 00:00:00.000,,ALL CLASSES,1997,,,,US TOTAL,FIELD CROPS,00000000,00,99,,UNITED STATES,US,AREA HARVESTED,,"AREA HARVESTED: (2,000 TO 2,999 ACRES)",YEAR,,"246,042",,,AREA HARVESTED,9000,CENSUS,00,IRRIGATED,US TOTAL,CROPS,ACRES,NATIONAL,
,,ALL UTILIZATION PRACTICES,ANNUAL,SOYBEANS,"SOYBEANS, IRRIGATED - ACRES HARVESTED",2012-01-01 00:00:00.000,,ALL CLASSES,1997,,,,US TOTAL,FIELD CROPS,00000000,00,99,,UNITED STATES,US,AREA HARVESTED,,AREA HARVESTED: (25.0 TO 49.9 ACRES),YEAR,,"55,884",,,AREA HARVESTED,9000,CENSUS,00,IRRIGATED,US TOTAL,CROPS,ACRES,NATIONAL,
,,ALL UTILIZATION PRACTICES,ANNUAL,SOYBEANS,"SOYBEANS, IRRIGATED - ACRES HARVESTED",2012-01-01 00:00:00.000,,ALL CLASSES,1997,,,,US TOTAL,FIELD CROPS,00000000,00,99,,UNITED STATES,US,AREA HARVESTED,,AREA HARVESTED: (250 TO 499 ACRES),YEAR,,"917,864",,,AREA HARVESTED,9000,CENSUS,00,IRRIGATED,US TOTAL,CROPS,ACRES,NATIONAL,
,,ALL UTILIZATION PRACTICES,ANNUAL,SOYBEANS,"SOYBEANS, IRRIGATED - ACRES HARVESTED",2012-01-01 00:00:00.000,,ALL CLASSES,1997,,,,US TOTAL,FIELD CROPS,00000000,00,99,,UNITED STATES,US,AREA HARVESTED,,"AREA HARVESTED: (3,000 TO 4,999 ACRES)",YEAR,,"173,033",,,AREA HARVESTED,9000,CENSUS,00,IRRIGATED,US TOTAL,CROPS,ACRES,NATIONAL,
,,ALL UTILIZATION PRACTICES,ANNUAL,SOYBEANS,"SOYBEANS, IRRIGATED - ACRES HARVESTED",2012-01-01 00:00:00.000,,ALL CLASSES,1997,,,,US TOTAL,FIELD CROPS,00000000,00,99,,UNITED STATES,US,AREA HARVESTED,,"AREA HARVESTED: (5,000 OR MORE ACRES)",YEAR,,"53,440",,,AREA HARVESTED,9000,CENSUS,00,IRRIGATED,US TOTAL,CROPS,ACRES,NATIONAL,
,,ALL UTILIZATION PRACTICES,ANNUAL,SOYBEANS,"SOYBEANS, IRRIGATED - ACRES HARVESTED",2012-01-01 00:00:00.000,,ALL CLASSES,1997,,,,US TOTAL,FIELD CROPS,00000000,00,99,,UNITED STATES,US,AREA HARVESTED,,AREA HARVESTED: (50.0 TO 99.9 ACRES),YEAR,,"189,603",,,AREA HARVESTED,9000,CENSUS,00,IRRIGATED,US TOTAL,CROPS,ACRES,NATIONAL,
,,ALL UTILIZATION PRACTICES,ANNUAL,SOYBEANS,"SOYBEANS, IRRIGATED - ACRES HARVESTED",2012-01-01 00:00:00.000,,ALL CLASSES,1997,,,,US TOTAL,FIELD CROPS,00000000,00,99,,UNITED STATES,US,AREA HARVESTED,,AREA HARVESTED: (500 TO 999 ACRES),YEAR,,"1,129,907",,,AREA HARVESTED,9000,CENSUS,00,IRRIGATED,US TOTAL,CROPS,ACRES,NATIONAL,
,,ALL UTILIZATION PRACTICES,ANNUAL,SOYBEANS,"SOYBEANS, IRRIGATED - ACRES HARVESTED",2012-01-01 00:00:00.000,,ALL CLASSES,1997,,,,US TOTAL,FIELD CROPS,00000000,00,99,,UNITED STATES,US,TOTAL,,NOT SPECIFIED,YEAR,,"4,237,815",,,AREA HARVESTED,9000,CENSUS,00,IRRIGATED,US TOTAL,CROPS,ACRES,NATIONAL,
,,ALL UTILIZATION PRACTICES,ANNUAL,SOYBEANS,SOYBEANS - ACRES HARVESTED,2012-01-01 00:00:00.000,,ALL CLASSES,2002,,,,US TOTAL,FIELD CROPS,00000000,00,99,,UNITED STATES,US,AREA HARVESTED,,"AREA HARVESTED: (1,000 OR MORE ACRES)",YEAR,,"15,930,281",,,AREA HARVESTED,9000,CENSUS,00,ALL PRODUCTION PRACTICES,US TOTAL,CROPS,ACRES,NATIONAL,
,,ALL UTILIZATION PRACTICES,ANNUAL,SOYBEANS,SOYBEANS - ACRES HARVESTED,2012-01-01 00:00:00.000,,ALL CLASSES,2002,,,,US TOTAL,FIELD CROPS,00000000,00,99,,UNITED STATES,US,AREA HARVESTED,,"AREA HARVESTED: (1,000 TO 1,999 ACRES)",YEAR,,"11,269,228",,,AREA HARVESTED,9000,CENSUS,00,ALL PRODUCTION PRACTICES,US TOTAL,CROPS,ACRES,NATIONAL,
,,ALL UTILIZATION PRACTICES,ANNUAL,SOYBEANS,SOYBEANS - ACRES HARVESTED,2012-01-01 00:00:00.000,,ALL CLASSES,2002,,,,US TOTAL,FIELD CROPS,00000000,00,99,,UNITED STATES,US,AREA HARVESTED,,AREA HARVESTED: (1.0 TO 14.9 ACRES),YEAR,,"181,912",,,AREA HARVESTED,9000,CENSUS,00,ALL PRODUCTION PRACTICES,US TOTAL,CROPS,ACRES,NATIONAL,
,,ALL UTILIZATION PRACTICES,ANNUAL,SOYBEANS,SOYBEANS - ACRES HARVESTED,2012-01-01 00:00:00.000,,ALL CLASSES,2002,,,,US TOTAL,FIELD CROPS,00000000,00,99,,UNITED STATES,US,AREA HARVESTED,,AREA HARVESTED: (100 TO 249 ACRES),YEAR,,"13,039,146",,,AREA HARVESTED,9000,CENSUS,00,ALL PRODUCTION PRACTICES,US TOTAL,CROPS,ACRES,NATIONAL,
,,ALL UTILIZATION PRACTICES,ANNUAL,SOYBEANS,SOYBEANS - ACRES HARVESTED,2012-01-01 00:00:00.000,,ALL CLASSES,2002,,,,US TOTAL,FIELD CROPS,00000000,00,99,,UNITED STATES,US,AREA HARVESTED,,AREA HARVESTED: (15.0 TO 24.9 ACRES),YEAR,,"407,567",,,AREA HARVESTED,9000,CENSUS,00,ALL PRODUCTION PRACTICES,US TOTAL,CROPS,ACRES,NATIONAL,
,,ALL UTILIZATION PRACTICES,ANNUAL,SOYBEANS,SOYBEANS - ACRES HARVESTED,2012-01-01 00:00:00.000,,ALL CLASSES,2002,,,,US TOTAL,FIELD CROPS,00000000,00,99,,UNITED STATES,US,AREA HARVESTED,,"AREA HARVESTED: (2,000 TO 2,999 ACRES)",YEAR,,"2,804,383",,,AREA HARVESTED,9000,CENSUS,00,ALL PRODUCTION PRACTICES,US TOTAL,CROPS,ACRES,NATIONAL,
,,ALL UTILIZATION PRACTICES,ANNUAL,SOYBEANS,SOYBEANS - ACRES HARVESTED,2012-01-01 00:00:00.000,,ALL CLASSES,2002,,,,US TOTAL,FIELD CROPS,00000000,00,99,,UNITED STATES,US,AREA HARVESTED,,AREA HARVESTED: (25.0 TO 49.9 ACRES),YEAR,,"1,588,337",,,AREA HARVESTED,9000,CENSUS,00,ALL PRODUCTION PRACTICES,US TOTAL,CROPS,ACRES,NATIONAL,
,,ALL UTILIZATION PRACTICES,ANNUAL,SOYBEANS,SOYBEANS - ACRES HARVESTED,2012-01-01 00:00:00.000,,ALL CLASSES,2002,,,,US TOTAL,FIELD CROPS,00000000,00,99,,UNITED STATES,US,AREA HARVESTED,,AREA HARVESTED: (250 TO 499 ACRES),YEAR,,"17,737,396",,,AREA HARVESTED,9000,CENSUS,00,ALL PRODUCTION PRACTICES,US TOTAL,CROPS,ACRES,NATIONAL,
,,ALL UTILIZATION PRACTICES,ANNUAL,SOYBEANS,SOYBEANS - ACRES HARVESTED,2012-01-01 00:00:00.000,,ALL CLASSES,2002,,,,US TOTAL,FIELD CROPS,00000000,00,99,,UNITED STATES,US,AREA HARVESTED,,"AREA HARVESTED: (3,000 TO 4,999 ACRES)",YEAR,,"1,282,157",,,AREA HARVESTED,9000,CENSUS,00,ALL PRODUCTION PRACTICES,US TOTAL,CROPS,ACRES,NATIONAL,
,,ALL UTILIZATION PRACTICES,ANNUAL,SOYBEANS,SOYBEANS - ACRES HARVESTED,2012-01-01 00:00:00.000,,ALL CLASSES,2002,,,,US TOTAL,FIELD CROPS,00000000,00,99,,UNITED STATES,US,AREA HARVESTED,,"AREA HARVESTED: (5,000 OR MORE ACRES)",YEAR,,"574,513",,,AREA HARVESTED,9000,CENSUS,00,ALL PRODUCTION PRACTICES,US TOTAL,CROPS,ACRES,NATIONAL,
,,ALL UTILIZATION PRACTICES,ANNUAL,SOYBEANS,SOYBEANS - ACRES HARVESTED,2012-01-01 00:00:00.000,,ALL CLASSES,2002,,,,US TOTAL,FIELD CROPS,00000000,00,99,,UNITED STATES,US,AREA HARVESTED,,AREA HARVESTED: (50.0 TO 99.9 ACRES),YEAR,,"4,136,836",,,AREA HARVESTED,9000,CENSUS,00,ALL PRODUCTION PRACTICES,US TOTAL,CROPS,ACRES,NATIONAL,
,,ALL UTILIZATION PRACTICES,ANNUAL,SOYBEANS,SOYBEANS - ACRES HARVESTED,2012-01-01 00:00:00.000,,ALL CLASSES,2002,,,,US TOTAL,FIELD CROPS,00000000,00,99,,UNITED STATES,US,AREA HARVESTED,,AREA HARVESTED: (500 TO 999 ACRES),YEAR,,"19,378,369",,,AREA HARVESTED,9000,CENSUS,00,ALL PRODUCTION PRACTICES,US TOTAL,CROPS,ACRES,NATIONAL,
,,ALL UTILIZATION PRACTICES,ANNUAL,SOYBEANS,SOYBEANS - ACRES HARVESTED,2012-01-01 00:00:00.000,,ALL CLASSES,2002,,,,US TOTAL,FIELD CROPS,00000000,00,99,,UNITED STATES,US,TOTAL,,NOT SPECIFIED,YEAR,,"72,399,844",,,AREA HARVESTED,9000,CENSUS,00,ALL PRODUCTION PRACTICES,US TOTAL,CROPS,ACRES,NATIONAL,
,,ALL UTILIZATION PRACTICES,ANNUAL,SOYBEANS,"SOYBEANS, IRRIGATED - ACRES HARVESTED",2012-01-01 00:00:00.000,,ALL CLASSES,2002,,,,US TOTAL,FIELD CROPS,00000000,00,99,,UNITED STATES,US,AREA HARVESTED,,"AREA HARVESTED: (1,000 OR MORE ACRES)",YEAR,,"1,706,142",,,AREA HARVESTED,9000,CENSUS,00,IRRIGATED,US TOTAL,CROPS,ACRES,NATIONAL,
,,ALL UTILIZATION PRACTICES,ANNUAL,SOYBEANS,"SOYBEANS, IRRIGATED - ACRES HARVESTED",2012-01-01 00:00:00.000,,ALL CLASSES,2002,,,,US TOTAL,FIELD CROPS,00000000,00,99,,UNITED STATES,US,AREA HARVESTED,,"AREA HARVESTED: (1,000 TO 1,999 ACRES)",YEAR,,"1,102,101",,,AREA HARVESTED,9000,CENSUS,00,IRRIGATED,US TOTAL,CROPS,ACRES,NATIONAL,
,,ALL UTILIZATION PRACTICES,ANNUAL,SOYBEANS,"SOYBEANS, IRRIGATED - ACRES HARVESTED",2012-01-01 00:00:00.000,,ALL CLASSES,2002,,,,US TOTAL,FIELD CROPS,00000000,00,99,,UNITED STATES,US,AREA HARVESTED,,AREA HARVESTED: (1.0 TO 14.9 ACRES),YEAR,,"2,094",,,AREA HARVESTED,9000,CENSUS,00,IRRIGATED,US TOTAL,CROPS,ACRES,NATIONAL,
,,ALL UTILIZATION PRACTICES,ANNUAL,SOYBEANS,"SOYBEANS, IRRIGATED - ACRES HARVESTED",2012-01-01 00:00:00.000,,ALL CLASSES,2002,,,,US TOTAL,FIELD CROPS,00000000,00,99,,UNITED STATES,US,AREA HARVESTED,,AREA HARVESTED: (100 TO 249 ACRES),YEAR,,"771,100",,,AREA HARVESTED,9000,CENSUS,00,IRRIGATED,US TOTAL,CROPS,ACRES,NATIONAL,
,,ALL UTILIZATION PRACTICES,ANNUAL,SOYBEANS,"SOYBEANS, IRRIGATED - ACRES HARVESTED",2012-01-01 00:00:00.000,,ALL CLASSES,2002,,,,US TOTAL,FIELD CROPS,00000000,00,99,,UNITED STATES,US,AREA HARVESTED,,AREA HARVESTED: (15.0 TO 24.9 ACRES),YEAR,,"7,916",,,AREA HARVESTED,9000,CENSUS,00,IRRIGATED,US TOTAL,CROPS,ACRES,NATIONAL,
,,ALL UTILIZATION PRACTICES,ANNUAL,SOYBEANS,"SOYBEANS, IRRIGATED - ACRES HARVESTED",2012-01-01 00:00:00.000,,ALL CLASSES,2002,,,,US TOTAL,FIELD CROPS,00000000,00,99,,UNITED STATES,US,AREA HARVESTED,,"AREA HARVESTED: (2,000 TO 2,999 ACRES)",YEAR,,"358,859",,,AREA HARVESTED,9000,CENSUS,00,IRRIGATED,US TOTAL,CROPS,ACRES,NATIONAL,
,,ALL UTILIZATION PRACTICES,ANNUAL,SOYBEANS,"SOYBEANS, IRRIGATED - ACRES HARVESTED",2012-01-01 00:00:00.000,,ALL CLASSES,2002,,,,US TOTAL,FIELD CROPS,00000000,00,99,,UNITED STATES,US,AREA HARVESTED,,AREA HARVESTED: (25.0 TO 49.9 ACRES),YEAR,,"41,552",,,AREA HARVESTED,9000,CENSUS,00,IRRIGATED,US TOTAL,CROPS,ACRES,NATIONAL,
,,ALL UTILIZATION PRACTICES,ANNUAL,SOYBEANS,"SOYBEANS, IRRIGATED - ACRES HARVESTED",2012-01-01 00:00:00.000,,ALL CLASSES,2002,,,,US TOTAL,FIELD CROPS,00000000,00,99,,UNITED STATES,US,AREA HARVESTED,,AREA HARVESTED: (250 TO 499 ACRES),YEAR,,"1,210,979",,,AREA HARVESTED,9000,CENSUS,00,IRRIGATED,US TOTAL,CROPS,ACRES,NATIONAL,
,,ALL UTILIZATION PRACTICES,ANNUAL,SOYBEANS,"SOYBEANS, IRRIGATED - ACRES HARVESTED",2012-01-01 00:00:00.000,,ALL CLASSES,2002,,,,US TOTAL,FIELD CROPS,00000000,00,99,,UNITED STATES,US,AREA HARVESTED,,"AREA HARVESTED: (3,000 TO 4,999 ACRES)",YEAR,,"206,000",,,AREA HARVESTED,9000,CENSUS,00,IRRIGATED,US TOTAL,CROPS,ACRES,NATIONAL,
,,ALL UTILIZATION PRACTICES,ANNUAL,SOYBEANS,"SOYBEANS, IRRIGATED - ACRES HARVESTED",2012-01-01 00:00:00.000,,ALL CLASSES,2002,,,,US TOTAL,FIELD CROPS,00000000,00,99,,UNITED STATES,US,AREA HARVESTED,,"AREA HARVESTED: (5,000 OR MORE ACRES)",YEAR,,"39,182",,,AREA HARVESTED,9000,CENSUS,00,IRRIGATED,US TOTAL,CROPS,ACRES,NATIONAL,
,,ALL UTILIZATION PRACTICES,ANNUAL,SOYBEANS,"SOYBEANS, IRRIGATED - ACRES HARVESTED",2012-01-01 00:00:00.000,,ALL CLASSES,2002,,,,US TOTAL,FIELD CROPS,00000000,00,99,,UNITED STATES,US,AREA HARVESTED,,AREA HARVESTED: (50.0 TO 99.9 ACRES),YEAR,,"175,804",,,AREA HARVESTED,9000,CENSUS,00,IRRIGATED,US TOTAL,CROPS,ACRES,NATIONAL,
,,ALL UTILIZATION PRACTICES,ANNUAL,SOYBEANS,"SOYBEANS, IRRIGATED - ACRES HARVESTED",2012-01-01 00:00:00.000,,ALL CLASSES,2002,,,,US TOTAL,FIELD CROPS,00000000,00,99,,UNITED STATES,US,AREA HARVESTED,,AREA HARVESTED: (500 TO 999 ACRES),YEAR,,"1,544,605",,,AREA HARVESTED,9000,CENSUS,00,IRRIGATED,US TOTAL,CROPS,ACRES,NATIONAL,
,,ALL UTILIZATION PRACTICES,ANNUAL,SOYBEANS,"SOYBEANS, IRRIGATED - ACRES HARVESTED",2012-01-01 00:00:00.000,,ALL CLASSES,2002,,,,US TOTAL,FIELD CROPS,00000000,00,99,,UNITED STATES,US,TOTAL,,NOT SPECIFIED,YEAR,,"5,460,192",,,AREA HARVESTED,9000,CENSUS,00,IRRIGATED,US TOTAL,CROPS,ACRES,NATIONAL,
,,ALL UTILIZATION PRACTICES,ANNUAL,SOYBEANS,"SOYBEANS, IRRIGATED, ENTIRE CROP - ACRES HARVESTED",2012-01-01 00:00:00.000,,ALL CLASSES,2002,,,,US TOTAL,FIELD CROPS,00000000,00,99,,UNITED STATES,US,TOTAL,,NOT SPECIFIED,YEAR,,"2,313,287",,,AREA HARVESTED,9000,CENSUS,00,"IRRIGATED, ENTIRE CROP",US TOTAL,CROPS,ACRES,NATIONAL,
,,ALL UTILIZATION PRACTICES,ANNUAL,SOYBEANS,"SOYBEANS, IRRIGATED, NONE OF CROP - ACRES HARVESTED",2012-01-01 00:00:00.000,,ALL CLASSES,2002,,,,US TOTAL,FIELD CROPS,00000000,00,99,,UNITED STATES,US,TOTAL,,NOT SPECIFIED,YEAR,,"63,322,298",,,AREA HARVESTED,9000,CENSUS,00,"IRRIGATED, NONE OF CROP",US TOTAL,CROPS,ACRES,NATIONAL,
,,ALL UTILIZATION PRACTICES,ANNUAL,SOYBEANS,"SOYBEANS, IRRIGATED, PART OF CROP, IRRIGATED PORTION - ACRES HARVESTED",2012-01-01 00:00:00.000,,ALL CLASSES,2002,,,,US TOTAL,FIELD CROPS,00000000,00,99,,UNITED STATES,US,TOTAL,,NOT SPECIFIED,YEAR,,"3,146,905",,,AREA HARVESTED,9000,CENSUS,00,"IRRIGATED, PART OF CROP, IRRIGATED PORTION",US TOTAL,CROPS,ACRES,NATIONAL,
,,ALL UTILIZATION PRACTICES,ANNUAL,SOYBEANS,SOYBEANS - ACRES HARVESTED,2012-01-01 00:00:00.000,,ALL CLASSES,2007,,,,US TOTAL,FIELD CROPS,00000000,00,99,,UNITED STATES,US,AREA HARVESTED,,"AREA HARVESTED: (1,000 OR MORE ACRES)",YEAR,,"14,793,458",,,AREA HARVESTED,9000,CENSUS,00,ALL PRODUCTION PRACTICES,US TOTAL,CROPS,ACRES,NATIONAL,
,,ALL UTILIZATION PRACTICES,ANNUAL,SOYBEANS,SOYBEANS - ACRES HARVESTED,2012-01-01 00:00:00.000,,ALL CLASSES,2007,,,,US TOTAL,FIELD CROPS,00000000,00,99,,UNITED STATES,US,AREA HARVESTED,,"AREA HARVESTED: (1,000 TO 1,999 ACRES)",YEAR,,"10,183,238",,,AREA HARVESTED,9000,CENSUS,00,ALL PRODUCTION PRACTICES,US TOTAL,CROPS,ACRES,NATIONAL,
,,ALL UTILIZATION PRACTICES,ANNUAL,SOYBEANS,SOYBEANS - ACRES HARVESTED,2012-01-01 00:00:00.000,,ALL CLASSES,2007,,,,US TOTAL,FIELD CROPS,00000000,00,99,,UNITED STATES,US,AREA HARVESTED,,AREA HARVESTED: (1.0 TO 14.9 ACRES),YEAR,,"168,726",,,AREA HARVESTED,9000,CENSUS,00,ALL PRODUCTION PRACTICES,US TOTAL,CROPS,ACRES,NATIONAL,
,,ALL UTILIZATION PRACTICES,ANNUAL,SOYBEANS,SOYBEANS - ACRES HARVESTED,2012-01-01 00:00:00.000,,ALL CLASSES,2007,,,,US TOTAL,FIELD CROPS,00000000,00,99,,UNITED STATES,US,AREA HARVESTED,,AREA HARVESTED: (100 TO 249 ACRES),YEAR,,"11,281,858",,,AREA HARVESTED,9000,CENSUS,00,ALL PRODUCTION PRACTICES,US TOTAL,CROPS,ACRES,NATIONAL,
,,ALL UTILIZATION PRACTICES,ANNUAL,SOYBEANS,SOYBEANS - ACRES HARVESTED,2012-01-01 00:00:00.000,,ALL CLASSES,2007,,,,US TOTAL,FIELD CROPS,00000000,00,99,,UNITED STATES,US,AREA HARVESTED,,AREA HARVESTED: (15.0 TO 24.9 ACRES),YEAR,,"358,638",,,AREA HARVESTED,9000,CENSUS,00,ALL PRODUCTION PRACTICES,US TOTAL,CROPS,ACRES,NATIONAL,
,,ALL UTILIZATION PRACTICES,ANNUAL,SOYBEANS,SOYBEANS - ACRES HARVESTED,2012-01-01 00:00:00.000,,ALL CLASSES,2007,,,,US TOTAL,FIELD CROPS,00000000,00,99,,UNITED STATES,US,AREA HARVESTED,,"AREA HARVESTED: (2,000 TO 2,999 ACRES)",YEAR,,"2,702,212",,,AREA HARVESTED,9000,CENSUS,00,ALL PRODUCTION PRACTICES,US TOTAL,CROPS,ACRES,NATIONAL,
,,ALL UTILIZATION PRACTICES,ANNUAL,SOYBEANS,SOYBEANS - ACRES HARVESTED,2012-01-01 00:00:00.000,,ALL CLASSES,2007,,,,US TOTAL,FIELD CROPS,00000000,00,99,,UNITED STATES,US,AREA HARVESTED,,AREA HARVESTED: (25.0 TO 49.9 ACRES),YEAR,,"1,410,843",,,AREA HARVESTED,9000,CENSUS,00,ALL PRODUCTION PRACTICES,US TOTAL,CROPS,ACRES,NATIONAL,
,,ALL UTILIZATION PRACTICES,ANNUAL,SOYBEANS,SOYBEANS - ACRES HARVESTED,2012-01-01 00:00:00.000,,ALL CLASSES,2007,,,,US TOTAL,FIELD CROPS,00000000,00,99,,UNITED STATES,US,AREA HARVESTED,,AREA HARVESTED: (250 TO 499 ACRES),YEAR,,"15,444,692",,,AREA HARVESTED,9000,CENSUS,00,ALL PRODUCTION PRACTICES,US TOTAL,CROPS,ACRES,NATIONAL,
,,ALL UTILIZATION PRACTICES,ANNUAL,SOYBEANS,SOYBEANS - ACRES HARVESTED,2012-01-01 00:00:00.000,,ALL CLASSES,2007,,,,US TOTAL,FIELD CROPS,00000000,00,99,,UNITED STATES,US,AREA HARVESTED,,"AREA HARVESTED: (3,000 TO 4,999 ACRES)",YEAR,,"1,418,465",,,AREA HARVESTED,9000,CENSUS,00,ALL PRODUCTION PRACTICES,US TOTAL,CROPS,ACRES,NATIONAL,
,,ALL UTILIZATION PRACTICES,ANNUAL,SOYBEANS,SOYBEANS - ACRES HARVESTED,2012-01-01 00:00:00.000,,ALL CLASSES,2007,,,,US TOTAL,FIELD CROPS,00000000,00,99,,UNITED STATES,US,AREA HARVESTED,,"AREA HARVESTED: (5,000 OR MORE ACRES)",YEAR,,"489,543",,,AREA HARVESTED,9000,CENSUS,00,ALL PRODUCTION PRACTICES,US TOTAL,CROPS,ACRES,NATIONAL,
,,ALL UTILIZATION PRACTICES,ANNUAL,SOYBEANS,SOYBEANS - ACRES HARVESTED,2012-01-01 00:00:00.000,,ALL CLASSES,2007,,,,US TOTAL,FIELD CROPS,00000000,00,99,,UNITED STATES,US,AREA HARVESTED,,AREA HARVESTED: (50.0 TO 99.9 ACRES),YEAR,,"3,627,583",,,AREA HARVESTED,9000,CENSUS,00,ALL PRODUCTION PRACTICES,US TOTAL,CROPS,ACRES,NATIONAL,
,,ALL UTILIZATION PRACTICES,ANNUAL,SOYBEANS,SOYBEANS - ACRES HARVESTED,2012-01-01 00:00:00.000,,ALL CLASSES,2007,,,,US TOTAL,FIELD CROPS,00000000,00,99,,UNITED STATES,US,AREA HARVESTED,,AREA HARVESTED: (500 TO 999 ACRES),YEAR,,"16,830,023",,,AREA HARVESTED,9000,CENSUS,00,ALL PRODUCTION PRACTICES,US TOTAL,CROPS,ACRES,NATIONAL,
,,ALL UTILIZATION PRACTICES,ANNUAL,SOYBEANS,SOYBEANS - ACRES HARVESTED,2012-12-31 00:00:00.000,,ALL CLASSES,2007,,,,US TOTAL,FIELD CROPS,00000000,00,99,,UNITED STATES,US,TOTAL,,NOT SPECIFIED,YEAR,,"63,915,821",,,AREA HARVESTED,9000,CENSUS,00,ALL PRODUCTION PRACTICES,US TOTAL,CROPS,ACRES,NATIONAL,
,,ALL UTILIZATION PRACTICES,ANNUAL,SOYBEANS,"SOYBEANS, IRRIGATED - ACRES HARVESTED",2012-01-01 00:00:00.000,,ALL CLASSES,2007,,,,US TOTAL,FIELD CROPS,00000000,00,99,,UNITED STATES,US,AREA HARVESTED,,"AREA HARVESTED: (1,000 OR MORE ACRES)",YEAR,,"1,977,061",,,AREA HARVESTED,9000,CENSUS,00,IRRIGATED,US TOTAL,CROPS,ACRES,NATIONAL,
,,ALL UTILIZATION PRACTICES,ANNUAL,SOYBEANS,"SOYBEANS, IRRIGATED - ACRES HARVESTED",2012-01-01 00:00:00.000,,ALL CLASSES,2007,,,,US TOTAL,FIELD CROPS,00000000,00,99,,UNITED STATES,US,AREA HARVESTED,,"AREA HARVESTED: (1,000 TO 1,999 ACRES)",YEAR,,"1,228,641",,,AREA HARVESTED,9000,CENSUS,00,IRRIGATED,US TOTAL,CROPS,ACRES,NATIONAL,
,,ALL UTILIZATION PRACTICES,ANNUAL,SOYBEANS,"SOYBEANS, IRRIGATED - ACRES HARVESTED",2012-01-01 00:00:00.000,,ALL CLASSES,2007,,,,US TOTAL,FIELD CROPS,00000000,00,99,,UNITED STATES,US,AREA HARVESTED,,AREA HARVESTED: (1.0 TO 14.9 ACRES),YEAR,,"1,803",,,AREA HARVESTED,9000,CENSUS,00,IRRIGATED,US TOTAL,CROPS,ACRES,NATIONAL,
,,ALL UTILIZATION PRACTICES,ANNUAL,SOYBEANS,"SOYBEANS, IRRIGATED - ACRES HARVESTED",2012-01-01 00:00:00.000,,ALL CLASSES,2007,,,,US TOTAL,FIELD CROPS,00000000,00,99,,UNITED STATES,US,AREA HARVESTED,,AREA HARVESTED: (100 TO 249 ACRES),YEAR,,"643,553",,,AREA HARVESTED,9000,CENSUS,00,IRRIGATED,US TOTAL,CROPS,ACRES,NATIONAL,
,,ALL UTILIZATION PRACTICES,ANNUAL,SOYBEANS,"SOYBEANS, IRRIGATED - ACRES HARVESTED",2012-01-01 00:00:00.000,,ALL CLASSES,2007,,,,US TOTAL,FIELD CROPS,00000000,00,99,,UNITED STATES,US,AREA HARVESTED,,AREA HARVESTED: (15.0 TO 24.9 ACRES),YEAR,,"6,286",,,AREA HARVESTED,9000,CENSUS,00,IRRIGATED,US TOTAL,CROPS,ACRES,NATIONAL,
,,ALL UTILIZATION PRACTICES,ANNUAL,SOYBEANS,"SOYBEANS, IRRIGATED - ACRES HARVESTED",2012-01-01 00:00:00.000,,ALL CLASSES,2007,,,,US TOTAL,FIELD CROPS,00000000,00,99,,UNITED STATES,US,AREA HARVESTED,,"AREA HARVESTED: (2,000 TO 2,999 ACRES)",YEAR,,"405,123",,,AREA HARVESTED,9000,CENSUS,00,IRRIGATED,US TOTAL,CROPS,ACRES,NATIONAL,
,,ALL UTILIZATION PRACTICES,ANNUAL,SOYBEANS,"SOYBEANS, IRRIGATED - ACRES HARVESTED",2012-01-01 00:00:00.000,,ALL CLASSES,2007,,,,US TOTAL,FIELD CROPS,00000000,00,99,,UNITED STATES,US,AREA HARVESTED,,AREA HARVESTED: (25.0 TO 49.9 ACRES),YEAR,,"35,981",,,AREA HARVESTED,9000,CENSUS,00,IRRIGATED,US TOTAL,CROPS,ACRES,NATIONAL,
,,ALL UTILIZATION PRACTICES,ANNUAL,SOYBEANS,"SOYBEANS, IRRIGATED - ACRES HARVESTED",2012-01-01 00:00:00.000,,ALL CLASSES,2007,,,,US TOTAL,FIELD CROPS,00000000,00,99,,UNITED STATES,US,AREA HARVESTED,,AREA HARVESTED: (250 TO 499 ACRES),YEAR,,"1,061,985",,,AREA HARVESTED,9000,CENSUS,00,IRRIGATED,US TOTAL,CROPS,ACRES,NATIONAL,
,,ALL UTILIZATION PRACTICES,ANNUAL,SOYBEANS,"SOYBEANS, IRRIGATED - ACRES HARVESTED",2012-01-01 00:00:00.000,,ALL CLASSES,2007,,,,US TOTAL,FIELD CROPS,00000000,00,99,,UNITED STATES,US,AREA HARVESTED,,"AREA HARVESTED: (3,000 TO 4,999 ACRES)",YEAR,,"295,305",,,AREA HARVESTED,9000,CENSUS,00,IRRIGATED,US TOTAL,CROPS,ACRES,NATIONAL,
,,ALL UTILIZATION PRACTICES,ANNUAL,SOYBEANS,"SOYBEANS, IRRIGATED - ACRES HARVESTED",2012-01-01 00:00:00.000,,ALL CLASSES,2007,,,,US TOTAL,FIELD CROPS,00000000,00,99,,UNITED STATES,US,AREA HARVESTED,,"AREA HARVESTED: (5,000 OR MORE ACRES)",YEAR,,"47,992",,,AREA HARVESTED,9000,CENSUS,00,IRRIGATED,US TOTAL,CROPS,ACRES,NATIONAL,
,,ALL UTILIZATION PRACTICES,ANNUAL,SOYBEANS,"SOYBEANS, IRRIGATED - ACRES HARVESTED",2012-01-01 00:00:00.000,,ALL CLASSES,2007,,,,US TOTAL,FIELD CROPS,00000000,00,99,,UNITED STATES,US,AREA HARVESTED,,AREA HARVESTED: (50.0 TO 99.9 ACRES),YEAR,,"142,035",,,AREA HARVESTED,9000,CENSUS,00,IRRIGATED,US TOTAL,CROPS,ACRES,NATIONAL,
,,ALL UTILIZATION PRACTICES,ANNUAL,SOYBEANS,"SOYBEANS, IRRIGATED - ACRES HARVESTED",2012-01-01 00:00:00.000,,ALL CLASSES,2007,,,,US TOTAL,FIELD CROPS,00000000,00,99,,UNITED STATES,US,AREA HARVESTED,,AREA HARVESTED: (500 TO 999 ACRES),YEAR,,"1,368,371",,,AREA HARVESTED,9000,CENSUS,00,IRRIGATED,US TOTAL,CROPS,ACRES,NATIONAL,
,,ALL UTILIZATION PRACTICES,ANNUAL,SOYBEANS,"SOYBEANS, IRRIGATED - ACRES HARVESTED",2012-01-01 00:00:00.000,,ALL CLASSES,2007,,,,US TOTAL,FIELD CROPS,00000000,00,99,,UNITED STATES,US,TOTAL,,NOT SPECIFIED,YEAR,,"5,237,075",,,AREA HARVESTED,9000,CENSUS,00,IRRIGATED,US TOTAL,CROPS,ACRES,NATIONAL,
,,ALL UTILIZATION PRACTICES,ANNUAL,SOYBEANS,"SOYBEANS, IRRIGATED, ENTIRE CROP - ACRES HARVESTED",2012-01-01 00:00:00.000,,ALL CLASSES,2007,,,,US TOTAL,FIELD CROPS,00000000,00,99,,UNITED STATES,US,TOTAL,,NOT SPECIFIED,YEAR,,"2,175,069",,,AREA HARVESTED,9000,CENSUS,00,"IRRIGATED, ENTIRE CROP",US TOTAL,CROPS,ACRES,NATIONAL,
,,ALL UTILIZATION PRACTICES,ANNUAL,SOYBEANS,"SOYBEANS, IRRIGATED, NONE OF CROP - ACRES HARVESTED",2012-01-01 00:00:00.000,,ALL CLASSES,2007,,,,US TOTAL,FIELD CROPS,00000000,00,99,,UNITED STATES,US,TOTAL,,NOT SPECIFIED,YEAR,,"55,282,030",,,AREA HARVESTED,9000,CENSUS,00,"IRRIGATED, NONE OF CROP",US TOTAL,CROPS,ACRES,NATIONAL,
,,ALL UTILIZATION PRACTICES,ANNUAL,SOYBEANS,"SOYBEANS, IRRIGATED, PART OF CROP, IRRIGATED PORTION - ACRES HARVESTED",2012-01-01 00:00:00.000,,ALL CLASSES,2007,,,,US TOTAL,FIELD CROPS,00000000,00,99,,UNITED STATES,US,TOTAL,,NOT SPECIFIED,YEAR,,"3,062,006",,,AREA HARVESTED,9000,CENSUS,00,"IRRIGATED, PART OF CROP, IRRIGATED PORTION",US TOTAL,CROPS,ACRES,NATIONAL,
,,ALL UTILIZATION PRACTICES,ANNUAL,SOYBEANS,"SOYBEANS, ORGANIC - ACRES HARVESTED",2012-01-01 00:00:00.000,,ALL CLASSES,2008,,,,US TOTAL,FIELD CROPS,00000000,00,99,,UNITED STATES,US,ORGANIC STATUS,,ORGANIC STATUS: (NOP USDA CERTIFIED & EXEMPT),YEAR,,"98,199",,,AREA HARVESTED,9000,CENSUS,00,ORGANIC,US TOTAL,CROPS,ACRES,NATIONAL,
,,ALL UTILIZATION PRACTICES,ANNUAL,SOYBEANS,"SOYBEANS, ORGANIC - ACRES HARVESTED",2012-01-01 00:00:00.000,,ALL CLASSES,2008,,,,US TOTAL,FIELD CROPS,00000000,00,99,,UNITED STATES,US,ORGANIC STATUS,,ORGANIC STATUS: (NOP USDA CERTIFIED),YEAR,,"98,113",,,AREA HARVESTED,9000,CENSUS,00,ORGANIC,US TOTAL,CROPS,ACRES,NATIONAL,
,,ALL UTILIZATION PRACTICES,ANNUAL,SOYBEANS,"SOYBEANS, ORGANIC - ACRES HARVESTED",2012-01-01 00:00:00.000,,ALL CLASSES,2008,,,,US TOTAL,FIELD CROPS,00000000,00,99,,UNITED STATES,US,ORGANIC STATUS,,ORGANIC STATUS: (NOP USDA EXEMPT),YEAR,,86,,,AREA HARVESTED,9000,CENSUS,00,ORGANIC,US TOTAL,CROPS,ACRES,NATIONAL,
,,ALL UTILIZATION PRACTICES,ANNUAL,SOYBEANS,"SOYBEANS, ORGANIC - ACRES HARVESTED",2012-12-31 00:00:00.000,,ALL CLASSES,2011,,,,US TOTAL,FIELD CROPS,00000000,00,99,,UNITED STATES,US,ORGANIC STATUS,,ORGANIC STATUS: (NOP USDA CERTIFIED),YEAR,,"96,080",,,AREA HARVESTED,9000,CENSUS,00,ORGANIC,US TOTAL,CROPS,ACRES,NATIONAL,
,,ALL UTILIZATION PRACTICES,ANNUAL,SOYBEANS,SOYBEANS - ACRES HARVESTED,2012-12-31 00:00:00.000,1.9,ALL CLASSES,2012,,,,US TOTAL,FIELD CROPS,00000000,00,99,,UNITED STATES,US,AREA HARVESTED,,"AREA HARVESTED: (1,000 OR MORE ACRES)",YEAR,,"22,600,166",,,AREA HARVESTED,9000,CENSUS,00,ALL PRODUCTION PRACTICES,US TOTAL,CROPS,ACRES,NATIONAL,
,,ALL UTILIZATION PRACTICES,ANNUAL,SOYBEANS,SOYBEANS - ACRES HARVESTED,2012-12-31 00:00:00.000,5.1,ALL CLASSES,2012,,,,US TOTAL,FIELD CROPS,00000000,00,99,,UNITED STATES,US,AREA HARVESTED,,"AREA HARVESTED: (1,000 TO 1,999 ACRES)",YEAR,,"14,688,625",,,AREA HARVESTED,9000,CENSUS,00,ALL PRODUCTION PRACTICES,US TOTAL,CROPS,ACRES,NATIONAL,
,,ALL UTILIZATION PRACTICES,ANNUAL,SOYBEANS,SOYBEANS - ACRES HARVESTED,2012-12-31 00:00:00.000,3.0,ALL CLASSES,2012,,,,US TOTAL,FIELD CROPS,00000000,00,99,,UNITED STATES,US,AREA HARVESTED,,AREA HARVESTED: (1.0 TO 14.9 ACRES),YEAR,,"200,876",,,AREA HARVESTED,9000,CENSUS,00,ALL PRODUCTION PRACTICES,US TOTAL,CROPS,ACRES,NATIONAL,
,,ALL UTILIZATION PRACTICES,ANNUAL,SOYBEANS,SOYBEANS - ACRES HARVESTED,2012-12-31 00:00:00.000,5.6,ALL CLASSES,2012,,,,US TOTAL,FIELD CROPS,00000000,00,99,,UNITED STATES,US,AREA HARVESTED,,AREA HARVESTED: (100 TO 249 ACRES),YEAR,,"11,543,967",,,AREA HARVESTED,9000,CENSUS,00,ALL PRODUCTION PRACTICES,US TOTAL,CROPS,ACRES,NATIONAL,
,,ALL UTILIZATION PRACTICES,ANNUAL,SOYBEANS,SOYBEANS - ACRES HARVESTED,2012-12-31 00:00:00.000,2.7,ALL CLASSES,2012,,,,US TOTAL,FIELD CROPS,00000000,00,99,,UNITED STATES,US,AREA HARVESTED,,AREA HARVESTED: (15.0 TO 24.9 ACRES),YEAR,,"392,890",,,AREA HARVESTED,9000,CENSUS,00,ALL PRODUCTION PRACTICES,US TOTAL,CROPS,ACRES,NATIONAL,
,,ALL UTILIZATION PRACTICES,ANNUAL,SOYBEANS,SOYBEANS - ACRES HARVESTED,2012-12-31 00:00:00.000,3.3,ALL CLASSES,2012,,,,US TOTAL,FIELD CROPS,00000000,00,99,,UNITED STATES,US,AREA HARVESTED,,"AREA HARVESTED: (2,000 TO 2,999 ACRES)",YEAR,,"4,146,723",,,AREA HARVESTED,9000,CENSUS,00,ALL PRODUCTION PRACTICES,US TOTAL,CROPS,ACRES,NATIONAL,
,,ALL UTILIZATION PRACTICES,ANNUAL,SOYBEANS,SOYBEANS - ACRES HARVESTED,2012-12-31 00:00:00.000,1.9,ALL CLASSES,2012,,,,US TOTAL,FIELD CROPS,00000000,00,99,,UNITED STATES,US,AREA HARVESTED,,AREA HARVESTED: (25.0 TO 49.9 ACRES),YEAR,,"1,495,194",,,AREA HARVESTED,9000,CENSUS,00,ALL PRODUCTION PRACTICES,US TOTAL,CROPS,ACRES,NATIONAL,
,,ALL UTILIZATION PRACTICES,ANNUAL,SOYBEANS,SOYBEANS - ACRES HARVESTED,2012-12-31 00:00:00.000,1.0,ALL CLASSES,2012,,,,US TOTAL,FIELD CROPS,00000000,00,99,,UNITED STATES,US,AREA HARVESTED,,AREA HARVESTED: (250 TO 499 ACRES),YEAR,,"16,446,008",,,AREA HARVESTED,9000,CENSUS,00,ALL PRODUCTION PRACTICES,US TOTAL,CROPS,ACRES,NATIONAL,
,,ALL UTILIZATION PRACTICES,ANNUAL,SOYBEANS,SOYBEANS - ACRES HARVESTED,2012-12-31 00:00:00.000,7.7,ALL CLASSES,2012,,,,US TOTAL,FIELD CROPS,00000000,00,99,,UNITED STATES,US,AREA HARVESTED,,"AREA HARVESTED: (3,000 TO 4,999 ACRES)",YEAR,,"2,675,848",,,AREA HARVESTED,9000,CENSUS,00,ALL PRODUCTION PRACTICES,US TOTAL,CROPS,ACRES,NATIONAL,
,,ALL UTILIZATION PRACTICES,ANNUAL,SOYBEANS,SOYBEANS - ACRES HARVESTED,2012-12-31 00:00:00.000,23.4,ALL CLASSES,2012,,,,US TOTAL,FIELD CROPS,00000000,00,99,,UNITED STATES,US,AREA HARVESTED,,"AREA HARVESTED: (5,000 OR MORE ACRES)",YEAR,,"1,088,970",,,AREA HARVESTED,9000,CENSUS,00,ALL PRODUCTION PRACTICES,US TOTAL,CROPS,ACRES,NATIONAL,
,,ALL UTILIZATION PRACTICES,ANNUAL,SOYBEANS,SOYBEANS - ACRES HARVESTED,2012-12-31 00:00:00.000,3.4,ALL CLASSES,2012,,,,US TOTAL,FIELD CROPS,00000000,00,99,,UNITED STATES,US,AREA HARVESTED,,AREA HARVESTED: (50.0 TO 99.9 ACRES),YEAR,,"3,779,644",,,AREA HARVESTED,9000,CENSUS,00,ALL PRODUCTION PRACTICES,US TOTAL,CROPS,ACRES,NATIONAL,
,,ALL UTILIZATION PRACTICES,ANNUAL,SOYBEANS,SOYBEANS - ACRES HARVESTED,2012-12-31 00:00:00.000,1.7,ALL CLASSES,2012,,,,US TOTAL,FIELD CROPS,00000000,00,99,,UNITED STATES,US,AREA HARVESTED,,AREA HARVESTED: (500 TO 999 ACRES),YEAR,,"19,646,035",,,AREA HARVESTED,9000,CENSUS,00,ALL PRODUCTION PRACTICES,US TOTAL,CROPS,ACRES,NATIONAL,
,,ALL UTILIZATION PRACTICES,ANNUAL,SOYBEANS,SOYBEANS - ACRES HARVESTED,2012-12-31 00:00:00.000,3.3,ALL CLASSES,2012,,,,US TOTAL,FIELD CROPS,00000000,00,99,,UNITED STATES,US,AREA OPERATED,,"AREA OPERATED: (1,000 TO 1,999 ACRES)",YEAR,,"20,557,029",,,AREA HARVESTED,9000,CENSUS,00,ALL PRODUCTION PRACTICES,US TOTAL,CROPS,ACRES,NATIONAL,
,,ALL UTILIZATION PRACTICES,ANNUAL,SOYBEANS,SOYBEANS - ACRES HARVESTED,2012-12-31 00:00:00.000,7.4,ALL CLASSES,2012,,,,US TOTAL,FIELD CROPS,00000000,00,99,,UNITED STATES,US,AREA OPERATED,,AREA OPERATED: (1.0 TO 9.9 ACRES),YEAR,,"9,902",,,AREA HARVESTED,9000,CENSUS,00,ALL PRODUCTION PRACTICES,US TOTAL,CROPS,ACRES,NATIONAL,
,,ALL UTILIZATION PRACTICES,ANNUAL,SOYBEANS,SOYBEANS - ACRES HARVESTED,2012-12-31 00:00:00.000,3.8,ALL CLASSES,2012,,,,US TOTAL,FIELD CROPS,00000000,00,99,,UNITED STATES,US,AREA OPERATED,,AREA OPERATED: (10.0 TO 49.9 ACRES),YEAR,,"346,715",,,AREA HARVESTED,9000,CENSUS,00,ALL PRODUCTION PRACTICES,US TOTAL,CROPS,ACRES,NATIONAL,
,,ALL UTILIZATION PRACTICES,ANNUAL,SOYBEANS,SOYBEANS - ACRES HARVESTED,2012-12-31 00:00:00.000,2.8,ALL CLASSES,2012,,,,US TOTAL,FIELD CROPS,00000000,00,99,,UNITED STATES,US,AREA OPERATED,,AREA OPERATED: (100 TO 139 ACRES),YEAR,,"927,731",,,AREA HARVESTED,9000,CENSUS,00,ALL PRODUCTION PRACTICES,US TOTAL,CROPS,ACRES,NATIONAL,
,,ALL UTILIZATION PRACTICES,ANNUAL,SOYBEANS,SOYBEANS - ACRES HARVESTED,2012-12-31 00:00:00.000,2.8,ALL CLASSES,2012,,,,US TOTAL,FIELD CROPS,00000000,00,99,,UNITED STATES,US,AREA OPERATED,,AREA OPERATED: (140 TO 179 ACRES),YEAR,,"1,212,240",,,AREA HARVESTED,9000,CENSUS,00,ALL PRODUCTION PRACTICES,US TOTAL,CROPS,ACRES,NATIONAL,
,,ALL UTILIZATION PRACTICES,ANNUAL,SOYBEANS,SOYBEANS - ACRES HARVESTED,2012-12-31 00:00:00.000,8.1,ALL CLASSES,2012,,,,US TOTAL,FIELD CROPS,00000000,00,99,,UNITED STATES,US,AREA OPERATED,,AREA OPERATED: (180 TO 219 ACRES),YEAR,,"1,110,036",,,AREA HARVESTED,9000,CENSUS,00,ALL PRODUCTION PRACTICES,US TOTAL,CROPS,ACRES,NATIONAL,
,,ALL UTILIZATION PRACTICES,ANNUAL,SOYBEANS,SOYBEANS - ACRES HARVESTED,2012-12-31 00:00:00.000,1.7,ALL CLASSES,2012,,,,US TOTAL,FIELD CROPS,00000000,00,99,,UNITED STATES,US,AREA OPERATED,,"AREA OPERATED: (2,000 OR MORE ACRES)",YEAR,,"28,189,858",,,AREA HARVESTED,9000,CENSUS,00,ALL PRODUCTION PRACTICES,US TOTAL,CROPS,ACRES,NATIONAL,
,,ALL UTILIZATION PRACTICES,ANNUAL,SOYBEANS,SOYBEANS - ACRES HARVESTED,2012-12-31 00:00:00.000,10.6,ALL CLASSES,2012,,,,US TOTAL,FIELD CROPS,00000000,00,99,,UNITED STATES,US,AREA OPERATED,,AREA OPERATED: (220 TO 259 ACRES),YEAR,,"1,187,693",,,AREA HARVESTED,9000,CENSUS,00,ALL PRODUCTION PRACTICES,US TOTAL,CROPS,ACRES,NATIONAL,
,,ALL UTILIZATION PRACTICES,ANNUAL,SOYBEANS,SOYBEANS - ACRES HARVESTED,2012-12-31 00:00:00.000,8.3,ALL CLASSES,2012,,,,US TOTAL,FIELD CROPS,00000000,00,99,,UNITED STATES,US,AREA OPERATED,,AREA OPERATED: (260 TO 499 ACRES),YEAR,,"7,159,407",,,AREA HARVESTED,9000,CENSUS,00,ALL PRODUCTION PRACTICES,US TOTAL,CROPS,ACRES,NATIONAL,
,,ALL UTILIZATION PRACTICES,ANNUAL,SOYBEANS,SOYBEANS - ACRES HARVESTED,2012-12-31 00:00:00.000,4.3,ALL CLASSES,2012,,,,US TOTAL,FIELD CROPS,00000000,00,99,,UNITED STATES,US,AREA OPERATED,,AREA OPERATED: (50.0 TO 69.9 ACRES),YEAR,,"286,552",,,AREA HARVESTED,9000,CENSUS,00,ALL PRODUCTION PRACTICES,US TOTAL,CROPS,ACRES,NATIONAL,
,,ALL UTILIZATION PRACTICES,ANNUAL,SOYBEANS,SOYBEANS - ACRES HARVESTED,2012-12-31 00:00:00.000,1.8,ALL CLASSES,2012,,,,US TOTAL,FIELD CROPS,00000000,00,99,,UNITED STATES,US,AREA OPERATED,,AREA OPERATED: (500 TO 999 ACRES),YEAR,,"14,462,997",,,AREA HARVESTED,9000,CENSUS,00,ALL PRODUCTION PRACTICES,US TOTAL,CROPS,ACRES,NATIONAL,
,,ALL UTILIZATION PRACTICES,ANNUAL,SOYBEANS,SOYBEANS - ACRES HARVESTED,2012-12-31 00:00:00.000,4.7,ALL CLASSES,2012,,,,US TOTAL,FIELD CROPS,00000000,00,99,,UNITED STATES,US,AREA OPERATED,,AREA OPERATED: (70.0 TO 99.9 ACRES),YEAR,,"654,620",,,AREA HARVESTED,9000,CENSUS,00,ALL PRODUCTION PRACTICES,US TOTAL,CROPS,ACRES,NATIONAL,
,,ALL UTILIZATION PRACTICES,ANNUAL,SOYBEANS,SOYBEANS - ACRES HARVESTED,2012-12-31 00:00:00.000,8.5,ALL CLASSES,2012,,,,US TOTAL,FIELD CROPS,00000000,00,99,,UNITED STATES,US,ECONOMIC CLASS,,"ECONOMIC CLASS: (1,000 TO 2,499 $)",YEAR,,"25,671",,,AREA HARVESTED,9000,CENSUS,00,ALL PRODUCTION PRACTICES,US TOTAL,CROPS,ACRES,NATIONAL,
,,ALL UTILIZATION PRACTICES,ANNUAL,SOYBEANS,SOYBEANS - ACRES HARVESTED,2012-12-31 00:00:00.000,2.6,ALL CLASSES,2012,,,,US TOTAL,FIELD CROPS,00000000,00,99,,UNITED STATES,US,ECONOMIC CLASS,,"ECONOMIC CLASS: (1,000,000 OR MORE $)",YEAR,,"32,111,699",,,AREA HARVESTED,9000,CENSUS,00,ALL PRODUCTION PRACTICES,US TOTAL,CROPS,ACRES,NATIONAL,
,,ALL UTILIZATION PRACTICES,ANNUAL,SOYBEANS,SOYBEANS - ACRES HARVESTED,2012-12-31 00:00:00.000,5.9,ALL CLASSES,2012,,,,US TOTAL,FIELD CROPS,00000000,00,99,,UNITED STATES,US,ECONOMIC CLASS,,"ECONOMIC CLASS: (10,000 TO 24,999 $)",YEAR,,"684,078",,,AREA HARVESTED,9000,CENSUS,00,ALL PRODUCTION PRACTICES,US TOTAL,CROPS,ACRES,NATIONAL,
,,ALL UTILIZATION PRACTICES,ANNUAL,SOYBEANS,SOYBEANS - ACRES HARVESTED,2012-12-31 00:00:00.000,6.4,ALL CLASSES,2012,,,,US TOTAL,FIELD CROPS,00000000,00,99,,UNITED STATES,US,ECONOMIC CLASS,,"ECONOMIC CLASS: (100,000 TO 249,999 $)",YEAR,,"8,406,447",,,AREA HARVESTED,9000,CENSUS,00,ALL PRODUCTION PRACTICES,US TOTAL,CROPS,ACRES,NATIONAL,
,,ALL UTILIZATION PRACTICES,ANNUAL,SOYBEANS,SOYBEANS - ACRES HARVESTED,2012-12-31 00:00:00.000,10.4,ALL CLASSES,2012,,,,US TOTAL,FIELD CROPS,00000000,00,99,,UNITED STATES,US,ECONOMIC CLASS,,"ECONOMIC CLASS: (2,500 TO 4,999 $)",YEAR,,"75,264",,,AREA HARVESTED,9000,CENSUS,00,ALL PRODUCTION PRACTICES,US TOTAL,CROPS,ACRES,NATIONAL,
,,ALL UTILIZATION PRACTICES,ANNUAL,SOYBEANS,SOYBEANS - ACRES HARVESTED,2012-12-31 00:00:00.000,5.4,ALL CLASSES,2012,,,,US TOTAL,FIELD CROPS,00000000,00,99,,UNITED STATES,US,ECONOMIC CLASS,,"ECONOMIC CLASS: (25,000 TO 49,999 $)",YEAR,,"1,412,667",,,AREA HARVESTED,9000,CENSUS,00,ALL PRODUCTION PRACTICES,US TOTAL,CROPS,ACRES,NATIONAL,
,,ALL UTILIZATION PRACTICES,ANNUAL,SOYBEANS,SOYBEANS - ACRES HARVESTED,2012-12-31 00:00:00.000,2.8,ALL CLASSES,2012,,,,US TOTAL,FIELD CROPS,00000000,00,99,,UNITED STATES,US,ECONOMIC CLASS,,"ECONOMIC CLASS: (250,000 TO 499,999 $)",YEAR,,"12,412,409",,,AREA HARVESTED,9000,CENSUS,00,ALL PRODUCTION PRACTICES,US TOTAL,CROPS,ACRES,NATIONAL,
,,ALL UTILIZATION PRACTICES,ANNUAL,SOYBEANS,SOYBEANS - ACRES HARVESTED,2012-12-31 00:00:00.000,3.6,ALL CLASSES,2012,,,,US TOTAL,FIELD CROPS,00000000,00,99,,UNITED STATES,US,ECONOMIC CLASS,,"ECONOMIC CLASS: (5,000 TO 9,999 $)",YEAR,,"198,291",,,AREA HARVESTED,9000,CENSUS,00,ALL PRODUCTION PRACTICES,US TOTAL,CROPS,ACRES,NATIONAL,
,,ALL UTILIZATION PRACTICES,ANNUAL,SOYBEANS,SOYBEANS - ACRES HARVESTED,2012-12-31 00:00:00.000,9.6,ALL CLASSES,2012,,,,US TOTAL,FIELD CROPS,00000000,00,99,,UNITED STATES,US,ECONOMIC CLASS,,"ECONOMIC CLASS: (50,000 TO 99,999 $)",YEAR,,"3,173,491",,,AREA HARVESTED,9000,CENSUS,00,ALL PRODUCTION PRACTICES,US TOTAL,CROPS,ACRES,NATIONAL,
,,ALL UTILIZATION PRACTICES,ANNUAL,SOYBEANS,SOYBEANS - ACRES HARVESTED,2012-12-31 00:00:00.000,5.7,ALL CLASSES,2012,,,,US TOTAL,FIELD CROPS,00000000,00,99,,UNITED STATES,US,ECONOMIC CLASS,,"ECONOMIC CLASS: (500,000 TO 999,999 $)",YEAR,,"17,597,372",,,AREA HARVESTED,9000,CENSUS,00,ALL PRODUCTION PRACTICES,US TOTAL,CROPS,ACRES,NATIONAL,
,,ALL UTILIZATION PRACTICES,ANNUAL,SOYBEANS,SOYBEANS - ACRES HARVESTED,2012-12-31 00:00:00.000,10.9,ALL CLASSES,2012,,,,US TOTAL,FIELD CROPS,00000000,00,99,,UNITED STATES,US,ECONOMIC CLASS,,"ECONOMIC CLASS: (LESS THAN 1,000 $)",YEAR,,"7,391",,,AREA HARVESTED,9000,CENSUS,00,ALL PRODUCTION PRACTICES,US TOTAL,CROPS,ACRES,NATIONAL,
,,ALL UTILIZATION PRACTICES,ANNUAL,SOYBEANS,SOYBEANS - ACRES HARVESTED,2012-12-31 00:00:00.000,5.2,ALL CLASSES,2012,,,,US TOTAL,FIELD CROPS,00000000,00,99,,UNITED STATES,US,FARM SALES,,"FARM SALES: (1,000 TO 2,499 $)",YEAR,,"29,475",,,AREA HARVESTED,9000,CENSUS,00,ALL PRODUCTION PRACTICES,US TOTAL,CROPS,ACRES,NATIONAL,
,,ALL UTILIZATION PRACTICES,ANNUAL,SOYBEANS,SOYBEANS - ACRES HARVESTED,2012-12-31 00:00:00.000,3.1,ALL CLASSES,2012,,,,US TOTAL,FIELD CROPS,00000000,00,99,,UNITED STATES,US,FARM SALES,,"FARM SALES: (1,000,000 OR MORE $)",YEAR,,"31,061,874",,,AREA HARVESTED,9000,CENSUS,00,ALL PRODUCTION PRACTICES,US TOTAL,CROPS,ACRES,NATIONAL,
,,ALL UTILIZATION PRACTICES,ANNUAL,SOYBEANS,SOYBEANS - ACRES HARVESTED,2012-12-31 00:00:00.000,5.2,ALL CLASSES,2012,,,,US TOTAL,FIELD CROPS,00000000,00,99,,UNITED STATES,US,FARM SALES,,"FARM SALES: (10,000 TO 24,999 $)",YEAR,,"744,769",,,AREA HARVESTED,9000,CENSUS,00,ALL PRODUCTION PRACTICES,US TOTAL,CROPS,ACRES,NATIONAL,
,,ALL UTILIZATION PRACTICES,ANNUAL,SOYBEANS,SOYBEANS - ACRES HARVESTED,2012-12-31 00:00:00.000,6.6,ALL CLASSES,2012,,,,US TOTAL,FIELD CROPS,00000000,00,99,,UNITED STATES,US,FARM SALES,,"FARM SALES: (100,000 TO 249,999 $)",YEAR,,"8,680,597",,,AREA HARVESTED,9000,CENSUS,00,ALL PRODUCTION PRACTICES,US TOTAL,CROPS,ACRES,NATIONAL,
,,ALL UTILIZATION PRACTICES,ANNUAL,SOYBEANS,SOYBEANS - ACRES HARVESTED,2012-12-31 00:00:00.000,6.1,ALL CLASSES,2012,,,,US TOTAL,FIELD CROPS,00000000,00,99,,UNITED STATES,US,FARM SALES,,"FARM SALES: (2,500 TO 4,999 $)",YEAR,,"84,065",,,AREA HARVESTED,9000,CENSUS,00,ALL PRODUCTION PRACTICES,US TOTAL,CROPS,ACRES,NATIONAL,
,,ALL UTILIZATION PRACTICES,ANNUAL,SOYBEANS,SOYBEANS - ACRES HARVESTED,2012-12-31 00:00:00.000,6.0,ALL CLASSES,2012,,,,US TOTAL,FIELD CROPS,00000000,00,99,,UNITED STATES,US,FARM SALES,,"FARM SALES: (25,000 TO 49,999 $)",YEAR,,"1,514,462",,,AREA HARVESTED,9000,CENSUS,00,ALL PRODUCTION PRACTICES,US TOTAL,CROPS,ACRES,NATIONAL,
,,ALL UTILIZATION PRACTICES,ANNUAL,SOYBEANS,SOYBEANS - ACRES HARVESTED,2012-12-31 00:00:00.000,2.9,ALL CLASSES,2012,,,,US TOTAL,FIELD CROPS,00000000,00,99,,UNITED STATES,US,FARM SALES,,"FARM SALES: (250,000 TO 499,999 $)",YEAR,,"12,666,898",,,AREA HARVESTED,9000,CENSUS,00,ALL PRODUCTION PRACTICES,US TOTAL,CROPS,ACRES,NATIONAL,
,,ALL UTILIZATION PRACTICES,ANNUAL,SOYBEANS,SOYBEANS - ACRES HARVESTED,2012-12-31 00:00:00.000,3.2,ALL CLASSES,2012,,,,US TOTAL,FIELD CROPS,00000000,00,99,,UNITED STATES,US,FARM SALES,,"FARM SALES: (5,000 TO 9,999 $)",YEAR,,"217,071",,,AREA HARVESTED,9000,CENSUS,00,ALL PRODUCTION PRACTICES,US TOTAL,CROPS,ACRES,NATIONAL,
,,ALL UTILIZATION PRACTICES,ANNUAL,SOYBEANS,SOYBEANS - ACRES HARVESTED,2012-12-31 00:00:00.000,10.3,ALL CLASSES,2012,,,,US TOTAL,FIELD CROPS,00000000,00,99,,UNITED STATES,US,FARM SALES,,"FARM SALES: (50,000 TO 99,999 $)",YEAR,,"3,329,347",,,AREA HARVESTED,9000,CENSUS,00,ALL PRODUCTION PRACTICES,US TOTAL,CROPS,ACRES,NATIONAL,
,,ALL UTILIZATION PRACTICES,ANNUAL,SOYBEANS,SOYBEANS - ACRES HARVESTED,2012-12-31 00:00:00.000,6.4,ALL CLASSES,2012,,,,US TOTAL,FIELD CROPS,00000000,00,99,,UNITED STATES,US,FARM SALES,,"FARM SALES: (500,000 TO 999,999 $)",YEAR,,"17,726,943",,,AREA HARVESTED,9000,CENSUS,00,ALL PRODUCTION PRACTICES,US TOTAL,CROPS,ACRES,NATIONAL,
,,ALL UTILIZATION PRACTICES,ANNUAL,SOYBEANS,SOYBEANS - ACRES HARVESTED,2012-12-31 00:00:00.000,28.6,ALL CLASSES,2012,,,,US TOTAL,FIELD CROPS,00000000,00,99,,UNITED STATES,US,FARM SALES,,"FARM SALES: (LESS THAN 1,000 $)",YEAR,,"49,279",,,AREA HARVESTED,9000,CENSUS,00,ALL PRODUCTION PRACTICES,US TOTAL,CROPS,ACRES,NATIONAL,
,,ALL UTILIZATION PRACTICES,ANNUAL,SOYBEANS,SOYBEANS - ACRES HARVESTED,2012-12-31 00:00:00.000,0.4,ALL CLASSES,2012,,,,US TOTAL,FIELD CROPS,00000000,00,99,,UNITED STATES,US,NAICS CLASSIFICATION,,NAICS CLASSIFICATION: (1111),YEAR,,"69,136,092",,,AREA HARVESTED,9000,CENSUS,00,ALL PRODUCTION PRACTICES,US TOTAL,CROPS,ACRES,NATIONAL,
,,ALL UTILIZATION PRACTICES,ANNUAL,SOYBEANS,SOYBEANS - ACRES HARVESTED,2012-12-31 00:00:00.000,4.5,ALL CLASSES,2012,,,,US TOTAL,FIELD CROPS,00000000,00,99,,UNITED STATES,US,NAICS CLASSIFICATION,,NAICS CLASSIFICATION: (1112),YEAR,,"242,557",,,AREA HARVESTED,9000,CENSUS,00,ALL PRODUCTION PRACTICES,US TOTAL,CROPS,ACRES,NATIONAL,
,,ALL UTILIZATION PRACTICES,ANNUAL,SOYBEANS,SOYBEANS - ACRES HARVESTED,2012-12-31 00:00:00.000,7.2,ALL CLASSES,2012,,,,US TOTAL,FIELD CROPS,00000000,00,99,,UNITED STATES,US,NAICS CLASSIFICATION,,NAICS CLASSIFICATION: (1113),YEAR,,"19,091",,,AREA HARVESTED,9000,CENSUS,00,ALL PRODUCTION PRACTICES,US TOTAL,CROPS,ACRES,NATIONAL,
,,ALL UTILIZATION PRACTICES,ANNUAL,SOYBEANS,SOYBEANS - ACRES HARVESTED,2012-12-31 00:00:00.000,3.7,ALL CLASSES,2012,,,,US TOTAL,FIELD CROPS,00000000,00,99,,UNITED STATES,US,NAICS CLASSIFICATION,,NAICS CLASSIFICATION: (1114),YEAR,,"45,529",,,AREA HARVESTED,9000,CENSUS,00,ALL PRODUCTION PRACTICES,US TOTAL,CROPS,ACRES,NATIONAL,
,,ALL UTILIZATION PRACTICES,ANNUAL,SOYBEANS,SOYBEANS - ACRES HARVESTED,2012-12-31 00:00:00.000,2.3,ALL CLASSES,2012,,,,US TOTAL,FIELD CROPS,00000000,00,99,,UNITED STATES,US,NAICS CLASSIFICATION,,NAICS CLASSIFICATION: (1119),YEAR,,"1,679,387",,,AREA HARVESTED,9000,CENSUS,00,ALL PRODUCTION PRACTICES,US TOTAL,CROPS,ACRES,NATIONAL,
,,ALL UTILIZATION PRACTICES,ANNUAL,SOYBEANS,SOYBEANS - ACRES HARVESTED,2012-12-31 00:00:00.000,5.1,ALL CLASSES,2012,,,,US TOTAL,FIELD CROPS,00000000,00,99,,UNITED STATES,US,NAICS CLASSIFICATION,,NAICS CLASSIFICATION: (11191),YEAR,,"216,742",,,AREA HARVESTED,9000,CENSUS,00,ALL PRODUCTION PRACTICES,US TOTAL,CROPS,ACRES,NATIONAL,
,,ALL UTILIZATION PRACTICES,ANNUAL,SOYBEANS,SOYBEANS - ACRES HARVESTED,2012-12-31 00:00:00.000,6.8,ALL CLASSES,2012,,,,US TOTAL,FIELD CROPS,00000000,00,99,,UNITED STATES,US,NAICS CLASSIFICATION,,NAICS CLASSIFICATION: (11192),YEAR,,"357,879",,,AREA HARVESTED,9000,CENSUS,00,ALL PRODUCTION PRACTICES,US TOTAL,CROPS,ACRES,NATIONAL,
,,ALL UTILIZATION PRACTICES,ANNUAL,SOYBEANS,SOYBEANS - ACRES HARVESTED,2012-12-31 00:00:00.000,2.5,ALL CLASSES,2012,,,,US TOTAL,FIELD CROPS,00000000,00,99,,UNITED STATES,US,NAICS CLASSIFICATION,,NAICS CLASSIFICATION: (11193 & 11194 & 11199),YEAR,,"1,104,766",,,AREA HARVESTED,9000,CENSUS,00,ALL PRODUCTION PRACTICES,US TOTAL,CROPS,ACRES,NATIONAL,
,,ALL UTILIZATION PRACTICES,ANNUAL,SOYBEANS,SOYBEANS - ACRES HARVESTED,2012-12-31 00:00:00.000,5.2,ALL CLASSES,2012,,,,US TOTAL,FIELD CROPS,00000000,00,99,,UNITED STATES,US,NAICS CLASSIFICATION,,NAICS CLASSIFICATION: (112111),YEAR,,"1,409,678",,,AREA HARVESTED,9000,CENSUS,00,ALL PRODUCTION PRACTICES,US TOTAL,CROPS,ACRES,NATIONAL,
,,ALL UTILIZATION PRACTICES,ANNUAL,SOYBEANS,SOYBEANS - ACRES HARVESTED,2012-12-31 00:00:00.000,3.7,ALL CLASSES,2012,,,,US TOTAL,FIELD CROPS,00000000,00,99,,UNITED STATES,US,NAICS CLASSIFICATION,,NAICS CLASSIFICATION: (112112),YEAR,,"680,096",,,AREA HARVESTED,9000,CENSUS,00,ALL PRODUCTION PRACTICES,US TOTAL,CROPS,ACRES,NATIONAL,
,,ALL UTILIZATION PRACTICES,ANNUAL,SOYBEANS,SOYBEANS - ACRES HARVESTED,2012-12-31 00:00:00.000,1.9,ALL CLASSES,2012,,,,US TOTAL,FIELD CROPS,00000000,00,99,,UNITED STATES,US,NAICS CLASSIFICATION,,NAICS CLASSIFICATION: (11212),YEAR,,"936,829",,,AREA HARVESTED,9000,CENSUS,00,ALL PRODUCTION PRACTICES,US TOTAL,CROPS,ACRES,NATIONAL,
,,ALL UTILIZATION PRACTICES,ANNUAL,SOYBEANS,SOYBEANS - ACRES HARVESTED,2012-12-31 00:00:00.000,6.9,ALL CLASSES,2012,,,,US TOTAL,FIELD CROPS,00000000,00,99,,UNITED STATES,US,NAICS CLASSIFICATION,,NAICS CLASSIFICATION: (1122),YEAR,,"1,202,127",,,AREA HARVESTED,9000,CENSUS,00,ALL PRODUCTION PRACTICES,US TOTAL,CROPS,ACRES,NATIONAL,
,,ALL UTILIZATION PRACTICES,ANNUAL,SOYBEANS,SOYBEANS - ACRES HARVESTED,2012-12-31 00:00:00.000,2.0,ALL CLASSES,2012,,,,US TOTAL,FIELD CROPS,00000000,00,99,,UNITED STATES,US,NAICS CLASSIFICATION,,NAICS CLASSIFICATION: (1123),YEAR,,"445,405",,,AREA HARVESTED,9000,CENSUS,00,ALL PRODUCTION PRACTICES,US TOTAL,CROPS,ACRES,NATIONAL,
,,ALL UTILIZATION PRACTICES,ANNUAL,SOYBEANS,SOYBEANS - ACRES HARVESTED,2012-12-31 00:00:00.000,20.5,ALL CLASSES,2012,,,,US TOTAL,FIELD CROPS,00000000,00,99,,UNITED STATES,US,NAICS CLASSIFICATION,,NAICS CLASSIFICATION: (1124),YEAR,,"10,638",,,AREA HARVESTED,9000,CENSUS,00,ALL PRODUCTION PRACTICES,US TOTAL,CROPS,ACRES,NATIONAL,
,,ALL UTILIZATION PRACTICES,ANNUAL,SOYBEANS,SOYBEANS - ACRES HARVESTED,2012-12-31 00:00:00.000,5.5,ALL CLASSES,2012,,,,US TOTAL,FIELD CROPS,00000000,00,99,,UNITED STATES,US,NAICS CLASSIFICATION,,NAICS CLASSIFICATION: (1125 & 1129),YEAR,,"297,351",,,AREA HARVESTED,9000,CENSUS,00,ALL PRODUCTION PRACTICES,US TOTAL,CROPS,ACRES,NATIONAL,
,,ALL UTILIZATION PRACTICES,ANNUAL,SOYBEANS,SOYBEANS - ACRES HARVESTED,2012-12-31 00:00:00.000,0.4,ALL CLASSES,2012,,,,US TOTAL,FIELD CROPS,00000000,00,99,,UNITED STATES,US,TOTAL,,NOT SPECIFIED,YEAR,,"76,104,780",,,AREA HARVESTED,9000,CENSUS,00,ALL PRODUCTION PRACTICES,US TOTAL,CROPS,ACRES,NATIONAL,
,,ALL UTILIZATION PRACTICES,ANNUAL,SOYBEANS,"SOYBEANS, IRRIGATED - ACRES HARVESTED",2012-12-31 00:00:00.000,10.6,ALL CLASSES,2012,,,,US TOTAL,FIELD CROPS,00000000,00,99,,UNITED STATES,US,AREA HARVESTED,,"AREA HARVESTED: (1,000 OR MORE ACRES)",YEAR,,"3,244,760",,,AREA HARVESTED,9000,CENSUS,00,IRRIGATED,US TOTAL,CROPS,ACRES,NATIONAL,
,,ALL UTILIZATION PRACTICES,ANNUAL,SOYBEANS,"SOYBEANS, IRRIGATED - ACRES HARVESTED",2012-12-31 00:00:00.000,18.6,ALL CLASSES,2012,,,,US TOTAL,FIELD CROPS,00000000,00,99,,UNITED STATES,US,AREA HARVESTED,,"AREA HARVESTED: (1,000 TO 1,999 ACRES)",YEAR,,"1,882,050",,,AREA HARVESTED,9000,CENSUS,00,IRRIGATED,US TOTAL,CROPS,ACRES,NATIONAL,
,,ALL UTILIZATION PRACTICES,ANNUAL,SOYBEANS,"SOYBEANS, IRRIGATED - ACRES HARVESTED",2012-12-31 00:00:00.000,6.4,ALL CLASSES,2012,,,,US TOTAL,FIELD CROPS,00000000,00,99,,UNITED STATES,US,AREA HARVESTED,,AREA HARVESTED: (1.0 TO 14.9 ACRES),YEAR,,"2,682",,,AREA HARVESTED,9000,CENSUS,00,IRRIGATED,US TOTAL,CROPS,ACRES,NATIONAL,
,,ALL UTILIZATION PRACTICES,ANNUAL,SOYBEANS,"SOYBEANS, IRRIGATED - ACRES HARVESTED",2012-12-31 00:00:00.000,12.9,ALL CLASSES,2012,,,,US TOTAL,FIELD CROPS,00000000,00,99,,UNITED STATES,US,AREA HARVESTED,,AREA HARVESTED: (100 TO 249 ACRES),YEAR,,"709,017",,,AREA HARVESTED,9000,CENSUS,00,IRRIGATED,US TOTAL,CROPS,ACRES,NATIONAL,
,,ALL UTILIZATION PRACTICES,ANNUAL,SOYBEANS,"SOYBEANS, IRRIGATED - ACRES HARVESTED",2012-12-31 00:00:00.000,14.3,ALL CLASSES,2012,,,,US TOTAL,FIELD CROPS,00000000,00,99,,UNITED STATES,US,AREA HARVESTED,,AREA HARVESTED: (15.0 TO 24.9 ACRES),YEAR,,"7,538",,,AREA HARVESTED,9000,CENSUS,00,IRRIGATED,US TOTAL,CROPS,ACRES,NATIONAL,
,,ALL UTILIZATION PRACTICES,ANNUAL,SOYBEANS,"SOYBEANS, IRRIGATED - ACRES HARVESTED",2012-12-31 00:00:00.000,12.1,ALL CLASSES,2012,,,,US TOTAL,FIELD CROPS,00000000,00,99,,UNITED STATES,US,AREA HARVESTED,,"AREA HARVESTED: (2,000 TO 2,999 ACRES)",YEAR,,"643,957",,,AREA HARVESTED,9000,CENSUS,00,IRRIGATED,US TOTAL,CROPS,ACRES,NATIONAL,
,,ALL UTILIZATION PRACTICES,ANNUAL,SOYBEANS,"SOYBEANS, IRRIGATED - ACRES HARVESTED",2012-12-31 00:00:00.000,4.8,ALL CLASSES,2012,,,,US TOTAL,FIELD CROPS,00000000,00,99,,UNITED STATES,US,AREA HARVESTED,,AREA HARVESTED: (25.0 TO 49.9 ACRES),YEAR,,"35,915",,,AREA HARVESTED,9000,CENSUS,00,IRRIGATED,US TOTAL,CROPS,ACRES,NATIONAL,
,,ALL UTILIZATION PRACTICES,ANNUAL,SOYBEANS,"SOYBEANS, IRRIGATED - ACRES HARVESTED",2012-12-31 00:00:00.000,24.9,ALL CLASSES,2012,,,,US TOTAL,FIELD CROPS,00000000,00,99,,UNITED STATES,US,AREA HARVESTED,,AREA HARVESTED: (250 TO 499 ACRES),YEAR,,"1,203,166",,,AREA HARVESTED,9000,CENSUS,00,IRRIGATED,US TOTAL,CROPS,ACRES,NATIONAL,
,,ALL UTILIZATION PRACTICES,ANNUAL,SOYBEANS,"SOYBEANS, IRRIGATED - ACRES HARVESTED",2012-12-31 00:00:00.000,11.8,ALL CLASSES,2012,,,,US TOTAL,FIELD CROPS,00000000,00,99,,UNITED STATES,US,AREA HARVESTED,,"AREA HARVESTED: (3,000 TO 4,999 ACRES)",YEAR,,"524,486",,,AREA HARVESTED,9000,CENSUS,00,IRRIGATED,US TOTAL,CROPS,ACRES,NATIONAL,
,,ALL UTILIZATION PRACTICES,ANNUAL,SOYBEANS,"SOYBEANS, IRRIGATED - ACRES HARVESTED",2012-12-31 00:00:00.000,15.5,ALL CLASSES,2012,,,,US TOTAL,FIELD CROPS,00000000,00,99,,UNITED STATES,US,AREA HARVESTED,,"AREA HARVESTED: (5,000 OR MORE ACRES)",YEAR,,"194,267",,,AREA HARVESTED,9000,CENSUS,00,IRRIGATED,US TOTAL,CROPS,ACRES,NATIONAL,
,,ALL UTILIZATION PRACTICES,ANNUAL,SOYBEANS,"SOYBEANS, IRRIGATED - ACRES HARVESTED",2012-12-31 00:00:00.000,6.0,ALL CLASSES,2012,,,,US TOTAL,FIELD CROPS,00000000,00,99,,UNITED STATES,US,AREA HARVESTED,,AREA HARVESTED: (50.0 TO 99.9 ACRES),YEAR,,"156,239",,,AREA HARVESTED,9000,CENSUS,00,IRRIGATED,US TOTAL,CROPS,ACRES,NATIONAL,
,,ALL UTILIZATION PRACTICES,ANNUAL,SOYBEANS,"SOYBEANS, IRRIGATED - ACRES HARVESTED",2012-12-31 00:00:00.000,7.7,ALL CLASSES,2012,,,,US TOTAL,FIELD CROPS,00000000,00,99,,UNITED STATES,US,AREA HARVESTED,,AREA HARVESTED: (500 TO 999 ACRES),YEAR,,"1,798,097",,,AREA HARVESTED,9000,CENSUS,00,IRRIGATED,US TOTAL,CROPS,ACRES,NATIONAL,
,,ALL UTILIZATION PRACTICES,ANNUAL,SOYBEANS,"SOYBEANS, IRRIGATED - ACRES HARVESTED",2012-12-31 00:00:00.000,6.7,ALL CLASSES,2012,,,,US TOTAL,FIELD CROPS,00000000,00,99,,UNITED STATES,US,AREA OPERATED,,"AREA OPERATED: (1,000 TO 1,999 ACRES)",YEAR,,"1,969,116",,,AREA HARVESTED,9000,CENSUS,00,IRRIGATED,US TOTAL,CROPS,ACRES,NATIONAL,
,,ALL UTILIZATION PRACTICES,ANNUAL,SOYBEANS,"SOYBEANS, IRRIGATED - ACRES HARVESTED",2012-12-31 00:00:00.000,37.4,ALL CLASSES,2012,,,,US TOTAL,FIELD CROPS,00000000,00,99,,UNITED STATES,US,AREA OPERATED,,AREA OPERATED: (1.0 TO 9.9 ACRES),YEAR,,123,,,AREA HARVESTED,9000,CENSUS,00,IRRIGATED,US TOTAL,CROPS,ACRES,NATIONAL,
,,ALL UTILIZATION PRACTICES,ANNUAL,SOYBEANS,"SOYBEANS, IRRIGATED - ACRES HARVESTED",2012-12-31 00:00:00.000,18.3,ALL CLASSES,2012,,,,US TOTAL,FIELD CROPS,00000000,00,99,,UNITED STATES,US,AREA OPERATED,,AREA OPERATED: (10.0 TO 49.9 ACRES),YEAR,,"5,308",,,AREA HARVESTED,9000,CENSUS,00,IRRIGATED,US TOTAL,CROPS,ACRES,NATIONAL,
,,ALL UTILIZATION PRACTICES,ANNUAL,SOYBEANS,"SOYBEANS, IRRIGATED - ACRES HARVESTED",2012-12-31 00:00:00.000,18.7,ALL CLASSES,2012,,,,US TOTAL,FIELD CROPS,00000000,00,99,,UNITED STATES,US,AREA OPERATED,,AREA OPERATED: (100 TO 139 ACRES),YEAR,,"22,926",,,AREA HARVESTED,9000,CENSUS,00,IRRIGATED,US TOTAL,CROPS,ACRES,NATIONAL,
,,ALL UTILIZATION PRACTICES,ANNUAL,SOYBEANS,"SOYBEANS, IRRIGATED - ACRES HARVESTED",2012-12-31 00:00:00.000,20.0,ALL CLASSES,2012,,,,US TOTAL,FIELD CROPS,00000000,00,99,,UNITED STATES,US,AREA OPERATED,,AREA OPERATED: (140 TO 179 ACRES),YEAR,,"42,017",,,AREA HARVESTED,9000,CENSUS,00,IRRIGATED,US TOTAL,CROPS,ACRES,NATIONAL,
,,ALL UTILIZATION PRACTICES,ANNUAL,SOYBEANS,"SOYBEANS, IRRIGATED - ACRES HARVESTED",2012-12-31 00:00:00.000,24.6,ALL CLASSES,2012,,,,US TOTAL,FIELD CROPS,00000000,00,99,,UNITED STATES,US,AREA OPERATED,,AREA OPERATED: (180 TO 219 ACRES),YEAR,,"40,868",,,AREA HARVESTED,9000,CENSUS,00,IRRIGATED,US TOTAL,CROPS,ACRES,NATIONAL,
,,ALL UTILIZATION PRACTICES,ANNUAL,SOYBEANS,"SOYBEANS, IRRIGATED - ACRES HARVESTED",2012-12-31 00:00:00.000,8.3,ALL CLASSES,2012,,,,US TOTAL,FIELD CROPS,00000000,00,99,,UNITED STATES,US,AREA OPERATED,,"AREA OPERATED: (2,000 OR MORE ACRES)",YEAR,,"3,814,542",,,AREA HARVESTED,9000,CENSUS,00,IRRIGATED,US TOTAL,CROPS,ACRES,NATIONAL,
,,ALL UTILIZATION PRACTICES,ANNUAL,SOYBEANS,"SOYBEANS, IRRIGATED - ACRES HARVESTED",2012-12-31 00:00:00.000,9.9,ALL CLASSES,2012,,,,US TOTAL,FIELD CROPS,00000000,00,99,,UNITED STATES,US,AREA OPERATED,,AREA OPERATED: (220 TO 259 ACRES),YEAR,,"38,000",,,AREA HARVESTED,9000,CENSUS,00,IRRIGATED,US TOTAL,CROPS,ACRES,NATIONAL,
,,ALL UTILIZATION PRACTICES,ANNUAL,SOYBEANS,"SOYBEANS, IRRIGATED - ACRES HARVESTED",2012-12-31 00:00:00.000,27.9,ALL CLASSES,2012,,,,US TOTAL,FIELD CROPS,00000000,00,99,,UNITED STATES,US,AREA OPERATED,,AREA OPERATED: (260 TO 499 ACRES),YEAR,,"306,173",,,AREA HARVESTED,9000,CENSUS,00,IRRIGATED,US TOTAL,CROPS,ACRES,NATIONAL,
,,ALL UTILIZATION PRACTICES,ANNUAL,SOYBEANS,"SOYBEANS, IRRIGATED - ACRES HARVESTED",2012-12-31 00:00:00.000,12.3,ALL CLASSES,2012,,,,US TOTAL,FIELD CROPS,00000000,00,99,,UNITED STATES,US,AREA OPERATED,,AREA OPERATED: (50.0 TO 69.9 ACRES),YEAR,,"6,373",,,AREA HARVESTED,9000,CENSUS,00,IRRIGATED,US TOTAL,CROPS,ACRES,NATIONAL,
,,ALL UTILIZATION PRACTICES,ANNUAL,SOYBEANS,"SOYBEANS, IRRIGATED - ACRES HARVESTED",2012-12-31 00:00:00.000,53.4,ALL CLASSES,2012,,,,US TOTAL,FIELD CROPS,00000000,00,99,,UNITED STATES,US,AREA OPERATED,,AREA OPERATED: (500 TO 999 ACRES),YEAR,,"897,798",,,AREA HARVESTED,9000,CENSUS,00,IRRIGATED,US TOTAL,CROPS,ACRES,NATIONAL,
,,ALL UTILIZATION PRACTICES,ANNUAL,SOYBEANS,"SOYBEANS, IRRIGATED - ACRES HARVESTED",2012-12-31 00:00:00.000,14.7,ALL CLASSES,2012,,,,US TOTAL,FIELD CROPS,00000000,00,99,,UNITED STATES,US,AREA OPERATED,,AREA OPERATED: (70.0 TO 99.9 ACRES),YEAR,,"14,170",,,AREA HARVESTED,9000,CENSUS,00,IRRIGATED,US TOTAL,CROPS,ACRES,NATIONAL,
,,ALL UTILIZATION PRACTICES,ANNUAL,SOYBEANS,"SOYBEANS, IRRIGATED - ACRES HARVESTED",2012-12-31 00:00:00.000,28.4,ALL CLASSES,2012,,,,US TOTAL,FIELD CROPS,00000000,00,99,,UNITED STATES,US,ECONOMIC CLASS,,"ECONOMIC CLASS: (1,000 TO 2,499 $)",YEAR,,98,,,AREA HARVESTED,9000,CENSUS,00,IRRIGATED,US TOTAL,CROPS,ACRES,NATIONAL,
,,ALL UTILIZATION PRACTICES,ANNUAL,SOYBEANS,"SOYBEANS, IRRIGATED - ACRES HARVESTED",2012-12-31 00:00:00.000,8.3,ALL CLASSES,2012,,,,US TOTAL,FIELD CROPS,00000000,00,99,,UNITED STATES,US,ECONOMIC CLASS,,"ECONOMIC CLASS: (1,000,000 OR MORE $)",YEAR,,"4,858,568",,,AREA HARVESTED,9000,CENSUS,00,IRRIGATED,US TOTAL,CROPS,ACRES,NATIONAL,
,,ALL UTILIZATION PRACTICES,ANNUAL,SOYBEANS,"SOYBEANS, IRRIGATED - ACRES HARVESTED",2012-12-31 00:00:00.000,23.3,ALL CLASSES,2012,,,,US TOTAL,FIELD CROPS,00000000,00,99,,UNITED STATES,US,ECONOMIC CLASS,,"ECONOMIC CLASS: (10,000 TO 24,999 $)",YEAR,,"8,527",,,AREA HARVESTED,9000,CENSUS,00,IRRIGATED,US TOTAL,CROPS,ACRES,NATIONAL,
,,ALL UTILIZATION PRACTICES,ANNUAL,SOYBEANS,"SOYBEANS, IRRIGATED - ACRES HARVESTED",2012-12-31 00:00:00.000,13.4,ALL CLASSES,2012,,,,US TOTAL,FIELD CROPS,00000000,00,99,,UNITED STATES,US,ECONOMIC CLASS,,"ECONOMIC CLASS: (100,000 TO 249,999 $)",YEAR,,"286,680",,,AREA HARVESTED,9000,CENSUS,00,IRRIGATED,US TOTAL,CROPS,ACRES,NATIONAL,
,,ALL UTILIZATION PRACTICES,ANNUAL,SOYBEANS,"SOYBEANS, IRRIGATED - ACRES HARVESTED",2012-12-31 00:00:00.000,30.5,ALL CLASSES,2012,,,,US TOTAL,FIELD CROPS,00000000,00,99,,UNITED STATES,US,ECONOMIC CLASS,,"ECONOMIC CLASS: (2,500 TO 4,999 $)",YEAR,,532,,,AREA HARVESTED,9000,CENSUS,00,IRRIGATED,US TOTAL,CROPS,ACRES,NATIONAL,
,,ALL UTILIZATION PRACTICES,ANNUAL,SOYBEANS,"SOYBEANS, IRRIGATED - ACRES HARVESTED",2012-12-31 00:00:00.000,11.9,ALL CLASSES,2012,,,,US TOTAL,FIELD CROPS,00000000,00,99,,UNITED STATES,US,ECONOMIC CLASS,,"ECONOMIC CLASS: (25,000 TO 49,999 $)",YEAR,,"23,472",,,AREA HARVESTED,9000,CENSUS,00,IRRIGATED,US TOTAL,CROPS,ACRES,NATIONAL,
,,ALL UTILIZATION PRACTICES,ANNUAL,SOYBEANS,"SOYBEANS, IRRIGATED - ACRES HARVESTED",2012-12-31 00:00:00.000,71.9,ALL CLASSES,2012,,,,US TOTAL,FIELD CROPS,00000000,00,99,,UNITED STATES,US,ECONOMIC CLASS,,"ECONOMIC CLASS: (250,000 TO 499,999 $)",YEAR,,"636,231",,,AREA HARVESTED,9000,CENSUS,00,IRRIGATED,US TOTAL,CROPS,ACRES,NATIONAL,
,,ALL UTILIZATION PRACTICES,ANNUAL,SOYBEANS,"SOYBEANS, IRRIGATED - ACRES HARVESTED",2012-12-31 00:00:00.000,35.6,ALL CLASSES,2012,,,,US TOTAL,FIELD CROPS,00000000,00,99,,UNITED STATES,US,ECONOMIC CLASS,,"ECONOMIC CLASS: (5,000 TO 9,999 $)",YEAR,,"1,544",,,AREA HARVESTED,9000,CENSUS,00,IRRIGATED,US TOTAL,CROPS,ACRES,NATIONAL,
,,ALL UTILIZATION PRACTICES,ANNUAL,SOYBEANS,"SOYBEANS, IRRIGATED - ACRES HARVESTED",2012-12-31 00:00:00.000,21.3,ALL CLASSES,2012,,,,US TOTAL,FIELD CROPS,00000000,00,99,,UNITED STATES,US,ECONOMIC CLASS,,"ECONOMIC CLASS: (50,000 TO 99,999 $)",YEAR,,"78,132",,,AREA HARVESTED,9000,CENSUS,00,IRRIGATED,US TOTAL,CROPS,ACRES,NATIONAL,
,,ALL UTILIZATION PRACTICES,ANNUAL,SOYBEANS,"SOYBEANS, IRRIGATED - ACRES HARVESTED",2012-12-31 00:00:00.000,15.6,ALL CLASSES,2012,,,,US TOTAL,FIELD CROPS,00000000,00,99,,UNITED STATES,US,ECONOMIC CLASS,,"ECONOMIC CLASS: (500,000 TO 999,999 $)",YEAR,,"1,263,405",,,AREA HARVESTED,9000,CENSUS,00,IRRIGATED,US TOTAL,CROPS,ACRES,NATIONAL,
,,ALL UTILIZATION PRACTICES,ANNUAL,SOYBEANS,"SOYBEANS, IRRIGATED - ACRES HARVESTED",2012-12-31 00:00:00.000,30.5,ALL CLASSES,2012,,,,US TOTAL,FIELD CROPS,00000000,00,99,,UNITED STATES,US,ECONOMIC CLASS,,"ECONOMIC CLASS: (LESS THAN 1,000 $)",YEAR,,225,,,AREA HARVESTED,9000,CENSUS,00,IRRIGATED,US TOTAL,CROPS,ACRES,NATIONAL,
,,ALL UTILIZATION PRACTICES,ANNUAL,SOYBEANS,"SOYBEANS, IRRIGATED - ACRES HARVESTED",2012-12-31 00:00:00.000,14.2,ALL CLASSES,2012,,,,US TOTAL,FIELD CROPS,00000000,00,99,,UNITED STATES,US,FARM SALES,,"FARM SALES: (1,000 TO 2,499 $)",YEAR,,132,,,AREA HARVESTED,9000,CENSUS,00,IRRIGATED,US TOTAL,CROPS,ACRES,NATIONAL,
,,ALL UTILIZATION PRACTICES,ANNUAL,SOYBEANS,"SOYBEANS, IRRIGATED - ACRES HARVESTED",2012-12-31 00:00:00.000,8.6,ALL CLASSES,2012,,,,US TOTAL,FIELD CROPS,00000000,00,99,,UNITED STATES,US,FARM SALES,,"FARM SALES: (1,000,000 OR MORE $)",YEAR,,"4,754,693",,,AREA HARVESTED,9000,CENSUS,00,IRRIGATED,US TOTAL,CROPS,ACRES,NATIONAL,
,,ALL UTILIZATION PRACTICES,ANNUAL,SOYBEANS,"SOYBEANS, IRRIGATED - ACRES HARVESTED",2012-12-31 00:00:00.000,29.2,ALL CLASSES,2012,,,,US TOTAL,FIELD CROPS,00000000,00,99,,UNITED STATES,US,FARM SALES,,"FARM SALES: (10,000 TO 24,999 $)",YEAR,,"9,337",,,AREA HARVESTED,9000,CENSUS,00,IRRIGATED,US TOTAL,CROPS,ACRES,NATIONAL,
,,ALL UTILIZATION PRACTICES,ANNUAL,SOYBEANS,"SOYBEANS, IRRIGATED - ACRES HARVESTED",2012-12-31 00:00:00.000,13.8,ALL CLASSES,2012,,,,US TOTAL,FIELD CROPS,00000000,00,99,,UNITED STATES,US,FARM SALES,,"FARM SALES: (100,000 TO 249,999 $)",YEAR,,"317,053",,,AREA HARVESTED,9000,CENSUS,00,IRRIGATED,US TOTAL,CROPS,ACRES,NATIONAL,
,,ALL UTILIZATION PRACTICES,ANNUAL,SOYBEANS,"SOYBEANS, IRRIGATED - ACRES HARVESTED",2012-12-31 00:00:00.000,63.2,ALL CLASSES,2012,,,,US TOTAL,FIELD CROPS,00000000,00,99,,UNITED STATES,US,FARM SALES,,"FARM SALES: (2,500 TO 4,999 $)",YEAR,,"1,031",,,AREA HARVESTED,9000,CENSUS,00,IRRIGATED,US TOTAL,CROPS,ACRES,NATIONAL,
,,ALL UTILIZATION PRACTICES,ANNUAL,SOYBEANS,"SOYBEANS, IRRIGATED - ACRES HARVESTED",2012-12-31 00:00:00.000,11.9,ALL CLASSES,2012,,,,US TOTAL,FIELD CROPS,00000000,00,99,,UNITED STATES,US,FARM SALES,,"FARM SALES: (25,000 TO 49,999 $)",YEAR,,"27,048",,,AREA HARVESTED,9000,CENSUS,00,IRRIGATED,US TOTAL,CROPS,ACRES,NATIONAL,
,,ALL UTILIZATION PRACTICES,ANNUAL,SOYBEANS,"SOYBEANS, IRRIGATED - ACRES HARVESTED",2012-12-31 00:00:00.000,86.2,ALL CLASSES,2012,,,,US TOTAL,FIELD CROPS,00000000,00,99,,UNITED STATES,US,FARM SALES,,"FARM SALES: (250,000 TO 499,999 $)",YEAR,,"655,561",,,AREA HARVESTED,9000,CENSUS,00,IRRIGATED,US TOTAL,CROPS,ACRES,NATIONAL,
,,ALL UTILIZATION PRACTICES,ANNUAL,SOYBEANS,"SOYBEANS, IRRIGATED - ACRES HARVESTED",2012-12-31 00:00:00.000,27.7,ALL CLASSES,2012,,,,US TOTAL,FIELD CROPS,00000000,00,99,,UNITED STATES,US,FARM SALES,,"FARM SALES: (5,000 TO 9,999 $)",YEAR,,"2,003",,,AREA HARVESTED,9000,CENSUS,00,IRRIGATED,US TOTAL,CROPS,ACRES,NATIONAL,
,,ALL UTILIZATION PRACTICES,ANNUAL,SOYBEANS,"SOYBEANS, IRRIGATED - ACRES HARVESTED",2012-12-31 00:00:00.000,21.1,ALL CLASSES,2012,,,,US TOTAL,FIELD CROPS,00000000,00,99,,UNITED STATES,US,FARM SALES,,"FARM SALES: (50,000 TO 99,999 $)",YEAR,,"83,611",,,AREA HARVESTED,9000,CENSUS,00,IRRIGATED,US TOTAL,CROPS,ACRES,NATIONAL,
,,ALL UTILIZATION PRACTICES,ANNUAL,SOYBEANS,"SOYBEANS, IRRIGATED - ACRES HARVESTED",2012-12-31 00:00:00.000,11.9,ALL CLASSES,2012,,,,US TOTAL,FIELD CROPS,00000000,00,99,,UNITED STATES,US,FARM SALES,,"FARM SALES: (500,000 TO 999,999 $)",YEAR,,"1,305,958",,,AREA HARVESTED,9000,CENSUS,00,IRRIGATED,US TOTAL,CROPS,ACRES,NATIONAL,
,,ALL UTILIZATION PRACTICES,ANNUAL,SOYBEANS,"SOYBEANS, IRRIGATED - ACRES HARVESTED",2012-12-31 00:00:00.000,94.0,ALL CLASSES,2012,,,,US TOTAL,FIELD CROPS,00000000,00,99,,UNITED STATES,US,FARM SALES,,"FARM SALES: (LESS THAN 1,000 $)",YEAR,,987,,,AREA HARVESTED,9000,CENSUS,00,IRRIGATED,US TOTAL,CROPS,ACRES,NATIONAL,
,,ALL UTILIZATION PRACTICES,ANNUAL,SOYBEANS,"SOYBEANS, IRRIGATED - ACRES HARVESTED",2012-12-31 00:00:00.000,3.5,ALL CLASSES,2012,,,,US TOTAL,FIELD CROPS,00000000,00,99,,UNITED STATES,US,NAICS CLASSIFICATION,,NAICS CLASSIFICATION: (1111),YEAR,,"6,763,165",,,AREA HARVESTED,9000,CENSUS,00,IRRIGATED,US TOTAL,CROPS,ACRES,NATIONAL,
,,ALL UTILIZATION PRACTICES,ANNUAL,SOYBEANS,"SOYBEANS, IRRIGATED - ACRES HARVESTED",2012-12-31 00:00:00.000,12.0,ALL CLASSES,2012,,,,US TOTAL,FIELD CROPS,00000000,00,99,,UNITED STATES,US,NAICS CLASSIFICATION,,NAICS CLASSIFICATION: (1112),YEAR,,"36,651",,,AREA HARVESTED,9000,CENSUS,00,IRRIGATED,US TOTAL,CROPS,ACRES,NATIONAL,
,,ALL UTILIZATION PRACTICES,ANNUAL,SOYBEANS,"SOYBEANS, IRRIGATED - ACRES HARVESTED",2012-12-31 00:00:00.000,5.0,ALL CLASSES,2012,,,,US TOTAL,FIELD CROPS,00000000,00,99,,UNITED STATES,US,NAICS CLASSIFICATION,,NAICS CLASSIFICATION: (1113),YEAR,,"1,712",,,AREA HARVESTED,9000,CENSUS,00,IRRIGATED,US TOTAL,CROPS,ACRES,NATIONAL,
,,ALL UTILIZATION PRACTICES,ANNUAL,SOYBEANS,"SOYBEANS, IRRIGATED - ACRES HARVESTED",2012-12-31 00:00:00.000,7.0,ALL CLASSES,2012,,,,US TOTAL,FIELD CROPS,00000000,00,99,,UNITED STATES,US,NAICS CLASSIFICATION,,NAICS CLASSIFICATION: (1114),YEAR,,"5,936",,,AREA HARVESTED,9000,CENSUS,00,IRRIGATED,US TOTAL,CROPS,ACRES,NATIONAL,
,,ALL UTILIZATION PRACTICES,ANNUAL,SOYBEANS,"SOYBEANS, IRRIGATED - ACRES HARVESTED",2012-12-31 00:00:00.000,5.8,ALL CLASSES,2012,,,,US TOTAL,FIELD CROPS,00000000,00,99,,UNITED STATES,US,NAICS CLASSIFICATION,,NAICS CLASSIFICATION: (1119),YEAR,,"156,777",,,AREA HARVESTED,9000,CENSUS,00,IRRIGATED,US TOTAL,CROPS,ACRES,NATIONAL,
,,ALL UTILIZATION PRACTICES,ANNUAL,SOYBEANS,"SOYBEANS, IRRIGATED - ACRES HARVESTED",2012-12-31 00:00:00.000,18.0,ALL CLASSES,2012,,,,US TOTAL,FIELD CROPS,00000000,00,99,,UNITED STATES,US,NAICS CLASSIFICATION,,NAICS CLASSIFICATION: (11191),YEAR,,"1,936",,,AREA HARVESTED,9000,CENSUS,00,IRRIGATED,US TOTAL,CROPS,ACRES,NATIONAL,
,,ALL UTILIZATION PRACTICES,ANNUAL,SOYBEANS,"SOYBEANS, IRRIGATED - ACRES HARVESTED",2012-12-31 00:00:00.000,9.5,ALL CLASSES,2012,,,,US TOTAL,FIELD CROPS,00000000,00,99,,UNITED STATES,US,NAICS CLASSIFICATION,,NAICS CLASSIFICATION: (11192),YEAR,,"95,036",,,AREA HARVESTED,9000,CENSUS,00,IRRIGATED,US TOTAL,CROPS,ACRES,NATIONAL,
,,ALL UTILIZATION PRACTICES,ANNUAL,SOYBEANS,"SOYBEANS, IRRIGATED - ACRES HARVESTED",2012-12-31 00:00:00.000,7.3,ALL CLASSES,2012,,,,US TOTAL,FIELD CROPS,00000000,00,99,,UNITED STATES,US,NAICS CLASSIFICATION,,NAICS CLASSIFICATION: (11193 & 11194 & 11199),YEAR,,"59,805",,,AREA HARVESTED,9000,CENSUS,00,IRRIGATED,US TOTAL,CROPS,ACRES,NATIONAL,
,,ALL UTILIZATION PRACTICES,ANNUAL,SOYBEANS,"SOYBEANS, IRRIGATED - ACRES HARVESTED",2012-12-31 00:00:00.000,9.7,ALL CLASSES,2012,,,,US TOTAL,FIELD CROPS,00000000,00,99,,UNITED STATES,US,NAICS CLASSIFICATION,,NAICS CLASSIFICATION: (112111),YEAR,,"72,113",,,AREA HARVESTED,9000,CENSUS,00,IRRIGATED,US TOTAL,CROPS,ACRES,NATIONAL,
,,ALL UTILIZATION PRACTICES,ANNUAL,SOYBEANS,"SOYBEANS, IRRIGATED - ACRES HARVESTED",2012-12-31 00:00:00.000,4.4,ALL CLASSES,2012,,,,US TOTAL,FIELD CROPS,00000000,00,99,,UNITED STATES,US,NAICS CLASSIFICATION,,NAICS CLASSIFICATION: (112112),YEAR,,"50,831",,,AREA HARVESTED,9000,CENSUS,00,IRRIGATED,US TOTAL,CROPS,ACRES,NATIONAL,
,,ALL UTILIZATION PRACTICES,ANNUAL,SOYBEANS,"SOYBEANS, IRRIGATED - ACRES HARVESTED",2012-12-31 00:00:00.000,8.5,ALL CLASSES,2012,,,,US TOTAL,FIELD CROPS,00000000,00,99,,UNITED STATES,US,NAICS CLASSIFICATION,,NAICS CLASSIFICATION: (11212),YEAR,,"13,347",,,AREA HARVESTED,9000,CENSUS,00,IRRIGATED,US TOTAL,CROPS,ACRES,NATIONAL,
,,ALL UTILIZATION PRACTICES,ANNUAL,SOYBEANS,"SOYBEANS, IRRIGATED - ACRES HARVESTED",2012-12-31 00:00:00.000,8.3,ALL CLASSES,2012,,,,US TOTAL,FIELD CROPS,00000000,00,99,,UNITED STATES,US,NAICS CLASSIFICATION,,NAICS CLASSIFICATION: (1122),YEAR,,"25,764",,,AREA HARVESTED,9000,CENSUS,00,IRRIGATED,US TOTAL,CROPS,ACRES,NATIONAL,
,,ALL UTILIZATION PRACTICES,ANNUAL,SOYBEANS,"SOYBEANS, IRRIGATED - ACRES HARVESTED",2012-12-31 00:00:00.000,15.1,ALL CLASSES,2012,,,,US TOTAL,FIELD CROPS,00000000,00,99,,UNITED STATES,US,NAICS CLASSIFICATION,,NAICS CLASSIFICATION: (1123),YEAR,,"19,153",,,AREA HARVESTED,9000,CENSUS,00,IRRIGATED,US TOTAL,CROPS,ACRES,NATIONAL,
,,ALL UTILIZATION PRACTICES,ANNUAL,SOYBEANS,"SOYBEANS, IRRIGATED - ACRES HARVESTED",2012-12-31 00:00:00.000,(H),ALL CLASSES,2012,,,,US TOTAL,FIELD CROPS,00000000,00,99,,UNITED STATES,US,NAICS CLASSIFICATION,,NAICS CLASSIFICATION: (1124),YEAR,,145,,,AREA HARVESTED,9000,CENSUS,00,IRRIGATED,US TOTAL,CROPS,ACRES,NATIONAL,
,,ALL UTILIZATION PRACTICES,ANNUAL,SOYBEANS,"SOYBEANS, IRRIGATED - ACRES HARVESTED",2012-12-31 00:00:00.000,10.5,ALL CLASSES,2012,,,,US TOTAL,FIELD CROPS,00000000,00,99,,UNITED STATES,US,NAICS CLASSIFICATION,,NAICS CLASSIFICATION: (1125 & 1129),YEAR,,"11,820",,,AREA HARVESTED,9000,CENSUS,00,IRRIGATED,US TOTAL,CROPS,ACRES,NATIONAL,
,,ALL UTILIZATION PRACTICES,ANNUAL,SOYBEANS,"SOYBEANS, IRRIGATED - ACRES HARVESTED",2012-12-31 00:00:00.000,3.4,ALL CLASSES,2012,,,,US TOTAL,FIELD CROPS,00000000,00,99,,UNITED STATES,US,TOTAL,,NOT SPECIFIED,YEAR,,"7,157,414",,,AREA HARVESTED,9000,CENSUS,00,IRRIGATED,US TOTAL,CROPS,ACRES,NATIONAL,
,,ALL UTILIZATION PRACTICES,ANNUAL,SOYBEANS,"SOYBEANS, IRRIGATED, ENTIRE CROP - ACRES HARVESTED",2012-12-31 00:00:00.000,2.1,ALL CLASSES,2012,,,,US TOTAL,FIELD CROPS,00000000,00,99,,UNITED STATES,US,TOTAL,,NOT SPECIFIED,YEAR,,"2,978,353",,,AREA HARVESTED,9000,CENSUS,00,"IRRIGATED, ENTIRE CROP",US TOTAL,CROPS,ACRES,NATIONAL,
,,ALL UTILIZATION PRACTICES,ANNUAL,SOYBEANS,"SOYBEANS, IRRIGATED, NONE OF CROP - ACRES HARVESTED",2012-12-31 00:00:00.000,0.5,ALL CLASSES,2012,,,,US TOTAL,FIELD CROPS,00000000,00,99,,UNITED STATES,US,TOTAL,,NOT SPECIFIED,YEAR,,"64,255,848",,,AREA HARVESTED,9000,CENSUS,00,"IRRIGATED, NONE OF CROP",US TOTAL,CROPS,ACRES,NATIONAL,
,,ALL UTILIZATION PRACTICES,ANNUAL,SOYBEANS,"SOYBEANS, IRRIGATED, PART OF CROP, IRRIGATED PORTION - ACRES HARVESTED",2012-12-31 00:00:00.000,4.4,ALL CLASSES,2012,,,,US TOTAL,FIELD CROPS,00000000,00,99,,UNITED STATES,US,TOTAL,,NOT SPECIFIED,YEAR,,"4,179,061",,,AREA HARVESTED,9000,CENSUS,00,"IRRIGATED, PART OF CROP, IRRIGATED PORTION",US TOTAL,CROPS,ACRES,NATIONAL,
,,ALL UTILIZATION PRACTICES,ANNUAL,SOYBEANS,"SOYBEANS, IRRIGATED, PART OF CROP, NON-IRRIGATED PORTION - ACRES HARVESTED",2012-12-31 00:00:00.000,(L),ALL CLASSES,2012,,,,US TOTAL,FIELD CROPS,00000000,00,99,,UNITED STATES,US,TOTAL,,NOT SPECIFIED,YEAR,,"4,691,518",,,AREA HARVESTED,9000,CENSUS,00,"IRRIGATED, PART OF CROP, NON-IRRIGATED PORTION",US TOTAL,CROPS,ACRES,NATIONAL,
,,ALL UTILIZATION PRACTICES,ANNUAL,SOYBEANS,"SOYBEANS, IRRIGATED - ACRES HARVESTED",2012-12-31 00:00:00.000,,ALL CLASSES,2013,,,,US TOTAL,FIELD CROPS,00000000,00,99,,UNITED STATES,US,"IRRIGATION METHOD, PRIMARY",,"IRRIGATION METHOD, PRIMARY: (GRAVITY)",YEAR,,"3,371,376",,,AREA HARVESTED,9000,CENSUS,00,IRRIGATED,US TOTAL,CROPS,ACRES,NATIONAL,
,,ALL UTILIZATION PRACTICES,ANNUAL,SOYBEANS,"SOYBEANS, IRRIGATED - ACRES HARVESTED",2012-12-31 00:00:00.000,,ALL CLASSES,2013,,,,US TOTAL,FIELD CROPS,00000000,00,99,,UNITED STATES,US,"IRRIGATION METHOD, PRIMARY",,"IRRIGATION METHOD, PRIMARY: (PRESSURE)",YEAR,,"4,041,900",,,AREA HARVESTED,9000,CENSUS,00,IRRIGATED,US TOTAL,CROPS,ACRES,NATIONAL,
,,ALL UTILIZATION PRACTICES,ANNUAL,SOYBEANS,"SOYBEANS, IRRIGATED - ACRES HARVESTED",2012-12-31 00:00:00.000,,ALL CLASSES,2013,,,,US TOTAL,FIELD CROPS,00000000,00,99,,UNITED STATES,US,TOTAL,,NOT SPECIFIED,YEAR,,"7,413,276",,,AREA HARVESTED,9000,CENSUS,00,IRRIGATED,US TOTAL,CROPS,ACRES,NATIONAL,
,,ALL UTILIZATION PRACTICES,ANNUAL,SOYBEANS,"SOYBEANS, IRRIGATED - ACRES HARVESTED",2012-12-31 00:00:00.000,,ALL CLASSES,2013,,,,US TOTAL,FIELD CROPS,00000000,00,99,,UNITED STATES,US,WATER SOURCE,,WATER SOURCE: (GROUND),YEAR,,"6,858,900",,,AREA HARVESTED,9000,CENSUS,00,IRRIGATED,US TOTAL,CROPS,ACRES,NATIONAL,
,,ALL UTILIZATION PRACTICES,ANNUAL,SOYBEANS,"SOYBEANS, IRRIGATED - ACRES HARVESTED",2012-12-31 00:00:00.000,,ALL CLASSES,2013,,,,US TOTAL,FIELD CROPS,00000000,00,99,,UNITED STATES,US,WATER SOURCE,,WATER SOURCE: (OFF FARM),YEAR,,"175,358",,,AREA HARVESTED,9000,CENSUS,00,IRRIGATED,US TOTAL,CROPS,ACRES,NATIONAL,
,,ALL UTILIZATION PRACTICES,ANNUAL,SOYBEANS,"SOYBEANS, IRRIGATED - ACRES HARVESTED",2012-12-31 00:00:00.000,,ALL CLASSES,2013,,,,US TOTAL,FIELD CROPS,00000000,00,99,,UNITED STATES,US,WATER SOURCE,,WATER SOURCE: (ON FARM SURFACE),YEAR,,"613,234",,,AREA HARVESTED,9000,CENSUS,00,IRRIGATED,US TOTAL,CROPS,ACRES,NATIONAL,
,,ALL UTILIZATION PRACTICES,ANNUAL,SOYBEANS,"SOYBEANS, NON-IRRIGATED - ACRES HARVESTED",2012-12-31 00:00:00.000,,ALL CLASSES,2013,,,,US TOTAL,FIELD CROPS,00000000,00,99,,UNITED STATES,US,IRRIGATION STATUS,,IRRIGATION STATUS: (ANY ON OPERATION),YEAR,,"5,847,055",,,AREA HARVESTED,9000,CENSUS,00,NON-IRRIGATED,US TOTAL,CROPS,ACRES,NATIONAL,
,,ALL UTILIZATION PRACTICES,ANNUAL,SOYBEANS,"SOYBEANS, ORGANIC - ACRES HARVESTED",2015-01-31 00:00:00.000,8.0,ALL CLASSES,2014,,,,US TOTAL,FIELD CROPS,00000000,00,99,,UNITED STATES,US,ORGANIC STATUS,,ORGANIC STATUS: (NOP USDA CERTIFIED & EXEMPT),YEAR,,"98,832",,,AREA HARVESTED,9000,CENSUS,00,ORGANIC,US TOTAL,CROPS,ACRES,NATIONAL,
,,ALL UTILIZATION PRACTICES,ANNUAL,SOYBEANS,"SOYBEANS, ORGANIC - ACRES HARVESTED",2015-01-31 00:00:00.000,(D),ALL CLASSES,2014,,,,US TOTAL,FIELD CROPS,00000000,00,99,,UNITED STATES,US,ORGANIC STATUS,,ORGANIC STATUS: (NOP USDA CERTIFIED),YEAR,,                 (D),,,AREA HARVESTED,9000,CENSUS,00,ORGANIC,US TOTAL,CROPS,ACRES,NATIONAL,
,,ALL UTILIZATION PRACTICES,ANNUAL,SOYBEANS,"SOYBEANS, ORGANIC - ACRES HARVESTED",2015-01-31 00:00:00.000,(D),ALL CLASSES,2014,,,,US TOTAL,FIELD CROPS,00000000,00,99,,UNITED STATES,US,ORGANIC STATUS,,ORGANIC STATUS: (NOP USDA EXEMPT),YEAR,,                 (D),,,AREA HARVESTED,9000,CENSUS,00,ORGANIC,US TOTAL,CROPS,ACRES,NATIONAL,
,,ALL UTILIZATION PRACTICES,ANNUAL,SOYBEANS,"SOYBEANS, ORGANIC - ACRES HARVESTED",2015-01-31 00:00:00.000,7.3,ALL CLASSES,2015,,,,US TOTAL,FIELD CROPS,00000000,00,99,,UNITED STATES,US,ORGANIC STATUS,,ORGANIC STATUS: (NOP USDA CERTIFIED),YEAR,,"94,841",,,AREA HARVESTED,9000,CENSUS,00,ORGANIC,US TOTAL,CROPS,ACRES,NATIONAL,
,,ALL UTILIZATION PRACTICES,ANNUAL,SOYBEANS,"SOYBEANS, ORGANIC - ACRES HARVESTED",2016-01-31 00:00:00.000,2.3,ALL CLASSES,2016,,,,US TOTAL,FIELD CROPS,00000000,00,99,,UNITED STATES,US,ORGANIC STATUS,,ORGANIC STATUS: (NOP USDA CERTIFIED),YEAR,,"124,591",,,AREA HARVESTED,9000,CENSUS,00,ORGANIC,US TOTAL,CROPS,ACRES,NATIONAL,
,,ALL UTILIZATION PRACTICES,ANNUAL,SOYBEANS,SOYBEANS - ACRES HARVESTED,2018-02-01 00:00:00.000,2.7,ALL CLASSES,2017,,,,US TOTAL,FIELD CROPS,00000000,00,99,,UNITED STATES,US,AREA HARVESTED,,"AREA HARVESTED: (1,000 OR MORE ACRES)",YEAR,,"33,900,564",,,AREA HARVESTED,9000,CENSUS,00,ALL PRODUCTION PRACTICES,US TOTAL,CROPS,ACRES,NATIONAL,
,,ALL UTILIZATION PRACTICES,ANNUAL,SOYBEANS,SOYBEANS - ACRES HARVESTED,2018-02-01 00:00:00.000,3.5,ALL CLASSES,2017,,,,US TOTAL,FIELD CROPS,00000000,00,99,,UNITED STATES,US,AREA HARVESTED,,"AREA HARVESTED: (1,000 TO 1,999 ACRES)",YEAR,,"19,468,504",,,AREA HARVESTED,9000,CENSUS,00,ALL PRODUCTION PRACTICES,US TOTAL,CROPS,ACRES,NATIONAL,
,,ALL UTILIZATION PRACTICES,ANNUAL,SOYBEANS,SOYBEANS - ACRES HARVESTED,2018-02-01 00:00:00.000,4.2,ALL CLASSES,2017,,,,US TOTAL,FIELD CROPS,00000000,00,99,,UNITED STATES,US,AREA HARVESTED,,AREA HARVESTED: (1.0 TO 14.9 ACRES),YEAR,,"185,248",,,AREA HARVESTED,9000,CENSUS,00,ALL PRODUCTION PRACTICES,US TOTAL,CROPS,ACRES,NATIONAL,
,,ALL UTILIZATION PRACTICES,ANNUAL,SOYBEANS,SOYBEANS - ACRES HARVESTED,2018-02-01 00:00:00.000,1.7,ALL CLASSES,2017,,,,US TOTAL,FIELD CROPS,00000000,00,99,,UNITED STATES,US,AREA HARVESTED,,AREA HARVESTED: (100 TO 249 ACRES),YEAR,,"11,367,421",,,AREA HARVESTED,9000,CENSUS,00,ALL PRODUCTION PRACTICES,US TOTAL,CROPS,ACRES,NATIONAL,
,,ALL UTILIZATION PRACTICES,ANNUAL,SOYBEANS,SOYBEANS - ACRES HARVESTED,2018-02-01 00:00:00.000,4.1,ALL CLASSES,2017,,,,US TOTAL,FIELD CROPS,00000000,00,99,,UNITED STATES,US,AREA HARVESTED,,AREA HARVESTED: (15.0 TO 24.9 ACRES),YEAR,,"351,157",,,AREA HARVESTED,9000,CENSUS,00,ALL PRODUCTION PRACTICES,US TOTAL,CROPS,ACRES,NATIONAL,
,,ALL UTILIZATION PRACTICES,ANNUAL,SOYBEANS,SOYBEANS - ACRES HARVESTED,2018-02-01 00:00:00.000,5.1,ALL CLASSES,2017,,,,US TOTAL,FIELD CROPS,00000000,00,99,,UNITED STATES,US,AREA HARVESTED,,"AREA HARVESTED: (2,000 TO 2,999 ACRES)",YEAR,,"7,370,447",,,AREA HARVESTED,9000,CENSUS,00,ALL PRODUCTION PRACTICES,US TOTAL,CROPS,ACRES,NATIONAL,
,,ALL UTILIZATION PRACTICES,ANNUAL,SOYBEANS,SOYBEANS - ACRES HARVESTED,2018-02-01 00:00:00.000,3.1,ALL CLASSES,2017,,,,US TOTAL,FIELD CROPS,00000000,00,99,,UNITED STATES,US,AREA HARVESTED,,AREA HARVESTED: (25.0 TO 49.9 ACRES),YEAR,,"1,372,919",,,AREA HARVESTED,9000,CENSUS,00,ALL PRODUCTION PRACTICES,US TOTAL,CROPS,ACRES,NATIONAL,
,,ALL UTILIZATION PRACTICES,ANNUAL,SOYBEANS,SOYBEANS - ACRES HARVESTED,2018-02-01 00:00:00.000,1.8,ALL CLASSES,2017,,,,US TOTAL,FIELD CROPS,00000000,00,99,,UNITED STATES,US,AREA HARVESTED,,AREA HARVESTED: (250 TO 499 ACRES),YEAR,,"16,916,655",,,AREA HARVESTED,9000,CENSUS,00,ALL PRODUCTION PRACTICES,US TOTAL,CROPS,ACRES,NATIONAL,
,,ALL UTILIZATION PRACTICES,ANNUAL,SOYBEANS,SOYBEANS - ACRES HARVESTED,2018-02-01 00:00:00.000,5.5,ALL CLASSES,2017,,,,US TOTAL,FIELD CROPS,00000000,00,99,,UNITED STATES,US,AREA HARVESTED,,"AREA HARVESTED: (3,000 TO 4,999 ACRES)",YEAR,,"4,780,791",,,AREA HARVESTED,9000,CENSUS,00,ALL PRODUCTION PRACTICES,US TOTAL,CROPS,ACRES,NATIONAL,
,,ALL UTILIZATION PRACTICES,ANNUAL,SOYBEANS,SOYBEANS - ACRES HARVESTED,2018-02-01 00:00:00.000,6.3,ALL CLASSES,2017,,,,US TOTAL,FIELD CROPS,00000000,00,99,,UNITED STATES,US,AREA HARVESTED,,"AREA HARVESTED: (5,000 OR MORE ACRES)",YEAR,,"2,280,822",,,AREA HARVESTED,9000,CENSUS,00,ALL PRODUCTION PRACTICES,US TOTAL,CROPS,ACRES,NATIONAL,
,,ALL UTILIZATION PRACTICES,ANNUAL,SOYBEANS,SOYBEANS - ACRES HARVESTED,2018-02-01 00:00:00.000,2.1,ALL CLASSES,2017,,,,US TOTAL,FIELD CROPS,00000000,00,99,,UNITED STATES,US,AREA HARVESTED,,AREA HARVESTED: (50.0 TO 99.9 ACRES),YEAR,,"3,674,963",,,AREA HARVESTED,9000,CENSUS,00,ALL PRODUCTION PRACTICES,US TOTAL,CROPS,ACRES,NATIONAL,
,,ALL UTILIZATION PRACTICES,ANNUAL,SOYBEANS,SOYBEANS - ACRES HARVESTED,2018-02-01 00:00:00.000,2.7,ALL CLASSES,2017,,,,US TOTAL,FIELD CROPS,00000000,00,99,,UNITED STATES,US,AREA HARVESTED,,AREA HARVESTED: (500 TO 999 ACRES),YEAR,,"22,380,553",,,AREA HARVESTED,9000,CENSUS,00,ALL PRODUCTION PRACTICES,US TOTAL,CROPS,ACRES,NATIONAL,
,,ALL UTILIZATION PRACTICES,ANNUAL,SOYBEANS,SOYBEANS - ACRES HARVESTED,2018-02-01 00:00:00.000,2.8,ALL CLASSES,2017,,,,US TOTAL,FIELD CROPS,00000000,00,99,,UNITED STATES,US,AREA OPERATED,,"AREA OPERATED: (1,000 TO 1,999 ACRES)",YEAR,,"22,852,407",,,AREA HARVESTED,9000,CENSUS,00,ALL PRODUCTION PRACTICES,US TOTAL,CROPS,ACRES,NATIONAL,
,,ALL UTILIZATION PRACTICES,ANNUAL,SOYBEANS,SOYBEANS - ACRES HARVESTED,2018-02-01 00:00:00.000,23.0,ALL CLASSES,2017,,,,US TOTAL,FIELD CROPS,00000000,00,99,,UNITED STATES,US,AREA OPERATED,,AREA OPERATED: (1.0 TO 9.9 ACRES),YEAR,,"15,269",,,AREA HARVESTED,9000,CENSUS,00,ALL PRODUCTION PRACTICES,US TOTAL,CROPS,ACRES,NATIONAL,
,,ALL UTILIZATION PRACTICES,ANNUAL,SOYBEANS,SOYBEANS - ACRES HARVESTED,2018-02-01 00:00:00.000,6.4,ALL CLASSES,2017,,,,US TOTAL,FIELD CROPS,00000000,00,99,,UNITED STATES,US,AREA OPERATED,,AREA OPERATED: (10.0 TO 49.9 ACRES),YEAR,,"412,749",,,AREA HARVESTED,9000,CENSUS,00,ALL PRODUCTION PRACTICES,US TOTAL,CROPS,ACRES,NATIONAL,
,,ALL UTILIZATION PRACTICES,ANNUAL,SOYBEANS,SOYBEANS - ACRES HARVESTED,2018-02-01 00:00:00.000,4.7,ALL CLASSES,2017,,,,US TOTAL,FIELD CROPS,00000000,00,99,,UNITED STATES,US,AREA OPERATED,,AREA OPERATED: (100 TO 139 ACRES),YEAR,,"980,403",,,AREA HARVESTED,9000,CENSUS,00,ALL PRODUCTION PRACTICES,US TOTAL,CROPS,ACRES,NATIONAL,
,,ALL UTILIZATION PRACTICES,ANNUAL,SOYBEANS,SOYBEANS - ACRES HARVESTED,2018-02-01 00:00:00.000,3.0,ALL CLASSES,2017,,,,US TOTAL,FIELD CROPS,00000000,00,99,,UNITED STATES,US,AREA OPERATED,,AREA OPERATED: (140 TO 179 ACRES),YEAR,,"1,283,923",,,AREA HARVESTED,9000,CENSUS,00,ALL PRODUCTION PRACTICES,US TOTAL,CROPS,ACRES,NATIONAL,
,,ALL UTILIZATION PRACTICES,ANNUAL,SOYBEANS,SOYBEANS - ACRES HARVESTED,2018-02-01 00:00:00.000,4.0,ALL CLASSES,2017,,,,US TOTAL,FIELD CROPS,00000000,00,99,,UNITED STATES,US,AREA OPERATED,,AREA OPERATED: (180 TO 219 ACRES),YEAR,,"1,163,978",,,AREA HARVESTED,9000,CENSUS,00,ALL PRODUCTION PRACTICES,US TOTAL,CROPS,ACRES,NATIONAL,
,,ALL UTILIZATION PRACTICES,ANNUAL,SOYBEANS,SOYBEANS - ACRES HARVESTED,2018-02-01 00:00:00.000,3.0,ALL CLASSES,2017,,,,US TOTAL,FIELD CROPS,00000000,00,99,,UNITED STATES,US,AREA OPERATED,,"AREA OPERATED: (2,000 OR MORE ACRES)",YEAR,,"38,402,891",,,AREA HARVESTED,9000,CENSUS,00,ALL PRODUCTION PRACTICES,US TOTAL,CROPS,ACRES,NATIONAL,
,,ALL UTILIZATION PRACTICES,ANNUAL,SOYBEANS,SOYBEANS - ACRES HARVESTED,2018-02-01 00:00:00.000,5.4,ALL CLASSES,2017,,,,US TOTAL,FIELD CROPS,00000000,00,99,,UNITED STATES,US,AREA OPERATED,,AREA OPERATED: (220 TO 259 ACRES),YEAR,,"1,254,750",,,AREA HARVESTED,9000,CENSUS,00,ALL PRODUCTION PRACTICES,US TOTAL,CROPS,ACRES,NATIONAL,
,,ALL UTILIZATION PRACTICES,ANNUAL,SOYBEANS,SOYBEANS - ACRES HARVESTED,2018-02-01 00:00:00.000,2.0,ALL CLASSES,2017,,,,US TOTAL,FIELD CROPS,00000000,00,99,,UNITED STATES,US,AREA OPERATED,,AREA OPERATED: (260 TO 499 ACRES),YEAR,,"7,578,390",,,AREA HARVESTED,9000,CENSUS,00,ALL PRODUCTION PRACTICES,US TOTAL,CROPS,ACRES,NATIONAL,
,,ALL UTILIZATION PRACTICES,ANNUAL,SOYBEANS,SOYBEANS - ACRES HARVESTED,2018-02-01 00:00:00.000,5.9,ALL CLASSES,2017,,,,US TOTAL,FIELD CROPS,00000000,00,99,,UNITED STATES,US,AREA OPERATED,,AREA OPERATED: (50.0 TO 69.9 ACRES),YEAR,,"302,381",,,AREA HARVESTED,9000,CENSUS,00,ALL PRODUCTION PRACTICES,US TOTAL,CROPS,ACRES,NATIONAL,
,,ALL UTILIZATION PRACTICES,ANNUAL,SOYBEANS,SOYBEANS - ACRES HARVESTED,2018-02-01 00:00:00.000,2.8,ALL CLASSES,2017,,,,US TOTAL,FIELD CROPS,00000000,00,99,,UNITED STATES,US,AREA OPERATED,,AREA OPERATED: (500 TO 999 ACRES),YEAR,,"15,224,115",,,AREA HARVESTED,9000,CENSUS,00,ALL PRODUCTION PRACTICES,US TOTAL,CROPS,ACRES,NATIONAL,
,,ALL UTILIZATION PRACTICES,ANNUAL,SOYBEANS,SOYBEANS - ACRES HARVESTED,2018-02-01 00:00:00.000,6.4,ALL CLASSES,2017,,,,US TOTAL,FIELD CROPS,00000000,00,99,,UNITED STATES,US,AREA OPERATED,,AREA OPERATED: (70.0 TO 99.9 ACRES),YEAR,,"678,224",,,AREA HARVESTED,9000,CENSUS,00,ALL PRODUCTION PRACTICES,US TOTAL,CROPS,ACRES,NATIONAL,
,,ALL UTILIZATION PRACTICES,ANNUAL,SOYBEANS,SOYBEANS - ACRES HARVESTED,2018-02-01 00:00:00.000,9.9,ALL CLASSES,2017,,,,US TOTAL,FIELD CROPS,00000000,00,99,,UNITED STATES,US,ECONOMIC CLASS,,"ECONOMIC CLASS: (1,000 TO 2,499 $)",YEAR,,"30,101",,,AREA HARVESTED,9000,CENSUS,00,ALL PRODUCTION PRACTICES,US TOTAL,CROPS,ACRES,NATIONAL,
,,ALL UTILIZATION PRACTICES,ANNUAL,SOYBEANS,SOYBEANS - ACRES HARVESTED,2018-02-01 00:00:00.000,2.4,ALL CLASSES,2017,,,,US TOTAL,FIELD CROPS,00000000,00,99,,UNITED STATES,US,ECONOMIC CLASS,,"ECONOMIC CLASS: (1,000,000 OR MORE $)",YEAR,,"38,525,223",,,AREA HARVESTED,9000,CENSUS,00,ALL PRODUCTION PRACTICES,US TOTAL,CROPS,ACRES,NATIONAL,
,,ALL UTILIZATION PRACTICES,ANNUAL,SOYBEANS,SOYBEANS - ACRES HARVESTED,2018-02-01 00:00:00.000,2.3,ALL CLASSES,2017,,,,US TOTAL,FIELD CROPS,00000000,00,99,,UNITED STATES,US,ECONOMIC CLASS,,"ECONOMIC CLASS: (10,000 TO 24,999 $)",YEAR,,"849,759",,,AREA HARVESTED,9000,CENSUS,00,ALL PRODUCTION PRACTICES,US TOTAL,CROPS,ACRES,NATIONAL,
,,ALL UTILIZATION PRACTICES,ANNUAL,SOYBEANS,SOYBEANS - ACRES HARVESTED,2018-02-01 00:00:00.000,2.4,ALL CLASSES,2017,,,,US TOTAL,FIELD CROPS,00000000,00,99,,UNITED STATES,US,ECONOMIC CLASS,,"ECONOMIC CLASS: (100,000 TO 249,999 $)",YEAR,,"9,680,788",,,AREA HARVESTED,9000,CENSUS,00,ALL PRODUCTION PRACTICES,US TOTAL,CROPS,ACRES,NATIONAL,
,,ALL UTILIZATION PRACTICES,ANNUAL,SOYBEANS,SOYBEANS - ACRES HARVESTED,2018-02-01 00:00:00.000,5.9,ALL CLASSES,2017,,,,US TOTAL,FIELD CROPS,00000000,00,99,,UNITED STATES,US,ECONOMIC CLASS,,"ECONOMIC CLASS: (2,500 TO 4,999 $)",YEAR,,"77,313",,,AREA HARVESTED,9000,CENSUS,00,ALL PRODUCTION PRACTICES,US TOTAL,CROPS,ACRES,NATIONAL,
,,ALL UTILIZATION PRACTICES,ANNUAL,SOYBEANS,SOYBEANS - ACRES HARVESTED,2018-02-01 00:00:00.000,3.3,ALL CLASSES,2017,,,,US TOTAL,FIELD CROPS,00000000,00,99,,UNITED STATES,US,ECONOMIC CLASS,,"ECONOMIC CLASS: (25,000 TO 49,999 $)",YEAR,,"1,623,933",,,AREA HARVESTED,9000,CENSUS,00,ALL PRODUCTION PRACTICES,US TOTAL,CROPS,ACRES,NATIONAL,
,,ALL UTILIZATION PRACTICES,ANNUAL,SOYBEANS,SOYBEANS - ACRES HARVESTED,2018-02-01 00:00:00.000,4.0,ALL CLASSES,2017,,,,US TOTAL,FIELD CROPS,00000000,00,99,,UNITED STATES,US,ECONOMIC CLASS,,"ECONOMIC CLASS: (250,000 TO 499,999 $)",YEAR,,"14,278,626",,,AREA HARVESTED,9000,CENSUS,00,ALL PRODUCTION PRACTICES,US TOTAL,CROPS,ACRES,NATIONAL,
,,ALL UTILIZATION PRACTICES,ANNUAL,SOYBEANS,SOYBEANS - ACRES HARVESTED,2018-02-01 00:00:00.000,14.0,ALL CLASSES,2017,,,,US TOTAL,FIELD CROPS,00000000,00,99,,UNITED STATES,US,ECONOMIC CLASS,,"ECONOMIC CLASS: (5,000 TO 9,999 $)",YEAR,,"226,765",,,AREA HARVESTED,9000,CENSUS,00,ALL PRODUCTION PRACTICES,US TOTAL,CROPS,ACRES,NATIONAL,
,,ALL UTILIZATION PRACTICES,ANNUAL,SOYBEANS,SOYBEANS - ACRES HARVESTED,2018-02-01 00:00:00.000,2.6,ALL CLASSES,2017,,,,US TOTAL,FIELD CROPS,00000000,00,99,,UNITED STATES,US,ECONOMIC CLASS,,"ECONOMIC CLASS: (50,000 TO 99,999 $)",YEAR,,"3,379,579",,,AREA HARVESTED,9000,CENSUS,00,ALL PRODUCTION PRACTICES,US TOTAL,CROPS,ACRES,NATIONAL,
,,ALL UTILIZATION PRACTICES,ANNUAL,SOYBEANS,SOYBEANS - ACRES HARVESTED,2018-02-01 00:00:00.000,2.5,ALL CLASSES,2017,,,,US TOTAL,FIELD CROPS,00000000,00,99,,UNITED STATES,US,ECONOMIC CLASS,,"ECONOMIC CLASS: (500,000 TO 999,999 $)",YEAR,,"21,463,183",,,AREA HARVESTED,9000,CENSUS,00,ALL PRODUCTION PRACTICES,US TOTAL,CROPS,ACRES,NATIONAL,
,,ALL UTILIZATION PRACTICES,ANNUAL,SOYBEANS,SOYBEANS - ACRES HARVESTED,2018-02-01 00:00:00.000,22.2,ALL CLASSES,2017,,,,US TOTAL,FIELD CROPS,00000000,00,99,,UNITED STATES,US,ECONOMIC CLASS,,"ECONOMIC CLASS: (LESS THAN 1,000 $)",YEAR,,"14,210",,,AREA HARVESTED,9000,CENSUS,00,ALL PRODUCTION PRACTICES,US TOTAL,CROPS,ACRES,NATIONAL,
,,ALL UTILIZATION PRACTICES,ANNUAL,SOYBEANS,SOYBEANS - ACRES HARVESTED,2018-02-01 00:00:00.000,9.8,ALL CLASSES,2017,,,,US TOTAL,FIELD CROPS,00000000,00,99,,UNITED STATES,US,FARM SALES,,"FARM SALES: (1,000 TO 2,499 $)",YEAR,,"32,821",,,AREA HARVESTED,9000,CENSUS,00,ALL PRODUCTION PRACTICES,US TOTAL,CROPS,ACRES,NATIONAL,
,,ALL UTILIZATION PRACTICES,ANNUAL,SOYBEANS,SOYBEANS - ACRES HARVESTED,2018-02-01 00:00:00.000,2.5,ALL CLASSES,2017,,,,US TOTAL,FIELD CROPS,00000000,00,99,,UNITED STATES,US,FARM SALES,,"FARM SALES: (1,000,000 OR MORE $)",YEAR,,"37,050,927",,,AREA HARVESTED,9000,CENSUS,00,ALL PRODUCTION PRACTICES,US TOTAL,CROPS,ACRES,NATIONAL,
,,ALL UTILIZATION PRACTICES,ANNUAL,SOYBEANS,SOYBEANS - ACRES HARVESTED,2018-02-01 00:00:00.000,2.7,ALL CLASSES,2017,,,,US TOTAL,FIELD CROPS,00000000,00,99,,UNITED STATES,US,FARM SALES,,"FARM SALES: (10,000 TO 24,999 $)",YEAR,,"915,566",,,AREA HARVESTED,9000,CENSUS,00,ALL PRODUCTION PRACTICES,US TOTAL,CROPS,ACRES,NATIONAL,
,,ALL UTILIZATION PRACTICES,ANNUAL,SOYBEANS,SOYBEANS - ACRES HARVESTED,2018-02-01 00:00:00.000,2.5,ALL CLASSES,2017,,,,US TOTAL,FIELD CROPS,00000000,00,99,,UNITED STATES,US,FARM SALES,,"FARM SALES: (100,000 TO 249,999 $)",YEAR,,"10,058,843",,,AREA HARVESTED,9000,CENSUS,00,ALL PRODUCTION PRACTICES,US TOTAL,CROPS,ACRES,NATIONAL,
,,ALL UTILIZATION PRACTICES,ANNUAL,SOYBEANS,SOYBEANS - ACRES HARVESTED,2018-02-01 00:00:00.000,5.0,ALL CLASSES,2017,,,,US TOTAL,FIELD CROPS,00000000,00,99,,UNITED STATES,US,FARM SALES,,"FARM SALES: (2,500 TO 4,999 $)",YEAR,,"90,173",,,AREA HARVESTED,9000,CENSUS,00,ALL PRODUCTION PRACTICES,US TOTAL,CROPS,ACRES,NATIONAL,
,,ALL UTILIZATION PRACTICES,ANNUAL,SOYBEANS,SOYBEANS - ACRES HARVESTED,2018-02-01 00:00:00.000,3.2,ALL CLASSES,2017,,,,US TOTAL,FIELD CROPS,00000000,00,99,,UNITED STATES,US,FARM SALES,,"FARM SALES: (25,000 TO 49,999 $)",YEAR,,"1,725,284",,,AREA HARVESTED,9000,CENSUS,00,ALL PRODUCTION PRACTICES,US TOTAL,CROPS,ACRES,NATIONAL,
,,ALL UTILIZATION PRACTICES,ANNUAL,SOYBEANS,SOYBEANS - ACRES HARVESTED,2018-02-01 00:00:00.000,3.9,ALL CLASSES,2017,,,,US TOTAL,FIELD CROPS,00000000,00,99,,UNITED STATES,US,FARM SALES,,"FARM SALES: (250,000 TO 499,999 $)",YEAR,,"14,764,506",,,AREA HARVESTED,9000,CENSUS,00,ALL PRODUCTION PRACTICES,US TOTAL,CROPS,ACRES,NATIONAL,
,,ALL UTILIZATION PRACTICES,ANNUAL,SOYBEANS,SOYBEANS - ACRES HARVESTED,2018-02-01 00:00:00.000,11.8,ALL CLASSES,2017,,,,US TOTAL,FIELD CROPS,00000000,00,99,,UNITED STATES,US,FARM SALES,,"FARM SALES: (5,000 TO 9,999 $)",YEAR,,"252,801",,,AREA HARVESTED,9000,CENSUS,00,ALL PRODUCTION PRACTICES,US TOTAL,CROPS,ACRES,NATIONAL,
,,ALL UTILIZATION PRACTICES,ANNUAL,SOYBEANS,SOYBEANS - ACRES HARVESTED,2018-02-01 00:00:00.000,3.1,ALL CLASSES,2017,,,,US TOTAL,FIELD CROPS,00000000,00,99,,UNITED STATES,US,FARM SALES,,"FARM SALES: (50,000 TO 99,999 $)",YEAR,,"3,505,077",,,AREA HARVESTED,9000,CENSUS,00,ALL PRODUCTION PRACTICES,US TOTAL,CROPS,ACRES,NATIONAL,
,,ALL UTILIZATION PRACTICES,ANNUAL,SOYBEANS,SOYBEANS - ACRES HARVESTED,2018-02-01 00:00:00.000,3.0,ALL CLASSES,2017,,,,US TOTAL,FIELD CROPS,00000000,00,99,,UNITED STATES,US,FARM SALES,,"FARM SALES: (500,000 TO 999,999 $)",YEAR,,"21,711,933",,,AREA HARVESTED,9000,CENSUS,00,ALL PRODUCTION PRACTICES,US TOTAL,CROPS,ACRES,NATIONAL,
,,ALL UTILIZATION PRACTICES,ANNUAL,SOYBEANS,SOYBEANS - ACRES HARVESTED,2018-02-01 00:00:00.000,8.0,ALL CLASSES,2017,,,,US TOTAL,FIELD CROPS,00000000,00,99,,UNITED STATES,US,FARM SALES,,"FARM SALES: (LESS THAN 1,000 $)",YEAR,,"41,549",,,AREA HARVESTED,9000,CENSUS,00,ALL PRODUCTION PRACTICES,US TOTAL,CROPS,ACRES,NATIONAL,
,,ALL UTILIZATION PRACTICES,ANNUAL,SOYBEANS,SOYBEANS - ACRES HARVESTED,2018-02-01 00:00:00.000,2.2,ALL CLASSES,2017,,,,US TOTAL,FIELD CROPS,00000000,00,99,,UNITED STATES,US,NAICS CLASSIFICATION,,NAICS CLASSIFICATION: (1111),YEAR,,"81,174,156",,,AREA HARVESTED,9000,CENSUS,00,ALL PRODUCTION PRACTICES,US TOTAL,CROPS,ACRES,NATIONAL,
,,ALL UTILIZATION PRACTICES,ANNUAL,SOYBEANS,SOYBEANS - ACRES HARVESTED,2018-02-01 00:00:00.000,6.6,ALL CLASSES,2017,,,,US TOTAL,FIELD CROPS,00000000,00,99,,UNITED STATES,US,NAICS CLASSIFICATION,,NAICS CLASSIFICATION: (1112),YEAR,,"379,694",,,AREA HARVESTED,9000,CENSUS,00,ALL PRODUCTION PRACTICES,US TOTAL,CROPS,ACRES,NATIONAL,
,,ALL UTILIZATION PRACTICES,ANNUAL,SOYBEANS,SOYBEANS - ACRES HARVESTED,2018-02-01 00:00:00.000,3.4,ALL CLASSES,2017,,,,US TOTAL,FIELD CROPS,00000000,00,99,,UNITED STATES,US,NAICS CLASSIFICATION,,NAICS CLASSIFICATION: (1113),YEAR,,"33,713",,,AREA HARVESTED,9000,CENSUS,00,ALL PRODUCTION PRACTICES,US TOTAL,CROPS,ACRES,NATIONAL,
,,ALL UTILIZATION PRACTICES,ANNUAL,SOYBEANS,SOYBEANS - ACRES HARVESTED,2018-02-01 00:00:00.000,8.1,ALL CLASSES,2017,,,,US TOTAL,FIELD CROPS,00000000,00,99,,UNITED STATES,US,NAICS CLASSIFICATION,,NAICS CLASSIFICATION: (1114),YEAR,,"60,445",,,AREA HARVESTED,9000,CENSUS,00,ALL PRODUCTION PRACTICES,US TOTAL,CROPS,ACRES,NATIONAL,
,,ALL UTILIZATION PRACTICES,ANNUAL,SOYBEANS,SOYBEANS - ACRES HARVESTED,2018-02-01 00:00:00.000,2.3,ALL CLASSES,2017,,,,US TOTAL,FIELD CROPS,00000000,00,99,,UNITED STATES,US,NAICS CLASSIFICATION,,NAICS CLASSIFICATION: (1119),YEAR,,"2,097,609",,,AREA HARVESTED,9000,CENSUS,00,ALL PRODUCTION PRACTICES,US TOTAL,CROPS,ACRES,NATIONAL,
,,ALL UTILIZATION PRACTICES,ANNUAL,SOYBEANS,SOYBEANS - ACRES HARVESTED,2018-02-01 00:00:00.000,7.3,ALL CLASSES,2017,,,,US TOTAL,FIELD CROPS,00000000,00,99,,UNITED STATES,US,NAICS CLASSIFICATION,,NAICS CLASSIFICATION: (11191),YEAR,,"334,985",,,AREA HARVESTED,9000,CENSUS,00,ALL PRODUCTION PRACTICES,US TOTAL,CROPS,ACRES,NATIONAL,
,,ALL UTILIZATION PRACTICES,ANNUAL,SOYBEANS,SOYBEANS - ACRES HARVESTED,2018-02-01 00:00:00.000,5.0,ALL CLASSES,2017,,,,US TOTAL,FIELD CROPS,00000000,00,99,,UNITED STATES,US,NAICS CLASSIFICATION,,NAICS CLASSIFICATION: (11192),YEAR,,"577,619",,,AREA HARVESTED,9000,CENSUS,00,ALL PRODUCTION PRACTICES,US TOTAL,CROPS,ACRES,NATIONAL,
,,ALL UTILIZATION PRACTICES,ANNUAL,SOYBEANS,SOYBEANS - ACRES HARVESTED,2018-02-01 00:00:00.000,2.1,ALL CLASSES,2017,,,,US TOTAL,FIELD CROPS,00000000,00,99,,UNITED STATES,US,NAICS CLASSIFICATION,,NAICS CLASSIFICATION: (11193 & 11194 & 11199),YEAR,,"1,185,005",,,AREA HARVESTED,9000,CENSUS,00,ALL PRODUCTION PRACTICES,US TOTAL,CROPS,ACRES,NATIONAL,
,,ALL UTILIZATION PRACTICES,ANNUAL,SOYBEANS,SOYBEANS - ACRES HARVESTED,2018-02-01 00:00:00.000,9.3,ALL CLASSES,2017,,,,US TOTAL,FIELD CROPS,00000000,00,99,,UNITED STATES,US,NAICS CLASSIFICATION,,NAICS CLASSIFICATION: (112111),YEAR,,"1,686,419",,,AREA HARVESTED,9000,CENSUS,00,ALL PRODUCTION PRACTICES,US TOTAL,CROPS,ACRES,NATIONAL,
,,ALL UTILIZATION PRACTICES,ANNUAL,SOYBEANS,SOYBEANS - ACRES HARVESTED,2018-02-01 00:00:00.000,5.9,ALL CLASSES,2017,,,,US TOTAL,FIELD CROPS,00000000,00,99,,UNITED STATES,US,NAICS CLASSIFICATION,,NAICS CLASSIFICATION: (112112),YEAR,,"990,790",,,AREA HARVESTED,9000,CENSUS,00,ALL PRODUCTION PRACTICES,US TOTAL,CROPS,ACRES,NATIONAL,
,,ALL UTILIZATION PRACTICES,ANNUAL,SOYBEANS,SOYBEANS - ACRES HARVESTED,2018-02-01 00:00:00.000,5.0,ALL CLASSES,2017,,,,US TOTAL,FIELD CROPS,00000000,00,99,,UNITED STATES,US,NAICS CLASSIFICATION,,NAICS CLASSIFICATION: (11212),YEAR,,"1,172,821",,,AREA HARVESTED,9000,CENSUS,00,ALL PRODUCTION PRACTICES,US TOTAL,CROPS,ACRES,NATIONAL,
,,ALL UTILIZATION PRACTICES,ANNUAL,SOYBEANS,SOYBEANS - ACRES HARVESTED,2018-02-01 00:00:00.000,1.9,ALL CLASSES,2017,,,,US TOTAL,FIELD CROPS,00000000,00,99,,UNITED STATES,US,NAICS CLASSIFICATION,,NAICS CLASSIFICATION: (1122),YEAR,,"1,646,259",,,AREA HARVESTED,9000,CENSUS,00,ALL PRODUCTION PRACTICES,US TOTAL,CROPS,ACRES,NATIONAL,
,,ALL UTILIZATION PRACTICES,ANNUAL,SOYBEANS,SOYBEANS - ACRES HARVESTED,2018-02-01 00:00:00.000,2.5,ALL CLASSES,2017,,,,US TOTAL,FIELD CROPS,00000000,00,99,,UNITED STATES,US,NAICS CLASSIFICATION,,NAICS CLASSIFICATION: (1123),YEAR,,"547,556",,,AREA HARVESTED,9000,CENSUS,00,ALL PRODUCTION PRACTICES,US TOTAL,CROPS,ACRES,NATIONAL,
,,ALL UTILIZATION PRACTICES,ANNUAL,SOYBEANS,SOYBEANS - ACRES HARVESTED,2018-02-01 00:00:00.000,15.0,ALL CLASSES,2017,,,,US TOTAL,FIELD CROPS,00000000,00,99,,UNITED STATES,US,NAICS CLASSIFICATION,,NAICS CLASSIFICATION: (1124),YEAR,,"12,110",,,AREA HARVESTED,9000,CENSUS,00,ALL PRODUCTION PRACTICES,US TOTAL,CROPS,ACRES,NATIONAL,
,,ALL UTILIZATION PRACTICES,ANNUAL,SOYBEANS,SOYBEANS - ACRES HARVESTED,2018-02-01 00:00:00.000,2.8,ALL CLASSES,2017,,,,US TOTAL,FIELD CROPS,00000000,00,99,,UNITED STATES,US,NAICS CLASSIFICATION,,NAICS CLASSIFICATION: (1125 & 1129),YEAR,,"347,908",,,AREA HARVESTED,9000,CENSUS,00,ALL PRODUCTION PRACTICES,US TOTAL,CROPS,ACRES,NATIONAL,
,,ALL UTILIZATION PRACTICES,ANNUAL,SOYBEANS,SOYBEANS - ACRES HARVESTED,2018-02-01 00:00:00.000,1.9,ALL CLASSES,2017,,,,US TOTAL,FIELD CROPS,00000000,00,99,,UNITED STATES,US,TOTAL,,NOT SPECIFIED,YEAR,,"90,149,480",,,AREA HARVESTED,9000,CENSUS,00,ALL PRODUCTION PRACTICES,US TOTAL,CROPS,ACRES,NATIONAL,
,,ALL UTILIZATION PRACTICES,ANNUAL,SOYBEANS,"SOYBEANS, IRRIGATED - ACRES HARVESTED",2018-02-01 00:00:00.000,4.5,ALL CLASSES,2017,,,,US TOTAL,FIELD CROPS,00000000,00,99,,UNITED STATES,US,AREA HARVESTED,,"AREA HARVESTED: (1,000 OR MORE ACRES)",YEAR,,"5,046,924",,,AREA HARVESTED,9000,CENSUS,00,IRRIGATED,US TOTAL,CROPS,ACRES,NATIONAL,
,,ALL UTILIZATION PRACTICES,ANNUAL,SOYBEANS,"SOYBEANS, IRRIGATED - ACRES HARVESTED",2018-02-01 00:00:00.000,7.8,ALL CLASSES,2017,,,,US TOTAL,FIELD CROPS,00000000,00,99,,UNITED STATES,US,AREA HARVESTED,,"AREA HARVESTED: (1,000 TO 1,999 ACRES)",YEAR,,"2,435,150",,,AREA HARVESTED,9000,CENSUS,00,IRRIGATED,US TOTAL,CROPS,ACRES,NATIONAL,
,,ALL UTILIZATION PRACTICES,ANNUAL,SOYBEANS,"SOYBEANS, IRRIGATED - ACRES HARVESTED",2018-02-01 00:00:00.000,31.8,ALL CLASSES,2017,,,,US TOTAL,FIELD CROPS,00000000,00,99,,UNITED STATES,US,AREA HARVESTED,,AREA HARVESTED: (1.0 TO 14.9 ACRES),YEAR,,"2,271",,,AREA HARVESTED,9000,CENSUS,00,IRRIGATED,US TOTAL,CROPS,ACRES,NATIONAL,
,,ALL UTILIZATION PRACTICES,ANNUAL,SOYBEANS,"SOYBEANS, IRRIGATED - ACRES HARVESTED",2018-02-01 00:00:00.000,3.5,ALL CLASSES,2017,,,,US TOTAL,FIELD CROPS,00000000,00,99,,UNITED STATES,US,AREA HARVESTED,,AREA HARVESTED: (100 TO 249 ACRES),YEAR,,"698,157",,,AREA HARVESTED,9000,CENSUS,00,IRRIGATED,US TOTAL,CROPS,ACRES,NATIONAL,
,,ALL UTILIZATION PRACTICES,ANNUAL,SOYBEANS,"SOYBEANS, IRRIGATED - ACRES HARVESTED",2018-02-01 00:00:00.000,47.6,ALL CLASSES,2017,,,,US TOTAL,FIELD CROPS,00000000,00,99,,UNITED STATES,US,AREA HARVESTED,,AREA HARVESTED: (15.0 TO 24.9 ACRES),YEAR,,"4,906",,,AREA HARVESTED,9000,CENSUS,00,IRRIGATED,US TOTAL,CROPS,ACRES,NATIONAL,
,,ALL UTILIZATION PRACTICES,ANNUAL,SOYBEANS,"SOYBEANS, IRRIGATED - ACRES HARVESTED",2018-02-01 00:00:00.000,3.9,ALL CLASSES,2017,,,,US TOTAL,FIELD CROPS,00000000,00,99,,UNITED STATES,US,AREA HARVESTED,,"AREA HARVESTED: (2,000 TO 2,999 ACRES)",YEAR,,"1,160,355",,,AREA HARVESTED,9000,CENSUS,00,IRRIGATED,US TOTAL,CROPS,ACRES,NATIONAL,
,,ALL UTILIZATION PRACTICES,ANNUAL,SOYBEANS,"SOYBEANS, IRRIGATED - ACRES HARVESTED",2018-02-01 00:00:00.000,8.9,ALL CLASSES,2017,,,,US TOTAL,FIELD CROPS,00000000,00,99,,UNITED STATES,US,AREA HARVESTED,,AREA HARVESTED: (25.0 TO 49.9 ACRES),YEAR,,"32,352",,,AREA HARVESTED,9000,CENSUS,00,IRRIGATED,US TOTAL,CROPS,ACRES,NATIONAL,
,,ALL UTILIZATION PRACTICES,ANNUAL,SOYBEANS,"SOYBEANS, IRRIGATED - ACRES HARVESTED",2018-02-01 00:00:00.000,5.2,ALL CLASSES,2017,,,,US TOTAL,FIELD CROPS,00000000,00,99,,UNITED STATES,US,AREA HARVESTED,,AREA HARVESTED: (250 TO 499 ACRES),YEAR,,"1,325,542",,,AREA HARVESTED,9000,CENSUS,00,IRRIGATED,US TOTAL,CROPS,ACRES,NATIONAL,
,,ALL UTILIZATION PRACTICES,ANNUAL,SOYBEANS,"SOYBEANS, IRRIGATED - ACRES HARVESTED",2018-02-01 00:00:00.000,3.0,ALL CLASSES,2017,,,,US TOTAL,FIELD CROPS,00000000,00,99,,UNITED STATES,US,AREA HARVESTED,,"AREA HARVESTED: (3,000 TO 4,999 ACRES)",YEAR,,"1,007,589",,,AREA HARVESTED,9000,CENSUS,00,IRRIGATED,US TOTAL,CROPS,ACRES,NATIONAL,
,,ALL UTILIZATION PRACTICES,ANNUAL,SOYBEANS,"SOYBEANS, IRRIGATED - ACRES HARVESTED",2018-02-01 00:00:00.000,12.0,ALL CLASSES,2017,,,,US TOTAL,FIELD CROPS,00000000,00,99,,UNITED STATES,US,AREA HARVESTED,,"AREA HARVESTED: (5,000 OR MORE ACRES)",YEAR,,"443,830",,,AREA HARVESTED,9000,CENSUS,00,IRRIGATED,US TOTAL,CROPS,ACRES,NATIONAL,
,,ALL UTILIZATION PRACTICES,ANNUAL,SOYBEANS,"SOYBEANS, IRRIGATED - ACRES HARVESTED",2018-02-01 00:00:00.000,7.2,ALL CLASSES,2017,,,,US TOTAL,FIELD CROPS,00000000,00,99,,UNITED STATES,US,AREA HARVESTED,,AREA HARVESTED: (50.0 TO 99.9 ACRES),YEAR,,"143,641",,,AREA HARVESTED,9000,CENSUS,00,IRRIGATED,US TOTAL,CROPS,ACRES,NATIONAL,
,,ALL UTILIZATION PRACTICES,ANNUAL,SOYBEANS,"SOYBEANS, IRRIGATED - ACRES HARVESTED",2018-02-01 00:00:00.000,4.4,ALL CLASSES,2017,,,,US TOTAL,FIELD CROPS,00000000,00,99,,UNITED STATES,US,AREA HARVESTED,,AREA HARVESTED: (500 TO 999 ACRES),YEAR,,"2,100,872",,,AREA HARVESTED,9000,CENSUS,00,IRRIGATED,US TOTAL,CROPS,ACRES,NATIONAL,
,,ALL UTILIZATION PRACTICES,ANNUAL,SOYBEANS,"SOYBEANS, IRRIGATED - ACRES HARVESTED",2018-02-01 00:00:00.000,6.5,ALL CLASSES,2017,,,,US TOTAL,FIELD CROPS,00000000,00,99,,UNITED STATES,US,AREA OPERATED,,"AREA OPERATED: (1,000 TO 1,999 ACRES)",YEAR,,"2,287,672",,,AREA HARVESTED,9000,CENSUS,00,IRRIGATED,US TOTAL,CROPS,ACRES,NATIONAL,
,,ALL UTILIZATION PRACTICES,ANNUAL,SOYBEANS,"SOYBEANS, IRRIGATED - ACRES HARVESTED",2018-02-01 00:00:00.000,51.9,ALL CLASSES,2017,,,,US TOTAL,FIELD CROPS,00000000,00,99,,UNITED STATES,US,AREA OPERATED,,AREA OPERATED: (1.0 TO 9.9 ACRES),YEAR,,186,,,AREA HARVESTED,9000,CENSUS,00,IRRIGATED,US TOTAL,CROPS,ACRES,NATIONAL,
,,ALL UTILIZATION PRACTICES,ANNUAL,SOYBEANS,"SOYBEANS, IRRIGATED - ACRES HARVESTED",2018-02-01 00:00:00.000,41.2,ALL CLASSES,2017,,,,US TOTAL,FIELD CROPS,00000000,00,99,,UNITED STATES,US,AREA OPERATED,,AREA OPERATED: (10.0 TO 49.9 ACRES),YEAR,,"7,723",,,AREA HARVESTED,9000,CENSUS,00,IRRIGATED,US TOTAL,CROPS,ACRES,NATIONAL,
,,ALL UTILIZATION PRACTICES,ANNUAL,SOYBEANS,"SOYBEANS, IRRIGATED - ACRES HARVESTED",2018-02-01 00:00:00.000,18.8,ALL CLASSES,2017,,,,US TOTAL,FIELD CROPS,00000000,00,99,,UNITED STATES,US,AREA OPERATED,,AREA OPERATED: (100 TO 139 ACRES),YEAR,,"22,791",,,AREA HARVESTED,9000,CENSUS,00,IRRIGATED,US TOTAL,CROPS,ACRES,NATIONAL,
,,ALL UTILIZATION PRACTICES,ANNUAL,SOYBEANS,"SOYBEANS, IRRIGATED - ACRES HARVESTED",2018-02-01 00:00:00.000,20.6,ALL CLASSES,2017,,,,US TOTAL,FIELD CROPS,00000000,00,99,,UNITED STATES,US,AREA OPERATED,,AREA OPERATED: (140 TO 179 ACRES),YEAR,,"52,589",,,AREA HARVESTED,9000,CENSUS,00,IRRIGATED,US TOTAL,CROPS,ACRES,NATIONAL,
,,ALL UTILIZATION PRACTICES,ANNUAL,SOYBEANS,"SOYBEANS, IRRIGATED - ACRES HARVESTED",2018-02-01 00:00:00.000,19.1,ALL CLASSES,2017,,,,US TOTAL,FIELD CROPS,00000000,00,99,,UNITED STATES,US,AREA OPERATED,,AREA OPERATED: (180 TO 219 ACRES),YEAR,,"40,082",,,AREA HARVESTED,9000,CENSUS,00,IRRIGATED,US TOTAL,CROPS,ACRES,NATIONAL,
,,ALL UTILIZATION PRACTICES,ANNUAL,SOYBEANS,"SOYBEANS, IRRIGATED - ACRES HARVESTED",2018-02-01 00:00:00.000,5.1,ALL CLASSES,2017,,,,US TOTAL,FIELD CROPS,00000000,00,99,,UNITED STATES,US,AREA OPERATED,,"AREA OPERATED: (2,000 OR MORE ACRES)",YEAR,,"5,503,307",,,AREA HARVESTED,9000,CENSUS,00,IRRIGATED,US TOTAL,CROPS,ACRES,NATIONAL,
,,ALL UTILIZATION PRACTICES,ANNUAL,SOYBEANS,"SOYBEANS, IRRIGATED - ACRES HARVESTED",2018-02-01 00:00:00.000,29.9,ALL CLASSES,2017,,,,US TOTAL,FIELD CROPS,00000000,00,99,,UNITED STATES,US,AREA OPERATED,,AREA OPERATED: (220 TO 259 ACRES),YEAR,,"45,519",,,AREA HARVESTED,9000,CENSUS,00,IRRIGATED,US TOTAL,CROPS,ACRES,NATIONAL,
,,ALL UTILIZATION PRACTICES,ANNUAL,SOYBEANS,"SOYBEANS, IRRIGATED - ACRES HARVESTED",2018-02-01 00:00:00.000,6.7,ALL CLASSES,2017,,,,US TOTAL,FIELD CROPS,00000000,00,99,,UNITED STATES,US,AREA OPERATED,,AREA OPERATED: (260 TO 499 ACRES),YEAR,,"348,548",,,AREA HARVESTED,9000,CENSUS,00,IRRIGATED,US TOTAL,CROPS,ACRES,NATIONAL,
,,ALL UTILIZATION PRACTICES,ANNUAL,SOYBEANS,"SOYBEANS, IRRIGATED - ACRES HARVESTED",2018-02-01 00:00:00.000,18.3,ALL CLASSES,2017,,,,US TOTAL,FIELD CROPS,00000000,00,99,,UNITED STATES,US,AREA OPERATED,,AREA OPERATED: (50.0 TO 69.9 ACRES),YEAR,,"5,861",,,AREA HARVESTED,9000,CENSUS,00,IRRIGATED,US TOTAL,CROPS,ACRES,NATIONAL,
,,ALL UTILIZATION PRACTICES,ANNUAL,SOYBEANS,"SOYBEANS, IRRIGATED - ACRES HARVESTED",2018-02-01 00:00:00.000,7.3,ALL CLASSES,2017,,,,US TOTAL,FIELD CROPS,00000000,00,99,,UNITED STATES,US,AREA OPERATED,,AREA OPERATED: (500 TO 999 ACRES),YEAR,,"1,023,478",,,AREA HARVESTED,9000,CENSUS,00,IRRIGATED,US TOTAL,CROPS,ACRES,NATIONAL,
,,ALL UTILIZATION PRACTICES,ANNUAL,SOYBEANS,"SOYBEANS, IRRIGATED - ACRES HARVESTED",2018-02-01 00:00:00.000,10.2,ALL CLASSES,2017,,,,US TOTAL,FIELD CROPS,00000000,00,99,,UNITED STATES,US,AREA OPERATED,,AREA OPERATED: (70.0 TO 99.9 ACRES),YEAR,,"16,909",,,AREA HARVESTED,9000,CENSUS,00,IRRIGATED,US TOTAL,CROPS,ACRES,NATIONAL,
,,ALL UTILIZATION PRACTICES,ANNUAL,SOYBEANS,"SOYBEANS, IRRIGATED - ACRES HARVESTED",2018-02-01 00:00:00.000,(H),ALL CLASSES,2017,,,,US TOTAL,FIELD CROPS,00000000,00,99,,UNITED STATES,US,ECONOMIC CLASS,,"ECONOMIC CLASS: (1,000 TO 2,499 $)",YEAR,,218,,,AREA HARVESTED,9000,CENSUS,00,IRRIGATED,US TOTAL,CROPS,ACRES,NATIONAL,
,,ALL UTILIZATION PRACTICES,ANNUAL,SOYBEANS,"SOYBEANS, IRRIGATED - ACRES HARVESTED",2018-02-01 00:00:00.000,4.9,ALL CLASSES,2017,,,,US TOTAL,FIELD CROPS,00000000,00,99,,UNITED STATES,US,ECONOMIC CLASS,,"ECONOMIC CLASS: (1,000,000 OR MORE $)",YEAR,,"5,916,604",,,AREA HARVESTED,9000,CENSUS,00,IRRIGATED,US TOTAL,CROPS,ACRES,NATIONAL,
,,ALL UTILIZATION PRACTICES,ANNUAL,SOYBEANS,"SOYBEANS, IRRIGATED - ACRES HARVESTED",2018-02-01 00:00:00.000,24.8,ALL CLASSES,2017,,,,US TOTAL,FIELD CROPS,00000000,00,99,,UNITED STATES,US,ECONOMIC CLASS,,"ECONOMIC CLASS: (10,000 TO 24,999 $)",YEAR,,"13,288",,,AREA HARVESTED,9000,CENSUS,00,IRRIGATED,US TOTAL,CROPS,ACRES,NATIONAL,
,,ALL UTILIZATION PRACTICES,ANNUAL,SOYBEANS,"SOYBEANS, IRRIGATED - ACRES HARVESTED",2018-02-01 00:00:00.000,4.2,ALL CLASSES,2017,,,,US TOTAL,FIELD CROPS,00000000,00,99,,UNITED STATES,US,ECONOMIC CLASS,,"ECONOMIC CLASS: (100,000 TO 249,999 $)",YEAR,,"420,193",,,AREA HARVESTED,9000,CENSUS,00,IRRIGATED,US TOTAL,CROPS,ACRES,NATIONAL,
,,ALL UTILIZATION PRACTICES,ANNUAL,SOYBEANS,"SOYBEANS, IRRIGATED - ACRES HARVESTED",2018-02-01 00:00:00.000,(H),ALL CLASSES,2017,,,,US TOTAL,FIELD CROPS,00000000,00,99,,UNITED STATES,US,ECONOMIC CLASS,,"ECONOMIC CLASS: (2,500 TO 4,999 $)",YEAR,,801,,,AREA HARVESTED,9000,CENSUS,00,IRRIGATED,US TOTAL,CROPS,ACRES,NATIONAL,
,,ALL UTILIZATION PRACTICES,ANNUAL,SOYBEANS,"SOYBEANS, IRRIGATED - ACRES HARVESTED",2018-02-01 00:00:00.000,21.5,ALL CLASSES,2017,,,,US TOTAL,FIELD CROPS,00000000,00,99,,UNITED STATES,US,ECONOMIC CLASS,,"ECONOMIC CLASS: (25,000 TO 49,999 $)",YEAR,,"31,343",,,AREA HARVESTED,9000,CENSUS,00,IRRIGATED,US TOTAL,CROPS,ACRES,NATIONAL,
,,ALL UTILIZATION PRACTICES,ANNUAL,SOYBEANS,"SOYBEANS, IRRIGATED - ACRES HARVESTED",2018-02-01 00:00:00.000,6.6,ALL CLASSES,2017,,,,US TOTAL,FIELD CROPS,00000000,00,99,,UNITED STATES,US,ECONOMIC CLASS,,"ECONOMIC CLASS: (250,000 TO 499,999 $)",YEAR,,"882,373",,,AREA HARVESTED,9000,CENSUS,00,IRRIGATED,US TOTAL,CROPS,ACRES,NATIONAL,
,,ALL UTILIZATION PRACTICES,ANNUAL,SOYBEANS,"SOYBEANS, IRRIGATED - ACRES HARVESTED",2018-02-01 00:00:00.000,43.6,ALL CLASSES,2017,,,,US TOTAL,FIELD CROPS,00000000,00,99,,UNITED STATES,US,ECONOMIC CLASS,,"ECONOMIC CLASS: (5,000 TO 9,999 $)",YEAR,,"2,805",,,AREA HARVESTED,9000,CENSUS,00,IRRIGATED,US TOTAL,CROPS,ACRES,NATIONAL,
,,ALL UTILIZATION PRACTICES,ANNUAL,SOYBEANS,"SOYBEANS, IRRIGATED - ACRES HARVESTED",2018-02-01 00:00:00.000,8.1,ALL CLASSES,2017,,,,US TOTAL,FIELD CROPS,00000000,00,99,,UNITED STATES,US,ECONOMIC CLASS,,"ECONOMIC CLASS: (50,000 TO 99,999 $)",YEAR,,"106,795",,,AREA HARVESTED,9000,CENSUS,00,IRRIGATED,US TOTAL,CROPS,ACRES,NATIONAL,
,,ALL UTILIZATION PRACTICES,ANNUAL,SOYBEANS,"SOYBEANS, IRRIGATED - ACRES HARVESTED",2018-02-01 00:00:00.000,5.5,ALL CLASSES,2017,,,,US TOTAL,FIELD CROPS,00000000,00,99,,UNITED STATES,US,ECONOMIC CLASS,,"ECONOMIC CLASS: (500,000 TO 999,999 $)",YEAR,,"1,980,031",,,AREA HARVESTED,9000,CENSUS,00,IRRIGATED,US TOTAL,CROPS,ACRES,NATIONAL,
,,ALL UTILIZATION PRACTICES,ANNUAL,SOYBEANS,"SOYBEANS, IRRIGATED - ACRES HARVESTED",2018-02-01 00:00:00.000,49.8,ALL CLASSES,2017,,,,US TOTAL,FIELD CROPS,00000000,00,99,,UNITED STATES,US,ECONOMIC CLASS,,"ECONOMIC CLASS: (LESS THAN 1,000 $)",YEAR,,214,,,AREA HARVESTED,9000,CENSUS,00,IRRIGATED,US TOTAL,CROPS,ACRES,NATIONAL,
,,ALL UTILIZATION PRACTICES,ANNUAL,SOYBEANS,"SOYBEANS, IRRIGATED - ACRES HARVESTED",2018-02-01 00:00:00.000,(H),ALL CLASSES,2017,,,,US TOTAL,FIELD CROPS,00000000,00,99,,UNITED STATES,US,FARM SALES,,"FARM SALES: (1,000 TO 2,499 $)",YEAR,,384,,,AREA HARVESTED,9000,CENSUS,00,IRRIGATED,US TOTAL,CROPS,ACRES,NATIONAL,
,,ALL UTILIZATION PRACTICES,ANNUAL,SOYBEANS,"SOYBEANS, IRRIGATED - ACRES HARVESTED",2018-02-01 00:00:00.000,5.4,ALL CLASSES,2017,,,,US TOTAL,FIELD CROPS,00000000,00,99,,UNITED STATES,US,FARM SALES,,"FARM SALES: (1,000,000 OR MORE $)",YEAR,,"5,607,856",,,AREA HARVESTED,9000,CENSUS,00,IRRIGATED,US TOTAL,CROPS,ACRES,NATIONAL,
,,ALL UTILIZATION PRACTICES,ANNUAL,SOYBEANS,"SOYBEANS, IRRIGATED - ACRES HARVESTED",2018-02-01 00:00:00.000,20.7,ALL CLASSES,2017,,,,US TOTAL,FIELD CROPS,00000000,00,99,,UNITED STATES,US,FARM SALES,,"FARM SALES: (10,000 TO 24,999 $)",YEAR,,"15,827",,,AREA HARVESTED,9000,CENSUS,00,IRRIGATED,US TOTAL,CROPS,ACRES,NATIONAL,
,,ALL UTILIZATION PRACTICES,ANNUAL,SOYBEANS,"SOYBEANS, IRRIGATED - ACRES HARVESTED",2018-02-01 00:00:00.000,4.0,ALL CLASSES,2017,,,,US TOTAL,FIELD CROPS,00000000,00,99,,UNITED STATES,US,FARM SALES,,"FARM SALES: (100,000 TO 249,999 $)",YEAR,,"474,708",,,AREA HARVESTED,9000,CENSUS,00,IRRIGATED,US TOTAL,CROPS,ACRES,NATIONAL,
,,ALL UTILIZATION PRACTICES,ANNUAL,SOYBEANS,"SOYBEANS, IRRIGATED - ACRES HARVESTED",2018-02-01 00:00:00.000,(H),ALL CLASSES,2017,,,,US TOTAL,FIELD CROPS,00000000,00,99,,UNITED STATES,US,FARM SALES,,"FARM SALES: (2,500 TO 4,999 $)",YEAR,,"1,178",,,AREA HARVESTED,9000,CENSUS,00,IRRIGATED,US TOTAL,CROPS,ACRES,NATIONAL,
,,ALL UTILIZATION PRACTICES,ANNUAL,SOYBEANS,"SOYBEANS, IRRIGATED - ACRES HARVESTED",2018-02-01 00:00:00.000,19.2,ALL CLASSES,2017,,,,US TOTAL,FIELD CROPS,00000000,00,99,,UNITED STATES,US,FARM SALES,,"FARM SALES: (25,000 TO 49,999 $)",YEAR,,"36,944",,,AREA HARVESTED,9000,CENSUS,00,IRRIGATED,US TOTAL,CROPS,ACRES,NATIONAL,
,,ALL UTILIZATION PRACTICES,ANNUAL,SOYBEANS,"SOYBEANS, IRRIGATED - ACRES HARVESTED",2018-02-01 00:00:00.000,5.6,ALL CLASSES,2017,,,,US TOTAL,FIELD CROPS,00000000,00,99,,UNITED STATES,US,FARM SALES,,"FARM SALES: (250,000 TO 499,999 $)",YEAR,,"955,625",,,AREA HARVESTED,9000,CENSUS,00,IRRIGATED,US TOTAL,CROPS,ACRES,NATIONAL,
,,ALL UTILIZATION PRACTICES,ANNUAL,SOYBEANS,"SOYBEANS, IRRIGATED - ACRES HARVESTED",2018-02-01 00:00:00.000,43.5,ALL CLASSES,2017,,,,US TOTAL,FIELD CROPS,00000000,00,99,,UNITED STATES,US,FARM SALES,,"FARM SALES: (5,000 TO 9,999 $)",YEAR,,"3,076",,,AREA HARVESTED,9000,CENSUS,00,IRRIGATED,US TOTAL,CROPS,ACRES,NATIONAL,
,,ALL UTILIZATION PRACTICES,ANNUAL,SOYBEANS,"SOYBEANS, IRRIGATED - ACRES HARVESTED",2018-02-01 00:00:00.000,8.7,ALL CLASSES,2017,,,,US TOTAL,FIELD CROPS,00000000,00,99,,UNITED STATES,US,FARM SALES,,"FARM SALES: (50,000 TO 99,999 $)",YEAR,,"114,464",,,AREA HARVESTED,9000,CENSUS,00,IRRIGATED,US TOTAL,CROPS,ACRES,NATIONAL,
,,ALL UTILIZATION PRACTICES,ANNUAL,SOYBEANS,"SOYBEANS, IRRIGATED - ACRES HARVESTED",2018-02-01 00:00:00.000,6.4,ALL CLASSES,2017,,,,US TOTAL,FIELD CROPS,00000000,00,99,,UNITED STATES,US,FARM SALES,,"FARM SALES: (500,000 TO 999,999 $)",YEAR,,"2,144,367",,,AREA HARVESTED,9000,CENSUS,00,IRRIGATED,US TOTAL,CROPS,ACRES,NATIONAL,
,,ALL UTILIZATION PRACTICES,ANNUAL,SOYBEANS,"SOYBEANS, IRRIGATED - ACRES HARVESTED",2018-02-01 00:00:00.000,47.5,ALL CLASSES,2017,,,,US TOTAL,FIELD CROPS,00000000,00,99,,UNITED STATES,US,FARM SALES,,"FARM SALES: (LESS THAN 1,000 $)",YEAR,,236,,,AREA HARVESTED,9000,CENSUS,00,IRRIGATED,US TOTAL,CROPS,ACRES,NATIONAL,
,,ALL UTILIZATION PRACTICES,ANNUAL,SOYBEANS,"SOYBEANS, IRRIGATED - ACRES HARVESTED",2018-02-01 00:00:00.000,3.6,ALL CLASSES,2017,,,,US TOTAL,FIELD CROPS,00000000,00,99,,UNITED STATES,US,NAICS CLASSIFICATION,,NAICS CLASSIFICATION: (1111),YEAR,,"8,699,958",,,AREA HARVESTED,9000,CENSUS,00,IRRIGATED,US TOTAL,CROPS,ACRES,NATIONAL,
,,ALL UTILIZATION PRACTICES,ANNUAL,SOYBEANS,"SOYBEANS, IRRIGATED - ACRES HARVESTED",2018-02-01 00:00:00.000,5.9,ALL CLASSES,2017,,,,US TOTAL,FIELD CROPS,00000000,00,99,,UNITED STATES,US,NAICS CLASSIFICATION,,NAICS CLASSIFICATION: (1112),YEAR,,"62,966",,,AREA HARVESTED,9000,CENSUS,00,IRRIGATED,US TOTAL,CROPS,ACRES,NATIONAL,
,,ALL UTILIZATION PRACTICES,ANNUAL,SOYBEANS,"SOYBEANS, IRRIGATED - ACRES HARVESTED",2018-02-01 00:00:00.000,(D),ALL CLASSES,2017,,,,US TOTAL,FIELD CROPS,00000000,00,99,,UNITED STATES,US,NAICS CLASSIFICATION,,NAICS CLASSIFICATION: (1113),YEAR,,                 (D),,,AREA HARVESTED,9000,CENSUS,00,IRRIGATED,US TOTAL,CROPS,ACRES,NATIONAL,
,,ALL UTILIZATION PRACTICES,ANNUAL,SOYBEANS,"SOYBEANS, IRRIGATED - ACRES HARVESTED",2018-02-01 00:00:00.000,7.0,ALL CLASSES,2017,,,,US TOTAL,FIELD CROPS,00000000,00,99,,UNITED STATES,US,NAICS CLASSIFICATION,,NAICS CLASSIFICATION: (1114),YEAR,,"5,173",,,AREA HARVESTED,9000,CENSUS,00,IRRIGATED,US TOTAL,CROPS,ACRES,NATIONAL,
,,ALL UTILIZATION PRACTICES,ANNUAL,SOYBEANS,"SOYBEANS, IRRIGATED - ACRES HARVESTED",2018-02-01 00:00:00.000,7.0,ALL CLASSES,2017,,,,US TOTAL,FIELD CROPS,00000000,00,99,,UNITED STATES,US,NAICS CLASSIFICATION,,NAICS CLASSIFICATION: (1119),YEAR,,"268,383",,,AREA HARVESTED,9000,CENSUS,00,IRRIGATED,US TOTAL,CROPS,ACRES,NATIONAL,
,,ALL UTILIZATION PRACTICES,ANNUAL,SOYBEANS,"SOYBEANS, IRRIGATED - ACRES HARVESTED",2018-02-01 00:00:00.000,(H),ALL CLASSES,2017,,,,US TOTAL,FIELD CROPS,00000000,00,99,,UNITED STATES,US,NAICS CLASSIFICATION,,NAICS CLASSIFICATION: (11191),YEAR,,"2,999",,,AREA HARVESTED,9000,CENSUS,00,IRRIGATED,US TOTAL,CROPS,ACRES,NATIONAL,
,,ALL UTILIZATION PRACTICES,ANNUAL,SOYBEANS,"SOYBEANS, IRRIGATED - ACRES HARVESTED",2018-02-01 00:00:00.000,11.8,ALL CLASSES,2017,,,,US TOTAL,FIELD CROPS,00000000,00,99,,UNITED STATES,US,NAICS CLASSIFICATION,,NAICS CLASSIFICATION: (11192),YEAR,,"186,606",,,AREA HARVESTED,9000,CENSUS,00,IRRIGATED,US TOTAL,CROPS,ACRES,NATIONAL,
,,ALL UTILIZATION PRACTICES,ANNUAL,SOYBEANS,"SOYBEANS, IRRIGATED - ACRES HARVESTED",2018-02-01 00:00:00.000,7.4,ALL CLASSES,2017,,,,US TOTAL,FIELD CROPS,00000000,00,99,,UNITED STATES,US,NAICS CLASSIFICATION,,NAICS CLASSIFICATION: (11193 & 11194 & 11199),YEAR,,"78,778",,,AREA HARVESTED,9000,CENSUS,00,IRRIGATED,US TOTAL,CROPS,ACRES,NATIONAL,
,,ALL UTILIZATION PRACTICES,ANNUAL,SOYBEANS,"SOYBEANS, IRRIGATED - ACRES HARVESTED",2018-02-01 00:00:00.000,15.5,ALL CLASSES,2017,,,,US TOTAL,FIELD CROPS,00000000,00,99,,UNITED STATES,US,NAICS CLASSIFICATION,,NAICS CLASSIFICATION: (112111),YEAR,,"107,767",,,AREA HARVESTED,9000,CENSUS,00,IRRIGATED,US TOTAL,CROPS,ACRES,NATIONAL,
,,ALL UTILIZATION PRACTICES,ANNUAL,SOYBEANS,"SOYBEANS, IRRIGATED - ACRES HARVESTED",2018-02-01 00:00:00.000,11.1,ALL CLASSES,2017,,,,US TOTAL,FIELD CROPS,00000000,00,99,,UNITED STATES,US,NAICS CLASSIFICATION,,NAICS CLASSIFICATION: (112112),YEAR,,"80,181",,,AREA HARVESTED,9000,CENSUS,00,IRRIGATED,US TOTAL,CROPS,ACRES,NATIONAL,
,,ALL UTILIZATION PRACTICES,ANNUAL,SOYBEANS,"SOYBEANS, IRRIGATED - ACRES HARVESTED",2018-02-01 00:00:00.000,17.3,ALL CLASSES,2017,,,,US TOTAL,FIELD CROPS,00000000,00,99,,UNITED STATES,US,NAICS CLASSIFICATION,,NAICS CLASSIFICATION: (11212),YEAR,,"22,577",,,AREA HARVESTED,9000,CENSUS,00,IRRIGATED,US TOTAL,CROPS,ACRES,NATIONAL,
,,ALL UTILIZATION PRACTICES,ANNUAL,SOYBEANS,"SOYBEANS, IRRIGATED - ACRES HARVESTED",2018-02-01 00:00:00.000,6.6,ALL CLASSES,2017,,,,US TOTAL,FIELD CROPS,00000000,00,99,,UNITED STATES,US,NAICS CLASSIFICATION,,NAICS CLASSIFICATION: (1122),YEAR,,"53,916",,,AREA HARVESTED,9000,CENSUS,00,IRRIGATED,US TOTAL,CROPS,ACRES,NATIONAL,
,,ALL UTILIZATION PRACTICES,ANNUAL,SOYBEANS,"SOYBEANS, IRRIGATED - ACRES HARVESTED",2018-02-01 00:00:00.000,6.3,ALL CLASSES,2017,,,,US TOTAL,FIELD CROPS,00000000,00,99,,UNITED STATES,US,NAICS CLASSIFICATION,,NAICS CLASSIFICATION: (1123),YEAR,,"26,870",,,AREA HARVESTED,9000,CENSUS,00,IRRIGATED,US TOTAL,CROPS,ACRES,NATIONAL,
,,ALL UTILIZATION PRACTICES,ANNUAL,SOYBEANS,"SOYBEANS, IRRIGATED - ACRES HARVESTED",2018-02-01 00:00:00.000,(D),ALL CLASSES,2017,,,,US TOTAL,FIELD CROPS,00000000,00,99,,UNITED STATES,US,NAICS CLASSIFICATION,,NAICS CLASSIFICATION: (1124),YEAR,,                 (D),,,AREA HARVESTED,9000,CENSUS,00,IRRIGATED,US TOTAL,CROPS,ACRES,NATIONAL,
,,ALL UTILIZATION PRACTICES,ANNUAL,SOYBEANS,"SOYBEANS, IRRIGATED - ACRES HARVESTED",2018-02-01 00:00:00.000,16.7,ALL CLASSES,2017,,,,US TOTAL,FIELD CROPS,00000000,00,99,,UNITED STATES,US,NAICS CLASSIFICATION,,NAICS CLASSIFICATION: (1125 & 1129),YEAR,,"21,543",,,AREA HARVESTED,9000,CENSUS,00,IRRIGATED,US TOTAL,CROPS,ACRES,NATIONAL,
,,ALL UTILIZATION PRACTICES,ANNUAL,SOYBEANS,"SOYBEANS, IRRIGATED - ACRES HARVESTED",2018-02-01 00:00:00.000,3.3,ALL CLASSES,2017,,,,US TOTAL,FIELD CROPS,00000000,00,99,,UNITED STATES,US,TOTAL,,NOT SPECIFIED,YEAR,,"9,354,665",,,AREA HARVESTED,9000,CENSUS,00,IRRIGATED,US TOTAL,CROPS,ACRES,NATIONAL,
,,ALL UTILIZATION PRACTICES,ANNUAL,SOYBEANS,"SOYBEANS, IRRIGATED, ENTIRE CROP - ACRES HARVESTED",2018-02-01 00:00:00.000,5.7,ALL CLASSES,2017,,,,US TOTAL,FIELD CROPS,00000000,00,99,,UNITED STATES,US,TOTAL,,NOT SPECIFIED,YEAR,,"3,624,435",,,AREA HARVESTED,9000,CENSUS,00,"IRRIGATED, ENTIRE CROP",US TOTAL,CROPS,ACRES,NATIONAL,
,,ALL UTILIZATION PRACTICES,ANNUAL,SOYBEANS,"SOYBEANS, IRRIGATED, NONE OF CROP - ACRES HARVESTED",2018-02-01 00:00:00.000,1.9,ALL CLASSES,2017,,,,US TOTAL,FIELD CROPS,00000000,00,99,,UNITED STATES,US,TOTAL,,NOT SPECIFIED,YEAR,,"74,756,132",,,AREA HARVESTED,9000,CENSUS,00,"IRRIGATED, NONE OF CROP",US TOTAL,CROPS,ACRES,NATIONAL,
,,ALL UTILIZATION PRACTICES,ANNUAL,SOYBEANS,"SOYBEANS, IRRIGATED, PART OF CROP, IRRIGATED PORTION - ACRES HARVESTED",2018-02-01 00:00:00.000,3.3,ALL CLASSES,2017,,,,US TOTAL,FIELD CROPS,00000000,00,99,,UNITED STATES,US,TOTAL,,NOT SPECIFIED,YEAR,,"5,730,230",,,AREA HARVESTED,9000,CENSUS,00,"IRRIGATED, PART OF CROP, IRRIGATED PORTION",US TOTAL,CROPS,ACRES,NATIONAL,
,,ALL UTILIZATION PRACTICES,ANNUAL,SOYBEANS,"SOYBEANS, IRRIGATED, PART OF CROP, NON-IRRIGATED PORTION - ACRES HARVESTED",2018-02-01 00:00:00.000,(L),ALL CLASSES,2017,,,,US TOTAL,FIELD CROPS,00000000,00,99,,UNITED STATES,US,TOTAL,,NOT SPECIFIED,YEAR,,"6,038,683",,,AREA HARVESTED,9000,CENSUS,00,"IRRIGATED, PART OF CROP, NON-IRRIGATED PORTION",US TOTAL,CROPS,ACRES,NATIONAL,
,,ALL UTILIZATION PRACTICES,ANNUAL,SOYBEANS,"SOYBEANS, IRRIGATED - ACRES HARVESTED",2018-02-01 00:00:00.000,3.8,ALL CLASSES,2018,,,,US TOTAL,FIELD CROPS,00000000,00,99,,UNITED STATES,US,"IRRIGATION METHOD, PRIMARY",,"IRRIGATION METHOD, PRIMARY: (GRAVITY)",YEAR,,"3,718,337",,,AREA HARVESTED,9000,CENSUS,00,IRRIGATED,US TOTAL,CROPS,ACRES,NATIONAL,
,,ALL UTILIZATION PRACTICES,ANNUAL,SOYBEANS,"SOYBEANS, IRRIGATED - ACRES HARVESTED",2018-02-01 00:00:00.000,3.0,ALL CLASSES,2018,,,,US TOTAL,FIELD CROPS,00000000,00,99,,UNITED STATES,US,"IRRIGATION METHOD, PRIMARY",,"IRRIGATION METHOD, PRIMARY: (PRESSURE)",YEAR,,"4,496,694",,,AREA HARVESTED,9000,CENSUS,00,IRRIGATED,US TOTAL,CROPS,ACRES,NATIONAL,
,,ALL UTILIZATION PRACTICES,ANNUAL,SOYBEANS,"SOYBEANS, IRRIGATED - ACRES HARVESTED",2018-02-01 00:00:00.000,1.9,ALL CLASSES,2018,,,,US TOTAL,FIELD CROPS,00000000,00,99,,UNITED STATES,US,TOTAL,,NOT SPECIFIED,YEAR,,"8,215,031",,,AREA HARVESTED,9000,CENSUS,00,IRRIGATED,US TOTAL,CROPS,ACRES,NATIONAL,
,,ALL UTILIZATION PRACTICES,ANNUAL,SOYBEANS,"SOYBEANS, IRRIGATED - ACRES HARVESTED",2018-02-01 00:00:00.000,2.0,ALL CLASSES,2018,,,,US TOTAL,FIELD CROPS,00000000,00,99,,UNITED STATES,US,WATER SOURCE,,WATER SOURCE: (GROUND),YEAR,,"7,594,411",,,AREA HARVESTED,9000,CENSUS,00,IRRIGATED,US TOTAL,CROPS,ACRES,NATIONAL,
,,ALL UTILIZATION PRACTICES,ANNUAL,SOYBEANS,"SOYBEANS, IRRIGATED - ACRES HARVESTED",2018-02-01 00:00:00.000,12.7,ALL CLASSES,2018,,,,US TOTAL,FIELD CROPS,00000000,00,99,,UNITED STATES,US,WATER SOURCE,,WATER SOURCE: (OFF FARM),YEAR,,"224,447",,,AREA HARVESTED,9000,CENSUS,00,IRRIGATED,US TOTAL,CROPS,ACRES,NATIONAL,
,,ALL UTILIZATION PRACTICES,ANNUAL,SOYBEANS,"SOYBEANS, IRRIGATED - ACRES HARVESTED",2018-02-01 00:00:00.000,9.4,ALL CLASSES,2018,,,,US TOTAL,FIELD CROPS,00000000,00,99,,UNITED STATES,US,WATER SOURCE,,WATER SOURCE: (ON FARM SURFACE),YEAR,,"604,100",,,AREA HARVESTED,9000,CENSUS,00,IRRIGATED,US TOTAL,CROPS,ACRES,NATIONAL,
,,ALL UTILIZATION PRACTICES,ANNUAL,SOYBEANS,"SOYBEANS, ORGANIC - ACRES HARVESTED",2018-02-01 00:00:00.000,5.9,ALL CLASSES,2019,,,,US TOTAL,FIELD CROPS,00000000,00,99,,UNITED STATES,US,ORGANIC STATUS,,ORGANIC STATUS: (NOP USDA CERTIFIED),YEAR,,"170,074",,,AREA HARVESTED,9000,CENSUS,00,ORGANIC,US TOTAL,CROPS,ACRES,NATIONAL,
,,ALL UTILIZATION PRACTICES,ANNUAL,SOYBEANS,"SOYBEANS, ORGANIC - ACRES HARVESTED",2022-12-15 12:00:00.000,4.3,ALL CLASSES,2021,,,,US TOTAL,FIELD CROPS,00000000,00,99,,UNITED STATES,US,ORGANIC STATUS,,ORGANIC STATUS: (NOP USDA CERTIFIED),YEAR,,"250,495",,,AREA HARVESTED,9000,CENSUS,00,ORGANIC,US TOTAL,CROPS,ACRES,NATIONAL,
,,ALL UTILIZATION PRACTICES,ANNUAL,SOYBEANS,SOYBEANS - ACRES HARVESTED,2024-07-02 12:00:00.000,7.1,ALL CLASSES,2022,,,,US TOTAL,FIELD CROPS,00000000,00,99,,UNITED STATES,US,AREA HARVESTED,,"AREA HARVESTED: (1,000 OR MORE ACRES)",YEAR,,"35,952,510",,,AREA HARVESTED,9000,CENSUS,00,ALL PRODUCTION PRACTICES,US TOTAL,CROPS,ACRES,NATIONAL,
,,ALL UTILIZATION PRACTICES,ANNUAL,SOYBEANS,SOYBEANS - ACRES HARVESTED,2024-07-02 12:00:00.000,10.1,ALL CLASSES,2022,,,,US TOTAL,FIELD CROPS,00000000,00,99,,UNITED STATES,US,AREA HARVESTED,,"AREA HARVESTED: (1,000 TO 1,999 ACRES)",YEAR,,"20,790,980",,,AREA HARVESTED,9000,CENSUS,00,ALL PRODUCTION PRACTICES,US TOTAL,CROPS,ACRES,NATIONAL,
,,ALL UTILIZATION PRACTICES,ANNUAL,SOYBEANS,SOYBEANS - ACRES HARVESTED,2024-07-02 12:00:00.000,7.7,ALL CLASSES,2022,,,,US TOTAL,FIELD CROPS,00000000,00,99,,UNITED STATES,US,AREA HARVESTED,,AREA HARVESTED: (1.0 TO 14.9 ACRES),YEAR,,"164,337",,,AREA HARVESTED,9000,CENSUS,00,ALL PRODUCTION PRACTICES,US TOTAL,CROPS,ACRES,NATIONAL,
,,ALL UTILIZATION PRACTICES,ANNUAL,SOYBEANS,SOYBEANS - ACRES HARVESTED,2024-07-02 12:00:00.000,4.1,ALL CLASSES,2022,,,,US TOTAL,FIELD CROPS,00000000,00,99,,UNITED STATES,US,AREA HARVESTED,,AREA HARVESTED: (100 TO 249 ACRES),YEAR,,"10,135,951",,,AREA HARVESTED,9000,CENSUS,00,ALL PRODUCTION PRACTICES,US TOTAL,CROPS,ACRES,NATIONAL,
,,ALL UTILIZATION PRACTICES,ANNUAL,SOYBEANS,SOYBEANS - ACRES HARVESTED,2024-07-02 12:00:00.000,10.5,ALL CLASSES,2022,,,,US TOTAL,FIELD CROPS,00000000,00,99,,UNITED STATES,US,AREA HARVESTED,,AREA HARVESTED: (15.0 TO 24.9 ACRES),YEAR,,"312,593",,,AREA HARVESTED,9000,CENSUS,00,ALL PRODUCTION PRACTICES,US TOTAL,CROPS,ACRES,NATIONAL,
,,ALL UTILIZATION PRACTICES,ANNUAL,SOYBEANS,SOYBEANS - ACRES HARVESTED,2024-07-02 12:00:00.000,7.4,ALL CLASSES,2022,,,,US TOTAL,FIELD CROPS,00000000,00,99,,UNITED STATES,US,AREA HARVESTED,,"AREA HARVESTED: (2,000 TO 2,999 ACRES)",YEAR,,"7,945,931",,,AREA HARVESTED,9000,CENSUS,00,ALL PRODUCTION PRACTICES,US TOTAL,CROPS,ACRES,NATIONAL,
,,ALL UTILIZATION PRACTICES,ANNUAL,SOYBEANS,SOYBEANS - ACRES HARVESTED,2024-07-02 12:00:00.000,5.9,ALL CLASSES,2022,,,,US TOTAL,FIELD CROPS,00000000,00,99,,UNITED STATES,US,AREA HARVESTED,,AREA HARVESTED: (25.0 TO 49.9 ACRES),YEAR,,"1,234,089",,,AREA HARVESTED,9000,CENSUS,00,ALL PRODUCTION PRACTICES,US TOTAL,CROPS,ACRES,NATIONAL,
,,ALL UTILIZATION PRACTICES,ANNUAL,SOYBEANS,SOYBEANS - ACRES HARVESTED,2024-07-02 12:00:00.000,4.0,ALL CLASSES,2022,,,,US TOTAL,FIELD CROPS,00000000,00,99,,UNITED STATES,US,AREA HARVESTED,,AREA HARVESTED: (250 TO 499 ACRES),YEAR,,"14,362,890",,,AREA HARVESTED,9000,CENSUS,00,ALL PRODUCTION PRACTICES,US TOTAL,CROPS,ACRES,NATIONAL,
,,ALL UTILIZATION PRACTICES,ANNUAL,SOYBEANS,SOYBEANS - ACRES HARVESTED,2024-07-02 12:00:00.000,2.2,ALL CLASSES,2022,,,,US TOTAL,FIELD CROPS,00000000,00,99,,UNITED STATES,US,AREA HARVESTED,,"AREA HARVESTED: (3,000 TO 4,999 ACRES)",YEAR,,"4,881,974",,,AREA HARVESTED,9000,CENSUS,00,ALL PRODUCTION PRACTICES,US TOTAL,CROPS,ACRES,NATIONAL,
,,ALL UTILIZATION PRACTICES,ANNUAL,SOYBEANS,SOYBEANS - ACRES HARVESTED,2024-07-02 12:00:00.000,1.5,ALL CLASSES,2022,,,,US TOTAL,FIELD CROPS,00000000,00,99,,UNITED STATES,US,AREA HARVESTED,,"AREA HARVESTED: (5,000 OR MORE ACRES)",YEAR,,"2,333,625",,,AREA HARVESTED,9000,CENSUS,00,ALL PRODUCTION PRACTICES,US TOTAL,CROPS,ACRES,NATIONAL,
,,ALL UTILIZATION PRACTICES,ANNUAL,SOYBEANS,SOYBEANS - ACRES HARVESTED,2024-07-02 12:00:00.000,6.7,ALL CLASSES,2022,,,,US TOTAL,FIELD CROPS,00000000,00,99,,UNITED STATES,US,AREA HARVESTED,,AREA HARVESTED: (50.0 TO 99.9 ACRES),YEAR,,"3,286,202",,,AREA HARVESTED,9000,CENSUS,00,ALL PRODUCTION PRACTICES,US TOTAL,CROPS,ACRES,NATIONAL,
,,ALL UTILIZATION PRACTICES,ANNUAL,SOYBEANS,SOYBEANS - ACRES HARVESTED,2024-07-02 12:00:00.000,5.1,ALL CLASSES,2022,,,,US TOTAL,FIELD CROPS,00000000,00,99,,UNITED STATES,US,AREA HARVESTED,,AREA HARVESTED: (500 TO 999 ACRES),YEAR,,"19,150,664",,,AREA HARVESTED,9000,CENSUS,00,ALL PRODUCTION PRACTICES,US TOTAL,CROPS,ACRES,NATIONAL,
,,ALL UTILIZATION PRACTICES,ANNUAL,SOYBEANS,SOYBEANS - ACRES HARVESTED,2024-07-02 12:00:00.000,4.9,ALL CLASSES,2022,,,,US TOTAL,FIELD CROPS,00000000,00,99,,UNITED STATES,US,AREA OPERATED,,"AREA OPERATED: (1,000 TO 1,999 ACRES)",YEAR,,"18,670,589",,,AREA HARVESTED,9000,CENSUS,00,ALL PRODUCTION PRACTICES,US TOTAL,CROPS,ACRES,NATIONAL,
,,ALL UTILIZATION PRACTICES,ANNUAL,SOYBEANS,SOYBEANS - ACRES HARVESTED,2024-07-02 12:00:00.000,13.1,ALL CLASSES,2022,,,,US TOTAL,FIELD CROPS,00000000,00,99,,UNITED STATES,US,AREA OPERATED,,AREA OPERATED: (1.0 TO 9.9 ACRES),YEAR,,"12,024",,,AREA HARVESTED,9000,CENSUS,00,ALL PRODUCTION PRACTICES,US TOTAL,CROPS,ACRES,NATIONAL,
,,ALL UTILIZATION PRACTICES,ANNUAL,SOYBEANS,SOYBEANS - ACRES HARVESTED,2024-07-02 12:00:00.000,11.7,ALL CLASSES,2022,,,,US TOTAL,FIELD CROPS,00000000,00,99,,UNITED STATES,US,AREA OPERATED,,AREA OPERATED: (10.0 TO 49.9 ACRES),YEAR,,"382,527",,,AREA HARVESTED,9000,CENSUS,00,ALL PRODUCTION PRACTICES,US TOTAL,CROPS,ACRES,NATIONAL,
,,ALL UTILIZATION PRACTICES,ANNUAL,SOYBEANS,SOYBEANS - ACRES HARVESTED,2024-07-02 12:00:00.000,9.9,ALL CLASSES,2022,,,,US TOTAL,FIELD CROPS,00000000,00,99,,UNITED STATES,US,AREA OPERATED,,AREA OPERATED: (100 TO 139 ACRES),YEAR,,"922,890",,,AREA HARVESTED,9000,CENSUS,00,ALL PRODUCTION PRACTICES,US TOTAL,CROPS,ACRES,NATIONAL,
,,ALL UTILIZATION PRACTICES,ANNUAL,SOYBEANS,SOYBEANS - ACRES HARVESTED,2024-07-02 12:00:00.000,8.0,ALL CLASSES,2022,,,,US TOTAL,FIELD CROPS,00000000,00,99,,UNITED STATES,US,AREA OPERATED,,AREA OPERATED: (140 TO 179 ACRES),YEAR,,"1,179,630",,,AREA HARVESTED,9000,CENSUS,00,ALL PRODUCTION PRACTICES,US TOTAL,CROPS,ACRES,NATIONAL,
,,ALL UTILIZATION PRACTICES,ANNUAL,SOYBEANS,SOYBEANS - ACRES HARVESTED,2024-07-02 12:00:00.000,6.3,ALL CLASSES,2022,,,,US TOTAL,FIELD CROPS,00000000,00,99,,UNITED STATES,US,AREA OPERATED,,AREA OPERATED: (180 TO 219 ACRES),YEAR,,"1,053,259",,,AREA HARVESTED,9000,CENSUS,00,ALL PRODUCTION PRACTICES,US TOTAL,CROPS,ACRES,NATIONAL,
,,ALL UTILIZATION PRACTICES,ANNUAL,SOYBEANS,SOYBEANS - ACRES HARVESTED,2024-07-02 12:00:00.000,6.3,ALL CLASSES,2022,,,,US TOTAL,FIELD CROPS,00000000,00,99,,UNITED STATES,US,AREA OPERATED,,"AREA OPERATED: (2,000 OR MORE ACRES)",YEAR,,"40,196,938",,,AREA HARVESTED,9000,CENSUS,00,ALL PRODUCTION PRACTICES,US TOTAL,CROPS,ACRES,NATIONAL,
,,ALL UTILIZATION PRACTICES,ANNUAL,SOYBEANS,SOYBEANS - ACRES HARVESTED,2024-07-02 12:00:00.000,7.2,ALL CLASSES,2022,,,,US TOTAL,FIELD CROPS,00000000,00,99,,UNITED STATES,US,AREA OPERATED,,AREA OPERATED: (220 TO 259 ACRES),YEAR,,"1,133,915",,,AREA HARVESTED,9000,CENSUS,00,ALL PRODUCTION PRACTICES,US TOTAL,CROPS,ACRES,NATIONAL,
,,ALL UTILIZATION PRACTICES,ANNUAL,SOYBEANS,SOYBEANS - ACRES HARVESTED,2024-07-02 12:00:00.000,4.4,ALL CLASSES,2022,,,,US TOTAL,FIELD CROPS,00000000,00,99,,UNITED STATES,US,AREA OPERATED,,AREA OPERATED: (260 TO 499 ACRES),YEAR,,"6,840,176",,,AREA HARVESTED,9000,CENSUS,00,ALL PRODUCTION PRACTICES,US TOTAL,CROPS,ACRES,NATIONAL,
,,ALL UTILIZATION PRACTICES,ANNUAL,SOYBEANS,SOYBEANS - ACRES HARVESTED,2024-07-02 12:00:00.000,11.2,ALL CLASSES,2022,,,,US TOTAL,FIELD CROPS,00000000,00,99,,UNITED STATES,US,AREA OPERATED,,AREA OPERATED: (50.0 TO 69.9 ACRES),YEAR,,"289,880",,,AREA HARVESTED,9000,CENSUS,00,ALL PRODUCTION PRACTICES,US TOTAL,CROPS,ACRES,NATIONAL,
,,ALL UTILIZATION PRACTICES,ANNUAL,SOYBEANS,SOYBEANS - ACRES HARVESTED,2024-07-02 12:00:00.000,6.5,ALL CLASSES,2022,,,,US TOTAL,FIELD CROPS,00000000,00,99,,UNITED STATES,US,AREA OPERATED,,AREA OPERATED: (500 TO 999 ACRES),YEAR,,"13,254,598",,,AREA HARVESTED,9000,CENSUS,00,ALL PRODUCTION PRACTICES,US TOTAL,CROPS,ACRES,NATIONAL,
,,ALL UTILIZATION PRACTICES,ANNUAL,SOYBEANS,SOYBEANS - ACRES HARVESTED,2024-07-02 12:00:00.000,13.1,ALL CLASSES,2022,,,,US TOTAL,FIELD CROPS,00000000,00,99,,UNITED STATES,US,AREA OPERATED,,AREA OPERATED: (70.0 TO 99.9 ACRES),YEAR,,"662,810",,,AREA HARVESTED,9000,CENSUS,00,ALL PRODUCTION PRACTICES,US TOTAL,CROPS,ACRES,NATIONAL,
,,ALL UTILIZATION PRACTICES,ANNUAL,SOYBEANS,SOYBEANS - ACRES HARVESTED,2024-07-02 12:00:00.000,37.1,ALL CLASSES,2022,,,,US TOTAL,FIELD CROPS,00000000,00,99,,UNITED STATES,US,ECONOMIC CLASS,,"ECONOMIC CLASS: (1,000 TO 2,499 $)",YEAR,,"15,511",,,AREA HARVESTED,9000,CENSUS,00,ALL PRODUCTION PRACTICES,US TOTAL,CROPS,ACRES,NATIONAL,
,,ALL UTILIZATION PRACTICES,ANNUAL,SOYBEANS,SOYBEANS - ACRES HARVESTED,2024-07-02 12:00:00.000,4.9,ALL CLASSES,2022,,,,US TOTAL,FIELD CROPS,00000000,00,99,,UNITED STATES,US,ECONOMIC CLASS,,"ECONOMIC CLASS: (1,000,000 OR MORE $)",YEAR,,"50,088,781",,,AREA HARVESTED,9000,CENSUS,00,ALL PRODUCTION PRACTICES,US TOTAL,CROPS,ACRES,NATIONAL,
,,ALL UTILIZATION PRACTICES,ANNUAL,SOYBEANS,SOYBEANS - ACRES HARVESTED,2024-07-02 12:00:00.000,15.2,ALL CLASSES,2022,,,,US TOTAL,FIELD CROPS,00000000,00,99,,UNITED STATES,US,ECONOMIC CLASS,,"ECONOMIC CLASS: (10,000 TO 24,999 $)",YEAR,,"506,987",,,AREA HARVESTED,9000,CENSUS,00,ALL PRODUCTION PRACTICES,US TOTAL,CROPS,ACRES,NATIONAL,
,,ALL UTILIZATION PRACTICES,ANNUAL,SOYBEANS,SOYBEANS - ACRES HARVESTED,2024-07-02 12:00:00.000,7.0,ALL CLASSES,2022,,,,US TOTAL,FIELD CROPS,00000000,00,99,,UNITED STATES,US,ECONOMIC CLASS,,"ECONOMIC CLASS: (100,000 TO 249,999 $)",YEAR,,"5,817,074",,,AREA HARVESTED,9000,CENSUS,00,ALL PRODUCTION PRACTICES,US TOTAL,CROPS,ACRES,NATIONAL,
,,ALL UTILIZATION PRACTICES,ANNUAL,SOYBEANS,SOYBEANS - ACRES HARVESTED,2024-07-02 12:00:00.000,12.4,ALL CLASSES,2022,,,,US TOTAL,FIELD CROPS,00000000,00,99,,UNITED STATES,US,ECONOMIC CLASS,,"ECONOMIC CLASS: (2,500 TO 4,999 $)",YEAR,,"50,849",,,AREA HARVESTED,9000,CENSUS,00,ALL PRODUCTION PRACTICES,US TOTAL,CROPS,ACRES,NATIONAL,
,,ALL UTILIZATION PRACTICES,ANNUAL,SOYBEANS,SOYBEANS - ACRES HARVESTED,2024-07-02 12:00:00.000,19.1,ALL CLASSES,2022,,,,US TOTAL,FIELD CROPS,00000000,00,99,,UNITED STATES,US,ECONOMIC CLASS,,"ECONOMIC CLASS: (25,000 TO 49,999 $)",YEAR,,"1,045,312",,,AREA HARVESTED,9000,CENSUS,00,ALL PRODUCTION PRACTICES,US TOTAL,CROPS,ACRES,NATIONAL,
,,ALL UTILIZATION PRACTICES,ANNUAL,SOYBEANS,SOYBEANS - ACRES HARVESTED,2024-07-02 12:00:00.000,11.0,ALL CLASSES,2022,,,,US TOTAL,FIELD CROPS,00000000,00,99,,UNITED STATES,US,ECONOMIC CLASS,,"ECONOMIC CLASS: (250,000 TO 499,999 $)",YEAR,,"9,978,936",,,AREA HARVESTED,9000,CENSUS,00,ALL PRODUCTION PRACTICES,US TOTAL,CROPS,ACRES,NATIONAL,
,,ALL UTILIZATION PRACTICES,ANNUAL,SOYBEANS,SOYBEANS - ACRES HARVESTED,2024-07-02 12:00:00.000,12.3,ALL CLASSES,2022,,,,US TOTAL,FIELD CROPS,00000000,00,99,,UNITED STATES,US,ECONOMIC CLASS,,"ECONOMIC CLASS: (5,000 TO 9,999 $)",YEAR,,"163,949",,,AREA HARVESTED,9000,CENSUS,00,ALL PRODUCTION PRACTICES,US TOTAL,CROPS,ACRES,NATIONAL,
,,ALL UTILIZATION PRACTICES,ANNUAL,SOYBEANS,SOYBEANS - ACRES HARVESTED,2024-07-02 12:00:00.000,9.2,ALL CLASSES,2022,,,,US TOTAL,FIELD CROPS,00000000,00,99,,UNITED STATES,US,ECONOMIC CLASS,,"ECONOMIC CLASS: (50,000 TO 99,999 $)",YEAR,,"2,024,596",,,AREA HARVESTED,9000,CENSUS,00,ALL PRODUCTION PRACTICES,US TOTAL,CROPS,ACRES,NATIONAL,
,,ALL UTILIZATION PRACTICES,ANNUAL,SOYBEANS,SOYBEANS - ACRES HARVESTED,2024-07-02 12:00:00.000,4.7,ALL CLASSES,2022,,,,US TOTAL,FIELD CROPS,00000000,00,99,,UNITED STATES,US,ECONOMIC CLASS,,"ECONOMIC CLASS: (500,000 TO 999,999 $)",YEAR,,"14,900,212",,,AREA HARVESTED,9000,CENSUS,00,ALL PRODUCTION PRACTICES,US TOTAL,CROPS,ACRES,NATIONAL,
,,ALL UTILIZATION PRACTICES,ANNUAL,SOYBEANS,SOYBEANS - ACRES HARVESTED,2024-07-02 12:00:00.000,26.3,ALL CLASSES,2022,,,,US TOTAL,FIELD CROPS,00000000,00,99,,UNITED STATES,US,ECONOMIC CLASS,,"ECONOMIC CLASS: (LESS THAN 1,000 $)",YEAR,,"7,029",,,AREA HARVESTED,9000,CENSUS,00,ALL PRODUCTION PRACTICES,US TOTAL,CROPS,ACRES,NATIONAL,
,,ALL UTILIZATION PRACTICES,ANNUAL,SOYBEANS,SOYBEANS - ACRES HARVESTED,2024-07-02 12:00:00.000,50.9,ALL CLASSES,2022,,,,US TOTAL,FIELD CROPS,00000000,00,99,,UNITED STATES,US,FARM SALES,,"FARM SALES: (1,000 TO 2,499 $)",YEAR,,"17,832",,,AREA HARVESTED,9000,CENSUS,00,ALL PRODUCTION PRACTICES,US TOTAL,CROPS,ACRES,NATIONAL,
,,ALL UTILIZATION PRACTICES,ANNUAL,SOYBEANS,SOYBEANS - ACRES HARVESTED,2024-07-02 12:00:00.000,4.9,ALL CLASSES,2022,,,,US TOTAL,FIELD CROPS,00000000,00,99,,UNITED STATES,US,FARM SALES,,"FARM SALES: (1,000,000 OR MORE $)",YEAR,,"49,344,429",,,AREA HARVESTED,9000,CENSUS,00,ALL PRODUCTION PRACTICES,US TOTAL,CROPS,ACRES,NATIONAL,
,,ALL UTILIZATION PRACTICES,ANNUAL,SOYBEANS,SOYBEANS - ACRES HARVESTED,2024-07-02 12:00:00.000,16.0,ALL CLASSES,2022,,,,US TOTAL,FIELD CROPS,00000000,00,99,,UNITED STATES,US,FARM SALES,,"FARM SALES: (10,000 TO 24,999 $)",YEAR,,"540,626",,,AREA HARVESTED,9000,CENSUS,00,ALL PRODUCTION PRACTICES,US TOTAL,CROPS,ACRES,NATIONAL,
,,ALL UTILIZATION PRACTICES,ANNUAL,SOYBEANS,SOYBEANS - ACRES HARVESTED,2024-07-02 12:00:00.000,7.0,ALL CLASSES,2022,,,,US TOTAL,FIELD CROPS,00000000,00,99,,UNITED STATES,US,FARM SALES,,"FARM SALES: (100,000 TO 249,999 $)",YEAR,,"6,044,879",,,AREA HARVESTED,9000,CENSUS,00,ALL PRODUCTION PRACTICES,US TOTAL,CROPS,ACRES,NATIONAL,
,,ALL UTILIZATION PRACTICES,ANNUAL,SOYBEANS,SOYBEANS - ACRES HARVESTED,2024-07-02 12:00:00.000,10.8,ALL CLASSES,2022,,,,US TOTAL,FIELD CROPS,00000000,00,99,,UNITED STATES,US,FARM SALES,,"FARM SALES: (2,500 TO 4,999 $)",YEAR,,"57,109",,,AREA HARVESTED,9000,CENSUS,00,ALL PRODUCTION PRACTICES,US TOTAL,CROPS,ACRES,NATIONAL,
,,ALL UTILIZATION PRACTICES,ANNUAL,SOYBEANS,SOYBEANS - ACRES HARVESTED,2024-07-02 12:00:00.000,18.8,ALL CLASSES,2022,,,,US TOTAL,FIELD CROPS,00000000,00,99,,UNITED STATES,US,FARM SALES,,"FARM SALES: (25,000 TO 49,999 $)",YEAR,,"1,107,221",,,AREA HARVESTED,9000,CENSUS,00,ALL PRODUCTION PRACTICES,US TOTAL,CROPS,ACRES,NATIONAL,
,,ALL UTILIZATION PRACTICES,ANNUAL,SOYBEANS,SOYBEANS - ACRES HARVESTED,2024-07-02 12:00:00.000,9.6,ALL CLASSES,2022,,,,US TOTAL,FIELD CROPS,00000000,00,99,,UNITED STATES,US,FARM SALES,,"FARM SALES: (250,000 TO 499,999 $)",YEAR,,"10,240,165",,,AREA HARVESTED,9000,CENSUS,00,ALL PRODUCTION PRACTICES,US TOTAL,CROPS,ACRES,NATIONAL,
,,ALL UTILIZATION PRACTICES,ANNUAL,SOYBEANS,SOYBEANS - ACRES HARVESTED,2024-07-02 12:00:00.000,12.9,ALL CLASSES,2022,,,,US TOTAL,FIELD CROPS,00000000,00,99,,UNITED STATES,US,FARM SALES,,"FARM SALES: (5,000 TO 9,999 $)",YEAR,,"178,190",,,AREA HARVESTED,9000,CENSUS,00,ALL PRODUCTION PRACTICES,US TOTAL,CROPS,ACRES,NATIONAL,
,,ALL UTILIZATION PRACTICES,ANNUAL,SOYBEANS,SOYBEANS - ACRES HARVESTED,2024-07-02 12:00:00.000,9.3,ALL CLASSES,2022,,,,US TOTAL,FIELD CROPS,00000000,00,99,,UNITED STATES,US,FARM SALES,,"FARM SALES: (50,000 TO 99,999 $)",YEAR,,"2,081,238",,,AREA HARVESTED,9000,CENSUS,00,ALL PRODUCTION PRACTICES,US TOTAL,CROPS,ACRES,NATIONAL,
,,ALL UTILIZATION PRACTICES,ANNUAL,SOYBEANS,SOYBEANS - ACRES HARVESTED,2024-07-02 12:00:00.000,5.0,ALL CLASSES,2022,,,,US TOTAL,FIELD CROPS,00000000,00,99,,UNITED STATES,US,FARM SALES,,"FARM SALES: (500,000 TO 999,999 $)",YEAR,,"14,978,410",,,AREA HARVESTED,9000,CENSUS,00,ALL PRODUCTION PRACTICES,US TOTAL,CROPS,ACRES,NATIONAL,
,,ALL UTILIZATION PRACTICES,ANNUAL,SOYBEANS,SOYBEANS - ACRES HARVESTED,2024-07-02 12:00:00.000,25.3,ALL CLASSES,2022,,,,US TOTAL,FIELD CROPS,00000000,00,99,,UNITED STATES,US,FARM SALES,,"FARM SALES: (LESS THAN 1,000 $)",YEAR,,"9,137",,,AREA HARVESTED,9000,CENSUS,00,ALL PRODUCTION PRACTICES,US TOTAL,CROPS,ACRES,NATIONAL,
,,ALL UTILIZATION PRACTICES,ANNUAL,SOYBEANS,SOYBEANS - ACRES HARVESTED,2024-07-02 12:00:00.000,4.8,ALL CLASSES,2022,,,,US TOTAL,FIELD CROPS,00000000,00,99,,UNITED STATES,US,NAICS CLASSIFICATION,,NAICS CLASSIFICATION: (1111),YEAR,,"77,829,643",,,AREA HARVESTED,9000,CENSUS,00,ALL PRODUCTION PRACTICES,US TOTAL,CROPS,ACRES,NATIONAL,
,,ALL UTILIZATION PRACTICES,ANNUAL,SOYBEANS,SOYBEANS - ACRES HARVESTED,2024-07-02 12:00:00.000,8.8,ALL CLASSES,2022,,,,US TOTAL,FIELD CROPS,00000000,00,99,,UNITED STATES,US,NAICS CLASSIFICATION,,NAICS CLASSIFICATION: (1112),YEAR,,"325,344",,,AREA HARVESTED,9000,CENSUS,00,ALL PRODUCTION PRACTICES,US TOTAL,CROPS,ACRES,NATIONAL,
,,ALL UTILIZATION PRACTICES,ANNUAL,SOYBEANS,SOYBEANS - ACRES HARVESTED,2024-07-02 12:00:00.000,6.3,ALL CLASSES,2022,,,,US TOTAL,FIELD CROPS,00000000,00,99,,UNITED STATES,US,NAICS CLASSIFICATION,,NAICS CLASSIFICATION: (1113),YEAR,,"25,331",,,AREA HARVESTED,9000,CENSUS,00,ALL PRODUCTION PRACTICES,US TOTAL,CROPS,ACRES,NATIONAL,
,,ALL UTILIZATION PRACTICES,ANNUAL,SOYBEANS,SOYBEANS - ACRES HARVESTED,2024-07-02 12:00:00.000,5.9,ALL CLASSES,2022,,,,US TOTAL,FIELD CROPS,00000000,00,99,,UNITED STATES,US,NAICS CLASSIFICATION,,NAICS CLASSIFICATION: (1114),YEAR,,"44,947",,,AREA HARVESTED,9000,CENSUS,00,ALL PRODUCTION PRACTICES,US TOTAL,CROPS,ACRES,NATIONAL,
,,ALL UTILIZATION PRACTICES,ANNUAL,SOYBEANS,SOYBEANS - ACRES HARVESTED,2024-07-02 12:00:00.000,9.6,ALL CLASSES,2022,,,,US TOTAL,FIELD CROPS,00000000,00,99,,UNITED STATES,US,NAICS CLASSIFICATION,,NAICS CLASSIFICATION: (1119),YEAR,,"1,633,083",,,AREA HARVESTED,9000,CENSUS,00,ALL PRODUCTION PRACTICES,US TOTAL,CROPS,ACRES,NATIONAL,
,,ALL UTILIZATION PRACTICES,ANNUAL,SOYBEANS,SOYBEANS - ACRES HARVESTED,2024-07-02 12:00:00.000,13.7,ALL CLASSES,2022,,,,US TOTAL,FIELD CROPS,00000000,00,99,,UNITED STATES,US,NAICS CLASSIFICATION,,NAICS CLASSIFICATION: (11191),YEAR,,"149,965",,,AREA HARVESTED,9000,CENSUS,00,ALL PRODUCTION PRACTICES,US TOTAL,CROPS,ACRES,NATIONAL,
,,ALL UTILIZATION PRACTICES,ANNUAL,SOYBEANS,SOYBEANS - ACRES HARVESTED,2024-07-02 12:00:00.000,13.6,ALL CLASSES,2022,,,,US TOTAL,FIELD CROPS,00000000,00,99,,UNITED STATES,US,NAICS CLASSIFICATION,,NAICS CLASSIFICATION: (11192),YEAR,,"518,718",,,AREA HARVESTED,9000,CENSUS,00,ALL PRODUCTION PRACTICES,US TOTAL,CROPS,ACRES,NATIONAL,
,,ALL UTILIZATION PRACTICES,ANNUAL,SOYBEANS,SOYBEANS - ACRES HARVESTED,2024-07-02 12:00:00.000,12.3,ALL CLASSES,2022,,,,US TOTAL,FIELD CROPS,00000000,00,99,,UNITED STATES,US,NAICS CLASSIFICATION,,NAICS CLASSIFICATION: (11193 & 11194 & 11199),YEAR,,"964,400",,,AREA HARVESTED,9000,CENSUS,00,ALL PRODUCTION PRACTICES,US TOTAL,CROPS,ACRES,NATIONAL,
,,ALL UTILIZATION PRACTICES,ANNUAL,SOYBEANS,SOYBEANS - ACRES HARVESTED,2024-07-02 12:00:00.000,5.3,ALL CLASSES,2022,,,,US TOTAL,FIELD CROPS,00000000,00,99,,UNITED STATES,US,NAICS CLASSIFICATION,,NAICS CLASSIFICATION: (112111),YEAR,,"1,015,685",,,AREA HARVESTED,9000,CENSUS,00,ALL PRODUCTION PRACTICES,US TOTAL,CROPS,ACRES,NATIONAL,
,,ALL UTILIZATION PRACTICES,ANNUAL,SOYBEANS,SOYBEANS - ACRES HARVESTED,2024-07-02 12:00:00.000,5.4,ALL CLASSES,2022,,,,US TOTAL,FIELD CROPS,00000000,00,99,,UNITED STATES,US,NAICS CLASSIFICATION,,NAICS CLASSIFICATION: (112112),YEAR,,"624,259",,,AREA HARVESTED,9000,CENSUS,00,ALL PRODUCTION PRACTICES,US TOTAL,CROPS,ACRES,NATIONAL,
,,ALL UTILIZATION PRACTICES,ANNUAL,SOYBEANS,SOYBEANS - ACRES HARVESTED,2024-07-02 12:00:00.000,6.5,ALL CLASSES,2022,,,,US TOTAL,FIELD CROPS,00000000,00,99,,UNITED STATES,US,NAICS CLASSIFICATION,,NAICS CLASSIFICATION: (11212),YEAR,,"879,802",,,AREA HARVESTED,9000,CENSUS,00,ALL PRODUCTION PRACTICES,US TOTAL,CROPS,ACRES,NATIONAL,
,,ALL UTILIZATION PRACTICES,ANNUAL,SOYBEANS,SOYBEANS - ACRES HARVESTED,2024-07-02 12:00:00.000,16.1,ALL CLASSES,2022,,,,US TOTAL,FIELD CROPS,00000000,00,99,,UNITED STATES,US,NAICS CLASSIFICATION,,NAICS CLASSIFICATION: (1122),YEAR,,"1,425,107",,,AREA HARVESTED,9000,CENSUS,00,ALL PRODUCTION PRACTICES,US TOTAL,CROPS,ACRES,NATIONAL,
,,ALL UTILIZATION PRACTICES,ANNUAL,SOYBEANS,SOYBEANS - ACRES HARVESTED,2024-07-02 12:00:00.000,6.1,ALL CLASSES,2022,,,,US TOTAL,FIELD CROPS,00000000,00,99,,UNITED STATES,US,NAICS CLASSIFICATION,,NAICS CLASSIFICATION: (1123),YEAR,,"545,381",,,AREA HARVESTED,9000,CENSUS,00,ALL PRODUCTION PRACTICES,US TOTAL,CROPS,ACRES,NATIONAL,
,,ALL UTILIZATION PRACTICES,ANNUAL,SOYBEANS,SOYBEANS - ACRES HARVESTED,2024-07-02 12:00:00.000,11.2,ALL CLASSES,2022,,,,US TOTAL,FIELD CROPS,00000000,00,99,,UNITED STATES,US,NAICS CLASSIFICATION,,NAICS CLASSIFICATION: (1124),YEAR,,"6,684",,,AREA HARVESTED,9000,CENSUS,00,ALL PRODUCTION PRACTICES,US TOTAL,CROPS,ACRES,NATIONAL,
,,ALL UTILIZATION PRACTICES,ANNUAL,SOYBEANS,SOYBEANS - ACRES HARVESTED,2024-07-02 12:00:00.000,19.8,ALL CLASSES,2022,,,,US TOTAL,FIELD CROPS,00000000,00,99,,UNITED STATES,US,NAICS CLASSIFICATION,,NAICS CLASSIFICATION: (1125 & 1129),YEAR,,"243,970",,,AREA HARVESTED,9000,CENSUS,00,ALL PRODUCTION PRACTICES,US TOTAL,CROPS,ACRES,NATIONAL,
,,ALL UTILIZATION PRACTICES,ANNUAL,SOYBEANS,SOYBEANS - ACRES HARVESTED,2025-08-19 12:00:00.000,4.5,ALL CLASSES,2022,,,,US TOTAL,FIELD CROPS,00000000,00,99,,UNITED STATES,US,TOTAL,,NOT SPECIFIED,YEAR,,"84,599,236",,,AREA HARVESTED,9000,CENSUS,00,ALL PRODUCTION PRACTICES,US TOTAL,CROPS,ACRES,NATIONAL,
,,ALL UTILIZATION PRACTICES,ANNUAL,SOYBEANS,"SOYBEANS, IRRIGATED - ACRES HARVESTED",2024-07-02 12:00:00.000,6.6,ALL CLASSES,2022,,,,US TOTAL,FIELD CROPS,00000000,00,99,,UNITED STATES,US,AREA HARVESTED,,"AREA HARVESTED: (1,000 OR MORE ACRES)",YEAR,,"5,323,857",,,AREA HARVESTED,9000,CENSUS,00,IRRIGATED,US TOTAL,CROPS,ACRES,NATIONAL,
,,ALL UTILIZATION PRACTICES,ANNUAL,SOYBEANS,"SOYBEANS, IRRIGATED - ACRES HARVESTED",2024-07-02 12:00:00.000,8.6,ALL CLASSES,2022,,,,US TOTAL,FIELD CROPS,00000000,00,99,,UNITED STATES,US,AREA HARVESTED,,"AREA HARVESTED: (1,000 TO 1,999 ACRES)",YEAR,,"2,637,636",,,AREA HARVESTED,9000,CENSUS,00,IRRIGATED,US TOTAL,CROPS,ACRES,NATIONAL,
,,ALL UTILIZATION PRACTICES,ANNUAL,SOYBEANS,"SOYBEANS, IRRIGATED - ACRES HARVESTED",2024-07-02 12:00:00.000,18.1,ALL CLASSES,2022,,,,US TOTAL,FIELD CROPS,00000000,00,99,,UNITED STATES,US,AREA HARVESTED,,AREA HARVESTED: (1.0 TO 14.9 ACRES),YEAR,,"2,622",,,AREA HARVESTED,9000,CENSUS,00,IRRIGATED,US TOTAL,CROPS,ACRES,NATIONAL,
,,ALL UTILIZATION PRACTICES,ANNUAL,SOYBEANS,"SOYBEANS, IRRIGATED - ACRES HARVESTED",2024-07-02 12:00:00.000,4.3,ALL CLASSES,2022,,,,US TOTAL,FIELD CROPS,00000000,00,99,,UNITED STATES,US,AREA HARVESTED,,AREA HARVESTED: (100 TO 249 ACRES),YEAR,,"586,989",,,AREA HARVESTED,9000,CENSUS,00,IRRIGATED,US TOTAL,CROPS,ACRES,NATIONAL,
,,ALL UTILIZATION PRACTICES,ANNUAL,SOYBEANS,"SOYBEANS, IRRIGATED - ACRES HARVESTED",2024-07-02 12:00:00.000,15.2,ALL CLASSES,2022,,,,US TOTAL,FIELD CROPS,00000000,00,99,,UNITED STATES,US,AREA HARVESTED,,AREA HARVESTED: (15.0 TO 24.9 ACRES),YEAR,,"5,553",,,AREA HARVESTED,9000,CENSUS,00,IRRIGATED,US TOTAL,CROPS,ACRES,NATIONAL,
,,ALL UTILIZATION PRACTICES,ANNUAL,SOYBEANS,"SOYBEANS, IRRIGATED - ACRES HARVESTED",2024-07-02 12:00:00.000,9.6,ALL CLASSES,2022,,,,US TOTAL,FIELD CROPS,00000000,00,99,,UNITED STATES,US,AREA HARVESTED,,"AREA HARVESTED: (2,000 TO 2,999 ACRES)",YEAR,,"1,254,392",,,AREA HARVESTED,9000,CENSUS,00,IRRIGATED,US TOTAL,CROPS,ACRES,NATIONAL,
,,ALL UTILIZATION PRACTICES,ANNUAL,SOYBEANS,"SOYBEANS, IRRIGATED - ACRES HARVESTED",2024-07-02 12:00:00.000,6.7,ALL CLASSES,2022,,,,US TOTAL,FIELD CROPS,00000000,00,99,,UNITED STATES,US,AREA HARVESTED,,AREA HARVESTED: (25.0 TO 49.9 ACRES),YEAR,,"33,011",,,AREA HARVESTED,9000,CENSUS,00,IRRIGATED,US TOTAL,CROPS,ACRES,NATIONAL,
,,ALL UTILIZATION PRACTICES,ANNUAL,SOYBEANS,"SOYBEANS, IRRIGATED - ACRES HARVESTED",2024-07-02 12:00:00.000,9.9,ALL CLASSES,2022,,,,US TOTAL,FIELD CROPS,00000000,00,99,,UNITED STATES,US,AREA HARVESTED,,AREA HARVESTED: (250 TO 499 ACRES),YEAR,,"1,017,114",,,AREA HARVESTED,9000,CENSUS,00,IRRIGATED,US TOTAL,CROPS,ACRES,NATIONAL,
,,ALL UTILIZATION PRACTICES,ANNUAL,SOYBEANS,"SOYBEANS, IRRIGATED - ACRES HARVESTED",2024-07-02 12:00:00.000,6.0,ALL CLASSES,2022,,,,US TOTAL,FIELD CROPS,00000000,00,99,,UNITED STATES,US,AREA HARVESTED,,"AREA HARVESTED: (3,000 TO 4,999 ACRES)",YEAR,,"976,238",,,AREA HARVESTED,9000,CENSUS,00,IRRIGATED,US TOTAL,CROPS,ACRES,NATIONAL,
,,ALL UTILIZATION PRACTICES,ANNUAL,SOYBEANS,"SOYBEANS, IRRIGATED - ACRES HARVESTED",2024-07-02 12:00:00.000,2.7,ALL CLASSES,2022,,,,US TOTAL,FIELD CROPS,00000000,00,99,,UNITED STATES,US,AREA HARVESTED,,"AREA HARVESTED: (5,000 OR MORE ACRES)",YEAR,,"455,591",,,AREA HARVESTED,9000,CENSUS,00,IRRIGATED,US TOTAL,CROPS,ACRES,NATIONAL,
,,ALL UTILIZATION PRACTICES,ANNUAL,SOYBEANS,"SOYBEANS, IRRIGATED - ACRES HARVESTED",2024-07-02 12:00:00.000,5.6,ALL CLASSES,2022,,,,US TOTAL,FIELD CROPS,00000000,00,99,,UNITED STATES,US,AREA HARVESTED,,AREA HARVESTED: (50.0 TO 99.9 ACRES),YEAR,,"134,399",,,AREA HARVESTED,9000,CENSUS,00,IRRIGATED,US TOTAL,CROPS,ACRES,NATIONAL,
,,ALL UTILIZATION PRACTICES,ANNUAL,SOYBEANS,"SOYBEANS, IRRIGATED - ACRES HARVESTED",2024-07-02 12:00:00.000,10.2,ALL CLASSES,2022,,,,US TOTAL,FIELD CROPS,00000000,00,99,,UNITED STATES,US,AREA HARVESTED,,AREA HARVESTED: (500 TO 999 ACRES),YEAR,,"1,807,249",,,AREA HARVESTED,9000,CENSUS,00,IRRIGATED,US TOTAL,CROPS,ACRES,NATIONAL,
,,ALL UTILIZATION PRACTICES,ANNUAL,SOYBEANS,"SOYBEANS, IRRIGATED - ACRES HARVESTED",2024-07-02 12:00:00.000,10.0,ALL CLASSES,2022,,,,US TOTAL,FIELD CROPS,00000000,00,99,,UNITED STATES,US,AREA OPERATED,,"AREA OPERATED: (1,000 TO 1,999 ACRES)",YEAR,,"1,864,485",,,AREA HARVESTED,9000,CENSUS,00,IRRIGATED,US TOTAL,CROPS,ACRES,NATIONAL,
,,ALL UTILIZATION PRACTICES,ANNUAL,SOYBEANS,"SOYBEANS, IRRIGATED - ACRES HARVESTED",2024-07-02 12:00:00.000,36.6,ALL CLASSES,2022,,,,US TOTAL,FIELD CROPS,00000000,00,99,,UNITED STATES,US,AREA OPERATED,,AREA OPERATED: (1.0 TO 9.9 ACRES),YEAR,,247,,,AREA HARVESTED,9000,CENSUS,00,IRRIGATED,US TOTAL,CROPS,ACRES,NATIONAL,
,,ALL UTILIZATION PRACTICES,ANNUAL,SOYBEANS,"SOYBEANS, IRRIGATED - ACRES HARVESTED",2024-07-02 12:00:00.000,11.8,ALL CLASSES,2022,,,,US TOTAL,FIELD CROPS,00000000,00,99,,UNITED STATES,US,AREA OPERATED,,AREA OPERATED: (10.0 TO 49.9 ACRES),YEAR,,"9,985",,,AREA HARVESTED,9000,CENSUS,00,IRRIGATED,US TOTAL,CROPS,ACRES,NATIONAL,
,,ALL UTILIZATION PRACTICES,ANNUAL,SOYBEANS,"SOYBEANS, IRRIGATED - ACRES HARVESTED",2024-07-02 12:00:00.000,12.4,ALL CLASSES,2022,,,,US TOTAL,FIELD CROPS,00000000,00,99,,UNITED STATES,US,AREA OPERATED,,AREA OPERATED: (100 TO 139 ACRES),YEAR,,"30,367",,,AREA HARVESTED,9000,CENSUS,00,IRRIGATED,US TOTAL,CROPS,ACRES,NATIONAL,
,,ALL UTILIZATION PRACTICES,ANNUAL,SOYBEANS,"SOYBEANS, IRRIGATED - ACRES HARVESTED",2024-07-02 12:00:00.000,6.6,ALL CLASSES,2022,,,,US TOTAL,FIELD CROPS,00000000,00,99,,UNITED STATES,US,AREA OPERATED,,AREA OPERATED: (140 TO 179 ACRES),YEAR,,"58,187",,,AREA HARVESTED,9000,CENSUS,00,IRRIGATED,US TOTAL,CROPS,ACRES,NATIONAL,
,,ALL UTILIZATION PRACTICES,ANNUAL,SOYBEANS,"SOYBEANS, IRRIGATED - ACRES HARVESTED",2024-07-02 12:00:00.000,9.5,ALL CLASSES,2022,,,,US TOTAL,FIELD CROPS,00000000,00,99,,UNITED STATES,US,AREA OPERATED,,AREA OPERATED: (180 TO 219 ACRES),YEAR,,"38,205",,,AREA HARVESTED,9000,CENSUS,00,IRRIGATED,US TOTAL,CROPS,ACRES,NATIONAL,
,,ALL UTILIZATION PRACTICES,ANNUAL,SOYBEANS,"SOYBEANS, IRRIGATED - ACRES HARVESTED",2024-07-02 12:00:00.000,5.4,ALL CLASSES,2022,,,,US TOTAL,FIELD CROPS,00000000,00,99,,UNITED STATES,US,AREA OPERATED,,"AREA OPERATED: (2,000 OR MORE ACRES)",YEAR,,"5,669,290",,,AREA HARVESTED,9000,CENSUS,00,IRRIGATED,US TOTAL,CROPS,ACRES,NATIONAL,
,,ALL UTILIZATION PRACTICES,ANNUAL,SOYBEANS,"SOYBEANS, IRRIGATED - ACRES HARVESTED",2024-07-02 12:00:00.000,8.4,ALL CLASSES,2022,,,,US TOTAL,FIELD CROPS,00000000,00,99,,UNITED STATES,US,AREA OPERATED,,AREA OPERATED: (220 TO 259 ACRES),YEAR,,"45,171",,,AREA HARVESTED,9000,CENSUS,00,IRRIGATED,US TOTAL,CROPS,ACRES,NATIONAL,
,,ALL UTILIZATION PRACTICES,ANNUAL,SOYBEANS,"SOYBEANS, IRRIGATED - ACRES HARVESTED",2024-07-02 12:00:00.000,8.2,ALL CLASSES,2022,,,,US TOTAL,FIELD CROPS,00000000,00,99,,UNITED STATES,US,AREA OPERATED,,AREA OPERATED: (260 TO 499 ACRES),YEAR,,"318,347",,,AREA HARVESTED,9000,CENSUS,00,IRRIGATED,US TOTAL,CROPS,ACRES,NATIONAL,
,,ALL UTILIZATION PRACTICES,ANNUAL,SOYBEANS,"SOYBEANS, IRRIGATED - ACRES HARVESTED",2024-07-02 12:00:00.000,18.2,ALL CLASSES,2022,,,,US TOTAL,FIELD CROPS,00000000,00,99,,UNITED STATES,US,AREA OPERATED,,AREA OPERATED: (50.0 TO 69.9 ACRES),YEAR,,"9,856",,,AREA HARVESTED,9000,CENSUS,00,IRRIGATED,US TOTAL,CROPS,ACRES,NATIONAL,
,,ALL UTILIZATION PRACTICES,ANNUAL,SOYBEANS,"SOYBEANS, IRRIGATED - ACRES HARVESTED",2024-07-02 12:00:00.000,18.8,ALL CLASSES,2022,,,,US TOTAL,FIELD CROPS,00000000,00,99,,UNITED STATES,US,AREA OPERATED,,AREA OPERATED: (500 TO 999 ACRES),YEAR,,"845,775",,,AREA HARVESTED,9000,CENSUS,00,IRRIGATED,US TOTAL,CROPS,ACRES,NATIONAL,
,,ALL UTILIZATION PRACTICES,ANNUAL,SOYBEANS,"SOYBEANS, IRRIGATED - ACRES HARVESTED",2024-07-02 12:00:00.000,13.7,ALL CLASSES,2022,,,,US TOTAL,FIELD CROPS,00000000,00,99,,UNITED STATES,US,AREA OPERATED,,AREA OPERATED: (70.0 TO 99.9 ACRES),YEAR,,"20,879",,,AREA HARVESTED,9000,CENSUS,00,IRRIGATED,US TOTAL,CROPS,ACRES,NATIONAL,
,,ALL UTILIZATION PRACTICES,ANNUAL,SOYBEANS,"SOYBEANS, IRRIGATED - ACRES HARVESTED",2024-07-02 12:00:00.000,47.6,ALL CLASSES,2022,,,,US TOTAL,FIELD CROPS,00000000,00,99,,UNITED STATES,US,ECONOMIC CLASS,,"ECONOMIC CLASS: (1,000 TO 2,499 $)",YEAR,,212,,,AREA HARVESTED,9000,CENSUS,00,IRRIGATED,US TOTAL,CROPS,ACRES,NATIONAL,
,,ALL UTILIZATION PRACTICES,ANNUAL,SOYBEANS,"SOYBEANS, IRRIGATED - ACRES HARVESTED",2024-07-02 12:00:00.000,5.6,ALL CLASSES,2022,,,,US TOTAL,FIELD CROPS,00000000,00,99,,UNITED STATES,US,ECONOMIC CLASS,,"ECONOMIC CLASS: (1,000,000 OR MORE $)",YEAR,,"6,728,750",,,AREA HARVESTED,9000,CENSUS,00,IRRIGATED,US TOTAL,CROPS,ACRES,NATIONAL,
,,ALL UTILIZATION PRACTICES,ANNUAL,SOYBEANS,"SOYBEANS, IRRIGATED - ACRES HARVESTED",2024-07-02 12:00:00.000,30.6,ALL CLASSES,2022,,,,US TOTAL,FIELD CROPS,00000000,00,99,,UNITED STATES,US,ECONOMIC CLASS,,"ECONOMIC CLASS: (10,000 TO 24,999 $)",YEAR,,"12,817",,,AREA HARVESTED,9000,CENSUS,00,IRRIGATED,US TOTAL,CROPS,ACRES,NATIONAL,
,,ALL UTILIZATION PRACTICES,ANNUAL,SOYBEANS,"SOYBEANS, IRRIGATED - ACRES HARVESTED",2024-07-02 12:00:00.000,12.2,ALL CLASSES,2022,,,,US TOTAL,FIELD CROPS,00000000,00,99,,UNITED STATES,US,ECONOMIC CLASS,,"ECONOMIC CLASS: (100,000 TO 249,999 $)",YEAR,,"251,261",,,AREA HARVESTED,9000,CENSUS,00,IRRIGATED,US TOTAL,CROPS,ACRES,NATIONAL,
,,ALL UTILIZATION PRACTICES,ANNUAL,SOYBEANS,"SOYBEANS, IRRIGATED - ACRES HARVESTED",2024-07-02 12:00:00.000,44.1,ALL CLASSES,2022,,,,US TOTAL,FIELD CROPS,00000000,00,99,,UNITED STATES,US,ECONOMIC CLASS,,"ECONOMIC CLASS: (2,500 TO 4,999 $)",YEAR,,851,,,AREA HARVESTED,9000,CENSUS,00,IRRIGATED,US TOTAL,CROPS,ACRES,NATIONAL,
,,ALL UTILIZATION PRACTICES,ANNUAL,SOYBEANS,"SOYBEANS, IRRIGATED - ACRES HARVESTED",2024-07-02 12:00:00.000,19.5,ALL CLASSES,2022,,,,US TOTAL,FIELD CROPS,00000000,00,99,,UNITED STATES,US,ECONOMIC CLASS,,"ECONOMIC CLASS: (25,000 TO 49,999 $)",YEAR,,"28,945",,,AREA HARVESTED,9000,CENSUS,00,IRRIGATED,US TOTAL,CROPS,ACRES,NATIONAL,
,,ALL UTILIZATION PRACTICES,ANNUAL,SOYBEANS,"SOYBEANS, IRRIGATED - ACRES HARVESTED",2024-07-02 12:00:00.000,10.8,ALL CLASSES,2022,,,,US TOTAL,FIELD CROPS,00000000,00,99,,UNITED STATES,US,ECONOMIC CLASS,,"ECONOMIC CLASS: (250,000 TO 499,999 $)",YEAR,,"491,211",,,AREA HARVESTED,9000,CENSUS,00,IRRIGATED,US TOTAL,CROPS,ACRES,NATIONAL,
,,ALL UTILIZATION PRACTICES,ANNUAL,SOYBEANS,"SOYBEANS, IRRIGATED - ACRES HARVESTED",2024-07-02 12:00:00.000,33.8,ALL CLASSES,2022,,,,US TOTAL,FIELD CROPS,00000000,00,99,,UNITED STATES,US,ECONOMIC CLASS,,"ECONOMIC CLASS: (5,000 TO 9,999 $)",YEAR,,"4,537",,,AREA HARVESTED,9000,CENSUS,00,IRRIGATED,US TOTAL,CROPS,ACRES,NATIONAL,
,,ALL UTILIZATION PRACTICES,ANNUAL,SOYBEANS,"SOYBEANS, IRRIGATED - ACRES HARVESTED",2024-07-02 12:00:00.000,13.8,ALL CLASSES,2022,,,,US TOTAL,FIELD CROPS,00000000,00,99,,UNITED STATES,US,ECONOMIC CLASS,,"ECONOMIC CLASS: (50,000 TO 99,999 $)",YEAR,,"69,305",,,AREA HARVESTED,9000,CENSUS,00,IRRIGATED,US TOTAL,CROPS,ACRES,NATIONAL,
,,ALL UTILIZATION PRACTICES,ANNUAL,SOYBEANS,"SOYBEANS, IRRIGATED - ACRES HARVESTED",2024-07-02 12:00:00.000,16.7,ALL CLASSES,2022,,,,US TOTAL,FIELD CROPS,00000000,00,99,,UNITED STATES,US,ECONOMIC CLASS,,"ECONOMIC CLASS: (500,000 TO 999,999 $)",YEAR,,"1,322,872",,,AREA HARVESTED,9000,CENSUS,00,IRRIGATED,US TOTAL,CROPS,ACRES,NATIONAL,
,,ALL UTILIZATION PRACTICES,ANNUAL,SOYBEANS,"SOYBEANS, IRRIGATED - ACRES HARVESTED",2024-07-02 12:00:00.000,14.9,ALL CLASSES,2022,,,,US TOTAL,FIELD CROPS,00000000,00,99,,UNITED STATES,US,ECONOMIC CLASS,,"ECONOMIC CLASS: (LESS THAN 1,000 $)",YEAR,,33,,,AREA HARVESTED,9000,CENSUS,00,IRRIGATED,US TOTAL,CROPS,ACRES,NATIONAL,
,,ALL UTILIZATION PRACTICES,ANNUAL,SOYBEANS,"SOYBEANS, IRRIGATED - ACRES HARVESTED",2024-07-02 12:00:00.000,24.3,ALL CLASSES,2022,,,,US TOTAL,FIELD CROPS,00000000,00,99,,UNITED STATES,US,FARM SALES,,"FARM SALES: (1,000 TO 2,499 $)",YEAR,,267,,,AREA HARVESTED,9000,CENSUS,00,IRRIGATED,US TOTAL,CROPS,ACRES,NATIONAL,
,,ALL UTILIZATION PRACTICES,ANNUAL,SOYBEANS,"SOYBEANS, IRRIGATED - ACRES HARVESTED",2024-07-02 12:00:00.000,5.7,ALL CLASSES,2022,,,,US TOTAL,FIELD CROPS,00000000,00,99,,UNITED STATES,US,FARM SALES,,"FARM SALES: (1,000,000 OR MORE $)",YEAR,,"6,689,488",,,AREA HARVESTED,9000,CENSUS,00,IRRIGATED,US TOTAL,CROPS,ACRES,NATIONAL,
,,ALL UTILIZATION PRACTICES,ANNUAL,SOYBEANS,"SOYBEANS, IRRIGATED - ACRES HARVESTED",2024-07-02 12:00:00.000,36.7,ALL CLASSES,2022,,,,US TOTAL,FIELD CROPS,00000000,00,99,,UNITED STATES,US,FARM SALES,,"FARM SALES: (10,000 TO 24,999 $)",YEAR,,"13,651",,,AREA HARVESTED,9000,CENSUS,00,IRRIGATED,US TOTAL,CROPS,ACRES,NATIONAL,
,,ALL UTILIZATION PRACTICES,ANNUAL,SOYBEANS,"SOYBEANS, IRRIGATED - ACRES HARVESTED",2024-07-02 12:00:00.000,12.2,ALL CLASSES,2022,,,,US TOTAL,FIELD CROPS,00000000,00,99,,UNITED STATES,US,FARM SALES,,"FARM SALES: (100,000 TO 249,999 $)",YEAR,,"261,276",,,AREA HARVESTED,9000,CENSUS,00,IRRIGATED,US TOTAL,CROPS,ACRES,NATIONAL,
,,ALL UTILIZATION PRACTICES,ANNUAL,SOYBEANS,"SOYBEANS, IRRIGATED - ACRES HARVESTED",2024-07-02 12:00:00.000,39.4,ALL CLASSES,2022,,,,US TOTAL,FIELD CROPS,00000000,00,99,,UNITED STATES,US,FARM SALES,,"FARM SALES: (2,500 TO 4,999 $)",YEAR,,839,,,AREA HARVESTED,9000,CENSUS,00,IRRIGATED,US TOTAL,CROPS,ACRES,NATIONAL,
,,ALL UTILIZATION PRACTICES,ANNUAL,SOYBEANS,"SOYBEANS, IRRIGATED - ACRES HARVESTED",2024-07-02 12:00:00.000,17.3,ALL CLASSES,2022,,,,US TOTAL,FIELD CROPS,00000000,00,99,,UNITED STATES,US,FARM SALES,,"FARM SALES: (25,000 TO 49,999 $)",YEAR,,"30,555",,,AREA HARVESTED,9000,CENSUS,00,IRRIGATED,US TOTAL,CROPS,ACRES,NATIONAL,
,,ALL UTILIZATION PRACTICES,ANNUAL,SOYBEANS,"SOYBEANS, IRRIGATED - ACRES HARVESTED",2024-07-02 12:00:00.000,10.4,ALL CLASSES,2022,,,,US TOTAL,FIELD CROPS,00000000,00,99,,UNITED STATES,US,FARM SALES,,"FARM SALES: (250,000 TO 499,999 $)",YEAR,,"508,926",,,AREA HARVESTED,9000,CENSUS,00,IRRIGATED,US TOTAL,CROPS,ACRES,NATIONAL,
,,ALL UTILIZATION PRACTICES,ANNUAL,SOYBEANS,"SOYBEANS, IRRIGATED - ACRES HARVESTED",2024-07-02 12:00:00.000,33.1,ALL CLASSES,2022,,,,US TOTAL,FIELD CROPS,00000000,00,99,,UNITED STATES,US,FARM SALES,,"FARM SALES: (5,000 TO 9,999 $)",YEAR,,"4,970",,,AREA HARVESTED,9000,CENSUS,00,IRRIGATED,US TOTAL,CROPS,ACRES,NATIONAL,
,,ALL UTILIZATION PRACTICES,ANNUAL,SOYBEANS,"SOYBEANS, IRRIGATED - ACRES HARVESTED",2024-07-02 12:00:00.000,13.0,ALL CLASSES,2022,,,,US TOTAL,FIELD CROPS,00000000,00,99,,UNITED STATES,US,FARM SALES,,"FARM SALES: (50,000 TO 99,999 $)",YEAR,,"71,219",,,AREA HARVESTED,9000,CENSUS,00,IRRIGATED,US TOTAL,CROPS,ACRES,NATIONAL,
,,ALL UTILIZATION PRACTICES,ANNUAL,SOYBEANS,"SOYBEANS, IRRIGATED - ACRES HARVESTED",2024-07-02 12:00:00.000,17.6,ALL CLASSES,2022,,,,US TOTAL,FIELD CROPS,00000000,00,99,,UNITED STATES,US,FARM SALES,,"FARM SALES: (500,000 TO 999,999 $)",YEAR,,"1,329,560",,,AREA HARVESTED,9000,CENSUS,00,IRRIGATED,US TOTAL,CROPS,ACRES,NATIONAL,
,,ALL UTILIZATION PRACTICES,ANNUAL,SOYBEANS,"SOYBEANS, IRRIGATED - ACRES HARVESTED",2024-07-02 12:00:00.000,7.6,ALL CLASSES,2022,,,,US TOTAL,FIELD CROPS,00000000,00,99,,UNITED STATES,US,FARM SALES,,"FARM SALES: (LESS THAN 1,000 $)",YEAR,,43,,,AREA HARVESTED,9000,CENSUS,00,IRRIGATED,US TOTAL,CROPS,ACRES,NATIONAL,
,,ALL UTILIZATION PRACTICES,ANNUAL,SOYBEANS,"SOYBEANS, IRRIGATED - ACRES HARVESTED",2024-07-02 12:00:00.000,5.9,ALL CLASSES,2022,,,,US TOTAL,FIELD CROPS,00000000,00,99,,UNITED STATES,US,NAICS CLASSIFICATION,,NAICS CLASSIFICATION: (1111),YEAR,,"8,409,832",,,AREA HARVESTED,9000,CENSUS,00,IRRIGATED,US TOTAL,CROPS,ACRES,NATIONAL,
,,ALL UTILIZATION PRACTICES,ANNUAL,SOYBEANS,"SOYBEANS, IRRIGATED - ACRES HARVESTED",2024-07-02 12:00:00.000,4.0,ALL CLASSES,2022,,,,US TOTAL,FIELD CROPS,00000000,00,99,,UNITED STATES,US,NAICS CLASSIFICATION,,NAICS CLASSIFICATION: (1112),YEAR,,"46,236",,,AREA HARVESTED,9000,CENSUS,00,IRRIGATED,US TOTAL,CROPS,ACRES,NATIONAL,
,,ALL UTILIZATION PRACTICES,ANNUAL,SOYBEANS,"SOYBEANS, IRRIGATED - ACRES HARVESTED",2024-07-02 12:00:00.000,25.3,ALL CLASSES,2022,,,,US TOTAL,FIELD CROPS,00000000,00,99,,UNITED STATES,US,NAICS CLASSIFICATION,,NAICS CLASSIFICATION: (1113),YEAR,,"1,389",,,AREA HARVESTED,9000,CENSUS,00,IRRIGATED,US TOTAL,CROPS,ACRES,NATIONAL,
,,ALL UTILIZATION PRACTICES,ANNUAL,SOYBEANS,"SOYBEANS, IRRIGATED - ACRES HARVESTED",2024-07-02 12:00:00.000,20.1,ALL CLASSES,2022,,,,US TOTAL,FIELD CROPS,00000000,00,99,,UNITED STATES,US,NAICS CLASSIFICATION,,NAICS CLASSIFICATION: (1114),YEAR,,"6,432",,,AREA HARVESTED,9000,CENSUS,00,IRRIGATED,US TOTAL,CROPS,ACRES,NATIONAL,
,,ALL UTILIZATION PRACTICES,ANNUAL,SOYBEANS,"SOYBEANS, IRRIGATED - ACRES HARVESTED",2024-07-02 12:00:00.000,15.0,ALL CLASSES,2022,,,,US TOTAL,FIELD CROPS,00000000,00,99,,UNITED STATES,US,NAICS CLASSIFICATION,,NAICS CLASSIFICATION: (1119),YEAR,,"244,280",,,AREA HARVESTED,9000,CENSUS,00,IRRIGATED,US TOTAL,CROPS,ACRES,NATIONAL,
,,ALL UTILIZATION PRACTICES,ANNUAL,SOYBEANS,"SOYBEANS, IRRIGATED - ACRES HARVESTED",2024-07-02 12:00:00.000,26.0,ALL CLASSES,2022,,,,US TOTAL,FIELD CROPS,00000000,00,99,,UNITED STATES,US,NAICS CLASSIFICATION,,NAICS CLASSIFICATION: (11191),YEAR,,"2,376",,,AREA HARVESTED,9000,CENSUS,00,IRRIGATED,US TOTAL,CROPS,ACRES,NATIONAL,
,,ALL UTILIZATION PRACTICES,ANNUAL,SOYBEANS,"SOYBEANS, IRRIGATED - ACRES HARVESTED",2024-07-02 12:00:00.000,19.4,ALL CLASSES,2022,,,,US TOTAL,FIELD CROPS,00000000,00,99,,UNITED STATES,US,NAICS CLASSIFICATION,,NAICS CLASSIFICATION: (11192),YEAR,,"168,884",,,AREA HARVESTED,9000,CENSUS,00,IRRIGATED,US TOTAL,CROPS,ACRES,NATIONAL,
,,ALL UTILIZATION PRACTICES,ANNUAL,SOYBEANS,"SOYBEANS, IRRIGATED - ACRES HARVESTED",2024-07-02 12:00:00.000,8.5,ALL CLASSES,2022,,,,US TOTAL,FIELD CROPS,00000000,00,99,,UNITED STATES,US,NAICS CLASSIFICATION,,NAICS CLASSIFICATION: (11193 & 11194 & 11199),YEAR,,"73,020",,,AREA HARVESTED,9000,CENSUS,00,IRRIGATED,US TOTAL,CROPS,ACRES,NATIONAL,
,,ALL UTILIZATION PRACTICES,ANNUAL,SOYBEANS,"SOYBEANS, IRRIGATED - ACRES HARVESTED",2024-07-02 12:00:00.000,7.7,ALL CLASSES,2022,,,,US TOTAL,FIELD CROPS,00000000,00,99,,UNITED STATES,US,NAICS CLASSIFICATION,,NAICS CLASSIFICATION: (112111),YEAR,,"43,603",,,AREA HARVESTED,9000,CENSUS,00,IRRIGATED,US TOTAL,CROPS,ACRES,NATIONAL,
,,ALL UTILIZATION PRACTICES,ANNUAL,SOYBEANS,"SOYBEANS, IRRIGATED - ACRES HARVESTED",2024-07-02 12:00:00.000,17.2,ALL CLASSES,2022,,,,US TOTAL,FIELD CROPS,00000000,00,99,,UNITED STATES,US,NAICS CLASSIFICATION,,NAICS CLASSIFICATION: (112112),YEAR,,"53,322",,,AREA HARVESTED,9000,CENSUS,00,IRRIGATED,US TOTAL,CROPS,ACRES,NATIONAL,
,,ALL UTILIZATION PRACTICES,ANNUAL,SOYBEANS,"SOYBEANS, IRRIGATED - ACRES HARVESTED",2024-07-02 12:00:00.000,35.2,ALL CLASSES,2022,,,,US TOTAL,FIELD CROPS,00000000,00,99,,UNITED STATES,US,NAICS CLASSIFICATION,,NAICS CLASSIFICATION: (11212),YEAR,,"14,743",,,AREA HARVESTED,9000,CENSUS,00,IRRIGATED,US TOTAL,CROPS,ACRES,NATIONAL,
,,ALL UTILIZATION PRACTICES,ANNUAL,SOYBEANS,"SOYBEANS, IRRIGATED - ACRES HARVESTED",2024-07-02 12:00:00.000,29.0,ALL CLASSES,2022,,,,US TOTAL,FIELD CROPS,00000000,00,99,,UNITED STATES,US,NAICS CLASSIFICATION,,NAICS CLASSIFICATION: (1122),YEAR,,"46,907",,,AREA HARVESTED,9000,CENSUS,00,IRRIGATED,US TOTAL,CROPS,ACRES,NATIONAL,
,,ALL UTILIZATION PRACTICES,ANNUAL,SOYBEANS,"SOYBEANS, IRRIGATED - ACRES HARVESTED",2024-07-02 12:00:00.000,4.2,ALL CLASSES,2022,,,,US TOTAL,FIELD CROPS,00000000,00,99,,UNITED STATES,US,NAICS CLASSIFICATION,,NAICS CLASSIFICATION: (1123),YEAR,,"29,325",,,AREA HARVESTED,9000,CENSUS,00,IRRIGATED,US TOTAL,CROPS,ACRES,NATIONAL,
,,ALL UTILIZATION PRACTICES,ANNUAL,SOYBEANS,"SOYBEANS, IRRIGATED - ACRES HARVESTED",2024-07-02 12:00:00.000,(D),ALL CLASSES,2022,,,,US TOTAL,FIELD CROPS,00000000,00,99,,UNITED STATES,US,NAICS CLASSIFICATION,,NAICS CLASSIFICATION: (1124),YEAR,,                 (D),,,AREA HARVESTED,9000,CENSUS,00,IRRIGATED,US TOTAL,CROPS,ACRES,NATIONAL,
,,ALL UTILIZATION PRACTICES,ANNUAL,SOYBEANS,"SOYBEANS, IRRIGATED - ACRES HARVESTED",2024-07-02 12:00:00.000,(D),ALL CLASSES,2022,,,,US TOTAL,FIELD CROPS,00000000,00,99,,UNITED STATES,US,NAICS CLASSIFICATION,,NAICS CLASSIFICATION: (1125 & 1129),YEAR,,                 (D),,,AREA HARVESTED,9000,CENSUS,00,IRRIGATED,US TOTAL,CROPS,ACRES,NATIONAL,
,,ALL UTILIZATION PRACTICES,ANNUAL,SOYBEANS,"SOYBEANS, IRRIGATED - ACRES HARVESTED",2025-08-19 12:00:00.000,5.6,ALL CLASSES,2022,,,,US TOTAL,FIELD CROPS,00000000,00,99,,UNITED STATES,US,TOTAL,,NOT SPECIFIED,YEAR,,"8,910,794",,,AREA HARVESTED,9000,CENSUS,00,IRRIGATED,US TOTAL,CROPS,ACRES,NATIONAL,
,,ALL UTILIZATION PRACTICES,ANNUAL,SOYBEANS,"SOYBEANS, IRRIGATED, ENTIRE CROP - ACRES HARVESTED",2024-07-02 12:00:00.000,7.6,ALL CLASSES,2022,,,,US TOTAL,FIELD CROPS,00000000,00,99,,UNITED STATES,US,TOTAL,,NOT SPECIFIED,YEAR,,"3,075,279",,,AREA HARVESTED,9000,CENSUS,00,"IRRIGATED, ENTIRE CROP",US TOTAL,CROPS,ACRES,NATIONAL,
,,ALL UTILIZATION PRACTICES,ANNUAL,SOYBEANS,"SOYBEANS, IRRIGATED, NONE OF CROP - ACRES HARVESTED",2024-07-02 12:00:00.000,5.1,ALL CLASSES,2022,,,,US TOTAL,FIELD CROPS,00000000,00,99,,UNITED STATES,US,TOTAL,,NOT SPECIFIED,YEAR,,"69,025,245",,,AREA HARVESTED,9000,CENSUS,00,"IRRIGATED, NONE OF CROP",US TOTAL,CROPS,ACRES,NATIONAL,
,,ALL UTILIZATION PRACTICES,ANNUAL,SOYBEANS,"SOYBEANS, IRRIGATED, PART OF CROP, IRRIGATED PORTION - ACRES HARVESTED",2024-07-02 12:00:00.000,5.1,ALL CLASSES,2022,,,,US TOTAL,FIELD CROPS,00000000,00,99,,UNITED STATES,US,TOTAL,,NOT SPECIFIED,YEAR,,"5,835,515",,,AREA HARVESTED,9000,CENSUS,00,"IRRIGATED, PART OF CROP, IRRIGATED PORTION",US TOTAL,CROPS,ACRES,NATIONAL,
,,ALL UTILIZATION PRACTICES,ANNUAL,SOYBEANS,"SOYBEANS, IRRIGATED, PART OF CROP, NON-IRRIGATED PORTION - ACRES HARVESTED",2024-07-02 12:00:00.000,3.1,ALL CLASSES,2022,,,,US TOTAL,FIELD CROPS,00000000,00,99,,UNITED STATES,US,TOTAL,,NOT SPECIFIED,YEAR,,"6,663,197",,,AREA HARVESTED,9000,CENSUS,00,"IRRIGATED, PART OF CROP, NON-IRRIGATED PORTION",US TOTAL,CROPS,ACRES,NATIONAL,
,,ALL UTILIZATION PRACTICES,ANNUAL,SOYBEANS,"SOYBEANS, IRRIGATED - ACRES HARVESTED",2024-10-31 12:00:00.000,4.6,ALL CLASSES,2023,,,,US TOTAL,FIELD CROPS,00000000,00,99,,UNITED STATES,US,"IRRIGATION METHOD, PRIMARY",,"IRRIGATION METHOD, PRIMARY: (GRAVITY)",YEAR,,"4,122,138",,,AREA HARVESTED,9000,CENSUS,00,IRRIGATED,US TOTAL,CROPS,ACRES,NATIONAL,
,,ALL UTILIZATION PRACTICES,ANNUAL,SOYBEANS,"SOYBEANS, IRRIGATED - ACRES HARVESTED",2024-10-31 12:00:00.000,4.2,ALL CLASSES,2023,,,,US TOTAL,FIELD CROPS,00000000,00,99,,UNITED STATES,US,"IRRIGATION METHOD, PRIMARY",,"IRRIGATION METHOD, PRIMARY: (PRESSURE)",YEAR,,"4,068,288",,,AREA HARVESTED,9000,CENSUS,00,IRRIGATED,US TOTAL,CROPS,ACRES,NATIONAL,
,,ALL UTILIZATION PRACTICES,ANNUAL,SOYBEANS,"SOYBEANS, IRRIGATED - ACRES HARVESTED",2024-10-31 12:00:00.000,2.9,ALL CLASSES,2023,,,,US TOTAL,FIELD CROPS,00000000,00,99,,UNITED STATES,US,TOTAL,,NOT SPECIFIED,YEAR,,"8,190,426",,,AREA HARVESTED,9000,CENSUS,00,IRRIGATED,US TOTAL,CROPS,ACRES,NATIONAL,
,,ALL UTILIZATION PRACTICES,ANNUAL,SOYBEANS,"SOYBEANS, IRRIGATED - ACRES HARVESTED",2024-10-31 12:00:00.000,2.9,ALL CLASSES,2023,,,,US TOTAL,FIELD CROPS,00000000,00,99,,UNITED STATES,US,WATER SOURCE,,WATER SOURCE: (GROUND),YEAR,,"7,604,347",,,AREA HARVESTED,9000,CENSUS,00,IRRIGATED,US TOTAL,CROPS,ACRES,NATIONAL,
,,ALL UTILIZATION PRACTICES,ANNUAL,SOYBEANS,"SOYBEANS, IRRIGATED - ACRES HARVESTED",2024-10-31 12:00:00.000,18.7,ALL CLASSES,2023,,,,US TOTAL,FIELD CROPS,00000000,00,99,,UNITED STATES,US,WATER SOURCE,,WATER SOURCE: (OFF FARM),YEAR,,"167,851",,,AREA HARVESTED,9000,CENSUS,00,IRRIGATED,US TOTAL,CROPS,ACRES,NATIONAL,
,,ALL UTILIZATION PRACTICES,ANNUAL,SOYBEANS,"SOYBEANS, IRRIGATED - ACRES HARVESTED",2024-10-31 12:00:00.000,8.5,ALL CLASSES,2023,,,,US TOTAL,FIELD CROPS,00000000,00,99,,UNITED STATES,US,WATER SOURCE,,WATER SOURCE: (ON FARM SURFACE),YEAR,,"482,723",,,AREA HARVESTED,9000,CENSUS,00,IRRIGATED,US TOTAL,CROPS,ACRES,NATIONAL,
