freq_desc,util_practice_desc,country_code,country_name,year,county_ansi,domaincat_desc,statisticcat_desc,sector_desc,state_alpha,asd_desc,commodity_desc,asd_code,short_desc,domain_desc,load_time,region_desc,end_code,county_name,state_name,congr_district_code,group_desc,CV (%),source_desc,class_desc,week_ending,watershed_code,unit_desc,reference_period_desc,county_code,zip_5,prodn_practice_desc,agg_level_desc,state_fips_code,watershed_desc,state_ansi,begin_code,Value,location_desc
ANNUAL,ALL UTILIZATION PRACTICES,9000,UNITED STATES,1960,,NOT SPECIFIED,YIELD,CROPS,US,,SOYBEANS,,"SOYBEANS - YIELD, MEASURED IN BU / ACRE",TOTAL,2012-01-01 00:00:00.000,,00,,US TOTAL,,FIELD CROPS,,SURVEY,ALL CLASSES,,00000000,BU / ACRE,YEAR,,,ALL PRODUCTION PRACTICES,NATIONAL,99,,,00,23.5,US TOTAL
ANNUAL,ALL UTILIZATION PRACTICES,9000,UNITED STATES,1961,,NOT SPECIFIED,YIELD,CROPS,US,,SOYBEANS,,"SOYBEANS - YIELD, MEASURED IN BU / ACRE",TOTAL,2012-01-01 00:00:00.000,,00,,US TOTAL,,FIELD CROPS,,SURVEY,ALL CLASSES,,00000000,BU / ACRE,YEAR,,,ALL PRODUCTION PRACTICES,NATIONAL,99,,,00,25.1,US TOTAL
ANNUAL,ALL UTILIZATION PRACTICES,9000,UNITED STATES,1962,,NOT SPECIFIED,YIELD,CROPS,US,,SOYBEANS,,"SOYBEANS - YIELD, MEASURED IN BU / ACRE",TOTAL,2012-01-01 00:00:00.000,,00,,US TOTAL,,FIELD CROPS,,SURVEY,ALL CLASSES,,00000000,BU / ACRE,YEAR,,,ALL PRODUCTION PRACTICES,NATIONAL,99,,,00,24.2,US TOTAL
ANNUAL,ALL UTILIZATION PRACTICES,9000,UNITED STATES,1963,,NOT SPECIFIED,YIELD,CROPS,US,,SOYBEANS,,"SOYBEANS - YIELD, MEASURED IN BU / ACRE",TOTAL,2012-01-01 00:00:00.000,,00,,US TOTAL,,FIELD CROPS,,SURVEY,ALL CLASSES,,00000000,BU / ACRE,YEAR,,,ALL PRODUCTION PRACTICES,NATIONAL,99,,,00,24.4,US TOTAL
ANNUAL,ALL UTILIZATION PRACTICES,9000,UNITED STATES,1964,,NOT SPECIFIED,YIELD,CROPS,US,,SOYBEANS,,"SOYBEANS - YIELD, MEASURED IN BU / ACRE",TOTAL,2012-01-01 00:00:00.000,,00,,US TOTAL,,FIELD CROPS,,SURVEY,ALL CLASSES,,00000000,BU / ACRE,YEAR,,,ALL PRODUCTION PRACTICES,NATIONAL,99,,,00,22.8,US TOTAL
ANNUAL,ALL UTILIZATION PRACTICES,9000,UNITED STATES,1965,,NOT SPECIFIED,YIELD,CROPS,US,,SOYBEANS,,"SOYBEANS - YIELD, MEASURED IN BU / ACRE",TOTAL,2012-01-01 00:00:00.000,,00,,US TOTAL,,FIELD CROPS,,SURVEY,ALL CLASSES,,00000000,BU / ACRE,YEAR,,,ALL PRODUCTION PRACTICES,NATIONAL,99,,,00,24.5,US TOTAL
ANNUAL,ALL UTILIZATION PRACTICES,9000,UNITED STATES,1965,,NOT SPECIFIED,YIELD,CROPS,US,,SOYBEANS,,"SOYBEANS - YIELD, MEASURED IN BU / ACRE",TOTAL,2012-01-01 00:00:00.000,,00,,US TOTAL,,FIELD CROPS,,SURVEY,ALL CLASSES,,00000000,BU / ACRE,YEAR - AUG FORECAST,,,ALL PRODUCTION PRACTICES,NATIONAL,99,,,00,24.9,US TOTAL
ANNUAL,ALL UTILIZATION PRACTICES,9000,UNITED STATES,1965,,NOT SPECIFIED,YIELD,CROPS,US,,SOYBEANS,,"SOYBEANS - YIELD, MEASURED IN BU / ACRE",TOTAL,2012-01-01 00:00:00.000,,00,,US TOTAL,,FIELD CROPS,,SURVEY,ALL CLASSES,,00000000,BU / ACRE,YEAR - NOV FORECAST,,,ALL PRODUCTION PRACTICES,NATIONAL,99,,,00,24.6,US TOTAL
ANNUAL,ALL UTILIZATION PRACTICES,9000,UNITED STATES,1965,,NOT SPECIFIED,YIELD,CROPS,US,,SOYBEANS,,"SOYBEANS - YIELD, MEASURED IN BU / ACRE",TOTAL,2012-01-01 00:00:00.000,,00,,US TOTAL,,FIELD CROPS,,SURVEY,ALL CLASSES,,00000000,BU / ACRE,YEAR - OCT FORECAST,,,ALL PRODUCTION PRACTICES,NATIONAL,99,,,00,24.9,US TOTAL
ANNUAL,ALL UTILIZATION PRACTICES,9000,UNITED STATES,1965,,NOT SPECIFIED,YIELD,CROPS,US,,SOYBEANS,,"SOYBEANS - YIELD, MEASURED IN BU / ACRE",TOTAL,2012-01-01 00:00:00.000,,00,,US TOTAL,,FIELD CROPS,,SURVEY,ALL CLASSES,,00000000,BU / ACRE,YEAR - SEP FORECAST,,,ALL PRODUCTION PRACTICES,NATIONAL,99,,,00,25,US TOTAL
ANNUAL,ALL UTILIZATION PRACTICES,9000,UNITED STATES,1966,,NOT SPECIFIED,YIELD,CROPS,US,,SOYBEANS,,"SOYBEANS - YIELD, MEASURED IN BU / ACRE",TOTAL,2012-01-01 00:00:00.000,,00,,US TOTAL,,FIELD CROPS,,SURVEY,ALL CLASSES,,00000000,BU / ACRE,YEAR,,,ALL PRODUCTION PRACTICES,NATIONAL,99,,,00,25.4,US TOTAL
ANNUAL,ALL UTILIZATION PRACTICES,9000,UNITED STATES,1966,,NOT SPECIFIED,YIELD,CROPS,US,,SOYBEANS,,"SOYBEANS - YIELD, MEASURED IN BU / ACRE",TOTAL,2012-01-01 00:00:00.000,,00,,US TOTAL,,FIELD CROPS,,SURVEY,ALL CLASSES,,00000000,BU / ACRE,YEAR - AUG FORECAST,,,ALL PRODUCTION PRACTICES,NATIONAL,99,,,00,23.3,US TOTAL
ANNUAL,ALL UTILIZATION PRACTICES,9000,UNITED STATES,1966,,NOT SPECIFIED,YIELD,CROPS,US,,SOYBEANS,,"SOYBEANS - YIELD, MEASURED IN BU / ACRE",TOTAL,2012-01-01 00:00:00.000,,00,,US TOTAL,,FIELD CROPS,,SURVEY,ALL CLASSES,,00000000,BU / ACRE,YEAR - NOV FORECAST,,,ALL PRODUCTION PRACTICES,NATIONAL,99,,,00,25.2,US TOTAL
ANNUAL,ALL UTILIZATION PRACTICES,9000,UNITED STATES,1966,,NOT SPECIFIED,YIELD,CROPS,US,,SOYBEANS,,"SOYBEANS - YIELD, MEASURED IN BU / ACRE",TOTAL,2012-01-01 00:00:00.000,,00,,US TOTAL,,FIELD CROPS,,SURVEY,ALL CLASSES,,00000000,BU / ACRE,YEAR - OCT FORECAST,,,ALL PRODUCTION PRACTICES,NATIONAL,99,,,00,25.1,US TOTAL
ANNUAL,ALL UTILIZATION PRACTICES,9000,UNITED STATES,1966,,NOT SPECIFIED,YIELD,CROPS,US,,SOYBEANS,,"SOYBEANS - YIELD, MEASURED IN BU / ACRE",TOTAL,2012-01-01 00:00:00.000,,00,,US TOTAL,,FIELD CROPS,,SURVEY,ALL CLASSES,,00000000,BU / ACRE,YEAR - SEP FORECAST,,,ALL PRODUCTION PRACTICES,NATIONAL,99,,,00,25.1,US TOTAL
ANNUAL,ALL UTILIZATION PRACTICES,9000,UNITED STATES,1967,,NOT SPECIFIED,YIELD,CROPS,US,,SOYBEANS,,"SOYBEANS - YIELD, MEASURED IN BU / ACRE",TOTAL,2012-01-01 00:00:00.000,,00,,US TOTAL,,FIELD CROPS,,SURVEY,ALL CLASSES,,00000000,BU / ACRE,YEAR,,,ALL PRODUCTION PRACTICES,NATIONAL,99,,,00,24.5,US TOTAL
ANNUAL,ALL UTILIZATION PRACTICES,9000,UNITED STATES,1967,,NOT SPECIFIED,YIELD,CROPS,US,,SOYBEANS,,"SOYBEANS - YIELD, MEASURED IN BU / ACRE",TOTAL,2012-01-01 00:00:00.000,,00,,US TOTAL,,FIELD CROPS,,SURVEY,ALL CLASSES,,00000000,BU / ACRE,YEAR - AUG FORECAST,,,ALL PRODUCTION PRACTICES,NATIONAL,99,,,00,24.9,US TOTAL
ANNUAL,ALL UTILIZATION PRACTICES,9000,UNITED STATES,1967,,NOT SPECIFIED,YIELD,CROPS,US,,SOYBEANS,,"SOYBEANS - YIELD, MEASURED IN BU / ACRE",TOTAL,2012-01-01 00:00:00.000,,00,,US TOTAL,,FIELD CROPS,,SURVEY,ALL CLASSES,,00000000,BU / ACRE,YEAR - NOV FORECAST,,,ALL PRODUCTION PRACTICES,NATIONAL,99,,,00,24.6,US TOTAL
ANNUAL,ALL UTILIZATION PRACTICES,9000,UNITED STATES,1967,,NOT SPECIFIED,YIELD,CROPS,US,,SOYBEANS,,"SOYBEANS - YIELD, MEASURED IN BU / ACRE",TOTAL,2012-01-01 00:00:00.000,,00,,US TOTAL,,FIELD CROPS,,SURVEY,ALL CLASSES,,00000000,BU / ACRE,YEAR - OCT FORECAST,,,ALL PRODUCTION PRACTICES,NATIONAL,99,,,00,24.8,US TOTAL
ANNUAL,ALL UTILIZATION PRACTICES,9000,UNITED STATES,1967,,NOT SPECIFIED,YIELD,CROPS,US,,SOYBEANS,,"SOYBEANS - YIELD, MEASURED IN BU / ACRE",TOTAL,2012-01-01 00:00:00.000,,00,,US TOTAL,,FIELD CROPS,,SURVEY,ALL CLASSES,,00000000,BU / ACRE,YEAR - SEP FORECAST,,,ALL PRODUCTION PRACTICES,NATIONAL,99,,,00,25,US TOTAL
ANNUAL,ALL UTILIZATION PRACTICES,9000,UNITED STATES,1968,,NOT SPECIFIED,YIELD,CROPS,US,,SOYBEANS,,"SOYBEANS - YIELD, MEASURED IN BU / ACRE",TOTAL,2012-01-01 00:00:00.000,,00,,US TOTAL,,FIELD CROPS,,SURVEY,ALL CLASSES,,00000000,BU / ACRE,YEAR,,,ALL PRODUCTION PRACTICES,NATIONAL,99,,,00,26.7,US TOTAL
ANNUAL,ALL UTILIZATION PRACTICES,9000,UNITED STATES,1968,,NOT SPECIFIED,YIELD,CROPS,US,,SOYBEANS,,"SOYBEANS - YIELD, MEASURED IN BU / ACRE",TOTAL,2012-01-01 00:00:00.000,,00,,US TOTAL,,FIELD CROPS,,SURVEY,ALL CLASSES,,00000000,BU / ACRE,YEAR - AUG FORECAST,,,ALL PRODUCTION PRACTICES,NATIONAL,99,,,00,26,US TOTAL
ANNUAL,ALL UTILIZATION PRACTICES,9000,UNITED STATES,1968,,NOT SPECIFIED,YIELD,CROPS,US,,SOYBEANS,,"SOYBEANS - YIELD, MEASURED IN BU / ACRE",TOTAL,2012-01-01 00:00:00.000,,00,,US TOTAL,,FIELD CROPS,,SURVEY,ALL CLASSES,,00000000,BU / ACRE,YEAR - NOV FORECAST,,,ALL PRODUCTION PRACTICES,NATIONAL,99,,,00,26.4,US TOTAL
ANNUAL,ALL UTILIZATION PRACTICES,9000,UNITED STATES,1968,,NOT SPECIFIED,YIELD,CROPS,US,,SOYBEANS,,"SOYBEANS - YIELD, MEASURED IN BU / ACRE",TOTAL,2012-01-01 00:00:00.000,,00,,US TOTAL,,FIELD CROPS,,SURVEY,ALL CLASSES,,00000000,BU / ACRE,YEAR - OCT FORECAST,,,ALL PRODUCTION PRACTICES,NATIONAL,99,,,00,26,US TOTAL
ANNUAL,ALL UTILIZATION PRACTICES,9000,UNITED STATES,1968,,NOT SPECIFIED,YIELD,CROPS,US,,SOYBEANS,,"SOYBEANS - YIELD, MEASURED IN BU / ACRE",TOTAL,2012-01-01 00:00:00.000,,00,,US TOTAL,,FIELD CROPS,,SURVEY,ALL CLASSES,,00000000,BU / ACRE,YEAR - SEP FORECAST,,,ALL PRODUCTION PRACTICES,NATIONAL,99,,,00,26.4,US TOTAL
ANNUAL,ALL UTILIZATION PRACTICES,9000,UNITED STATES,1969,,NOT SPECIFIED,YIELD,CROPS,US,,SOYBEANS,,"SOYBEANS - YIELD, MEASURED IN BU / ACRE",TOTAL,2012-01-01 00:00:00.000,,00,,US TOTAL,,FIELD CROPS,,SURVEY,ALL CLASSES,,00000000,BU / ACRE,YEAR,,,ALL PRODUCTION PRACTICES,NATIONAL,99,,,00,27.4,US TOTAL
ANNUAL,ALL UTILIZATION PRACTICES,9000,UNITED STATES,1969,,NOT SPECIFIED,YIELD,CROPS,US,,SOYBEANS,,"SOYBEANS - YIELD, MEASURED IN BU / ACRE",TOTAL,2012-01-01 00:00:00.000,,00,,US TOTAL,,FIELD CROPS,,SURVEY,ALL CLASSES,,00000000,BU / ACRE,YEAR - AUG FORECAST,,,ALL PRODUCTION PRACTICES,NATIONAL,99,,,00,25.5,US TOTAL
ANNUAL,ALL UTILIZATION PRACTICES,9000,UNITED STATES,1969,,NOT SPECIFIED,YIELD,CROPS,US,,SOYBEANS,,"SOYBEANS - YIELD, MEASURED IN BU / ACRE",TOTAL,2012-01-01 00:00:00.000,,00,,US TOTAL,,FIELD CROPS,,SURVEY,ALL CLASSES,,00000000,BU / ACRE,YEAR - NOV FORECAST,,,ALL PRODUCTION PRACTICES,NATIONAL,99,,,00,26.3,US TOTAL
ANNUAL,ALL UTILIZATION PRACTICES,9000,UNITED STATES,1969,,NOT SPECIFIED,YIELD,CROPS,US,,SOYBEANS,,"SOYBEANS - YIELD, MEASURED IN BU / ACRE",TOTAL,2012-01-01 00:00:00.000,,00,,US TOTAL,,FIELD CROPS,,SURVEY,ALL CLASSES,,00000000,BU / ACRE,YEAR - OCT FORECAST,,,ALL PRODUCTION PRACTICES,NATIONAL,99,,,00,25.7,US TOTAL
ANNUAL,ALL UTILIZATION PRACTICES,9000,UNITED STATES,1969,,NOT SPECIFIED,YIELD,CROPS,US,,SOYBEANS,,"SOYBEANS - YIELD, MEASURED IN BU / ACRE",TOTAL,2012-01-01 00:00:00.000,,00,,US TOTAL,,FIELD CROPS,,SURVEY,ALL CLASSES,,00000000,BU / ACRE,YEAR - SEP FORECAST,,,ALL PRODUCTION PRACTICES,NATIONAL,99,,,00,25.3,US TOTAL
ANNUAL,ALL UTILIZATION PRACTICES,9000,UNITED STATES,1970,,NOT SPECIFIED,YIELD,CROPS,US,,SOYBEANS,,"SOYBEANS - YIELD, MEASURED IN BU / ACRE",TOTAL,2012-01-01 00:00:00.000,,00,,US TOTAL,,FIELD CROPS,,SURVEY,ALL CLASSES,,00000000,BU / ACRE,YEAR,,,ALL PRODUCTION PRACTICES,NATIONAL,99,,,00,26.7,US TOTAL
ANNUAL,ALL UTILIZATION PRACTICES,9000,UNITED STATES,1970,,NOT SPECIFIED,YIELD,CROPS,US,,SOYBEANS,,"SOYBEANS - YIELD, MEASURED IN BU / ACRE",TOTAL,2012-01-01 00:00:00.000,,00,,US TOTAL,,FIELD CROPS,,SURVEY,ALL CLASSES,,00000000,BU / ACRE,YEAR - AUG FORECAST,,,ALL PRODUCTION PRACTICES,NATIONAL,99,,,00,26.8,US TOTAL
ANNUAL,ALL UTILIZATION PRACTICES,9000,UNITED STATES,1970,,NOT SPECIFIED,YIELD,CROPS,US,,SOYBEANS,,"SOYBEANS - YIELD, MEASURED IN BU / ACRE",TOTAL,2012-01-01 00:00:00.000,,00,,US TOTAL,,FIELD CROPS,,SURVEY,ALL CLASSES,,00000000,BU / ACRE,YEAR - NOV FORECAST,,,ALL PRODUCTION PRACTICES,NATIONAL,99,,,00,27.3,US TOTAL
ANNUAL,ALL UTILIZATION PRACTICES,9000,UNITED STATES,1970,,NOT SPECIFIED,YIELD,CROPS,US,,SOYBEANS,,"SOYBEANS - YIELD, MEASURED IN BU / ACRE",TOTAL,2012-01-01 00:00:00.000,,00,,US TOTAL,,FIELD CROPS,,SURVEY,ALL CLASSES,,00000000,BU / ACRE,YEAR - OCT FORECAST,,,ALL PRODUCTION PRACTICES,NATIONAL,99,,,00,27.3,US TOTAL
ANNUAL,ALL UTILIZATION PRACTICES,9000,UNITED STATES,1970,,NOT SPECIFIED,YIELD,CROPS,US,,SOYBEANS,,"SOYBEANS - YIELD, MEASURED IN BU / ACRE",TOTAL,2012-01-01 00:00:00.000,,00,,US TOTAL,,FIELD CROPS,,SURVEY,ALL CLASSES,,00000000,BU / ACRE,YEAR - SEP FORECAST,,,ALL PRODUCTION PRACTICES,NATIONAL,99,,,00,27.2,US TOTAL
ANNUAL,ALL UTILIZATION PRACTICES,9000,UNITED STATES,1971,,NOT SPECIFIED,YIELD,CROPS,US,,SOYBEANS,,"SOYBEANS - YIELD, MEASURED IN BU / ACRE",TOTAL,2012-01-01 00:00:00.000,,00,,US TOTAL,,FIELD CROPS,,SURVEY,ALL CLASSES,,00000000,BU / ACRE,YEAR,,,ALL PRODUCTION PRACTICES,NATIONAL,99,,,00,27.5,US TOTAL
ANNUAL,ALL UTILIZATION PRACTICES,9000,UNITED STATES,1971,,NOT SPECIFIED,YIELD,CROPS,US,,SOYBEANS,,"SOYBEANS - YIELD, MEASURED IN BU / ACRE",TOTAL,2012-01-01 00:00:00.000,,00,,US TOTAL,,FIELD CROPS,,SURVEY,ALL CLASSES,,00000000,BU / ACRE,YEAR - AUG FORECAST,,,ALL PRODUCTION PRACTICES,NATIONAL,99,,,00,28.8,US TOTAL
ANNUAL,ALL UTILIZATION PRACTICES,9000,UNITED STATES,1971,,NOT SPECIFIED,YIELD,CROPS,US,,SOYBEANS,,"SOYBEANS - YIELD, MEASURED IN BU / ACRE",TOTAL,2012-01-01 00:00:00.000,,00,,US TOTAL,,FIELD CROPS,,SURVEY,ALL CLASSES,,00000000,BU / ACRE,YEAR - NOV FORECAST,,,ALL PRODUCTION PRACTICES,NATIONAL,99,,,00,28,US TOTAL
ANNUAL,ALL UTILIZATION PRACTICES,9000,UNITED STATES,1971,,NOT SPECIFIED,YIELD,CROPS,US,,SOYBEANS,,"SOYBEANS - YIELD, MEASURED IN BU / ACRE",TOTAL,2012-01-01 00:00:00.000,,00,,US TOTAL,,FIELD CROPS,,SURVEY,ALL CLASSES,,00000000,BU / ACRE,YEAR - OCT FORECAST,,,ALL PRODUCTION PRACTICES,NATIONAL,99,,,00,27.4,US TOTAL
ANNUAL,ALL UTILIZATION PRACTICES,9000,UNITED STATES,1971,,NOT SPECIFIED,YIELD,CROPS,US,,SOYBEANS,,"SOYBEANS - YIELD, MEASURED IN BU / ACRE",TOTAL,2012-01-01 00:00:00.000,,00,,US TOTAL,,FIELD CROPS,,SURVEY,ALL CLASSES,,00000000,BU / ACRE,YEAR - SEP FORECAST,,,ALL PRODUCTION PRACTICES,NATIONAL,99,,,00,27.7,US TOTAL
ANNUAL,ALL UTILIZATION PRACTICES,9000,UNITED STATES,1972,,NOT SPECIFIED,YIELD,CROPS,US,,SOYBEANS,,"SOYBEANS - YIELD, MEASURED IN BU / ACRE",TOTAL,2012-01-01 00:00:00.000,,00,,US TOTAL,,FIELD CROPS,,SURVEY,ALL CLASSES,,00000000,BU / ACRE,YEAR,,,ALL PRODUCTION PRACTICES,NATIONAL,99,,,00,27.8,US TOTAL
ANNUAL,ALL UTILIZATION PRACTICES,9000,UNITED STATES,1972,,NOT SPECIFIED,YIELD,CROPS,US,,SOYBEANS,,"SOYBEANS - YIELD, MEASURED IN BU / ACRE",TOTAL,2012-01-01 00:00:00.000,,00,,US TOTAL,,FIELD CROPS,,SURVEY,ALL CLASSES,,00000000,BU / ACRE,YEAR - AUG FORECAST,,,ALL PRODUCTION PRACTICES,NATIONAL,99,,,00,27.7,US TOTAL
ANNUAL,ALL UTILIZATION PRACTICES,9000,UNITED STATES,1972,,NOT SPECIFIED,YIELD,CROPS,US,,SOYBEANS,,"SOYBEANS - YIELD, MEASURED IN BU / ACRE",TOTAL,2012-01-01 00:00:00.000,,00,,US TOTAL,,FIELD CROPS,,SURVEY,ALL CLASSES,,00000000,BU / ACRE,YEAR - NOV FORECAST,,,ALL PRODUCTION PRACTICES,NATIONAL,99,,,00,29.5,US TOTAL
ANNUAL,ALL UTILIZATION PRACTICES,9000,UNITED STATES,1972,,NOT SPECIFIED,YIELD,CROPS,US,,SOYBEANS,,"SOYBEANS - YIELD, MEASURED IN BU / ACRE",TOTAL,2012-01-01 00:00:00.000,,00,,US TOTAL,,FIELD CROPS,,SURVEY,ALL CLASSES,,00000000,BU / ACRE,YEAR - OCT FORECAST,,,ALL PRODUCTION PRACTICES,NATIONAL,99,,,00,28.7,US TOTAL
ANNUAL,ALL UTILIZATION PRACTICES,9000,UNITED STATES,1972,,NOT SPECIFIED,YIELD,CROPS,US,,SOYBEANS,,"SOYBEANS - YIELD, MEASURED IN BU / ACRE",TOTAL,2012-01-01 00:00:00.000,,00,,US TOTAL,,FIELD CROPS,,SURVEY,ALL CLASSES,,00000000,BU / ACRE,YEAR - SEP FORECAST,,,ALL PRODUCTION PRACTICES,NATIONAL,99,,,00,28.1,US TOTAL
ANNUAL,ALL UTILIZATION PRACTICES,9000,UNITED STATES,1973,,NOT SPECIFIED,YIELD,CROPS,US,,SOYBEANS,,"SOYBEANS - YIELD, MEASURED IN BU / ACRE",TOTAL,2012-01-01 00:00:00.000,,00,,US TOTAL,,FIELD CROPS,,SURVEY,ALL CLASSES,,00000000,BU / ACRE,YEAR,,,ALL PRODUCTION PRACTICES,NATIONAL,99,,,00,27.8,US TOTAL
ANNUAL,ALL UTILIZATION PRACTICES,9000,UNITED STATES,1973,,NOT SPECIFIED,YIELD,CROPS,US,,SOYBEANS,,"SOYBEANS - YIELD, MEASURED IN BU / ACRE",TOTAL,2012-01-01 00:00:00.000,,00,,US TOTAL,,FIELD CROPS,,SURVEY,ALL CLASSES,,00000000,BU / ACRE,YEAR - AUG FORECAST,,,ALL PRODUCTION PRACTICES,NATIONAL,99,,,00,27.4,US TOTAL
ANNUAL,ALL UTILIZATION PRACTICES,9000,UNITED STATES,1973,,NOT SPECIFIED,YIELD,CROPS,US,,SOYBEANS,,"SOYBEANS - YIELD, MEASURED IN BU / ACRE",TOTAL,2012-01-01 00:00:00.000,,00,,US TOTAL,,FIELD CROPS,,SURVEY,ALL CLASSES,,00000000,BU / ACRE,YEAR - NOV FORECAST,,,ALL PRODUCTION PRACTICES,NATIONAL,99,,,00,28,US TOTAL
ANNUAL,ALL UTILIZATION PRACTICES,9000,UNITED STATES,1973,,NOT SPECIFIED,YIELD,CROPS,US,,SOYBEANS,,"SOYBEANS - YIELD, MEASURED IN BU / ACRE",TOTAL,2012-01-01 00:00:00.000,,00,,US TOTAL,,FIELD CROPS,,SURVEY,ALL CLASSES,,00000000,BU / ACRE,YEAR - OCT FORECAST,,,ALL PRODUCTION PRACTICES,NATIONAL,99,,,00,28.3,US TOTAL
ANNUAL,ALL UTILIZATION PRACTICES,9000,UNITED STATES,1973,,NOT SPECIFIED,YIELD,CROPS,US,,SOYBEANS,,"SOYBEANS - YIELD, MEASURED IN BU / ACRE",TOTAL,2012-01-01 00:00:00.000,,00,,US TOTAL,,FIELD CROPS,,SURVEY,ALL CLASSES,,00000000,BU / ACRE,YEAR - SEP FORECAST,,,ALL PRODUCTION PRACTICES,NATIONAL,99,,,00,28.3,US TOTAL
ANNUAL,ALL UTILIZATION PRACTICES,9000,UNITED STATES,1974,,NOT SPECIFIED,YIELD,CROPS,US,,SOYBEANS,,"SOYBEANS - YIELD, MEASURED IN BU / ACRE",TOTAL,2012-01-01 00:00:00.000,,00,,US TOTAL,,FIELD CROPS,,SURVEY,ALL CLASSES,,00000000,BU / ACRE,YEAR,,,ALL PRODUCTION PRACTICES,NATIONAL,99,,,00,23.7,US TOTAL
ANNUAL,ALL UTILIZATION PRACTICES,9000,UNITED STATES,1974,,NOT SPECIFIED,YIELD,CROPS,US,,SOYBEANS,,"SOYBEANS - YIELD, MEASURED IN BU / ACRE",TOTAL,2012-01-01 00:00:00.000,,00,,US TOTAL,,FIELD CROPS,,SURVEY,ALL CLASSES,,00000000,BU / ACRE,YEAR - AUG FORECAST,,,ALL PRODUCTION PRACTICES,NATIONAL,99,,,00,25.1,US TOTAL
ANNUAL,ALL UTILIZATION PRACTICES,9000,UNITED STATES,1974,,NOT SPECIFIED,YIELD,CROPS,US,,SOYBEANS,,"SOYBEANS - YIELD, MEASURED IN BU / ACRE",TOTAL,2012-01-01 00:00:00.000,,00,,US TOTAL,,FIELD CROPS,,SURVEY,ALL CLASSES,,00000000,BU / ACRE,YEAR - NOV FORECAST,,,ALL PRODUCTION PRACTICES,NATIONAL,99,,,00,23.7,US TOTAL
ANNUAL,ALL UTILIZATION PRACTICES,9000,UNITED STATES,1974,,NOT SPECIFIED,YIELD,CROPS,US,,SOYBEANS,,"SOYBEANS - YIELD, MEASURED IN BU / ACRE",TOTAL,2012-01-01 00:00:00.000,,00,,US TOTAL,,FIELD CROPS,,SURVEY,ALL CLASSES,,00000000,BU / ACRE,YEAR - OCT FORECAST,,,ALL PRODUCTION PRACTICES,NATIONAL,99,,,00,24,US TOTAL
ANNUAL,ALL UTILIZATION PRACTICES,9000,UNITED STATES,1974,,NOT SPECIFIED,YIELD,CROPS,US,,SOYBEANS,,"SOYBEANS - YIELD, MEASURED IN BU / ACRE",TOTAL,2012-01-01 00:00:00.000,,00,,US TOTAL,,FIELD CROPS,,SURVEY,ALL CLASSES,,00000000,BU / ACRE,YEAR - SEP FORECAST,,,ALL PRODUCTION PRACTICES,NATIONAL,99,,,00,25.1,US TOTAL
ANNUAL,ALL UTILIZATION PRACTICES,9000,UNITED STATES,1975,,NOT SPECIFIED,YIELD,CROPS,US,,SOYBEANS,,"SOYBEANS - YIELD, MEASURED IN BU / ACRE",TOTAL,2012-01-01 00:00:00.000,,00,,US TOTAL,,FIELD CROPS,,SURVEY,ALL CLASSES,,00000000,BU / ACRE,YEAR,,,ALL PRODUCTION PRACTICES,NATIONAL,99,,,00,28.9,US TOTAL
ANNUAL,ALL UTILIZATION PRACTICES,9000,UNITED STATES,1975,,NOT SPECIFIED,YIELD,CROPS,US,,SOYBEANS,,"SOYBEANS - YIELD, MEASURED IN BU / ACRE",TOTAL,2012-01-01 00:00:00.000,,00,,US TOTAL,,FIELD CROPS,,SURVEY,ALL CLASSES,,00000000,BU / ACRE,YEAR - AUG FORECAST,,,ALL PRODUCTION PRACTICES,NATIONAL,99,,,00,27.2,US TOTAL
ANNUAL,ALL UTILIZATION PRACTICES,9000,UNITED STATES,1975,,NOT SPECIFIED,YIELD,CROPS,US,,SOYBEANS,,"SOYBEANS - YIELD, MEASURED IN BU / ACRE",TOTAL,2012-01-01 00:00:00.000,,00,,US TOTAL,,FIELD CROPS,,SURVEY,ALL CLASSES,,00000000,BU / ACRE,YEAR - NOV FORECAST,,,ALL PRODUCTION PRACTICES,NATIONAL,99,,,00,28.4,US TOTAL
ANNUAL,ALL UTILIZATION PRACTICES,9000,UNITED STATES,1975,,NOT SPECIFIED,YIELD,CROPS,US,,SOYBEANS,,"SOYBEANS - YIELD, MEASURED IN BU / ACRE",TOTAL,2012-01-01 00:00:00.000,,00,,US TOTAL,,FIELD CROPS,,SURVEY,ALL CLASSES,,00000000,BU / ACRE,YEAR - OCT FORECAST,,,ALL PRODUCTION PRACTICES,NATIONAL,99,,,00,27.5,US TOTAL
ANNUAL,ALL UTILIZATION PRACTICES,9000,UNITED STATES,1975,,NOT SPECIFIED,YIELD,CROPS,US,,SOYBEANS,,"SOYBEANS - YIELD, MEASURED IN BU / ACRE",TOTAL,2012-01-01 00:00:00.000,,00,,US TOTAL,,FIELD CROPS,,SURVEY,ALL CLASSES,,00000000,BU / ACRE,YEAR - SEP FORECAST,,,ALL PRODUCTION PRACTICES,NATIONAL,99,,,00,26.9,US TOTAL
ANNUAL,ALL UTILIZATION PRACTICES,9000,UNITED STATES,1976,,NOT SPECIFIED,YIELD,CROPS,US,,SOYBEANS,,"SOYBEANS - YIELD, MEASURED IN BU / ACRE",TOTAL,2012-01-01 00:00:00.000,,00,,US TOTAL,,FIELD CROPS,,SURVEY,ALL CLASSES,,00000000,BU / ACRE,YEAR,,,ALL PRODUCTION PRACTICES,NATIONAL,99,,,00,26.1,US TOTAL
ANNUAL,ALL UTILIZATION PRACTICES,9000,UNITED STATES,1976,,NOT SPECIFIED,YIELD,CROPS,US,,SOYBEANS,,"SOYBEANS - YIELD, MEASURED IN BU / ACRE",TOTAL,2012-01-01 00:00:00.000,,00,,US TOTAL,,FIELD CROPS,,SURVEY,ALL CLASSES,,00000000,BU / ACRE,YEAR - AUG FORECAST,,,ALL PRODUCTION PRACTICES,NATIONAL,99,,,00,27.2,US TOTAL
ANNUAL,ALL UTILIZATION PRACTICES,9000,UNITED STATES,1976,,NOT SPECIFIED,YIELD,CROPS,US,,SOYBEANS,,"SOYBEANS - YIELD, MEASURED IN BU / ACRE",TOTAL,2012-01-01 00:00:00.000,,00,,US TOTAL,,FIELD CROPS,,SURVEY,ALL CLASSES,,00000000,BU / ACRE,YEAR - NOV FORECAST,,,ALL PRODUCTION PRACTICES,NATIONAL,99,,,00,25.3,US TOTAL
ANNUAL,ALL UTILIZATION PRACTICES,9000,UNITED STATES,1976,,NOT SPECIFIED,YIELD,CROPS,US,,SOYBEANS,,"SOYBEANS - YIELD, MEASURED IN BU / ACRE",TOTAL,2012-01-01 00:00:00.000,,00,,US TOTAL,,FIELD CROPS,,SURVEY,ALL CLASSES,,00000000,BU / ACRE,YEAR - OCT FORECAST,,,ALL PRODUCTION PRACTICES,NATIONAL,99,,,00,25.3,US TOTAL
ANNUAL,ALL UTILIZATION PRACTICES,9000,UNITED STATES,1976,,NOT SPECIFIED,YIELD,CROPS,US,,SOYBEANS,,"SOYBEANS - YIELD, MEASURED IN BU / ACRE",TOTAL,2012-01-01 00:00:00.000,,00,,US TOTAL,,FIELD CROPS,,SURVEY,ALL CLASSES,,00000000,BU / ACRE,YEAR - SEP FORECAST,,,ALL PRODUCTION PRACTICES,NATIONAL,99,,,00,25.8,US TOTAL
ANNUAL,ALL UTILIZATION PRACTICES,9000,UNITED STATES,1977,,NOT SPECIFIED,YIELD,CROPS,US,,SOYBEANS,,"SOYBEANS - YIELD, MEASURED IN BU / ACRE",TOTAL,2012-01-01 00:00:00.000,,00,,US TOTAL,,FIELD CROPS,,SURVEY,ALL CLASSES,,00000000,BU / ACRE,YEAR,,,ALL PRODUCTION PRACTICES,NATIONAL,99,,,00,30.6,US TOTAL
ANNUAL,ALL UTILIZATION PRACTICES,9000,UNITED STATES,1977,,NOT SPECIFIED,YIELD,CROPS,US,,SOYBEANS,,"SOYBEANS - YIELD, MEASURED IN BU / ACRE",TOTAL,2012-01-01 00:00:00.000,,00,,US TOTAL,,FIELD CROPS,,SURVEY,ALL CLASSES,,00000000,BU / ACRE,YEAR - AUG FORECAST,,,ALL PRODUCTION PRACTICES,NATIONAL,99,,,00,27.5,US TOTAL
ANNUAL,ALL UTILIZATION PRACTICES,9000,UNITED STATES,1977,,NOT SPECIFIED,YIELD,CROPS,US,,SOYBEANS,,"SOYBEANS - YIELD, MEASURED IN BU / ACRE",TOTAL,2012-01-01 00:00:00.000,,00,,US TOTAL,,FIELD CROPS,,SURVEY,ALL CLASSES,,00000000,BU / ACRE,YEAR - NOV FORECAST,,,ALL PRODUCTION PRACTICES,NATIONAL,99,,,00,28.9,US TOTAL
ANNUAL,ALL UTILIZATION PRACTICES,9000,UNITED STATES,1977,,NOT SPECIFIED,YIELD,CROPS,US,,SOYBEANS,,"SOYBEANS - YIELD, MEASURED IN BU / ACRE",TOTAL,2012-01-01 00:00:00.000,,00,,US TOTAL,,FIELD CROPS,,SURVEY,ALL CLASSES,,00000000,BU / ACRE,YEAR - OCT FORECAST,,,ALL PRODUCTION PRACTICES,NATIONAL,99,,,00,28.3,US TOTAL
ANNUAL,ALL UTILIZATION PRACTICES,9000,UNITED STATES,1977,,NOT SPECIFIED,YIELD,CROPS,US,,SOYBEANS,,"SOYBEANS - YIELD, MEASURED IN BU / ACRE",TOTAL,2012-01-01 00:00:00.000,,00,,US TOTAL,,FIELD CROPS,,SURVEY,ALL CLASSES,,00000000,BU / ACRE,YEAR - SEP FORECAST,,,ALL PRODUCTION PRACTICES,NATIONAL,99,,,00,28.3,US TOTAL
ANNUAL,ALL UTILIZATION PRACTICES,9000,UNITED STATES,1978,,NOT SPECIFIED,YIELD,CROPS,US,,SOYBEANS,,"SOYBEANS - YIELD, MEASURED IN BU / ACRE",TOTAL,2012-01-01 00:00:00.000,,00,,US TOTAL,,FIELD CROPS,,SURVEY,ALL CLASSES,,00000000,BU / ACRE,YEAR,,,ALL PRODUCTION PRACTICES,NATIONAL,99,,,00,29.4,US TOTAL
ANNUAL,ALL UTILIZATION PRACTICES,9000,UNITED STATES,1978,,NOT SPECIFIED,YIELD,CROPS,US,,SOYBEANS,,"SOYBEANS - YIELD, MEASURED IN BU / ACRE",TOTAL,2012-01-01 00:00:00.000,,00,,US TOTAL,,FIELD CROPS,,SURVEY,ALL CLASSES,,00000000,BU / ACRE,YEAR - AUG FORECAST,,,ALL PRODUCTION PRACTICES,NATIONAL,99,,,00,27.9,US TOTAL
ANNUAL,ALL UTILIZATION PRACTICES,9000,UNITED STATES,1978,,NOT SPECIFIED,YIELD,CROPS,US,,SOYBEANS,,"SOYBEANS - YIELD, MEASURED IN BU / ACRE",TOTAL,2012-01-01 00:00:00.000,,00,,US TOTAL,,FIELD CROPS,,SURVEY,ALL CLASSES,,00000000,BU / ACRE,YEAR - NOV FORECAST,,,ALL PRODUCTION PRACTICES,NATIONAL,99,,,00,28.6,US TOTAL
ANNUAL,ALL UTILIZATION PRACTICES,9000,UNITED STATES,1978,,NOT SPECIFIED,YIELD,CROPS,US,,SOYBEANS,,"SOYBEANS - YIELD, MEASURED IN BU / ACRE",TOTAL,2012-01-01 00:00:00.000,,00,,US TOTAL,,FIELD CROPS,,SURVEY,ALL CLASSES,,00000000,BU / ACRE,YEAR - OCT FORECAST,,,ALL PRODUCTION PRACTICES,NATIONAL,99,,,00,28.3,US TOTAL
ANNUAL,ALL UTILIZATION PRACTICES,9000,UNITED STATES,1978,,NOT SPECIFIED,YIELD,CROPS,US,,SOYBEANS,,"SOYBEANS - YIELD, MEASURED IN BU / ACRE",TOTAL,2012-01-01 00:00:00.000,,00,,US TOTAL,,FIELD CROPS,,SURVEY,ALL CLASSES,,00000000,BU / ACRE,YEAR - SEP FORECAST,,,ALL PRODUCTION PRACTICES,NATIONAL,99,,,00,28,US TOTAL
ANNUAL,ALL UTILIZATION PRACTICES,9000,UNITED STATES,1979,,NOT SPECIFIED,YIELD,CROPS,US,,SOYBEANS,,"SOYBEANS - YIELD, MEASURED IN BU / ACRE",TOTAL,2012-01-01 00:00:00.000,,00,,US TOTAL,,FIELD CROPS,,SURVEY,ALL CLASSES,,00000000,BU / ACRE,YEAR,,,ALL PRODUCTION PRACTICES,NATIONAL,99,,,00,32.1,US TOTAL
ANNUAL,ALL UTILIZATION PRACTICES,9000,UNITED STATES,1979,,NOT SPECIFIED,YIELD,CROPS,US,,SOYBEANS,,"SOYBEANS - YIELD, MEASURED IN BU / ACRE",TOTAL,2012-01-01 00:00:00.000,,00,,US TOTAL,,FIELD CROPS,,SURVEY,ALL CLASSES,,00000000,BU / ACRE,YEAR - AUG FORECAST,,,ALL PRODUCTION PRACTICES,NATIONAL,99,,,00,30.3,US TOTAL
ANNUAL,ALL UTILIZATION PRACTICES,9000,UNITED STATES,1979,,NOT SPECIFIED,YIELD,CROPS,US,,SOYBEANS,,"SOYBEANS - YIELD, MEASURED IN BU / ACRE",TOTAL,2012-01-01 00:00:00.000,,00,,US TOTAL,,FIELD CROPS,,SURVEY,ALL CLASSES,,00000000,BU / ACRE,YEAR - NOV FORECAST,,,ALL PRODUCTION PRACTICES,NATIONAL,99,,,00,31.8,US TOTAL
ANNUAL,ALL UTILIZATION PRACTICES,9000,UNITED STATES,1979,,NOT SPECIFIED,YIELD,CROPS,US,,SOYBEANS,,"SOYBEANS - YIELD, MEASURED IN BU / ACRE",TOTAL,2012-01-01 00:00:00.000,,00,,US TOTAL,,FIELD CROPS,,SURVEY,ALL CLASSES,,00000000,BU / ACRE,YEAR - OCT FORECAST,,,ALL PRODUCTION PRACTICES,NATIONAL,99,,,00,31.5,US TOTAL
ANNUAL,ALL UTILIZATION PRACTICES,9000,UNITED STATES,1979,,NOT SPECIFIED,YIELD,CROPS,US,,SOYBEANS,,"SOYBEANS - YIELD, MEASURED IN BU / ACRE",TOTAL,2012-01-01 00:00:00.000,,00,,US TOTAL,,FIELD CROPS,,SURVEY,ALL CLASSES,,00000000,BU / ACRE,YEAR - SEP FORECAST,,,ALL PRODUCTION PRACTICES,NATIONAL,99,,,00,30.9,US TOTAL
ANNUAL,ALL UTILIZATION PRACTICES,9000,UNITED STATES,1980,,NOT SPECIFIED,YIELD,CROPS,US,,SOYBEANS,,"SOYBEANS - YIELD, MEASURED IN BU / ACRE",TOTAL,2012-01-01 00:00:00.000,,00,,US TOTAL,,FIELD CROPS,,SURVEY,ALL CLASSES,,00000000,BU / ACRE,YEAR,,,ALL PRODUCTION PRACTICES,NATIONAL,99,,,00,26.5,US TOTAL
ANNUAL,ALL UTILIZATION PRACTICES,9000,UNITED STATES,1980,,NOT SPECIFIED,YIELD,CROPS,US,,SOYBEANS,,"SOYBEANS - YIELD, MEASURED IN BU / ACRE",TOTAL,2012-01-01 00:00:00.000,,00,,US TOTAL,,FIELD CROPS,,SURVEY,ALL CLASSES,,00000000,BU / ACRE,YEAR - AUG FORECAST,,,ALL PRODUCTION PRACTICES,NATIONAL,99,,,00,27.4,US TOTAL
ANNUAL,ALL UTILIZATION PRACTICES,9000,UNITED STATES,1980,,NOT SPECIFIED,YIELD,CROPS,US,,SOYBEANS,,"SOYBEANS - YIELD, MEASURED IN BU / ACRE",TOTAL,2012-01-01 00:00:00.000,,00,,US TOTAL,,FIELD CROPS,,SURVEY,ALL CLASSES,,00000000,BU / ACRE,YEAR - NOV FORECAST,,,ALL PRODUCTION PRACTICES,NATIONAL,99,,,00,26.5,US TOTAL
ANNUAL,ALL UTILIZATION PRACTICES,9000,UNITED STATES,1980,,NOT SPECIFIED,YIELD,CROPS,US,,SOYBEANS,,"SOYBEANS - YIELD, MEASURED IN BU / ACRE",TOTAL,2012-01-01 00:00:00.000,,00,,US TOTAL,,FIELD CROPS,,SURVEY,ALL CLASSES,,00000000,BU / ACRE,YEAR - OCT FORECAST,,,ALL PRODUCTION PRACTICES,NATIONAL,99,,,00,26.1,US TOTAL
ANNUAL,ALL UTILIZATION PRACTICES,9000,UNITED STATES,1980,,NOT SPECIFIED,YIELD,CROPS,US,,SOYBEANS,,"SOYBEANS - YIELD, MEASURED IN BU / ACRE",TOTAL,2012-01-01 00:00:00.000,,00,,US TOTAL,,FIELD CROPS,,SURVEY,ALL CLASSES,,00000000,BU / ACRE,YEAR - SEP FORECAST,,,ALL PRODUCTION PRACTICES,NATIONAL,99,,,00,27,US TOTAL
ANNUAL,ALL UTILIZATION PRACTICES,9000,UNITED STATES,1981,,NOT SPECIFIED,YIELD,CROPS,US,,SOYBEANS,,"SOYBEANS - YIELD, MEASURED IN BU / ACRE",TOTAL,2012-01-01 00:00:00.000,,00,,US TOTAL,,FIELD CROPS,,SURVEY,ALL CLASSES,,00000000,BU / ACRE,YEAR,,,ALL PRODUCTION PRACTICES,NATIONAL,99,,,00,30.1,US TOTAL
ANNUAL,ALL UTILIZATION PRACTICES,9000,UNITED STATES,1981,,NOT SPECIFIED,YIELD,CROPS,US,,SOYBEANS,,"SOYBEANS - YIELD, MEASURED IN BU / ACRE",TOTAL,2012-01-01 00:00:00.000,,00,,US TOTAL,,FIELD CROPS,,SURVEY,ALL CLASSES,,00000000,BU / ACRE,YEAR - AUG FORECAST,,,ALL PRODUCTION PRACTICES,NATIONAL,99,,,00,30.2,US TOTAL
ANNUAL,ALL UTILIZATION PRACTICES,9000,UNITED STATES,1981,,NOT SPECIFIED,YIELD,CROPS,US,,SOYBEANS,,"SOYBEANS - YIELD, MEASURED IN BU / ACRE",TOTAL,2012-01-01 00:00:00.000,,00,,US TOTAL,,FIELD CROPS,,SURVEY,ALL CLASSES,,00000000,BU / ACRE,YEAR - NOV FORECAST,,,ALL PRODUCTION PRACTICES,NATIONAL,99,,,00,31,US TOTAL
ANNUAL,ALL UTILIZATION PRACTICES,9000,UNITED STATES,1981,,NOT SPECIFIED,YIELD,CROPS,US,,SOYBEANS,,"SOYBEANS - YIELD, MEASURED IN BU / ACRE",TOTAL,2012-01-01 00:00:00.000,,00,,US TOTAL,,FIELD CROPS,,SURVEY,ALL CLASSES,,00000000,BU / ACRE,YEAR - OCT FORECAST,,,ALL PRODUCTION PRACTICES,NATIONAL,99,,,00,31.5,US TOTAL
ANNUAL,ALL UTILIZATION PRACTICES,9000,UNITED STATES,1981,,NOT SPECIFIED,YIELD,CROPS,US,,SOYBEANS,,"SOYBEANS - YIELD, MEASURED IN BU / ACRE",TOTAL,2012-01-01 00:00:00.000,,00,,US TOTAL,,FIELD CROPS,,SURVEY,ALL CLASSES,,00000000,BU / ACRE,YEAR - SEP FORECAST,,,ALL PRODUCTION PRACTICES,NATIONAL,99,,,00,31.2,US TOTAL
ANNUAL,ALL UTILIZATION PRACTICES,9000,UNITED STATES,1982,,NOT SPECIFIED,YIELD,CROPS,US,,SOYBEANS,,"SOYBEANS - YIELD, MEASURED IN BU / ACRE",TOTAL,2012-01-01 00:00:00.000,,00,,US TOTAL,,FIELD CROPS,,SURVEY,ALL CLASSES,,00000000,BU / ACRE,YEAR,,,ALL PRODUCTION PRACTICES,NATIONAL,99,,,00,31.5,US TOTAL
ANNUAL,ALL UTILIZATION PRACTICES,9000,UNITED STATES,1982,,NOT SPECIFIED,YIELD,CROPS,US,,SOYBEANS,,"SOYBEANS - YIELD, MEASURED IN BU / ACRE",TOTAL,2012-01-01 00:00:00.000,,00,,US TOTAL,,FIELD CROPS,,SURVEY,ALL CLASSES,,00000000,BU / ACRE,YEAR - AUG FORECAST,,,ALL PRODUCTION PRACTICES,NATIONAL,99,,,00,32.3,US TOTAL
ANNUAL,ALL UTILIZATION PRACTICES,9000,UNITED STATES,1982,,NOT SPECIFIED,YIELD,CROPS,US,,SOYBEANS,,"SOYBEANS - YIELD, MEASURED IN BU / ACRE",TOTAL,2012-01-01 00:00:00.000,,00,,US TOTAL,,FIELD CROPS,,SURVEY,ALL CLASSES,,00000000,BU / ACRE,YEAR - NOV FORECAST,,,ALL PRODUCTION PRACTICES,NATIONAL,99,,,00,32.4,US TOTAL
ANNUAL,ALL UTILIZATION PRACTICES,9000,UNITED STATES,1982,,NOT SPECIFIED,YIELD,CROPS,US,,SOYBEANS,,"SOYBEANS - YIELD, MEASURED IN BU / ACRE",TOTAL,2012-01-01 00:00:00.000,,00,,US TOTAL,,FIELD CROPS,,SURVEY,ALL CLASSES,,00000000,BU / ACRE,YEAR - OCT FORECAST,,,ALL PRODUCTION PRACTICES,NATIONAL,99,,,00,32.4,US TOTAL
ANNUAL,ALL UTILIZATION PRACTICES,9000,UNITED STATES,1982,,NOT SPECIFIED,YIELD,CROPS,US,,SOYBEANS,,"SOYBEANS - YIELD, MEASURED IN BU / ACRE",TOTAL,2012-01-01 00:00:00.000,,00,,US TOTAL,,FIELD CROPS,,SURVEY,ALL CLASSES,,00000000,BU / ACRE,YEAR - SEP FORECAST,,,ALL PRODUCTION PRACTICES,NATIONAL,99,,,00,32.6,US TOTAL
ANNUAL,ALL UTILIZATION PRACTICES,9000,UNITED STATES,1983,,NOT SPECIFIED,YIELD,CROPS,US,,SOYBEANS,,"SOYBEANS - YIELD, MEASURED IN BU / ACRE",TOTAL,2012-01-01 00:00:00.000,,00,,US TOTAL,,FIELD CROPS,,SURVEY,ALL CLASSES,,00000000,BU / ACRE,YEAR,,,ALL PRODUCTION PRACTICES,NATIONAL,99,,,00,26.2,US TOTAL
ANNUAL,ALL UTILIZATION PRACTICES,9000,UNITED STATES,1983,,NOT SPECIFIED,YIELD,CROPS,US,,SOYBEANS,,"SOYBEANS - YIELD, MEASURED IN BU / ACRE",TOTAL,2012-01-01 00:00:00.000,,00,,US TOTAL,,FIELD CROPS,,SURVEY,ALL CLASSES,,00000000,BU / ACRE,YEAR - AUG FORECAST,,,ALL PRODUCTION PRACTICES,NATIONAL,99,,,00,29.7,US TOTAL
ANNUAL,ALL UTILIZATION PRACTICES,9000,UNITED STATES,1983,,NOT SPECIFIED,YIELD,CROPS,US,,SOYBEANS,,"SOYBEANS - YIELD, MEASURED IN BU / ACRE",TOTAL,2012-01-01 00:00:00.000,,00,,US TOTAL,,FIELD CROPS,,SURVEY,ALL CLASSES,,00000000,BU / ACRE,YEAR - NOV FORECAST,,,ALL PRODUCTION PRACTICES,NATIONAL,99,,,00,25,US TOTAL
ANNUAL,ALL UTILIZATION PRACTICES,9000,UNITED STATES,1983,,NOT SPECIFIED,YIELD,CROPS,US,,SOYBEANS,,"SOYBEANS - YIELD, MEASURED IN BU / ACRE",TOTAL,2012-01-01 00:00:00.000,,00,,US TOTAL,,FIELD CROPS,,SURVEY,ALL CLASSES,,00000000,BU / ACRE,YEAR - OCT FORECAST,,,ALL PRODUCTION PRACTICES,NATIONAL,99,,,00,24.7,US TOTAL
ANNUAL,ALL UTILIZATION PRACTICES,9000,UNITED STATES,1983,,NOT SPECIFIED,YIELD,CROPS,US,,SOYBEANS,,"SOYBEANS - YIELD, MEASURED IN BU / ACRE",TOTAL,2012-01-01 00:00:00.000,,00,,US TOTAL,,FIELD CROPS,,SURVEY,ALL CLASSES,,00000000,BU / ACRE,YEAR - SEP FORECAST,,,ALL PRODUCTION PRACTICES,NATIONAL,99,,,00,24.9,US TOTAL
ANNUAL,ALL UTILIZATION PRACTICES,9000,UNITED STATES,1984,,NOT SPECIFIED,YIELD,CROPS,US,,SOYBEANS,,"SOYBEANS - YIELD, MEASURED IN BU / ACRE",TOTAL,2012-01-01 00:00:00.000,,00,,US TOTAL,,FIELD CROPS,,SURVEY,ALL CLASSES,,00000000,BU / ACRE,YEAR,,,ALL PRODUCTION PRACTICES,NATIONAL,99,,,00,28.1,US TOTAL
ANNUAL,ALL UTILIZATION PRACTICES,9000,UNITED STATES,1984,,NOT SPECIFIED,YIELD,CROPS,US,,SOYBEANS,,"SOYBEANS - YIELD, MEASURED IN BU / ACRE",TOTAL,2012-01-01 00:00:00.000,,00,,US TOTAL,,FIELD CROPS,,SURVEY,ALL CLASSES,,00000000,BU / ACRE,YEAR - AUG FORECAST,,,ALL PRODUCTION PRACTICES,NATIONAL,99,,,00,30.5,US TOTAL
ANNUAL,ALL UTILIZATION PRACTICES,9000,UNITED STATES,1984,,NOT SPECIFIED,YIELD,CROPS,US,,SOYBEANS,,"SOYBEANS - YIELD, MEASURED IN BU / ACRE",TOTAL,2012-01-01 00:00:00.000,,00,,US TOTAL,,FIELD CROPS,,SURVEY,ALL CLASSES,,00000000,BU / ACRE,YEAR - NOV FORECAST,,,ALL PRODUCTION PRACTICES,NATIONAL,99,,,00,28.5,US TOTAL
ANNUAL,ALL UTILIZATION PRACTICES,9000,UNITED STATES,1984,,NOT SPECIFIED,YIELD,CROPS,US,,SOYBEANS,,"SOYBEANS - YIELD, MEASURED IN BU / ACRE",TOTAL,2012-01-01 00:00:00.000,,00,,US TOTAL,,FIELD CROPS,,SURVEY,ALL CLASSES,,00000000,BU / ACRE,YEAR - OCT FORECAST,,,ALL PRODUCTION PRACTICES,NATIONAL,99,,,00,29.5,US TOTAL
ANNUAL,ALL UTILIZATION PRACTICES,9000,UNITED STATES,1984,,NOT SPECIFIED,YIELD,CROPS,US,,SOYBEANS,,"SOYBEANS - YIELD, MEASURED IN BU / ACRE",TOTAL,2012-01-01 00:00:00.000,,00,,US TOTAL,,FIELD CROPS,,SURVEY,ALL CLASSES,,00000000,BU / ACRE,YEAR - SEP FORECAST,,,ALL PRODUCTION PRACTICES,NATIONAL,99,,,00,30.3,US TOTAL
ANNUAL,ALL UTILIZATION PRACTICES,9000,UNITED STATES,1985,,NOT SPECIFIED,YIELD,CROPS,US,,SOYBEANS,,"SOYBEANS - YIELD, MEASURED IN BU / ACRE",TOTAL,2012-01-01 00:00:00.000,,00,,US TOTAL,,FIELD CROPS,,SURVEY,ALL CLASSES,,00000000,BU / ACRE,YEAR,,,ALL PRODUCTION PRACTICES,NATIONAL,99,,,00,34.1,US TOTAL
ANNUAL,ALL UTILIZATION PRACTICES,9000,UNITED STATES,1985,,NOT SPECIFIED,YIELD,CROPS,US,,SOYBEANS,,"SOYBEANS - YIELD, MEASURED IN BU / ACRE",TOTAL,2012-01-01 00:00:00.000,,00,,US TOTAL,,FIELD CROPS,,SURVEY,ALL CLASSES,,00000000,BU / ACRE,YEAR - AUG FORECAST,,,ALL PRODUCTION PRACTICES,NATIONAL,99,,,00,31.5,US TOTAL
ANNUAL,ALL UTILIZATION PRACTICES,9000,UNITED STATES,1985,,NOT SPECIFIED,YIELD,CROPS,US,,SOYBEANS,,"SOYBEANS - YIELD, MEASURED IN BU / ACRE",TOTAL,2012-01-01 00:00:00.000,,00,,US TOTAL,,FIELD CROPS,,SURVEY,ALL CLASSES,,00000000,BU / ACRE,YEAR - NOV FORECAST,,,ALL PRODUCTION PRACTICES,NATIONAL,99,,,00,34.2,US TOTAL
ANNUAL,ALL UTILIZATION PRACTICES,9000,UNITED STATES,1985,,NOT SPECIFIED,YIELD,CROPS,US,,SOYBEANS,,"SOYBEANS - YIELD, MEASURED IN BU / ACRE",TOTAL,2012-01-01 00:00:00.000,,00,,US TOTAL,,FIELD CROPS,,SURVEY,ALL CLASSES,,00000000,BU / ACRE,YEAR - OCT FORECAST,,,ALL PRODUCTION PRACTICES,NATIONAL,99,,,00,33.9,US TOTAL
ANNUAL,ALL UTILIZATION PRACTICES,9000,UNITED STATES,1985,,NOT SPECIFIED,YIELD,CROPS,US,,SOYBEANS,,"SOYBEANS - YIELD, MEASURED IN BU / ACRE",TOTAL,2012-01-01 00:00:00.000,,00,,US TOTAL,,FIELD CROPS,,SURVEY,ALL CLASSES,,00000000,BU / ACRE,YEAR - SEP FORECAST,,,ALL PRODUCTION PRACTICES,NATIONAL,99,,,00,33.2,US TOTAL
ANNUAL,ALL UTILIZATION PRACTICES,9000,UNITED STATES,1986,,NOT SPECIFIED,YIELD,CROPS,US,,SOYBEANS,,"SOYBEANS - YIELD, MEASURED IN BU / ACRE",TOTAL,2012-01-01 00:00:00.000,,00,,US TOTAL,,FIELD CROPS,,SURVEY,ALL CLASSES,,00000000,BU / ACRE,YEAR,,,ALL PRODUCTION PRACTICES,NATIONAL,99,,,00,33.3,US TOTAL
ANNUAL,ALL UTILIZATION PRACTICES,9000,UNITED STATES,1986,,NOT SPECIFIED,YIELD,CROPS,US,,SOYBEANS,,"SOYBEANS - YIELD, MEASURED IN BU / ACRE",TOTAL,2012-01-01 00:00:00.000,,00,,US TOTAL,,FIELD CROPS,,SURVEY,ALL CLASSES,,00000000,BU / ACRE,YEAR - AUG FORECAST,,,ALL PRODUCTION PRACTICES,NATIONAL,99,,,00,32.9,US TOTAL
ANNUAL,ALL UTILIZATION PRACTICES,9000,UNITED STATES,1986,,NOT SPECIFIED,YIELD,CROPS,US,,SOYBEANS,,"SOYBEANS - YIELD, MEASURED IN BU / ACRE",TOTAL,2012-01-01 00:00:00.000,,00,,US TOTAL,,FIELD CROPS,,SURVEY,ALL CLASSES,,00000000,BU / ACRE,YEAR - NOV FORECAST,,,ALL PRODUCTION PRACTICES,NATIONAL,99,,,00,33.8,US TOTAL
ANNUAL,ALL UTILIZATION PRACTICES,9000,UNITED STATES,1986,,NOT SPECIFIED,YIELD,CROPS,US,,SOYBEANS,,"SOYBEANS - YIELD, MEASURED IN BU / ACRE",TOTAL,2012-01-01 00:00:00.000,,00,,US TOTAL,,FIELD CROPS,,SURVEY,ALL CLASSES,,00000000,BU / ACRE,YEAR - OCT FORECAST,,,ALL PRODUCTION PRACTICES,NATIONAL,99,,,00,33.3,US TOTAL
ANNUAL,ALL UTILIZATION PRACTICES,9000,UNITED STATES,1986,,NOT SPECIFIED,YIELD,CROPS,US,,SOYBEANS,,"SOYBEANS - YIELD, MEASURED IN BU / ACRE",TOTAL,2012-01-01 00:00:00.000,,00,,US TOTAL,,FIELD CROPS,,SURVEY,ALL CLASSES,,00000000,BU / ACRE,YEAR - SEP FORECAST,,,ALL PRODUCTION PRACTICES,NATIONAL,99,,,00,33.1,US TOTAL
ANNUAL,ALL UTILIZATION PRACTICES,9000,UNITED STATES,1987,,NOT SPECIFIED,YIELD,CROPS,US,,SOYBEANS,,"SOYBEANS - YIELD, MEASURED IN BU / ACRE",TOTAL,2012-01-01 00:00:00.000,,00,,US TOTAL,,FIELD CROPS,,SURVEY,ALL CLASSES,,00000000,BU / ACRE,YEAR,,,ALL PRODUCTION PRACTICES,NATIONAL,99,,,00,33.9,US TOTAL
ANNUAL,ALL UTILIZATION PRACTICES,9000,UNITED STATES,1987,,NOT SPECIFIED,YIELD,CROPS,US,,SOYBEANS,,"SOYBEANS - YIELD, MEASURED IN BU / ACRE",TOTAL,2012-01-01 00:00:00.000,,00,,US TOTAL,,FIELD CROPS,,SURVEY,ALL CLASSES,,00000000,BU / ACRE,YEAR - AUG FORECAST,,,ALL PRODUCTION PRACTICES,NATIONAL,99,,,00,34.7,US TOTAL
ANNUAL,ALL UTILIZATION PRACTICES,9000,UNITED STATES,1987,,NOT SPECIFIED,YIELD,CROPS,US,,SOYBEANS,,"SOYBEANS - YIELD, MEASURED IN BU / ACRE",TOTAL,2012-01-01 00:00:00.000,,00,,US TOTAL,,FIELD CROPS,,SURVEY,ALL CLASSES,,00000000,BU / ACRE,YEAR - NOV FORECAST,,,ALL PRODUCTION PRACTICES,NATIONAL,99,,,00,34.1,US TOTAL
ANNUAL,ALL UTILIZATION PRACTICES,9000,UNITED STATES,1987,,NOT SPECIFIED,YIELD,CROPS,US,,SOYBEANS,,"SOYBEANS - YIELD, MEASURED IN BU / ACRE",TOTAL,2012-01-01 00:00:00.000,,00,,US TOTAL,,FIELD CROPS,,SURVEY,ALL CLASSES,,00000000,BU / ACRE,YEAR - OCT FORECAST,,,ALL PRODUCTION PRACTICES,NATIONAL,99,,,00,34.2,US TOTAL
ANNUAL,ALL UTILIZATION PRACTICES,9000,UNITED STATES,1987,,NOT SPECIFIED,YIELD,CROPS,US,,SOYBEANS,,"SOYBEANS - YIELD, MEASURED IN BU / ACRE",TOTAL,2012-01-01 00:00:00.000,,00,,US TOTAL,,FIELD CROPS,,SURVEY,ALL CLASSES,,00000000,BU / ACRE,YEAR - SEP FORECAST,,,ALL PRODUCTION PRACTICES,NATIONAL,99,,,00,34,US TOTAL
ANNUAL,ALL UTILIZATION PRACTICES,9000,UNITED STATES,1988,,NOT SPECIFIED,YIELD,CROPS,US,,SOYBEANS,,"SOYBEANS - YIELD, MEASURED IN BU / ACRE",TOTAL,2012-01-01 00:00:00.000,,00,,US TOTAL,,FIELD CROPS,,SURVEY,ALL CLASSES,,00000000,BU / ACRE,YEAR,,,ALL PRODUCTION PRACTICES,NATIONAL,99,,,00,27,US TOTAL
ANNUAL,ALL UTILIZATION PRACTICES,9000,UNITED STATES,1988,,NOT SPECIFIED,YIELD,CROPS,US,,SOYBEANS,,"SOYBEANS - YIELD, MEASURED IN BU / ACRE",TOTAL,2012-01-01 00:00:00.000,,00,,US TOTAL,,FIELD CROPS,,SURVEY,ALL CLASSES,,00000000,BU / ACRE,YEAR - AUG FORECAST,,,ALL PRODUCTION PRACTICES,NATIONAL,99,,,00,26,US TOTAL
ANNUAL,ALL UTILIZATION PRACTICES,9000,UNITED STATES,1988,,NOT SPECIFIED,YIELD,CROPS,US,,SOYBEANS,,"SOYBEANS - YIELD, MEASURED IN BU / ACRE",TOTAL,2012-01-01 00:00:00.000,,00,,US TOTAL,,FIELD CROPS,,SURVEY,ALL CLASSES,,00000000,BU / ACRE,YEAR - NOV FORECAST,,,ALL PRODUCTION PRACTICES,NATIONAL,99,,,00,26.6,US TOTAL
ANNUAL,ALL UTILIZATION PRACTICES,9000,UNITED STATES,1988,,NOT SPECIFIED,YIELD,CROPS,US,,SOYBEANS,,"SOYBEANS - YIELD, MEASURED IN BU / ACRE",TOTAL,2012-01-01 00:00:00.000,,00,,US TOTAL,,FIELD CROPS,,SURVEY,ALL CLASSES,,00000000,BU / ACRE,YEAR - OCT FORECAST,,,ALL PRODUCTION PRACTICES,NATIONAL,99,,,00,26.4,US TOTAL
ANNUAL,ALL UTILIZATION PRACTICES,9000,UNITED STATES,1988,,NOT SPECIFIED,YIELD,CROPS,US,,SOYBEANS,,"SOYBEANS - YIELD, MEASURED IN BU / ACRE",TOTAL,2012-01-01 00:00:00.000,,00,,US TOTAL,,FIELD CROPS,,SURVEY,ALL CLASSES,,00000000,BU / ACRE,YEAR - SEP FORECAST,,,ALL PRODUCTION PRACTICES,NATIONAL,99,,,00,25.9,US TOTAL
ANNUAL,ALL UTILIZATION PRACTICES,9000,UNITED STATES,1989,,NOT SPECIFIED,YIELD,CROPS,US,,SOYBEANS,,"SOYBEANS - YIELD, MEASURED IN BU / ACRE",TOTAL,2012-01-01 00:00:00.000,,00,,US TOTAL,,FIELD CROPS,,SURVEY,ALL CLASSES,,00000000,BU / ACRE,YEAR,,,ALL PRODUCTION PRACTICES,NATIONAL,99,,,00,32.3,US TOTAL
ANNUAL,ALL UTILIZATION PRACTICES,9000,UNITED STATES,1989,,NOT SPECIFIED,YIELD,CROPS,US,,SOYBEANS,,"SOYBEANS - YIELD, MEASURED IN BU / ACRE",TOTAL,2012-01-01 00:00:00.000,,00,,US TOTAL,,FIELD CROPS,,SURVEY,ALL CLASSES,,00000000,BU / ACRE,YEAR - AUG FORECAST,,,ALL PRODUCTION PRACTICES,NATIONAL,99,,,00,32.3,US TOTAL
ANNUAL,ALL UTILIZATION PRACTICES,9000,UNITED STATES,1989,,NOT SPECIFIED,YIELD,CROPS,US,,SOYBEANS,,"SOYBEANS - YIELD, MEASURED IN BU / ACRE",TOTAL,2012-01-01 00:00:00.000,,00,,US TOTAL,,FIELD CROPS,,SURVEY,ALL CLASSES,,00000000,BU / ACRE,YEAR - NOV FORECAST,,,ALL PRODUCTION PRACTICES,NATIONAL,99,,,00,32.8,US TOTAL
ANNUAL,ALL UTILIZATION PRACTICES,9000,UNITED STATES,1989,,NOT SPECIFIED,YIELD,CROPS,US,,SOYBEANS,,"SOYBEANS - YIELD, MEASURED IN BU / ACRE",TOTAL,2012-01-01 00:00:00.000,,00,,US TOTAL,,FIELD CROPS,,SURVEY,ALL CLASSES,,00000000,BU / ACRE,YEAR - OCT FORECAST,,,ALL PRODUCTION PRACTICES,NATIONAL,99,,,00,32.6,US TOTAL
ANNUAL,ALL UTILIZATION PRACTICES,9000,UNITED STATES,1989,,NOT SPECIFIED,YIELD,CROPS,US,,SOYBEANS,,"SOYBEANS - YIELD, MEASURED IN BU / ACRE",TOTAL,2012-01-01 00:00:00.000,,00,,US TOTAL,,FIELD CROPS,,SURVEY,ALL CLASSES,,00000000,BU / ACRE,YEAR - SEP FORECAST,,,ALL PRODUCTION PRACTICES,NATIONAL,99,,,00,32,US TOTAL
ANNUAL,ALL UTILIZATION PRACTICES,9000,UNITED STATES,1990,,NOT SPECIFIED,YIELD,CROPS,US,,SOYBEANS,,"SOYBEANS - YIELD, MEASURED IN BU / ACRE",TOTAL,2012-01-01 00:00:00.000,,00,,US TOTAL,,FIELD CROPS,,SURVEY,ALL CLASSES,,00000000,BU / ACRE,YEAR,,,ALL PRODUCTION PRACTICES,NATIONAL,99,,,00,34.1,US TOTAL
ANNUAL,ALL UTILIZATION PRACTICES,9000,UNITED STATES,1990,,NOT SPECIFIED,YIELD,CROPS,US,,SOYBEANS,,"SOYBEANS - YIELD, MEASURED IN BU / ACRE",TOTAL,2012-01-01 00:00:00.000,,00,,US TOTAL,,FIELD CROPS,,SURVEY,ALL CLASSES,,00000000,BU / ACRE,YEAR - AUG FORECAST,,,ALL PRODUCTION PRACTICES,NATIONAL,99,,,00,32.5,US TOTAL
ANNUAL,ALL UTILIZATION PRACTICES,9000,UNITED STATES,1990,,NOT SPECIFIED,YIELD,CROPS,US,,SOYBEANS,,"SOYBEANS - YIELD, MEASURED IN BU / ACRE",TOTAL,2012-01-01 00:00:00.000,,00,,US TOTAL,,FIELD CROPS,,SURVEY,ALL CLASSES,,00000000,BU / ACRE,YEAR - NOV FORECAST,,,ALL PRODUCTION PRACTICES,NATIONAL,99,,,00,33.7,US TOTAL
ANNUAL,ALL UTILIZATION PRACTICES,9000,UNITED STATES,1990,,NOT SPECIFIED,YIELD,CROPS,US,,SOYBEANS,,"SOYBEANS - YIELD, MEASURED IN BU / ACRE",TOTAL,2012-01-01 00:00:00.000,,00,,US TOTAL,,FIELD CROPS,,SURVEY,ALL CLASSES,,00000000,BU / ACRE,YEAR - OCT FORECAST,,,ALL PRODUCTION PRACTICES,NATIONAL,99,,,00,32.3,US TOTAL
ANNUAL,ALL UTILIZATION PRACTICES,9000,UNITED STATES,1990,,NOT SPECIFIED,YIELD,CROPS,US,,SOYBEANS,,"SOYBEANS - YIELD, MEASURED IN BU / ACRE",TOTAL,2012-01-01 00:00:00.000,,00,,US TOTAL,,FIELD CROPS,,SURVEY,ALL CLASSES,,00000000,BU / ACRE,YEAR - SEP FORECAST,,,ALL PRODUCTION PRACTICES,NATIONAL,99,,,00,32.4,US TOTAL
ANNUAL,ALL UTILIZATION PRACTICES,9000,UNITED STATES,1991,,NOT SPECIFIED,YIELD,CROPS,US,,SOYBEANS,,"SOYBEANS - YIELD, MEASURED IN BU / ACRE",TOTAL,2012-01-01 00:00:00.000,,00,,US TOTAL,,FIELD CROPS,,SURVEY,ALL CLASSES,,00000000,BU / ACRE,YEAR,,,ALL PRODUCTION PRACTICES,NATIONAL,99,,,00,34.2,US TOTAL
ANNUAL,ALL UTILIZATION PRACTICES,9000,UNITED STATES,1991,,NOT SPECIFIED,YIELD,CROPS,US,,SOYBEANS,,"SOYBEANS - YIELD, MEASURED IN BU / ACRE",TOTAL,2012-01-01 00:00:00.000,,00,,US TOTAL,,FIELD CROPS,,SURVEY,ALL CLASSES,,00000000,BU / ACRE,YEAR - AUG FORECAST,,,ALL PRODUCTION PRACTICES,NATIONAL,99,,,00,31.8,US TOTAL
ANNUAL,ALL UTILIZATION PRACTICES,9000,UNITED STATES,1991,,NOT SPECIFIED,YIELD,CROPS,US,,SOYBEANS,,"SOYBEANS - YIELD, MEASURED IN BU / ACRE",TOTAL,2012-01-01 00:00:00.000,,00,,US TOTAL,,FIELD CROPS,,SURVEY,ALL CLASSES,,00000000,BU / ACRE,YEAR - NOV FORECAST,,,ALL PRODUCTION PRACTICES,NATIONAL,99,,,00,33.5,US TOTAL
ANNUAL,ALL UTILIZATION PRACTICES,9000,UNITED STATES,1991,,NOT SPECIFIED,YIELD,CROPS,US,,SOYBEANS,,"SOYBEANS - YIELD, MEASURED IN BU / ACRE",TOTAL,2012-01-01 00:00:00.000,,00,,US TOTAL,,FIELD CROPS,,SURVEY,ALL CLASSES,,00000000,BU / ACRE,YEAR - OCT FORECAST,,,ALL PRODUCTION PRACTICES,NATIONAL,99,,,00,33,US TOTAL
ANNUAL,ALL UTILIZATION PRACTICES,9000,UNITED STATES,1991,,NOT SPECIFIED,YIELD,CROPS,US,,SOYBEANS,,"SOYBEANS - YIELD, MEASURED IN BU / ACRE",TOTAL,2012-01-01 00:00:00.000,,00,,US TOTAL,,FIELD CROPS,,SURVEY,ALL CLASSES,,00000000,BU / ACRE,YEAR - SEP FORECAST,,,ALL PRODUCTION PRACTICES,NATIONAL,99,,,00,31,US TOTAL
ANNUAL,ALL UTILIZATION PRACTICES,9000,UNITED STATES,1992,,NOT SPECIFIED,YIELD,CROPS,US,,SOYBEANS,,"SOYBEANS - YIELD, MEASURED IN BU / ACRE",TOTAL,2012-01-01 00:00:00.000,,00,,US TOTAL,,FIELD CROPS,,SURVEY,ALL CLASSES,,00000000,BU / ACRE,YEAR,,,ALL PRODUCTION PRACTICES,NATIONAL,99,,,00,37.6,US TOTAL
ANNUAL,ALL UTILIZATION PRACTICES,9000,UNITED STATES,1992,,NOT SPECIFIED,YIELD,CROPS,US,,SOYBEANS,,"SOYBEANS - YIELD, MEASURED IN BU / ACRE",TOTAL,2012-01-01 00:00:00.000,,00,,US TOTAL,,FIELD CROPS,,SURVEY,ALL CLASSES,,00000000,BU / ACRE,YEAR - AUG FORECAST,,,ALL PRODUCTION PRACTICES,NATIONAL,99,,,00,35.8,US TOTAL
ANNUAL,ALL UTILIZATION PRACTICES,9000,UNITED STATES,1992,,NOT SPECIFIED,YIELD,CROPS,US,,SOYBEANS,,"SOYBEANS - YIELD, MEASURED IN BU / ACRE",TOTAL,2012-01-01 00:00:00.000,,00,,US TOTAL,,FIELD CROPS,,SURVEY,ALL CLASSES,,00000000,BU / ACRE,YEAR - NOV FORECAST,,,ALL PRODUCTION PRACTICES,NATIONAL,99,,,00,37.3,US TOTAL
ANNUAL,ALL UTILIZATION PRACTICES,9000,UNITED STATES,1992,,NOT SPECIFIED,YIELD,CROPS,US,,SOYBEANS,,"SOYBEANS - YIELD, MEASURED IN BU / ACRE",TOTAL,2012-01-01 00:00:00.000,,00,,US TOTAL,,FIELD CROPS,,SURVEY,ALL CLASSES,,00000000,BU / ACRE,YEAR - OCT FORECAST,,,ALL PRODUCTION PRACTICES,NATIONAL,99,,,00,36.3,US TOTAL
ANNUAL,ALL UTILIZATION PRACTICES,9000,UNITED STATES,1992,,NOT SPECIFIED,YIELD,CROPS,US,,SOYBEANS,,"SOYBEANS - YIELD, MEASURED IN BU / ACRE",TOTAL,2012-01-01 00:00:00.000,,00,,US TOTAL,,FIELD CROPS,,SURVEY,ALL CLASSES,,00000000,BU / ACRE,YEAR - SEP FORECAST,,,ALL PRODUCTION PRACTICES,NATIONAL,99,,,00,35.9,US TOTAL
ANNUAL,ALL UTILIZATION PRACTICES,9000,UNITED STATES,1993,,NOT SPECIFIED,YIELD,CROPS,US,,SOYBEANS,,"SOYBEANS - YIELD, MEASURED IN BU / ACRE",TOTAL,2012-01-01 00:00:00.000,,00,,US TOTAL,,FIELD CROPS,,SURVEY,ALL CLASSES,,00000000,BU / ACRE,YEAR,,,ALL PRODUCTION PRACTICES,NATIONAL,99,,,00,32.6,US TOTAL
ANNUAL,ALL UTILIZATION PRACTICES,9000,UNITED STATES,1993,,NOT SPECIFIED,YIELD,CROPS,US,,SOYBEANS,,"SOYBEANS - YIELD, MEASURED IN BU / ACRE",TOTAL,2012-01-01 00:00:00.000,,00,,US TOTAL,,FIELD CROPS,,SURVEY,ALL CLASSES,,00000000,BU / ACRE,YEAR - AUG FORECAST,,,ALL PRODUCTION PRACTICES,NATIONAL,99,,,00,33.8,US TOTAL
ANNUAL,ALL UTILIZATION PRACTICES,9000,UNITED STATES,1993,,NOT SPECIFIED,YIELD,CROPS,US,,SOYBEANS,,"SOYBEANS - YIELD, MEASURED IN BU / ACRE",TOTAL,2012-01-01 00:00:00.000,,00,,US TOTAL,,FIELD CROPS,,SURVEY,ALL CLASSES,,00000000,BU / ACRE,YEAR - NOV FORECAST,,,ALL PRODUCTION PRACTICES,NATIONAL,99,,,00,32.7,US TOTAL
ANNUAL,ALL UTILIZATION PRACTICES,9000,UNITED STATES,1993,,NOT SPECIFIED,YIELD,CROPS,US,,SOYBEANS,,"SOYBEANS - YIELD, MEASURED IN BU / ACRE",TOTAL,2012-01-01 00:00:00.000,,00,,US TOTAL,,FIELD CROPS,,SURVEY,ALL CLASSES,,00000000,BU / ACRE,YEAR - OCT FORECAST,,,ALL PRODUCTION PRACTICES,NATIONAL,99,,,00,33.7,US TOTAL
ANNUAL,ALL UTILIZATION PRACTICES,9000,UNITED STATES,1993,,NOT SPECIFIED,YIELD,CROPS,US,,SOYBEANS,,"SOYBEANS - YIELD, MEASURED IN BU / ACRE",TOTAL,2012-01-01 00:00:00.000,,00,,US TOTAL,,FIELD CROPS,,SURVEY,ALL CLASSES,,00000000,BU / ACRE,YEAR - SEP FORECAST,,,ALL PRODUCTION PRACTICES,NATIONAL,99,,,00,34,US TOTAL
ANNUAL,ALL UTILIZATION PRACTICES,9000,UNITED STATES,1994,,NOT SPECIFIED,YIELD,CROPS,US,,SOYBEANS,,"SOYBEANS - YIELD, MEASURED IN BU / ACRE",TOTAL,2012-01-01 00:00:00.000,,00,,US TOTAL,,FIELD CROPS,,SURVEY,ALL CLASSES,,00000000,BU / ACRE,YEAR,,,ALL PRODUCTION PRACTICES,NATIONAL,99,,,00,41.4,US TOTAL
ANNUAL,ALL UTILIZATION PRACTICES,9000,UNITED STATES,1994,,NOT SPECIFIED,YIELD,CROPS,US,,SOYBEANS,,"SOYBEANS - YIELD, MEASURED IN BU / ACRE",TOTAL,2012-01-01 00:00:00.000,,00,,US TOTAL,,FIELD CROPS,,SURVEY,ALL CLASSES,,00000000,BU / ACRE,YEAR - AUG FORECAST,,,ALL PRODUCTION PRACTICES,NATIONAL,99,,,00,37.6,US TOTAL
ANNUAL,ALL UTILIZATION PRACTICES,9000,UNITED STATES,1994,,NOT SPECIFIED,YIELD,CROPS,US,,SOYBEANS,,"SOYBEANS - YIELD, MEASURED IN BU / ACRE",TOTAL,2012-01-01 00:00:00.000,,00,,US TOTAL,,FIELD CROPS,,SURVEY,ALL CLASSES,,00000000,BU / ACRE,YEAR - NOV FORECAST,,,ALL PRODUCTION PRACTICES,NATIONAL,99,,,00,41.5,US TOTAL
ANNUAL,ALL UTILIZATION PRACTICES,9000,UNITED STATES,1994,,NOT SPECIFIED,YIELD,CROPS,US,,SOYBEANS,,"SOYBEANS - YIELD, MEASURED IN BU / ACRE",TOTAL,2012-01-01 00:00:00.000,,00,,US TOTAL,,FIELD CROPS,,SURVEY,ALL CLASSES,,00000000,BU / ACRE,YEAR - OCT FORECAST,,,ALL PRODUCTION PRACTICES,NATIONAL,99,,,00,40.5,US TOTAL
ANNUAL,ALL UTILIZATION PRACTICES,9000,UNITED STATES,1994,,NOT SPECIFIED,YIELD,CROPS,US,,SOYBEANS,,"SOYBEANS - YIELD, MEASURED IN BU / ACRE",TOTAL,2012-01-01 00:00:00.000,,00,,US TOTAL,,FIELD CROPS,,SURVEY,ALL CLASSES,,00000000,BU / ACRE,YEAR - SEP FORECAST,,,ALL PRODUCTION PRACTICES,NATIONAL,99,,,00,38.2,US TOTAL
ANNUAL,ALL UTILIZATION PRACTICES,9000,UNITED STATES,1995,,NOT SPECIFIED,YIELD,CROPS,US,,SOYBEANS,,"SOYBEANS - YIELD, MEASURED IN BU / ACRE",TOTAL,2012-01-01 00:00:00.000,,00,,US TOTAL,,FIELD CROPS,,SURVEY,ALL CLASSES,,00000000,BU / ACRE,YEAR,,,ALL PRODUCTION PRACTICES,NATIONAL,99,,,00,35.3,US TOTAL
ANNUAL,ALL UTILIZATION PRACTICES,9000,UNITED STATES,1995,,NOT SPECIFIED,YIELD,CROPS,US,,SOYBEANS,,"SOYBEANS - YIELD, MEASURED IN BU / ACRE",TOTAL,2012-01-01 00:00:00.000,,00,,US TOTAL,,FIELD CROPS,,SURVEY,ALL CLASSES,,00000000,BU / ACRE,YEAR - AUG FORECAST,,,ALL PRODUCTION PRACTICES,NATIONAL,99,,,00,36.4,US TOTAL
ANNUAL,ALL UTILIZATION PRACTICES,9000,UNITED STATES,1995,,NOT SPECIFIED,YIELD,CROPS,US,,SOYBEANS,,"SOYBEANS - YIELD, MEASURED IN BU / ACRE",TOTAL,2012-01-01 00:00:00.000,,00,,US TOTAL,,FIELD CROPS,,SURVEY,ALL CLASSES,,00000000,BU / ACRE,YEAR - NOV FORECAST,,,ALL PRODUCTION PRACTICES,NATIONAL,99,,,00,35.4,US TOTAL
ANNUAL,ALL UTILIZATION PRACTICES,9000,UNITED STATES,1995,,NOT SPECIFIED,YIELD,CROPS,US,,SOYBEANS,,"SOYBEANS - YIELD, MEASURED IN BU / ACRE",TOTAL,2012-01-01 00:00:00.000,,00,,US TOTAL,,FIELD CROPS,,SURVEY,ALL CLASSES,,00000000,BU / ACRE,YEAR - OCT FORECAST,,,ALL PRODUCTION PRACTICES,NATIONAL,99,,,00,35.5,US TOTAL
ANNUAL,ALL UTILIZATION PRACTICES,9000,UNITED STATES,1995,,NOT SPECIFIED,YIELD,CROPS,US,,SOYBEANS,,"SOYBEANS - YIELD, MEASURED IN BU / ACRE",TOTAL,2012-01-01 00:00:00.000,,00,,US TOTAL,,FIELD CROPS,,SURVEY,ALL CLASSES,,00000000,BU / ACRE,YEAR - SEP FORECAST,,,ALL PRODUCTION PRACTICES,NATIONAL,99,,,00,37,US TOTAL
ANNUAL,ALL UTILIZATION PRACTICES,9000,UNITED STATES,1996,,NOT SPECIFIED,YIELD,CROPS,US,,SOYBEANS,,"SOYBEANS - YIELD, MEASURED IN BU / ACRE",TOTAL,2012-01-01 00:00:00.000,,00,,US TOTAL,,FIELD CROPS,,SURVEY,ALL CLASSES,,00000000,BU / ACRE,YEAR,,,ALL PRODUCTION PRACTICES,NATIONAL,99,,,00,37.6,US TOTAL
ANNUAL,ALL UTILIZATION PRACTICES,9000,UNITED STATES,1996,,NOT SPECIFIED,YIELD,CROPS,US,,SOYBEANS,,"SOYBEANS - YIELD, MEASURED IN BU / ACRE",TOTAL,2012-01-01 00:00:00.000,,00,,US TOTAL,,FIELD CROPS,,SURVEY,ALL CLASSES,,00000000,BU / ACRE,YEAR - AUG FORECAST,,,ALL PRODUCTION PRACTICES,NATIONAL,99,,,00,36.2,US TOTAL
ANNUAL,ALL UTILIZATION PRACTICES,9000,UNITED STATES,1996,,NOT SPECIFIED,YIELD,CROPS,US,,SOYBEANS,,"SOYBEANS - YIELD, MEASURED IN BU / ACRE",TOTAL,2012-01-01 00:00:00.000,,00,,US TOTAL,,FIELD CROPS,,SURVEY,ALL CLASSES,,00000000,BU / ACRE,YEAR - NOV FORECAST,,,ALL PRODUCTION PRACTICES,NATIONAL,99,,,00,37.9,US TOTAL
ANNUAL,ALL UTILIZATION PRACTICES,9000,UNITED STATES,1996,,NOT SPECIFIED,YIELD,CROPS,US,,SOYBEANS,,"SOYBEANS - YIELD, MEASURED IN BU / ACRE",TOTAL,2012-01-01 00:00:00.000,,00,,US TOTAL,,FIELD CROPS,,SURVEY,ALL CLASSES,,00000000,BU / ACRE,YEAR - OCT FORECAST,,,ALL PRODUCTION PRACTICES,NATIONAL,99,,,00,37,US TOTAL
ANNUAL,ALL UTILIZATION PRACTICES,9000,UNITED STATES,1996,,NOT SPECIFIED,YIELD,CROPS,US,,SOYBEANS,,"SOYBEANS - YIELD, MEASURED IN BU / ACRE",TOTAL,2012-01-01 00:00:00.000,,00,,US TOTAL,,FIELD CROPS,,SURVEY,ALL CLASSES,,00000000,BU / ACRE,YEAR - SEP FORECAST,,,ALL PRODUCTION PRACTICES,NATIONAL,99,,,00,35.8,US TOTAL
ANNUAL,ALL UTILIZATION PRACTICES,9000,UNITED STATES,1997,,NOT SPECIFIED,YIELD,CROPS,US,,SOYBEANS,,"SOYBEANS - YIELD, MEASURED IN BU / ACRE",TOTAL,2012-01-01 00:00:00.000,,00,,US TOTAL,,FIELD CROPS,,SURVEY,ALL CLASSES,,00000000,BU / ACRE,YEAR,,,ALL PRODUCTION PRACTICES,NATIONAL,99,,,00,38.9,US TOTAL
ANNUAL,ALL UTILIZATION PRACTICES,9000,UNITED STATES,1997,,NOT SPECIFIED,YIELD,CROPS,US,,SOYBEANS,,"SOYBEANS - YIELD, MEASURED IN BU / ACRE",TOTAL,2012-01-01 00:00:00.000,,00,,US TOTAL,,FIELD CROPS,,SURVEY,ALL CLASSES,,00000000,BU / ACRE,YEAR - AUG FORECAST,,,ALL PRODUCTION PRACTICES,NATIONAL,99,,,00,39.3,US TOTAL
ANNUAL,ALL UTILIZATION PRACTICES,9000,UNITED STATES,1997,,NOT SPECIFIED,YIELD,CROPS,US,,SOYBEANS,,"SOYBEANS - YIELD, MEASURED IN BU / ACRE",TOTAL,2012-01-01 00:00:00.000,,00,,US TOTAL,,FIELD CROPS,,SURVEY,ALL CLASSES,,00000000,BU / ACRE,YEAR - NOV FORECAST,,,ALL PRODUCTION PRACTICES,NATIONAL,99,,,00,39.2,US TOTAL
ANNUAL,ALL UTILIZATION PRACTICES,9000,UNITED STATES,1997,,NOT SPECIFIED,YIELD,CROPS,US,,SOYBEANS,,"SOYBEANS - YIELD, MEASURED IN BU / ACRE",TOTAL,2012-01-01 00:00:00.000,,00,,US TOTAL,,FIELD CROPS,,SURVEY,ALL CLASSES,,00000000,BU / ACRE,YEAR - OCT FORECAST,,,ALL PRODUCTION PRACTICES,NATIONAL,99,,,00,39,US TOTAL
ANNUAL,ALL UTILIZATION PRACTICES,9000,UNITED STATES,1997,,NOT SPECIFIED,YIELD,CROPS,US,,SOYBEANS,,"SOYBEANS - YIELD, MEASURED IN BU / ACRE",TOTAL,2012-01-01 00:00:00.000,,00,,US TOTAL,,FIELD CROPS,,SURVEY,ALL CLASSES,,00000000,BU / ACRE,YEAR - SEP FORECAST,,,ALL PRODUCTION PRACTICES,NATIONAL,99,,,00,39.3,US TOTAL
ANNUAL,ALL UTILIZATION PRACTICES,9000,UNITED STATES,1998,,NOT SPECIFIED,YIELD,CROPS,US,,SOYBEANS,,"SOYBEANS - YIELD, MEASURED IN BU / ACRE",TOTAL,2012-01-01 00:00:00.000,,00,,US TOTAL,,FIELD CROPS,,SURVEY,ALL CLASSES,,00000000,BU / ACRE,YEAR,,,ALL PRODUCTION PRACTICES,NATIONAL,99,,,00,38.9,US TOTAL
ANNUAL,ALL UTILIZATION PRACTICES,9000,UNITED STATES,1998,,NOT SPECIFIED,YIELD,CROPS,US,,SOYBEANS,,"SOYBEANS - YIELD, MEASURED IN BU / ACRE",TOTAL,2012-01-01 00:00:00.000,,00,,US TOTAL,,FIELD CROPS,,SURVEY,ALL CLASSES,,00000000,BU / ACRE,YEAR - AUG FORECAST,,,ALL PRODUCTION PRACTICES,NATIONAL,99,,,00,39.5,US TOTAL
ANNUAL,ALL UTILIZATION PRACTICES,9000,UNITED STATES,1998,,NOT SPECIFIED,YIELD,CROPS,US,,SOYBEANS,,"SOYBEANS - YIELD, MEASURED IN BU / ACRE",TOTAL,2012-01-01 00:00:00.000,,00,,US TOTAL,,FIELD CROPS,,SURVEY,ALL CLASSES,,00000000,BU / ACRE,YEAR - NOV FORECAST,,,ALL PRODUCTION PRACTICES,NATIONAL,99,,,00,38.6,US TOTAL
ANNUAL,ALL UTILIZATION PRACTICES,9000,UNITED STATES,1998,,NOT SPECIFIED,YIELD,CROPS,US,,SOYBEANS,,"SOYBEANS - YIELD, MEASURED IN BU / ACRE",TOTAL,2012-01-01 00:00:00.000,,00,,US TOTAL,,FIELD CROPS,,SURVEY,ALL CLASSES,,00000000,BU / ACRE,YEAR - OCT FORECAST,,,ALL PRODUCTION PRACTICES,NATIONAL,99,,,00,38.7,US TOTAL
ANNUAL,ALL UTILIZATION PRACTICES,9000,UNITED STATES,1998,,NOT SPECIFIED,YIELD,CROPS,US,,SOYBEANS,,"SOYBEANS - YIELD, MEASURED IN BU / ACRE",TOTAL,2012-01-01 00:00:00.000,,00,,US TOTAL,,FIELD CROPS,,SURVEY,ALL CLASSES,,00000000,BU / ACRE,YEAR - SEP FORECAST,,,ALL PRODUCTION PRACTICES,NATIONAL,99,,,00,40.6,US TOTAL
ANNUAL,ALL UTILIZATION PRACTICES,9000,UNITED STATES,1999,,NOT SPECIFIED,YIELD,CROPS,US,,SOYBEANS,,"SOYBEANS - YIELD, MEASURED IN BU / ACRE",TOTAL,2012-01-01 00:00:00.000,,00,,US TOTAL,,FIELD CROPS,,SURVEY,ALL CLASSES,,00000000,BU / ACRE,YEAR,,,ALL PRODUCTION PRACTICES,NATIONAL,99,,,00,36.6,US TOTAL
ANNUAL,ALL UTILIZATION PRACTICES,9000,UNITED STATES,1999,,NOT SPECIFIED,YIELD,CROPS,US,,SOYBEANS,,"SOYBEANS - YIELD, MEASURED IN BU / ACRE",TOTAL,2012-01-01 00:00:00.000,,00,,US TOTAL,,FIELD CROPS,,SURVEY,ALL CLASSES,,00000000,BU / ACRE,YEAR - AUG FORECAST,,,ALL PRODUCTION PRACTICES,NATIONAL,99,,,00,39.2,US TOTAL
ANNUAL,ALL UTILIZATION PRACTICES,9000,UNITED STATES,1999,,NOT SPECIFIED,YIELD,CROPS,US,,SOYBEANS,,"SOYBEANS - YIELD, MEASURED IN BU / ACRE",TOTAL,2012-01-01 00:00:00.000,,00,,US TOTAL,,FIELD CROPS,,SURVEY,ALL CLASSES,,00000000,BU / ACRE,YEAR - NOV FORECAST,,,ALL PRODUCTION PRACTICES,NATIONAL,99,,,00,36.7,US TOTAL
ANNUAL,ALL UTILIZATION PRACTICES,9000,UNITED STATES,1999,,NOT SPECIFIED,YIELD,CROPS,US,,SOYBEANS,,"SOYBEANS - YIELD, MEASURED IN BU / ACRE",TOTAL,2012-01-01 00:00:00.000,,00,,US TOTAL,,FIELD CROPS,,SURVEY,ALL CLASSES,,00000000,BU / ACRE,YEAR - OCT FORECAST,,,ALL PRODUCTION PRACTICES,NATIONAL,99,,,00,37,US TOTAL
ANNUAL,ALL UTILIZATION PRACTICES,9000,UNITED STATES,1999,,NOT SPECIFIED,YIELD,CROPS,US,,SOYBEANS,,"SOYBEANS - YIELD, MEASURED IN BU / ACRE",TOTAL,2012-01-01 00:00:00.000,,00,,US TOTAL,,FIELD CROPS,,SURVEY,ALL CLASSES,,00000000,BU / ACRE,YEAR - SEP FORECAST,,,ALL PRODUCTION PRACTICES,NATIONAL,99,,,00,37.9,US TOTAL
ANNUAL,ALL UTILIZATION PRACTICES,9000,UNITED STATES,2000,,NOT SPECIFIED,YIELD,CROPS,US,,SOYBEANS,,"SOYBEANS - YIELD, MEASURED IN BU / ACRE",TOTAL,2012-01-01 00:00:00.000,,00,,US TOTAL,,FIELD CROPS,,SURVEY,ALL CLASSES,,00000000,BU / ACRE,YEAR,,,ALL PRODUCTION PRACTICES,NATIONAL,99,,,00,38.1,US TOTAL
ANNUAL,ALL UTILIZATION PRACTICES,9000,UNITED STATES,2000,,NOT SPECIFIED,YIELD,CROPS,US,,SOYBEANS,,"SOYBEANS - YIELD, MEASURED IN BU / ACRE",TOTAL,2012-01-01 00:00:00.000,,00,,US TOTAL,,FIELD CROPS,,SURVEY,ALL CLASSES,,00000000,BU / ACRE,YEAR - AUG FORECAST,,,ALL PRODUCTION PRACTICES,NATIONAL,99,,,00,40.7,US TOTAL
ANNUAL,ALL UTILIZATION PRACTICES,9000,UNITED STATES,2000,,NOT SPECIFIED,YIELD,CROPS,US,,SOYBEANS,,"SOYBEANS - YIELD, MEASURED IN BU / ACRE",TOTAL,2012-01-01 00:00:00.000,,00,,US TOTAL,,FIELD CROPS,,SURVEY,ALL CLASSES,,00000000,BU / ACRE,YEAR - NOV FORECAST,,,ALL PRODUCTION PRACTICES,NATIONAL,99,,,00,38,US TOTAL
ANNUAL,ALL UTILIZATION PRACTICES,9000,UNITED STATES,2000,,NOT SPECIFIED,YIELD,CROPS,US,,SOYBEANS,,"SOYBEANS - YIELD, MEASURED IN BU / ACRE",TOTAL,2012-01-01 00:00:00.000,,00,,US TOTAL,,FIELD CROPS,,SURVEY,ALL CLASSES,,00000000,BU / ACRE,YEAR - OCT FORECAST,,,ALL PRODUCTION PRACTICES,NATIONAL,99,,,00,38.7,US TOTAL
ANNUAL,ALL UTILIZATION PRACTICES,9000,UNITED STATES,2000,,NOT SPECIFIED,YIELD,CROPS,US,,SOYBEANS,,"SOYBEANS - YIELD, MEASURED IN BU / ACRE",TOTAL,2012-01-01 00:00:00.000,,00,,US TOTAL,,FIELD CROPS,,SURVEY,ALL CLASSES,,00000000,BU / ACRE,YEAR - SEP FORECAST,,,ALL PRODUCTION PRACTICES,NATIONAL,99,,,00,39.5,US TOTAL
ANNUAL,ALL UTILIZATION PRACTICES,9000,UNITED STATES,2001,,NOT SPECIFIED,YIELD,CROPS,US,,SOYBEANS,,"SOYBEANS - YIELD, MEASURED IN BU / ACRE",TOTAL,2012-01-01 00:00:00.000,,00,,US TOTAL,,FIELD CROPS,,SURVEY,ALL CLASSES,,00000000,BU / ACRE,YEAR,,,ALL PRODUCTION PRACTICES,NATIONAL,99,,,00,39.6,US TOTAL
ANNUAL,ALL UTILIZATION PRACTICES,9000,UNITED STATES,2001,,NOT SPECIFIED,YIELD,CROPS,US,,SOYBEANS,,"SOYBEANS - YIELD, MEASURED IN BU / ACRE",TOTAL,2012-01-01 00:00:00.000,,00,,US TOTAL,,FIELD CROPS,,SURVEY,ALL CLASSES,,00000000,BU / ACRE,YEAR - AUG FORECAST,,,ALL PRODUCTION PRACTICES,NATIONAL,99,,,00,38.7,US TOTAL
ANNUAL,ALL UTILIZATION PRACTICES,9000,UNITED STATES,2001,,NOT SPECIFIED,YIELD,CROPS,US,,SOYBEANS,,"SOYBEANS - YIELD, MEASURED IN BU / ACRE",TOTAL,2012-01-01 00:00:00.000,,00,,US TOTAL,,FIELD CROPS,,SURVEY,ALL CLASSES,,00000000,BU / ACRE,YEAR - NOV FORECAST,,,ALL PRODUCTION PRACTICES,NATIONAL,99,,,00,39.4,US TOTAL
ANNUAL,ALL UTILIZATION PRACTICES,9000,UNITED STATES,2001,,NOT SPECIFIED,YIELD,CROPS,US,,SOYBEANS,,"SOYBEANS - YIELD, MEASURED IN BU / ACRE",TOTAL,2012-01-01 00:00:00.000,,00,,US TOTAL,,FIELD CROPS,,SURVEY,ALL CLASSES,,00000000,BU / ACRE,YEAR - OCT FORECAST,,,ALL PRODUCTION PRACTICES,NATIONAL,99,,,00,39.2,US TOTAL
ANNUAL,ALL UTILIZATION PRACTICES,9000,UNITED STATES,2001,,NOT SPECIFIED,YIELD,CROPS,US,,SOYBEANS,,"SOYBEANS - YIELD, MEASURED IN BU / ACRE",TOTAL,2012-01-01 00:00:00.000,,00,,US TOTAL,,FIELD CROPS,,SURVEY,ALL CLASSES,,00000000,BU / ACRE,YEAR - SEP FORECAST,,,ALL PRODUCTION PRACTICES,NATIONAL,99,,,00,38.2,US TOTAL
ANNUAL,ALL UTILIZATION PRACTICES,9000,UNITED STATES,2002,,NOT SPECIFIED,YIELD,CROPS,US,,SOYBEANS,,"SOYBEANS - YIELD, MEASURED IN BU / ACRE",TOTAL,2012-01-01 00:00:00.000,,00,,US TOTAL,,FIELD CROPS,,SURVEY,ALL CLASSES,,00000000,BU / ACRE,YEAR,,,ALL PRODUCTION PRACTICES,NATIONAL,99,,,00,38,US TOTAL
ANNUAL,ALL UTILIZATION PRACTICES,9000,UNITED STATES,2002,,NOT SPECIFIED,YIELD,CROPS,US,,SOYBEANS,,"SOYBEANS - YIELD, MEASURED IN BU / ACRE",TOTAL,2012-01-01 00:00:00.000,,00,,US TOTAL,,FIELD CROPS,,SURVEY,ALL CLASSES,,00000000,BU / ACRE,YEAR - AUG FORECAST,,,ALL PRODUCTION PRACTICES,NATIONAL,99,,,00,36.5,US TOTAL
ANNUAL,ALL UTILIZATION PRACTICES,9000,UNITED STATES,2002,,NOT SPECIFIED,YIELD,CROPS,US,,SOYBEANS,,"SOYBEANS - YIELD, MEASURED IN BU / ACRE",TOTAL,2012-01-01 00:00:00.000,,00,,US TOTAL,,FIELD CROPS,,SURVEY,ALL CLASSES,,00000000,BU / ACRE,YEAR - NOV FORECAST,,,ALL PRODUCTION PRACTICES,NATIONAL,99,,,00,37.5,US TOTAL
ANNUAL,ALL UTILIZATION PRACTICES,9000,UNITED STATES,2002,,NOT SPECIFIED,YIELD,CROPS,US,,SOYBEANS,,"SOYBEANS - YIELD, MEASURED IN BU / ACRE",TOTAL,2012-01-01 00:00:00.000,,00,,US TOTAL,,FIELD CROPS,,SURVEY,ALL CLASSES,,00000000,BU / ACRE,YEAR - OCT FORECAST,,,ALL PRODUCTION PRACTICES,NATIONAL,99,,,00,37,US TOTAL
ANNUAL,ALL UTILIZATION PRACTICES,9000,UNITED STATES,2002,,NOT SPECIFIED,YIELD,CROPS,US,,SOYBEANS,,"SOYBEANS - YIELD, MEASURED IN BU / ACRE",TOTAL,2012-01-01 00:00:00.000,,00,,US TOTAL,,FIELD CROPS,,SURVEY,ALL CLASSES,,00000000,BU / ACRE,YEAR - SEP FORECAST,,,ALL PRODUCTION PRACTICES,NATIONAL,99,,,00,37,US TOTAL
ANNUAL,ALL UTILIZATION PRACTICES,9000,UNITED STATES,2003,,NOT SPECIFIED,YIELD,CROPS,US,,SOYBEANS,,"SOYBEANS - YIELD, MEASURED IN BU / ACRE",TOTAL,2012-01-01 00:00:00.000,,00,,US TOTAL,,FIELD CROPS,,SURVEY,ALL CLASSES,,00000000,BU / ACRE,YEAR,,,ALL PRODUCTION PRACTICES,NATIONAL,99,,,00,33.9,US TOTAL
ANNUAL,ALL UTILIZATION PRACTICES,9000,UNITED STATES,2003,,NOT SPECIFIED,YIELD,CROPS,US,,SOYBEANS,,"SOYBEANS - YIELD, MEASURED IN BU / ACRE",TOTAL,2012-01-01 00:00:00.000,,00,,US TOTAL,,FIELD CROPS,,SURVEY,ALL CLASSES,,00000000,BU / ACRE,YEAR - AUG FORECAST,,,ALL PRODUCTION PRACTICES,NATIONAL,99,,,00,39.4,US TOTAL
ANNUAL,ALL UTILIZATION PRACTICES,9000,UNITED STATES,2003,,NOT SPECIFIED,YIELD,CROPS,US,,SOYBEANS,,"SOYBEANS - YIELD, MEASURED IN BU / ACRE",TOTAL,2012-01-01 00:00:00.000,,00,,US TOTAL,,FIELD CROPS,,SURVEY,ALL CLASSES,,00000000,BU / ACRE,YEAR - NOV FORECAST,,,ALL PRODUCTION PRACTICES,NATIONAL,99,,,00,33.8,US TOTAL
ANNUAL,ALL UTILIZATION PRACTICES,9000,UNITED STATES,2003,,NOT SPECIFIED,YIELD,CROPS,US,,SOYBEANS,,"SOYBEANS - YIELD, MEASURED IN BU / ACRE",TOTAL,2012-01-01 00:00:00.000,,00,,US TOTAL,,FIELD CROPS,,SURVEY,ALL CLASSES,,00000000,BU / ACRE,YEAR - OCT FORECAST,,,ALL PRODUCTION PRACTICES,NATIONAL,99,,,00,34,US TOTAL
ANNUAL,ALL UTILIZATION PRACTICES,9000,UNITED STATES,2003,,NOT SPECIFIED,YIELD,CROPS,US,,SOYBEANS,,"SOYBEANS - YIELD, MEASURED IN BU / ACRE",TOTAL,2012-01-01 00:00:00.000,,00,,US TOTAL,,FIELD CROPS,,SURVEY,ALL CLASSES,,00000000,BU / ACRE,YEAR - SEP FORECAST,,,ALL PRODUCTION PRACTICES,NATIONAL,99,,,00,36.4,US TOTAL
ANNUAL,ALL UTILIZATION PRACTICES,9000,UNITED STATES,2004,,NOT SPECIFIED,YIELD,CROPS,US,,SOYBEANS,,"SOYBEANS - YIELD, MEASURED IN BU / ACRE",TOTAL,2012-01-01 00:00:00.000,,00,,US TOTAL,,FIELD CROPS,,SURVEY,ALL CLASSES,,00000000,BU / ACRE,YEAR,,,ALL PRODUCTION PRACTICES,NATIONAL,99,,,00,42.2,US TOTAL
ANNUAL,ALL UTILIZATION PRACTICES,9000,UNITED STATES,2004,,NOT SPECIFIED,YIELD,CROPS,US,,SOYBEANS,,"SOYBEANS - YIELD, MEASURED IN BU / ACRE",TOTAL,2012-01-01 00:00:00.000,,00,,US TOTAL,,FIELD CROPS,,SURVEY,ALL CLASSES,,00000000,BU / ACRE,YEAR - AUG FORECAST,,,ALL PRODUCTION PRACTICES,NATIONAL,99,,,00,39.1,US TOTAL
ANNUAL,ALL UTILIZATION PRACTICES,9000,UNITED STATES,2004,,NOT SPECIFIED,YIELD,CROPS,US,,SOYBEANS,,"SOYBEANS - YIELD, MEASURED IN BU / ACRE",TOTAL,2012-01-01 00:00:00.000,,00,,US TOTAL,,FIELD CROPS,,SURVEY,ALL CLASSES,,00000000,BU / ACRE,YEAR - NOV FORECAST,,,ALL PRODUCTION PRACTICES,NATIONAL,99,,,00,42.6,US TOTAL
ANNUAL,ALL UTILIZATION PRACTICES,9000,UNITED STATES,2004,,NOT SPECIFIED,YIELD,CROPS,US,,SOYBEANS,,"SOYBEANS - YIELD, MEASURED IN BU / ACRE",TOTAL,2012-01-01 00:00:00.000,,00,,US TOTAL,,FIELD CROPS,,SURVEY,ALL CLASSES,,00000000,BU / ACRE,YEAR - OCT FORECAST,,,ALL PRODUCTION PRACTICES,NATIONAL,99,,,00,42,US TOTAL
ANNUAL,ALL UTILIZATION PRACTICES,9000,UNITED STATES,2004,,NOT SPECIFIED,YIELD,CROPS,US,,SOYBEANS,,"SOYBEANS - YIELD, MEASURED IN BU / ACRE",TOTAL,2012-01-01 00:00:00.000,,00,,US TOTAL,,FIELD CROPS,,SURVEY,ALL CLASSES,,00000000,BU / ACRE,YEAR - SEP FORECAST,,,ALL PRODUCTION PRACTICES,NATIONAL,99,,,00,38.5,US TOTAL
ANNUAL,ALL UTILIZATION PRACTICES,9000,UNITED STATES,2005,,NOT SPECIFIED,YIELD,CROPS,US,,SOYBEANS,,"SOYBEANS - YIELD, MEASURED IN BU / ACRE",TOTAL,2012-01-01 00:00:00.000,,00,,US TOTAL,,FIELD CROPS,,SURVEY,ALL CLASSES,,00000000,BU / ACRE,YEAR,,,ALL PRODUCTION PRACTICES,NATIONAL,99,,,00,43.1,US TOTAL
ANNUAL,ALL UTILIZATION PRACTICES,9000,UNITED STATES,2005,,NOT SPECIFIED,YIELD,CROPS,US,,SOYBEANS,,"SOYBEANS - YIELD, MEASURED IN BU / ACRE",TOTAL,2012-01-01 00:00:00.000,,00,,US TOTAL,,FIELD CROPS,,SURVEY,ALL CLASSES,,00000000,BU / ACRE,YEAR - AUG FORECAST,,,ALL PRODUCTION PRACTICES,NATIONAL,99,,,00,38.7,US TOTAL
ANNUAL,ALL UTILIZATION PRACTICES,9000,UNITED STATES,2005,,NOT SPECIFIED,YIELD,CROPS,US,,SOYBEANS,,"SOYBEANS - YIELD, MEASURED IN BU / ACRE",TOTAL,2012-01-01 00:00:00.000,,00,,US TOTAL,,FIELD CROPS,,SURVEY,ALL CLASSES,,00000000,BU / ACRE,YEAR - NOV FORECAST,,,ALL PRODUCTION PRACTICES,NATIONAL,99,,,00,42.7,US TOTAL
ANNUAL,ALL UTILIZATION PRACTICES,9000,UNITED STATES,2005,,NOT SPECIFIED,YIELD,CROPS,US,,SOYBEANS,,"SOYBEANS - YIELD, MEASURED IN BU / ACRE",TOTAL,2012-01-01 00:00:00.000,,00,,US TOTAL,,FIELD CROPS,,SURVEY,ALL CLASSES,,00000000,BU / ACRE,YEAR - OCT FORECAST,,,ALL PRODUCTION PRACTICES,NATIONAL,99,,,00,41.6,US TOTAL
ANNUAL,ALL UTILIZATION PRACTICES,9000,UNITED STATES,2005,,NOT SPECIFIED,YIELD,CROPS,US,,SOYBEANS,,"SOYBEANS - YIELD, MEASURED IN BU / ACRE",TOTAL,2012-01-01 00:00:00.000,,00,,US TOTAL,,FIELD CROPS,,SURVEY,ALL CLASSES,,00000000,BU / ACRE,YEAR - SEP FORECAST,,,ALL PRODUCTION PRACTICES,NATIONAL,99,,,00,39.6,US TOTAL
ANNUAL,ALL UTILIZATION PRACTICES,9000,UNITED STATES,2006,,NOT SPECIFIED,YIELD,CROPS,US,,SOYBEANS,,"SOYBEANS - YIELD, MEASURED IN BU / ACRE",TOTAL,2012-01-01 00:00:00.000,,00,,US TOTAL,,FIELD CROPS,,SURVEY,ALL CLASSES,,00000000,BU / ACRE,YEAR,,,ALL PRODUCTION PRACTICES,NATIONAL,99,,,00,42.9,US TOTAL
ANNUAL,ALL UTILIZATION PRACTICES,9000,UNITED STATES,2006,,NOT SPECIFIED,YIELD,CROPS,US,,SOYBEANS,,"SOYBEANS - YIELD, MEASURED IN BU / ACRE",TOTAL,2012-01-01 00:00:00.000,,00,,US TOTAL,,FIELD CROPS,,SURVEY,ALL CLASSES,,00000000,BU / ACRE,YEAR - AUG FORECAST,,,ALL PRODUCTION PRACTICES,NATIONAL,99,,,00,39.6,US TOTAL
ANNUAL,ALL UTILIZATION PRACTICES,9000,UNITED STATES,2006,,NOT SPECIFIED,YIELD,CROPS,US,,SOYBEANS,,"SOYBEANS - YIELD, MEASURED IN BU / ACRE",TOTAL,2012-01-01 00:00:00.000,,00,,US TOTAL,,FIELD CROPS,,SURVEY,ALL CLASSES,,00000000,BU / ACRE,YEAR - NOV FORECAST,,,ALL PRODUCTION PRACTICES,NATIONAL,99,,,00,43,US TOTAL
ANNUAL,ALL UTILIZATION PRACTICES,9000,UNITED STATES,2006,,NOT SPECIFIED,YIELD,CROPS,US,,SOYBEANS,,"SOYBEANS - YIELD, MEASURED IN BU / ACRE",TOTAL,2012-01-01 00:00:00.000,,00,,US TOTAL,,FIELD CROPS,,SURVEY,ALL CLASSES,,00000000,BU / ACRE,YEAR - OCT FORECAST,,,ALL PRODUCTION PRACTICES,NATIONAL,99,,,00,42.8,US TOTAL
ANNUAL,ALL UTILIZATION PRACTICES,9000,UNITED STATES,2006,,NOT SPECIFIED,YIELD,CROPS,US,,SOYBEANS,,"SOYBEANS - YIELD, MEASURED IN BU / ACRE",TOTAL,2012-01-01 00:00:00.000,,00,,US TOTAL,,FIELD CROPS,,SURVEY,ALL CLASSES,,00000000,BU / ACRE,YEAR - SEP FORECAST,,,ALL PRODUCTION PRACTICES,NATIONAL,99,,,00,41.8,US TOTAL
ANNUAL,ALL UTILIZATION PRACTICES,9000,UNITED STATES,2007,,NOT SPECIFIED,YIELD,CROPS,US,,SOYBEANS,,"SOYBEANS - YIELD, MEASURED IN BU / ACRE",TOTAL,2012-01-01 00:00:00.000,,00,,US TOTAL,,FIELD CROPS,,SURVEY,ALL CLASSES,,00000000,BU / ACRE,YEAR,,,ALL PRODUCTION PRACTICES,NATIONAL,99,,,00,41.7,US TOTAL
ANNUAL,ALL UTILIZATION PRACTICES,9000,UNITED STATES,2007,,NOT SPECIFIED,YIELD,CROPS,US,,SOYBEANS,,"SOYBEANS - YIELD, MEASURED IN BU / ACRE",TOTAL,2012-01-01 00:00:00.000,,00,,US TOTAL,,FIELD CROPS,,SURVEY,ALL CLASSES,,00000000,BU / ACRE,YEAR - AUG FORECAST,,,ALL PRODUCTION PRACTICES,NATIONAL,99,,,00,41.5,US TOTAL
ANNUAL,ALL UTILIZATION PRACTICES,9000,UNITED STATES,2007,,NOT SPECIFIED,YIELD,CROPS,US,,SOYBEANS,,"SOYBEANS - YIELD, MEASURED IN BU / ACRE",TOTAL,2012-01-01 00:00:00.000,,00,,US TOTAL,,FIELD CROPS,,SURVEY,ALL CLASSES,,00000000,BU / ACRE,YEAR - NOV FORECAST,,,ALL PRODUCTION PRACTICES,NATIONAL,99,,,00,41.3,US TOTAL
ANNUAL,ALL UTILIZATION PRACTICES,9000,UNITED STATES,2007,,NOT SPECIFIED,YIELD,CROPS,US,,SOYBEANS,,"SOYBEANS - YIELD, MEASURED IN BU / ACRE",TOTAL,2012-01-01 00:00:00.000,,00,,US TOTAL,,FIELD CROPS,,SURVEY,ALL CLASSES,,00000000,BU / ACRE,YEAR - OCT FORECAST,,,ALL PRODUCTION PRACTICES,NATIONAL,99,,,00,41.4,US TOTAL
ANNUAL,ALL UTILIZATION PRACTICES,9000,UNITED STATES,2007,,NOT SPECIFIED,YIELD,CROPS,US,,SOYBEANS,,"SOYBEANS - YIELD, MEASURED IN BU / ACRE",TOTAL,2012-01-01 00:00:00.000,,00,,US TOTAL,,FIELD CROPS,,SURVEY,ALL CLASSES,,00000000,BU / ACRE,YEAR - SEP FORECAST,,,ALL PRODUCTION PRACTICES,NATIONAL,99,,,00,41.4,US TOTAL
ANNUAL,ALL UTILIZATION PRACTICES,9000,UNITED STATES,2008,,NOT SPECIFIED,YIELD,CROPS,US,,SOYBEANS,,"SOYBEANS - YIELD, MEASURED IN BU / ACRE",TOTAL,2014-11-03 16:18:55.000,,00,,US TOTAL,,FIELD CROPS,,SURVEY,ALL CLASSES,,00000000,BU / ACRE,YEAR,,,ALL PRODUCTION PRACTICES,NATIONAL,99,,,00,39.7,US TOTAL
ANNUAL,ALL UTILIZATION PRACTICES,9000,UNITED STATES,2008,,NOT SPECIFIED,YIELD,CROPS,US,,SOYBEANS,,"SOYBEANS - YIELD, MEASURED IN BU / ACRE",TOTAL,2012-01-01 00:00:00.000,,00,,US TOTAL,,FIELD CROPS,,SURVEY,ALL CLASSES,,00000000,BU / ACRE,YEAR - AUG FORECAST,,,ALL PRODUCTION PRACTICES,NATIONAL,99,,,00,40.5,US TOTAL
ANNUAL,ALL UTILIZATION PRACTICES,9000,UNITED STATES,2008,,NOT SPECIFIED,YIELD,CROPS,US,,SOYBEANS,,"SOYBEANS - YIELD, MEASURED IN BU / ACRE",TOTAL,2012-01-01 00:00:00.000,,00,,US TOTAL,,FIELD CROPS,,SURVEY,ALL CLASSES,,00000000,BU / ACRE,YEAR - NOV FORECAST,,,ALL PRODUCTION PRACTICES,NATIONAL,99,,,00,39.3,US TOTAL
ANNUAL,ALL UTILIZATION PRACTICES,9000,UNITED STATES,2008,,NOT SPECIFIED,YIELD,CROPS,US,,SOYBEANS,,"SOYBEANS - YIELD, MEASURED IN BU / ACRE",TOTAL,2012-01-01 00:00:00.000,,00,,US TOTAL,,FIELD CROPS,,SURVEY,ALL CLASSES,,00000000,BU / ACRE,YEAR - OCT FORECAST,,,ALL PRODUCTION PRACTICES,NATIONAL,99,,,00,39.5,US TOTAL
ANNUAL,ALL UTILIZATION PRACTICES,9000,UNITED STATES,2008,,NOT SPECIFIED,YIELD,CROPS,US,,SOYBEANS,,"SOYBEANS - YIELD, MEASURED IN BU / ACRE",TOTAL,2012-01-01 00:00:00.000,,00,,US TOTAL,,FIELD CROPS,,SURVEY,ALL CLASSES,,00000000,BU / ACRE,YEAR - SEP FORECAST,,,ALL PRODUCTION PRACTICES,NATIONAL,99,,,00,40,US TOTAL
ANNUAL,ALL UTILIZATION PRACTICES,9000,UNITED STATES,2009,,NOT SPECIFIED,YIELD,CROPS,US,,SOYBEANS,,"SOYBEANS - YIELD, MEASURED IN BU / ACRE",TOTAL,2014-11-03 16:18:55.000,,00,,US TOTAL,,FIELD CROPS,,SURVEY,ALL CLASSES,,00000000,BU / ACRE,YEAR,,,ALL PRODUCTION PRACTICES,NATIONAL,99,,,00,44,US TOTAL
ANNUAL,ALL UTILIZATION PRACTICES,9000,UNITED STATES,2009,,NOT SPECIFIED,YIELD,CROPS,US,,SOYBEANS,,"SOYBEANS - YIELD, MEASURED IN BU / ACRE",TOTAL,2012-01-01 00:00:00.000,,00,,US TOTAL,,FIELD CROPS,,SURVEY,ALL CLASSES,,00000000,BU / ACRE,YEAR - AUG FORECAST,,,ALL PRODUCTION PRACTICES,NATIONAL,99,,,00,41.7,US TOTAL
ANNUAL,ALL UTILIZATION PRACTICES,9000,UNITED STATES,2009,,NOT SPECIFIED,YIELD,CROPS,US,,SOYBEANS,,"SOYBEANS - YIELD, MEASURED IN BU / ACRE",TOTAL,2012-01-01 00:00:00.000,,00,,US TOTAL,,FIELD CROPS,,SURVEY,ALL CLASSES,,00000000,BU / ACRE,YEAR - NOV FORECAST,,,ALL PRODUCTION PRACTICES,NATIONAL,99,,,00,43.3,US TOTAL
ANNUAL,ALL UTILIZATION PRACTICES,9000,UNITED STATES,2009,,NOT SPECIFIED,YIELD,CROPS,US,,SOYBEANS,,"SOYBEANS - YIELD, MEASURED IN BU / ACRE",TOTAL,2012-01-01 00:00:00.000,,00,,US TOTAL,,FIELD CROPS,,SURVEY,ALL CLASSES,,00000000,BU / ACRE,YEAR - OCT FORECAST,,,ALL PRODUCTION PRACTICES,NATIONAL,99,,,00,42.4,US TOTAL
ANNUAL,ALL UTILIZATION PRACTICES,9000,UNITED STATES,2009,,NOT SPECIFIED,YIELD,CROPS,US,,SOYBEANS,,"SOYBEANS - YIELD, MEASURED IN BU / ACRE",TOTAL,2012-01-01 00:00:00.000,,00,,US TOTAL,,FIELD CROPS,,SURVEY,ALL CLASSES,,00000000,BU / ACRE,YEAR - SEP FORECAST,,,ALL PRODUCTION PRACTICES,NATIONAL,99,,,00,42.3,US TOTAL
ANNUAL,ALL UTILIZATION PRACTICES,9000,UNITED STATES,2010,,NOT SPECIFIED,YIELD,CROPS,US,,SOYBEANS,,"SOYBEANS - YIELD, MEASURED IN BU / ACRE",TOTAL,2014-11-03 16:18:55.000,,00,,US TOTAL,,FIELD CROPS,,SURVEY,ALL CLASSES,,00000000,BU / ACRE,YEAR,,,ALL PRODUCTION PRACTICES,NATIONAL,99,,,00,43.5,US TOTAL
ANNUAL,ALL UTILIZATION PRACTICES,9000,UNITED STATES,2010,,NOT SPECIFIED,YIELD,CROPS,US,,SOYBEANS,,"SOYBEANS - YIELD, MEASURED IN BU / ACRE",TOTAL,2012-01-01 00:00:00.000,,00,,US TOTAL,,FIELD CROPS,,SURVEY,ALL CLASSES,,00000000,BU / ACRE,YEAR - AUG FORECAST,,,ALL PRODUCTION PRACTICES,NATIONAL,99,,,00,44,US TOTAL
ANNUAL,ALL UTILIZATION PRACTICES,9000,UNITED STATES,2010,,NOT SPECIFIED,YIELD,CROPS,US,,SOYBEANS,,"SOYBEANS - YIELD, MEASURED IN BU / ACRE",TOTAL,2012-01-01 00:00:00.000,,00,,US TOTAL,,FIELD CROPS,,SURVEY,ALL CLASSES,,00000000,BU / ACRE,YEAR - NOV FORECAST,,,ALL PRODUCTION PRACTICES,NATIONAL,99,,,00,43.9,US TOTAL
ANNUAL,ALL UTILIZATION PRACTICES,9000,UNITED STATES,2010,,NOT SPECIFIED,YIELD,CROPS,US,,SOYBEANS,,"SOYBEANS - YIELD, MEASURED IN BU / ACRE",TOTAL,2012-01-01 00:00:00.000,,00,,US TOTAL,,FIELD CROPS,,SURVEY,ALL CLASSES,,00000000,BU / ACRE,YEAR - OCT FORECAST,,,ALL PRODUCTION PRACTICES,NATIONAL,99,,,00,44.4,US TOTAL
ANNUAL,ALL UTILIZATION PRACTICES,9000,UNITED STATES,2010,,NOT SPECIFIED,YIELD,CROPS,US,,SOYBEANS,,"SOYBEANS - YIELD, MEASURED IN BU / ACRE",TOTAL,2012-01-01 00:00:00.000,,00,,US TOTAL,,FIELD CROPS,,SURVEY,ALL CLASSES,,00000000,BU / ACRE,YEAR - SEP FORECAST,,,ALL PRODUCTION PRACTICES,NATIONAL,99,,,00,44.7,US TOTAL
ANNUAL,ALL UTILIZATION PRACTICES,9000,UNITED STATES,2011,,NOT SPECIFIED,YIELD,CROPS,US,,SOYBEANS,,"SOYBEANS - YIELD, MEASURED IN BU / ACRE",TOTAL,2014-11-03 16:18:55.000,,00,,US TOTAL,,FIELD CROPS,,SURVEY,ALL CLASSES,,00000000,BU / ACRE,YEAR,,,ALL PRODUCTION PRACTICES,NATIONAL,99,,,00,42,US TOTAL
ANNUAL,ALL UTILIZATION PRACTICES,9000,UNITED STATES,2011,,NOT SPECIFIED,YIELD,CROPS,US,,SOYBEANS,,"SOYBEANS - YIELD, MEASURED IN BU / ACRE",TOTAL,2012-01-01 00:00:00.000,,00,,US TOTAL,,FIELD CROPS,,SURVEY,ALL CLASSES,,00000000,BU / ACRE,YEAR - AUG FORECAST,,,ALL PRODUCTION PRACTICES,NATIONAL,99,,,00,41.4,US TOTAL
ANNUAL,ALL UTILIZATION PRACTICES,9000,UNITED STATES,2011,,NOT SPECIFIED,YIELD,CROPS,US,,SOYBEANS,,"SOYBEANS - YIELD, MEASURED IN BU / ACRE",TOTAL,2012-01-01 00:00:00.000,,00,,US TOTAL,,FIELD CROPS,,SURVEY,ALL CLASSES,,00000000,BU / ACRE,YEAR - NOV FORECAST,,,ALL PRODUCTION PRACTICES,NATIONAL,99,,,00,41.3,US TOTAL
ANNUAL,ALL UTILIZATION PRACTICES,9000,UNITED STATES,2011,,NOT SPECIFIED,YIELD,CROPS,US,,SOYBEANS,,"SOYBEANS - YIELD, MEASURED IN BU / ACRE",TOTAL,2012-01-01 00:00:00.000,,00,,US TOTAL,,FIELD CROPS,,SURVEY,ALL CLASSES,,00000000,BU / ACRE,YEAR - OCT FORECAST,,,ALL PRODUCTION PRACTICES,NATIONAL,99,,,00,41.5,US TOTAL
ANNUAL,ALL UTILIZATION PRACTICES,9000,UNITED STATES,2011,,NOT SPECIFIED,YIELD,CROPS,US,,SOYBEANS,,"SOYBEANS - YIELD, MEASURED IN BU / ACRE",TOTAL,2012-01-01 00:00:00.000,,00,,US TOTAL,,FIELD CROPS,,SURVEY,ALL CLASSES,,00000000,BU / ACRE,YEAR - SEP FORECAST,,,ALL PRODUCTION PRACTICES,NATIONAL,99,,,00,41.8,US TOTAL
ANNUAL,ALL UTILIZATION PRACTICES,9000,UNITED STATES,2012,,NOT SPECIFIED,YIELD,CROPS,US,,SOYBEANS,,"SOYBEANS - YIELD, MEASURED IN BU / ACRE",TOTAL,2014-11-03 16:18:55.000,,00,,US TOTAL,,FIELD CROPS,,SURVEY,ALL CLASSES,,00000000,BU / ACRE,YEAR,,,ALL PRODUCTION PRACTICES,NATIONAL,99,,,00,40,US TOTAL
ANNUAL,ALL UTILIZATION PRACTICES,9000,UNITED STATES,2012,,NOT SPECIFIED,YIELD,CROPS,US,,SOYBEANS,,"SOYBEANS - YIELD, MEASURED IN BU / ACRE",TOTAL,2012-08-10 12:59:15.000,,00,,US TOTAL,,FIELD CROPS,,SURVEY,ALL CLASSES,,00000000,BU / ACRE,YEAR - AUG FORECAST,,,ALL PRODUCTION PRACTICES,NATIONAL,99,,,00,36.1,US TOTAL
ANNUAL,ALL UTILIZATION PRACTICES,9000,UNITED STATES,2012,,NOT SPECIFIED,YIELD,CROPS,US,,SOYBEANS,,"SOYBEANS - YIELD, MEASURED IN BU / ACRE",TOTAL,2012-11-09 10:26:00.000,,00,,US TOTAL,,FIELD CROPS,,SURVEY,ALL CLASSES,,00000000,BU / ACRE,YEAR - NOV FORECAST,,,ALL PRODUCTION PRACTICES,NATIONAL,99,,,00,39.3,US TOTAL
ANNUAL,ALL UTILIZATION PRACTICES,9000,UNITED STATES,2012,,NOT SPECIFIED,YIELD,CROPS,US,,SOYBEANS,,"SOYBEANS - YIELD, MEASURED IN BU / ACRE",TOTAL,2012-10-11 11:19:07.000,,00,,US TOTAL,,FIELD CROPS,,SURVEY,ALL CLASSES,,00000000,BU / ACRE,YEAR - OCT FORECAST,,,ALL PRODUCTION PRACTICES,NATIONAL,99,,,00,37.8,US TOTAL
ANNUAL,ALL UTILIZATION PRACTICES,9000,UNITED STATES,2012,,NOT SPECIFIED,YIELD,CROPS,US,,SOYBEANS,,"SOYBEANS - YIELD, MEASURED IN BU / ACRE",TOTAL,2012-09-12 11:03:54.000,,00,,US TOTAL,,FIELD CROPS,,SURVEY,ALL CLASSES,,00000000,BU / ACRE,YEAR - SEP FORECAST,,,ALL PRODUCTION PRACTICES,NATIONAL,99,,,00,35.3,US TOTAL
ANNUAL,ALL UTILIZATION PRACTICES,9000,UNITED STATES,2013,,NOT SPECIFIED,YIELD,CROPS,US,,SOYBEANS,,"SOYBEANS - YIELD, MEASURED IN BU / ACRE",TOTAL,2019-02-06 15:00:06.000,,00,,US TOTAL,,FIELD CROPS,,SURVEY,ALL CLASSES,,00000000,BU / ACRE,YEAR,,,ALL PRODUCTION PRACTICES,NATIONAL,99,,,00,44,US TOTAL
ANNUAL,ALL UTILIZATION PRACTICES,9000,UNITED STATES,2013,,NOT SPECIFIED,YIELD,CROPS,US,,SOYBEANS,,"SOYBEANS - YIELD, MEASURED IN BU / ACRE",TOTAL,2013-08-12 12:25:57.000,,00,,US TOTAL,,FIELD CROPS,,SURVEY,ALL CLASSES,,00000000,BU / ACRE,YEAR - AUG FORECAST,,,ALL PRODUCTION PRACTICES,NATIONAL,99,,,00,42.6,US TOTAL
ANNUAL,ALL UTILIZATION PRACTICES,9000,UNITED STATES,2013,,NOT SPECIFIED,YIELD,CROPS,US,,SOYBEANS,,"SOYBEANS - YIELD, MEASURED IN BU / ACRE",TOTAL,2013-11-08 14:14:29.000,,00,,US TOTAL,,FIELD CROPS,,SURVEY,ALL CLASSES,,00000000,BU / ACRE,YEAR - NOV FORECAST,,,ALL PRODUCTION PRACTICES,NATIONAL,99,,,00,43,US TOTAL
ANNUAL,ALL UTILIZATION PRACTICES,9000,UNITED STATES,2013,,NOT SPECIFIED,YIELD,CROPS,US,,SOYBEANS,,"SOYBEANS - YIELD, MEASURED IN BU / ACRE",TOTAL,2013-09-12 12:27:34.000,,00,,US TOTAL,,FIELD CROPS,,SURVEY,ALL CLASSES,,00000000,BU / ACRE,YEAR - SEP FORECAST,,,ALL PRODUCTION PRACTICES,NATIONAL,99,,,00,41.2,US TOTAL
ANNUAL,ALL UTILIZATION PRACTICES,9000,UNITED STATES,2014,,NOT SPECIFIED,YIELD,CROPS,US,,SOYBEANS,,"SOYBEANS - YIELD, MEASURED IN BU / ACRE",TOTAL,2019-02-06 15:00:06.000,,00,,US TOTAL,,FIELD CROPS,,SURVEY,ALL CLASSES,,00000000,BU / ACRE,YEAR,,,ALL PRODUCTION PRACTICES,NATIONAL,99,,,00,47.5,US TOTAL
ANNUAL,ALL UTILIZATION PRACTICES,9000,UNITED STATES,2014,,NOT SPECIFIED,YIELD,CROPS,US,,SOYBEANS,,"SOYBEANS - YIELD, MEASURED IN BU / ACRE",TOTAL,2014-08-12 12:00:16.000,,00,,US TOTAL,,FIELD CROPS,,SURVEY,ALL CLASSES,,00000000,BU / ACRE,YEAR - AUG FORECAST,,,ALL PRODUCTION PRACTICES,NATIONAL,99,,,00,45.4,US TOTAL
ANNUAL,ALL UTILIZATION PRACTICES,9000,UNITED STATES,2014,,NOT SPECIFIED,YIELD,CROPS,US,,SOYBEANS,,"SOYBEANS - YIELD, MEASURED IN BU / ACRE",TOTAL,2014-11-10 12:04:43.000,,00,,US TOTAL,,FIELD CROPS,,SURVEY,ALL CLASSES,,00000000,BU / ACRE,YEAR - NOV FORECAST,,,ALL PRODUCTION PRACTICES,NATIONAL,99,,,00,47.5,US TOTAL
ANNUAL,ALL UTILIZATION PRACTICES,9000,UNITED STATES,2014,,NOT SPECIFIED,YIELD,CROPS,US,,SOYBEANS,,"SOYBEANS - YIELD, MEASURED IN BU / ACRE",TOTAL,2014-10-10 12:10:23.000,,00,,US TOTAL,,FIELD CROPS,,SURVEY,ALL CLASSES,,00000000,BU / ACRE,YEAR - OCT FORECAST,,,ALL PRODUCTION PRACTICES,NATIONAL,99,,,00,47.1,US TOTAL
ANNUAL,ALL UTILIZATION PRACTICES,9000,UNITED STATES,2014,,NOT SPECIFIED,YIELD,CROPS,US,,SOYBEANS,,"SOYBEANS - YIELD, MEASURED IN BU / ACRE",TOTAL,2014-09-11 12:00:26.000,,00,,US TOTAL,,FIELD CROPS,,SURVEY,ALL CLASSES,,00000000,BU / ACRE,YEAR - SEP FORECAST,,,ALL PRODUCTION PRACTICES,NATIONAL,99,,,00,46.6,US TOTAL
ANNUAL,ALL UTILIZATION PRACTICES,9000,UNITED STATES,2015,,NOT SPECIFIED,YIELD,CROPS,US,,SOYBEANS,,"SOYBEANS - YIELD, MEASURED IN BU / ACRE",TOTAL,2019-02-06 15:00:06.000,,00,,US TOTAL,,FIELD CROPS,,SURVEY,ALL CLASSES,,00000000,BU / ACRE,YEAR,,,ALL PRODUCTION PRACTICES,NATIONAL,99,,,00,48,US TOTAL
ANNUAL,ALL UTILIZATION PRACTICES,9000,UNITED STATES,2015,,NOT SPECIFIED,YIELD,CROPS,US,,SOYBEANS,,"SOYBEANS - YIELD, MEASURED IN BU / ACRE",TOTAL,2015-08-12 12:00:00.000,,00,,US TOTAL,,FIELD CROPS,,SURVEY,ALL CLASSES,,00000000,BU / ACRE,YEAR - AUG FORECAST,,,ALL PRODUCTION PRACTICES,NATIONAL,99,,,00,46.9,US TOTAL
ANNUAL,ALL UTILIZATION PRACTICES,9000,UNITED STATES,2015,,NOT SPECIFIED,YIELD,CROPS,US,,SOYBEANS,,"SOYBEANS - YIELD, MEASURED IN BU / ACRE",TOTAL,2015-11-10 12:00:00.000,,00,,US TOTAL,,FIELD CROPS,,SURVEY,ALL CLASSES,,00000000,BU / ACRE,YEAR - NOV FORECAST,,,ALL PRODUCTION PRACTICES,NATIONAL,99,,,00,48.3,US TOTAL
ANNUAL,ALL UTILIZATION PRACTICES,9000,UNITED STATES,2015,,NOT SPECIFIED,YIELD,CROPS,US,,SOYBEANS,,"SOYBEANS - YIELD, MEASURED IN BU / ACRE",TOTAL,2015-10-09 12:00:00.000,,00,,US TOTAL,,FIELD CROPS,,SURVEY,ALL CLASSES,,00000000,BU / ACRE,YEAR - OCT FORECAST,,,ALL PRODUCTION PRACTICES,NATIONAL,99,,,00,47.2,US TOTAL
ANNUAL,ALL UTILIZATION PRACTICES,9000,UNITED STATES,2015,,NOT SPECIFIED,YIELD,CROPS,US,,SOYBEANS,,"SOYBEANS - YIELD, MEASURED IN BU / ACRE",TOTAL,2015-09-11 12:00:00.000,,00,,US TOTAL,,FIELD CROPS,,SURVEY,ALL CLASSES,,00000000,BU / ACRE,YEAR - SEP FORECAST,,,ALL PRODUCTION PRACTICES,NATIONAL,99,,,00,47.1,US TOTAL
ANNUAL,ALL UTILIZATION PRACTICES,9000,UNITED STATES,2016,,NOT SPECIFIED,YIELD,CROPS,US,,SOYBEANS,,"SOYBEANS - YIELD, MEASURED IN BU / ACRE",TOTAL,2019-02-06 15:00:06.000,,00,,US TOTAL,,FIELD CROPS,,SURVEY,ALL CLASSES,,00000000,BU / ACRE,YEAR,,,ALL PRODUCTION PRACTICES,NATIONAL,99,,,00,51.9,US TOTAL
ANNUAL,ALL UTILIZATION PRACTICES,9000,UNITED STATES,2016,,NOT SPECIFIED,YIELD,CROPS,US,,SOYBEANS,,"SOYBEANS - YIELD, MEASURED IN BU / ACRE",TOTAL,2016-08-12 12:00:00.000,,00,,US TOTAL,,FIELD CROPS,,SURVEY,ALL CLASSES,,00000000,BU / ACRE,YEAR - AUG FORECAST,,,ALL PRODUCTION PRACTICES,NATIONAL,99,,,00,48.9,US TOTAL
ANNUAL,ALL UTILIZATION PRACTICES,9000,UNITED STATES,2016,,NOT SPECIFIED,YIELD,CROPS,US,,SOYBEANS,,"SOYBEANS - YIELD, MEASURED IN BU / ACRE",TOTAL,2016-11-09 13:11:41.000,,00,,US TOTAL,,FIELD CROPS,,SURVEY,ALL CLASSES,,00000000,BU / ACRE,YEAR - NOV FORECAST,,,ALL PRODUCTION PRACTICES,NATIONAL,99,,,00,52.5,US TOTAL
ANNUAL,ALL UTILIZATION PRACTICES,9000,UNITED STATES,2016,,NOT SPECIFIED,YIELD,CROPS,US,,SOYBEANS,,"SOYBEANS - YIELD, MEASURED IN BU / ACRE",TOTAL,2016-10-12 12:00:00.000,,00,,US TOTAL,,FIELD CROPS,,SURVEY,ALL CLASSES,,00000000,BU / ACRE,YEAR - OCT FORECAST,,,ALL PRODUCTION PRACTICES,NATIONAL,99,,,00,51.4,US TOTAL
ANNUAL,ALL UTILIZATION PRACTICES,9000,UNITED STATES,2016,,NOT SPECIFIED,YIELD,CROPS,US,,SOYBEANS,,"SOYBEANS - YIELD, MEASURED IN BU / ACRE",TOTAL,2016-09-12 12:00:00.000,,00,,US TOTAL,,FIELD CROPS,,SURVEY,ALL CLASSES,,00000000,BU / ACRE,YEAR - SEP FORECAST,,,ALL PRODUCTION PRACTICES,NATIONAL,99,,,00,50.6,US TOTAL
ANNUAL,ALL UTILIZATION PRACTICES,9000,UNITED STATES,2017,,NOT SPECIFIED,YIELD,CROPS,US,,SOYBEANS,,"SOYBEANS - YIELD, MEASURED IN BU / ACRE",TOTAL,2019-02-06 15:00:06.000,,00,,US TOTAL,,FIELD CROPS,,SURVEY,ALL CLASSES,,00000000,BU / ACRE,YEAR,,,ALL PRODUCTION PRACTICES,NATIONAL,99,,,00,49.3,US TOTAL
ANNUAL,ALL UTILIZATION PRACTICES,9000,UNITED STATES,2017,,NOT SPECIFIED,YIELD,CROPS,US,,SOYBEANS,,"SOYBEANS - YIELD, MEASURED IN BU / ACRE",TOTAL,2017-08-10 12:08:28.000,,00,,US TOTAL,,FIELD CROPS,,SURVEY,ALL CLASSES,,00000000,BU / ACRE,YEAR - AUG FORECAST,,,ALL PRODUCTION PRACTICES,NATIONAL,99,,,00,49.4,US TOTAL
ANNUAL,ALL UTILIZATION PRACTICES,9000,UNITED STATES,2017,,NOT SPECIFIED,YIELD,CROPS,US,,SOYBEANS,,"SOYBEANS - YIELD, MEASURED IN BU / ACRE",TOTAL,2017-11-09 12:02:08.000,,00,,US TOTAL,,FIELD CROPS,,SURVEY,ALL CLASSES,,00000000,BU / ACRE,YEAR - NOV FORECAST,,,ALL PRODUCTION PRACTICES,NATIONAL,99,,,00,49.5,US TOTAL
ANNUAL,ALL UTILIZATION PRACTICES,9000,UNITED STATES,2017,,NOT SPECIFIED,YIELD,CROPS,US,,SOYBEANS,,"SOYBEANS - YIELD, MEASURED IN BU / ACRE",TOTAL,2017-10-12 12:04:13.000,,00,,US TOTAL,,FIELD CROPS,,SURVEY,ALL CLASSES,,00000000,BU / ACRE,YEAR - OCT FORECAST,,,ALL PRODUCTION PRACTICES,NATIONAL,99,,,00,49.5,US TOTAL
ANNUAL,ALL UTILIZATION PRACTICES,9000,UNITED STATES,2017,,NOT SPECIFIED,YIELD,CROPS,US,,SOYBEANS,,"SOYBEANS - YIELD, MEASURED IN BU / ACRE",TOTAL,2017-09-12 12:01:44.000,,00,,US TOTAL,,FIELD CROPS,,SURVEY,ALL CLASSES,,00000000,BU / ACRE,YEAR - SEP FORECAST,,,ALL PRODUCTION PRACTICES,NATIONAL,99,,,00,49.9,US TOTAL
ANNUAL,ALL UTILIZATION PRACTICES,9000,UNITED STATES,2018,,NOT SPECIFIED,YIELD,CROPS,US,,SOYBEANS,,"SOYBEANS - YIELD, MEASURED IN BU / ACRE",TOTAL,2024-01-09 15:00:00.000,,00,,US TOTAL,,FIELD CROPS,,SURVEY,ALL CLASSES,,00000000,BU / ACRE,YEAR,,,ALL PRODUCTION PRACTICES,NATIONAL,99,,,00,50.6,US TOTAL
ANNUAL,ALL UTILIZATION PRACTICES,9000,UNITED STATES,2018,,NOT SPECIFIED,YIELD,CROPS,US,,SOYBEANS,,"SOYBEANS - YIELD, MEASURED IN BU / ACRE",TOTAL,2018-08-10 12:01:40.000,,00,,US TOTAL,,FIELD CROPS,,SURVEY,ALL CLASSES,,00000000,BU / ACRE,YEAR - AUG FORECAST,,,ALL PRODUCTION PRACTICES,NATIONAL,99,,,00,51.6,US TOTAL
ANNUAL,ALL UTILIZATION PRACTICES,9000,UNITED STATES,2018,,NOT SPECIFIED,YIELD,CROPS,US,,SOYBEANS,,"SOYBEANS - YIELD, MEASURED IN BU / ACRE",TOTAL,2018-11-08 12:01:20.000,,00,,US TOTAL,,FIELD CROPS,,SURVEY,ALL CLASSES,,00000000,BU / ACRE,YEAR - NOV FORECAST,,,ALL PRODUCTION PRACTICES,NATIONAL,99,,,00,52.1,US TOTAL
ANNUAL,ALL UTILIZATION PRACTICES,9000,UNITED STATES,2018,,NOT SPECIFIED,YIELD,CROPS,US,,SOYBEANS,,"SOYBEANS - YIELD, MEASURED IN BU / ACRE",TOTAL,2018-10-11 12:02:09.000,,00,,US TOTAL,,FIELD CROPS,,SURVEY,ALL CLASSES,,00000000,BU / ACRE,YEAR - OCT FORECAST,,,ALL PRODUCTION PRACTICES,NATIONAL,99,,,00,53.1,US TOTAL
ANNUAL,ALL UTILIZATION PRACTICES,9000,UNITED STATES,2018,,NOT SPECIFIED,YIELD,CROPS,US,,SOYBEANS,,"SOYBEANS - YIELD, MEASURED IN BU / ACRE",TOTAL,2018-09-12 12:02:09.000,,00,,US TOTAL,,FIELD CROPS,,SURVEY,ALL CLASSES,,00000000,BU / ACRE,YEAR - SEP FORECAST,,,ALL PRODUCTION PRACTICES,NATIONAL,99,,,00,52.8,US TOTAL
ANNUAL,ALL UTILIZATION PRACTICES,9000,UNITED STATES,2019,,NOT SPECIFIED,YIELD,CROPS,US,,SOYBEANS,,"SOYBEANS - YIELD, MEASURED IN BU / ACRE",TOTAL,2024-01-09 15:00:00.000,,00,,US TOTAL,,FIELD CROPS,,SURVEY,ALL CLASSES,,00000000,BU / ACRE,YEAR,,,ALL PRODUCTION PRACTICES,NATIONAL,99,,,00,47.4,US TOTAL
ANNUAL,ALL UTILIZATION PRACTICES,9000,UNITED STATES,2019,,NOT SPECIFIED,YIELD,CROPS,US,,SOYBEANS,,"SOYBEANS - YIELD, MEASURED IN BU / ACRE",TOTAL,2019-08-12 12:01:08.000,,00,,US TOTAL,,FIELD CROPS,,SURVEY,ALL CLASSES,,00000000,BU / ACRE,YEAR - AUG FORECAST,,,ALL PRODUCTION PRACTICES,NATIONAL,99,,,00,48.5,US TOTAL
ANNUAL,ALL UTILIZATION PRACTICES,9000,UNITED STATES,2019,,NOT SPECIFIED,YIELD,CROPS,US,,SOYBEANS,,"SOYBEANS - YIELD, MEASURED IN BU / ACRE",TOTAL,2019-11-08 12:00:46.000,,00,,US TOTAL,,FIELD CROPS,,SURVEY,ALL CLASSES,,00000000,BU / ACRE,YEAR - NOV FORECAST,,,ALL PRODUCTION PRACTICES,NATIONAL,99,,,00,46.9,US TOTAL
ANNUAL,ALL UTILIZATION PRACTICES,9000,UNITED STATES,2019,,NOT SPECIFIED,YIELD,CROPS,US,,SOYBEANS,,"SOYBEANS - YIELD, MEASURED IN BU / ACRE",TOTAL,2019-10-10 12:03:54.000,,00,,US TOTAL,,FIELD CROPS,,SURVEY,ALL CLASSES,,00000000,BU / ACRE,YEAR - OCT FORECAST,,,ALL PRODUCTION PRACTICES,NATIONAL,99,,,00,46.9,US TOTAL
ANNUAL,ALL UTILIZATION PRACTICES,9000,UNITED STATES,2019,,NOT SPECIFIED,YIELD,CROPS,US,,SOYBEANS,,"SOYBEANS - YIELD, MEASURED IN BU / ACRE",TOTAL,2019-09-12 12:01:19.000,,00,,US TOTAL,,FIELD CROPS,,SURVEY,ALL CLASSES,,00000000,BU / ACRE,YEAR - SEP FORECAST,,,ALL PRODUCTION PRACTICES,NATIONAL,99,,,00,47.9,US TOTAL
ANNUAL,ALL UTILIZATION PRACTICES,9000,UNITED STATES,2020,,NOT SPECIFIED,YIELD,CROPS,US,,SOYBEANS,,"SOYBEANS - YIELD, MEASURED IN BU / ACRE",TOTAL,2024-01-09 15:00:00.000,,00,,US TOTAL,,FIELD CROPS,,SURVEY,ALL CLASSES,,00000000,BU / ACRE,YEAR,,,ALL PRODUCTION PRACTICES,NATIONAL,99,,,00,51,US TOTAL
ANNUAL,ALL UTILIZATION PRACTICES,9000,UNITED STATES,2020,,NOT SPECIFIED,YIELD,CROPS,US,,SOYBEANS,,"SOYBEANS - YIELD, MEASURED IN BU / ACRE",TOTAL,2020-08-12 12:04:12.000,,00,,US TOTAL,,FIELD CROPS,,SURVEY,ALL CLASSES,,00000000,BU / ACRE,YEAR - AUG FORECAST,,,ALL PRODUCTION PRACTICES,NATIONAL,99,,,00,53.3,US TOTAL
ANNUAL,ALL UTILIZATION PRACTICES,9000,UNITED STATES,2020,,NOT SPECIFIED,YIELD,CROPS,US,,SOYBEANS,,"SOYBEANS - YIELD, MEASURED IN BU / ACRE",TOTAL,2020-11-10 12:02:34.000,,00,,US TOTAL,,FIELD CROPS,,SURVEY,ALL CLASSES,,00000000,BU / ACRE,YEAR - NOV FORECAST,,,ALL PRODUCTION PRACTICES,NATIONAL,99,,,00,50.7,US TOTAL
ANNUAL,ALL UTILIZATION PRACTICES,9000,UNITED STATES,2020,,NOT SPECIFIED,YIELD,CROPS,US,,SOYBEANS,,"SOYBEANS - YIELD, MEASURED IN BU / ACRE",TOTAL,2020-10-09 12:01:33.000,,00,,US TOTAL,,FIELD CROPS,,SURVEY,ALL CLASSES,,00000000,BU / ACRE,YEAR - OCT FORECAST,,,ALL PRODUCTION PRACTICES,NATIONAL,99,,,00,51.9,US TOTAL
ANNUAL,ALL UTILIZATION PRACTICES,9000,UNITED STATES,2020,,NOT SPECIFIED,YIELD,CROPS,US,,SOYBEANS,,"SOYBEANS - YIELD, MEASURED IN BU / ACRE",TOTAL,2020-09-11 12:03:32.000,,00,,US TOTAL,,FIELD CROPS,,SURVEY,ALL CLASSES,,00000000,BU / ACRE,YEAR - SEP FORECAST,,,ALL PRODUCTION PRACTICES,NATIONAL,99,,,00,51.9,US TOTAL
ANNUAL,ALL UTILIZATION PRACTICES,9000,UNITED STATES,2021,,NOT SPECIFIED,YIELD,CROPS,US,,SOYBEANS,,"SOYBEANS - YIELD, MEASURED IN BU / ACRE",TOTAL,2024-01-09 15:00:00.000,,00,,US TOTAL,,FIELD CROPS,,SURVEY,ALL CLASSES,,00000000,BU / ACRE,YEAR,,,ALL PRODUCTION PRACTICES,NATIONAL,99,,,00,51.7,US TOTAL
ANNUAL,ALL UTILIZATION PRACTICES,9000,UNITED STATES,2021,,NOT SPECIFIED,YIELD,CROPS,US,,SOYBEANS,,"SOYBEANS - YIELD, MEASURED IN BU / ACRE",TOTAL,2021-08-12 12:01:34.000,,00,,US TOTAL,,FIELD CROPS,,SURVEY,ALL CLASSES,,00000000,BU / ACRE,YEAR - AUG FORECAST,,,ALL PRODUCTION PRACTICES,NATIONAL,99,,,00,50,US TOTAL
ANNUAL,ALL UTILIZATION PRACTICES,9000,UNITED STATES,2021,,NOT SPECIFIED,YIELD,CROPS,US,,SOYBEANS,,"SOYBEANS - YIELD, MEASURED IN BU / ACRE",TOTAL,2021-11-09 12:02:06.000,,00,,US TOTAL,,FIELD CROPS,,SURVEY,ALL CLASSES,,00000000,BU / ACRE,YEAR - NOV FORECAST,,,ALL PRODUCTION PRACTICES,NATIONAL,99,,,00,51.2,US TOTAL
ANNUAL,ALL UTILIZATION PRACTICES,9000,UNITED STATES,2021,,NOT SPECIFIED,YIELD,CROPS,US,,SOYBEANS,,"SOYBEANS - YIELD, MEASURED IN BU / ACRE",TOTAL,2021-10-12 12:01:38.000,,00,,US TOTAL,,FIELD CROPS,,SURVEY,ALL CLASSES,,00000000,BU / ACRE,YEAR - OCT FORECAST,,,ALL PRODUCTION PRACTICES,NATIONAL,99,,,00,51.5,US TOTAL
ANNUAL,ALL UTILIZATION PRACTICES,9000,UNITED STATES,2021,,NOT SPECIFIED,YIELD,CROPS,US,,SOYBEANS,,"SOYBEANS - YIELD, MEASURED IN BU / ACRE",TOTAL,2021-09-10 12:08:17.000,,00,,US TOTAL,,FIELD CROPS,,SURVEY,ALL CLASSES,,00000000,BU / ACRE,YEAR - SEP FORECAST,,,ALL PRODUCTION PRACTICES,NATIONAL,99,,,00,50.6,US TOTAL
ANNUAL,ALL UTILIZATION PRACTICES,9000,UNITED STATES,2022,,NOT SPECIFIED,YIELD,CROPS,US,,SOYBEANS,,"SOYBEANS - YIELD, MEASURED IN BU / ACRE",TOTAL,2024-01-09 15:00:00.000,,00,,US TOTAL,,FIELD CROPS,,SURVEY,ALL CLASSES,,00000000,BU / ACRE,YEAR,,,ALL PRODUCTION PRACTICES,NATIONAL,99,,,00,49.6,US TOTAL
ANNUAL,ALL UTILIZATION PRACTICES,9000,UNITED STATES,2022,,NOT SPECIFIED,YIELD,CROPS,US,,SOYBEANS,,"SOYBEANS - YIELD, MEASURED IN BU / ACRE",TOTAL,2022-08-12 12:00:52.000,,00,,US TOTAL,,FIELD CROPS,,SURVEY,ALL CLASSES,,00000000,BU / ACRE,YEAR - AUG FORECAST,,,ALL PRODUCTION PRACTICES,NATIONAL,99,,,00,51.9,US TOTAL
ANNUAL,ALL UTILIZATION PRACTICES,9000,UNITED STATES,2022,,NOT SPECIFIED,YIELD,CROPS,US,,SOYBEANS,,"SOYBEANS - YIELD, MEASURED IN BU / ACRE",TOTAL,2022-11-09 12:00:00.000,,00,,US TOTAL,,FIELD CROPS,,SURVEY,ALL CLASSES,,00000000,BU / ACRE,YEAR - NOV FORECAST,,,ALL PRODUCTION PRACTICES,NATIONAL,99,,,00,50.2,US TOTAL
ANNUAL,ALL UTILIZATION PRACTICES,9000,UNITED STATES,2022,,NOT SPECIFIED,YIELD,CROPS,US,,SOYBEANS,,"SOYBEANS - YIELD, MEASURED IN BU / ACRE",TOTAL,2022-10-12 12:00:00.000,,00,,US TOTAL,,FIELD CROPS,,SURVEY,ALL CLASSES,,00000000,BU / ACRE,YEAR - OCT FORECAST,,,ALL PRODUCTION PRACTICES,NATIONAL,99,,,00,49.8,US TOTAL
ANNUAL,ALL UTILIZATION PRACTICES,9000,UNITED STATES,2022,,NOT SPECIFIED,YIELD,CROPS,US,,SOYBEANS,,"SOYBEANS - YIELD, MEASURED IN BU / ACRE",TOTAL,2022-09-12 12:03:33.000,,00,,US TOTAL,,FIELD CROPS,,SURVEY,ALL CLASSES,,00000000,BU / ACRE,YEAR - SEP FORECAST,,,ALL PRODUCTION PRACTICES,NATIONAL,99,,,00,50.5,US TOTAL
ANNUAL,ALL UTILIZATION PRACTICES,9000,UNITED STATES,2023,,NOT SPECIFIED,YIELD,CROPS,US,,SOYBEANS,,"SOYBEANS - YIELD, MEASURED IN BU / ACRE",TOTAL,2024-09-30 12:00:00.000,,00,,US TOTAL,,FIELD CROPS,,SURVEY,ALL CLASSES,,00000000,BU / ACRE,YEAR,,,ALL PRODUCTION PRACTICES,NATIONAL,99,,,00,50.6,US TOTAL
ANNUAL,ALL UTILIZATION PRACTICES,9000,UNITED STATES,2023,,NOT SPECIFIED,YIELD,CROPS,US,,SOYBEANS,,"SOYBEANS - YIELD, MEASURED IN BU / ACRE",TOTAL,2023-08-11 12:00:00.000,,00,,US TOTAL,,FIELD CROPS,,SURVEY,ALL CLASSES,,00000000,BU / ACRE,YEAR - AUG FORECAST,,,ALL PRODUCTION PRACTICES,NATIONAL,99,,,00,50.9,US TOTAL
ANNUAL,ALL UTILIZATION PRACTICES,9000,UNITED STATES,2023,,NOT SPECIFIED,YIELD,CROPS,US,,SOYBEANS,,"SOYBEANS - YIELD, MEASURED IN BU / ACRE",TOTAL,2023-11-09 12:00:00.000,,00,,US TOTAL,,FIELD CROPS,,SURVEY,ALL CLASSES,,00000000,BU / ACRE,YEAR - NOV FORECAST,,,ALL PRODUCTION PRACTICES,NATIONAL,99,,,00,49.9,US TOTAL
ANNUAL,ALL UTILIZATION PRACTICES,9000,UNITED STATES,2023,,NOT SPECIFIED,YIELD,CROPS,US,,SOYBEANS,,"SOYBEANS - YIELD, MEASURED IN BU / ACRE",TOTAL,2023-10-12 12:00:00.000,,00,,US TOTAL,,FIELD CROPS,,SURVEY,ALL CLASSES,,00000000,BU / ACRE,YEAR - OCT FORECAST,,,ALL PRODUCTION PRACTICES,NATIONAL,99,,,00,49.6,US TOTAL
ANNUAL,ALL UTILIZATION PRACTICES,9000,UNITED STATES,2023,,NOT SPECIFIED,YIELD,CROPS,US,,SOYBEANS,,"SOYBEANS - YIELD, MEASURED IN BU / ACRE",TOTAL,2023-09-12 12:00:00.000,,00,,US TOTAL,,FIELD CROPS,,SURVEY,ALL CLASSES,,00000000,BU / ACRE,YEAR - SEP FORECAST,,,ALL PRODUCTION PRACTICES,NATIONAL,99,,,00,50.1,US TOTAL
ANNUAL,ALL UTILIZATION PRACTICES,9000,UNITED STATES,2002,,NOT SPECIFIED,YIELD,CROPS,US,,SOYBEANS,,"SOYBEANS, IRRIGATED, ENTIRE CROP - YIELD, MEASURED IN BU / ACRE",TOTAL,2012-01-01 00:00:00.000,,00,,US TOTAL,,FIELD CROPS,,CENSUS,ALL CLASSES,,00000000,BU / ACRE,YEAR,,,"IRRIGATED, ENTIRE CROP",NATIONAL,99,,,00,42.9,US TOTAL
ANNUAL,ALL UTILIZATION PRACTICES,9000,UNITED STATES,2002,,NOT SPECIFIED,YIELD,CROPS,US,,SOYBEANS,,"SOYBEANS, IRRIGATED, NONE OF CROP - YIELD, MEASURED IN BU / ACRE",TOTAL,2012-01-01 00:00:00.000,,00,,US TOTAL,,FIELD CROPS,,CENSUS,ALL CLASSES,,00000000,BU / ACRE,YEAR,,,"IRRIGATED, NONE OF CROP",NATIONAL,99,,,00,37.3,US TOTAL
ANNUAL,ALL UTILIZATION PRACTICES,9000,UNITED STATES,2002,,NOT SPECIFIED,YIELD,CROPS,US,,SOYBEANS,,"SOYBEANS, IRRIGATED, PART OF CROP - YIELD, MEASURED IN BU / ACRE",TOTAL,2012-01-01 00:00:00.000,,00,,US TOTAL,,FIELD CROPS,,CENSUS,ALL CLASSES,,00000000,BU / ACRE,YEAR,,,"IRRIGATED, PART OF CROP",NATIONAL,99,,,00,36.7,US TOTAL
ANNUAL,ALL UTILIZATION PRACTICES,9000,UNITED STATES,2007,,NOT SPECIFIED,YIELD,CROPS,US,,SOYBEANS,,"SOYBEANS, IRRIGATED, ENTIRE CROP - YIELD, MEASURED IN BU / ACRE",TOTAL,2012-01-01 00:00:00.000,,00,,US TOTAL,,FIELD CROPS,,CENSUS,ALL CLASSES,,00000000,BU / ACRE,YEAR,,,"IRRIGATED, ENTIRE CROP",NATIONAL,99,,,00,45.3,US TOTAL
ANNUAL,ALL UTILIZATION PRACTICES,9000,UNITED STATES,2007,,NOT SPECIFIED,YIELD,CROPS,US,,SOYBEANS,,"SOYBEANS, IRRIGATED, NONE OF CROP - YIELD, MEASURED IN BU / ACRE",TOTAL,2012-01-01 00:00:00.000,,00,,US TOTAL,,FIELD CROPS,,CENSUS,ALL CLASSES,,00000000,BU / ACRE,YEAR,,,"IRRIGATED, NONE OF CROP",NATIONAL,99,,,00,40.2,US TOTAL
ANNUAL,ALL UTILIZATION PRACTICES,9000,UNITED STATES,2007,,NOT SPECIFIED,YIELD,CROPS,US,,SOYBEANS,,"SOYBEANS, IRRIGATED, PART OF CROP - YIELD, MEASURED IN BU / ACRE",TOTAL,2012-01-01 00:00:00.000,,00,,US TOTAL,,FIELD CROPS,,CENSUS,ALL CLASSES,,00000000,BU / ACRE,YEAR,,,"IRRIGATED, PART OF CROP",NATIONAL,99,,,00,40.8,US TOTAL
ANNUAL,ALL UTILIZATION PRACTICES,9000,UNITED STATES,2012,,NOT SPECIFIED,YIELD,CROPS,US,,SOYBEANS,,"SOYBEANS, IRRIGATED, ENTIRE CROP - YIELD, MEASURED IN BU / ACRE",TOTAL,2012-12-31 00:00:00.000,,00,,US TOTAL,,FIELD CROPS,1.3,CENSUS,ALL CLASSES,,00000000,BU / ACRE,YEAR,,,"IRRIGATED, ENTIRE CROP",NATIONAL,99,,,00,49.4,US TOTAL
ANNUAL,ALL UTILIZATION PRACTICES,9000,UNITED STATES,2012,,NOT SPECIFIED,YIELD,CROPS,US,,SOYBEANS,,"SOYBEANS, IRRIGATED, NONE OF CROP - YIELD, MEASURED IN BU / ACRE",TOTAL,2012-12-31 00:00:00.000,,00,,US TOTAL,,FIELD CROPS,(L),CENSUS,ALL CLASSES,,00000000,BU / ACRE,YEAR,,,"IRRIGATED, NONE OF CROP",NATIONAL,99,,,00,37.6,US TOTAL
ANNUAL,ALL UTILIZATION PRACTICES,9000,UNITED STATES,2012,,NOT SPECIFIED,YIELD,CROPS,US,,SOYBEANS,,"SOYBEANS, IRRIGATED, PART OF CROP - YIELD, MEASURED IN BU / ACRE",TOTAL,2012-12-31 00:00:00.000,,00,,US TOTAL,,FIELD CROPS,0.6,CENSUS,ALL CLASSES,,00000000,BU / ACRE,YEAR,,,"IRRIGATED, PART OF CROP",NATIONAL,99,,,00,41,US TOTAL
ANNUAL,ALL UTILIZATION PRACTICES,9000,UNITED STATES,2013,,"IRRIGATION METHOD, PRIMARY: (GRAVITY)",YIELD,CROPS,US,,SOYBEANS,,"SOYBEANS, IRRIGATED - YIELD, MEASURED IN BU / ACRE","IRRIGATION METHOD, PRIMARY",2012-12-31 00:00:00.000,,00,,US TOTAL,,FIELD CROPS,,CENSUS,ALL CLASSES,,00000000,BU / ACRE,YEAR,,,IRRIGATED,NATIONAL,99,,,00,51,US TOTAL
ANNUAL,ALL UTILIZATION PRACTICES,9000,UNITED STATES,2013,,"IRRIGATION METHOD, PRIMARY: (PRESSURE)",YIELD,CROPS,US,,SOYBEANS,,"SOYBEANS, IRRIGATED - YIELD, MEASURED IN BU / ACRE","IRRIGATION METHOD, PRIMARY",2012-12-31 00:00:00.000,,00,,US TOTAL,,FIELD CROPS,,CENSUS,ALL CLASSES,,00000000,BU / ACRE,YEAR,,,IRRIGATED,NATIONAL,99,,,00,57,US TOTAL
ANNUAL,ALL UTILIZATION PRACTICES,9000,UNITED STATES,2013,,NOT SPECIFIED,YIELD,CROPS,US,,SOYBEANS,,"SOYBEANS, IRRIGATED - YIELD, MEASURED IN BU / ACRE",TOTAL,2012-12-31 00:00:00.000,,00,,US TOTAL,,FIELD CROPS,,CENSUS,ALL CLASSES,,00000000,BU / ACRE,YEAR,,,IRRIGATED,NATIONAL,99,,,00,54,US TOTAL
ANNUAL,ALL UTILIZATION PRACTICES,9000,UNITED STATES,2013,,IRRIGATION STATUS: (ANY ON OPERATION),YIELD,CROPS,US,,SOYBEANS,,"SOYBEANS, NON-IRRIGATED - YIELD, MEASURED IN BU / ACRE",IRRIGATION STATUS,2012-12-31 00:00:00.000,,00,,US TOTAL,,FIELD CROPS,,CENSUS,ALL CLASSES,,00000000,BU / ACRE,YEAR,,,NON-IRRIGATED,NATIONAL,99,,,00,40,US TOTAL
ANNUAL,ALL UTILIZATION PRACTICES,9000,UNITED STATES,2017,,NOT SPECIFIED,YIELD,CROPS,US,,SOYBEANS,,"SOYBEANS, IRRIGATED, ENTIRE CROP - YIELD, MEASURED IN BU / ACRE",TOTAL,2018-02-01 00:00:00.000,,00,,US TOTAL,,FIELD CROPS,0.4,CENSUS,ALL CLASSES,,00000000,BU / ACRE,YEAR,,,"IRRIGATED, ENTIRE CROP",NATIONAL,99,,,00,56.3,US TOTAL
ANNUAL,ALL UTILIZATION PRACTICES,9000,UNITED STATES,2017,,NOT SPECIFIED,YIELD,CROPS,US,,SOYBEANS,,"SOYBEANS, IRRIGATED, NONE OF CROP - YIELD, MEASURED IN BU / ACRE",TOTAL,2018-02-01 00:00:00.000,,00,,US TOTAL,,FIELD CROPS,(L),CENSUS,ALL CLASSES,,00000000,BU / ACRE,YEAR,,,"IRRIGATED, NONE OF CROP",NATIONAL,99,,,00,47.3,US TOTAL
ANNUAL,ALL UTILIZATION PRACTICES,9000,UNITED STATES,2017,,NOT SPECIFIED,YIELD,CROPS,US,,SOYBEANS,,"SOYBEANS, IRRIGATED, PART OF CROP - YIELD, MEASURED IN BU / ACRE",TOTAL,2018-02-01 00:00:00.000,,00,,US TOTAL,,FIELD CROPS,0.7,CENSUS,ALL CLASSES,,00000000,BU / ACRE,YEAR,,,"IRRIGATED, PART OF CROP",NATIONAL,99,,,00,52.3,US TOTAL
ANNUAL,ALL UTILIZATION PRACTICES,9000,UNITED STATES,2018,,"IRRIGATION METHOD, PRIMARY: (GRAVITY)",YIELD,CROPS,US,,SOYBEANS,,"SOYBEANS, IRRIGATED - YIELD, MEASURED IN BU / ACRE","IRRIGATION METHOD, PRIMARY",2018-02-01 00:00:00.000,,00,,US TOTAL,,FIELD CROPS,0.6,CENSUS,ALL CLASSES,,00000000,BU / ACRE,YEAR,,,IRRIGATED,NATIONAL,99,,,00,59,US TOTAL
ANNUAL,ALL UTILIZATION PRACTICES,9000,UNITED STATES,2018,,"IRRIGATION METHOD, PRIMARY: (PRESSURE)",YIELD,CROPS,US,,SOYBEANS,,"SOYBEANS, IRRIGATED - YIELD, MEASURED IN BU / ACRE","IRRIGATION METHOD, PRIMARY",2018-02-01 00:00:00.000,,00,,US TOTAL,,FIELD CROPS,0.5,CENSUS,ALL CLASSES,,00000000,BU / ACRE,YEAR,,,IRRIGATED,NATIONAL,99,,,00,63,US TOTAL
ANNUAL,ALL UTILIZATION PRACTICES,9000,UNITED STATES,2018,,NOT SPECIFIED,YIELD,CROPS,US,,SOYBEANS,,"SOYBEANS, IRRIGATED - YIELD, MEASURED IN BU / ACRE",TOTAL,2018-02-01 00:00:00.000,,00,,US TOTAL,,FIELD CROPS,0.4,CENSUS,ALL CLASSES,,00000000,BU / ACRE,YEAR,,,IRRIGATED,NATIONAL,99,,,00,61,US TOTAL
ANNUAL,ALL UTILIZATION PRACTICES,9000,UNITED STATES,2022,,NOT SPECIFIED,YIELD,CROPS,US,,SOYBEANS,,"SOYBEANS, IRRIGATED, ENTIRE CROP - YIELD, MEASURED IN BU / ACRE",TOTAL,2024-07-02 12:00:00.000,,00,,US TOTAL,,FIELD CROPS,1.0,CENSUS,ALL CLASSES,,00000000,BU / ACRE,YEAR,,,"IRRIGATED, ENTIRE CROP",NATIONAL,99,,,00,55.4,US TOTAL
ANNUAL,ALL UTILIZATION PRACTICES,9000,UNITED STATES,2022,,NOT SPECIFIED,YIELD,CROPS,US,,SOYBEANS,,"SOYBEANS, IRRIGATED, NONE OF CROP - YIELD, MEASURED IN BU / ACRE",TOTAL,2024-07-02 12:00:00.000,,00,,US TOTAL,,FIELD CROPS,0.4,CENSUS,ALL CLASSES,,00000000,BU / ACRE,YEAR,,,"IRRIGATED, NONE OF CROP",NATIONAL,99,,,00,47.6,US TOTAL
ANNUAL,ALL UTILIZATION PRACTICES,9000,UNITED STATES,2022,,NOT SPECIFIED,YIELD,CROPS,US,,SOYBEANS,,"SOYBEANS, IRRIGATED, PART OF CROP - YIELD, MEASURED IN BU / ACRE",TOTAL,2024-07-02 12:00:00.000,,00,,US TOTAL,,FIELD CROPS,1.1,CENSUS,ALL CLASSES,,00000000,BU / ACRE,YEAR,,,"IRRIGATED, PART OF CROP",NATIONAL,99,,,00,49.7,US TOTAL
