load_time,end_code,week_ending,asd_code,freq_desc,commodity_desc,watershed_code,group_desc,location_desc,agg_level_desc,county_ansi,domaincat_desc,class_desc,unit_desc,state_name,state_ansi,watershed_desc,county_name,CV (%),prodn_practice_desc,country_code,region_desc,congr_district_code,county_code,state_fips_code,Value,year,util_practice_desc,zip_5,state_alpha,domain_desc,asd_desc,reference_period_desc,source_desc,statisticcat_desc,country_name,begin_code,sector_desc,short_desc
2012-01-01 00:00:00.000,00,,,ANNUAL,WHEAT,00000000,FIELD CROPS,US TOTAL,NATIONAL,,NOT SPECIFIED,ALL CLASSES,BU,US TOTAL,,,,,ALL PRODUCTION PRACTICES,9000,,,,99,"1,354,709,000",1960,ALL UTILIZATION PRACTICES,,US,TOTAL,,YEAR,SURVEY,PRODUCTION,UNITED STATES,00,CROPS,"WHEAT - PRODUCTION, MEASURED IN BU"
2012-01-01 00:00:00.000,00,,,ANNUAL,WHEAT,00000000,FIELD CROPS,US TOTAL,NATIONAL,,NOT SPECIFIED,"SPRING, (EXCL DURUM)",BU,US TOTAL,,,,,ALL PRODUCTION PRACTICES,9000,,,,99,"208,945,000",1960,ALL UTILIZATION PRACTICES,,US,TOTAL,,YEAR,SURVEY,PRODUCTION,UNITED STATES,00,CROPS,"WHEAT, SPRING, (EXCL DURUM) - PRODUCTION, MEASURED IN BU"
2012-01-01 00:00:00.000,00,,,ANNUAL,WHEAT,00000000,FIELD CROPS,US TOTAL,NATIONAL,,NOT SPECIFIED,"SPRING, DURUM",BU,US TOTAL,,,,,ALL PRODUCTION PRACTICES,9000,,,,99,"34,361,000",1960,ALL UTILIZATION PRACTICES,,US,TOTAL,,YEAR,SURVEY,PRODUCTION,UNITED STATES,00,CROPS,"WHEAT, SPRING, DURUM - PRODUCTION, MEASURED IN BU"
2012-01-01 00:00:00.000,00,,,ANNUAL,WHEAT,00000000,FIELD CROPS,US TOTAL,NATIONAL,,NOT SPECIFIED,"SPRING, RED, HARD",BU,US TOTAL,,,,,ALL PRODUCTION PRACTICES,9000,,,,99,"187,925,000",1960,ALL UTILIZATION PRACTICES,,US,TOTAL,,YEAR,SURVEY,PRODUCTION,UNITED STATES,00,CROPS,"WHEAT, SPRING, RED, HARD - PRODUCTION, MEASURED IN BU"
2012-01-01 00:00:00.000,00,,,ANNUAL,WHEAT,00000000,FIELD CROPS,US TOTAL,NATIONAL,,NOT SPECIFIED,WINTER,BU,US TOTAL,,,,,ALL PRODUCTION PRACTICES,9000,,,,99,"1,111,403,000",1960,ALL UTILIZATION PRACTICES,,US,TOTAL,,YEAR,SURVEY,PRODUCTION,UNITED STATES,00,CROPS,"WHEAT, WINTER - PRODUCTION, MEASURED IN BU"
2012-01-01 00:00:00.000,00,,,ANNUAL,WHEAT,00000000,FIELD CROPS,US TOTAL,NATIONAL,,NOT SPECIFIED,"WINTER, RED, HARD",BU,US TOTAL,,,,,ALL PRODUCTION PRACTICES,9000,,,,99,"794,386,000",1960,ALL UTILIZATION PRACTICES,,US,TOTAL,,YEAR,SURVEY,PRODUCTION,UNITED STATES,00,CROPS,"WHEAT, WINTER, RED, HARD - PRODUCTION, MEASURED IN BU"
2012-01-01 00:00:00.000,00,,,ANNUAL,WHEAT,00000000,FIELD CROPS,US TOTAL,NATIONAL,,NOT SPECIFIED,"WINTER, RED, SOFT",BU,US TOTAL,,,,,ALL PRODUCTION PRACTICES,9000,,,,99,"189,808,000",1960,ALL UTILIZATION PRACTICES,,US,TOTAL,,YEAR,SURVEY,PRODUCTION,UNITED STATES,00,CROPS,"WHEAT, WINTER, RED, SOFT - PRODUCTION, MEASURED IN BU"
2012-01-01 00:00:00.000,00,,,ANNUAL,WHEAT,00000000,FIELD CROPS,US TOTAL,NATIONAL,,NOT SPECIFIED,ALL CLASSES,BU,US TOTAL,,,,,ALL PRODUCTION PRACTICES,9000,,,,99,"1,232,359,000",1961,ALL UTILIZATION PRACTICES,,US,TOTAL,,YEAR,SURVEY,PRODUCTION,UNITED STATES,00,CROPS,"WHEAT - PRODUCTION, MEASURED IN BU"
2012-01-01 00:00:00.000,00,,,ANNUAL,WHEAT,00000000,FIELD CROPS,US TOTAL,NATIONAL,,NOT SPECIFIED,"SPRING, (EXCL DURUM)",BU,US TOTAL,,,,,ALL PRODUCTION PRACTICES,9000,,,,99,"136,213,000",1961,ALL UTILIZATION PRACTICES,,US,TOTAL,,YEAR,SURVEY,PRODUCTION,UNITED STATES,00,CROPS,"WHEAT, SPRING, (EXCL DURUM) - PRODUCTION, MEASURED IN BU"
2012-01-01 00:00:00.000,00,,,ANNUAL,WHEAT,00000000,FIELD CROPS,US TOTAL,NATIONAL,,NOT SPECIFIED,"SPRING, DURUM",BU,US TOTAL,,,,,ALL PRODUCTION PRACTICES,9000,,,,99,"21,339,000",1961,ALL UTILIZATION PRACTICES,,US,TOTAL,,YEAR,SURVEY,PRODUCTION,UNITED STATES,00,CROPS,"WHEAT, SPRING, DURUM - PRODUCTION, MEASURED IN BU"
2012-01-01 00:00:00.000,00,,,ANNUAL,WHEAT,00000000,FIELD CROPS,US TOTAL,NATIONAL,,NOT SPECIFIED,"SPRING, RED, HARD",BU,US TOTAL,,,,,ALL PRODUCTION PRACTICES,9000,,,,99,"116,535,000",1961,ALL UTILIZATION PRACTICES,,US,TOTAL,,YEAR,SURVEY,PRODUCTION,UNITED STATES,00,CROPS,"WHEAT, SPRING, RED, HARD - PRODUCTION, MEASURED IN BU"
2012-01-01 00:00:00.000,00,,,ANNUAL,WHEAT,00000000,FIELD CROPS,US TOTAL,NATIONAL,,NOT SPECIFIED,WINTER,BU,US TOTAL,,,,,ALL PRODUCTION PRACTICES,9000,,,,99,"1,074,807,000",1961,ALL UTILIZATION PRACTICES,,US,TOTAL,,YEAR,SURVEY,PRODUCTION,UNITED STATES,00,CROPS,"WHEAT, WINTER - PRODUCTION, MEASURED IN BU"
2012-01-01 00:00:00.000,00,,,ANNUAL,WHEAT,00000000,FIELD CROPS,US TOTAL,NATIONAL,,NOT SPECIFIED,"WINTER, RED, HARD",BU,US TOTAL,,,,,ALL PRODUCTION PRACTICES,9000,,,,99,"753,802,000",1961,ALL UTILIZATION PRACTICES,,US,TOTAL,,YEAR,SURVEY,PRODUCTION,UNITED STATES,00,CROPS,"WHEAT, WINTER, RED, HARD - PRODUCTION, MEASURED IN BU"
2012-01-01 00:00:00.000,00,,,ANNUAL,WHEAT,00000000,FIELD CROPS,US TOTAL,NATIONAL,,NOT SPECIFIED,"WINTER, RED, SOFT",BU,US TOTAL,,,,,ALL PRODUCTION PRACTICES,9000,,,,99,"201,522,000",1961,ALL UTILIZATION PRACTICES,,US,TOTAL,,YEAR,SURVEY,PRODUCTION,UNITED STATES,00,CROPS,"WHEAT, WINTER, RED, SOFT - PRODUCTION, MEASURED IN BU"
2012-01-01 00:00:00.000,00,,,ANNUAL,WHEAT,00000000,FIELD CROPS,US TOTAL,NATIONAL,,NOT SPECIFIED,ALL CLASSES,BU,US TOTAL,,,,,ALL PRODUCTION PRACTICES,9000,,,,99,"1,091,958,000",1962,ALL UTILIZATION PRACTICES,,US,TOTAL,,YEAR,SURVEY,PRODUCTION,UNITED STATES,00,CROPS,"WHEAT - PRODUCTION, MEASURED IN BU"
2012-01-01 00:00:00.000,00,,,ANNUAL,WHEAT,00000000,FIELD CROPS,US TOTAL,NATIONAL,,NOT SPECIFIED,"SPRING, (EXCL DURUM)",BU,US TOTAL,,,,,ALL PRODUCTION PRACTICES,9000,,,,99,"198,811,000",1962,ALL UTILIZATION PRACTICES,,US,TOTAL,,YEAR,SURVEY,PRODUCTION,UNITED STATES,00,CROPS,"WHEAT, SPRING, (EXCL DURUM) - PRODUCTION, MEASURED IN BU"
2012-01-01 00:00:00.000,00,,,ANNUAL,WHEAT,00000000,FIELD CROPS,US TOTAL,NATIONAL,,NOT SPECIFIED,"SPRING, DURUM",BU,US TOTAL,,,,,ALL PRODUCTION PRACTICES,9000,,,,99,"70,260,000",1962,ALL UTILIZATION PRACTICES,,US,TOTAL,,YEAR,SURVEY,PRODUCTION,UNITED STATES,00,CROPS,"WHEAT, SPRING, DURUM - PRODUCTION, MEASURED IN BU"
2012-01-01 00:00:00.000,00,,,ANNUAL,WHEAT,00000000,FIELD CROPS,US TOTAL,NATIONAL,,NOT SPECIFIED,"SPRING, RED, HARD",BU,US TOTAL,,,,,ALL PRODUCTION PRACTICES,9000,,,,99,"178,686,000",1962,ALL UTILIZATION PRACTICES,,US,TOTAL,,YEAR,SURVEY,PRODUCTION,UNITED STATES,00,CROPS,"WHEAT, SPRING, RED, HARD - PRODUCTION, MEASURED IN BU"
2012-01-01 00:00:00.000,00,,,ANNUAL,WHEAT,00000000,FIELD CROPS,US TOTAL,NATIONAL,,NOT SPECIFIED,WINTER,BU,US TOTAL,,,,,ALL PRODUCTION PRACTICES,9000,,,,99,"822,887,000",1962,ALL UTILIZATION PRACTICES,,US,TOTAL,,YEAR,SURVEY,PRODUCTION,UNITED STATES,00,CROPS,"WHEAT, WINTER - PRODUCTION, MEASURED IN BU"
2012-01-01 00:00:00.000,00,,,ANNUAL,WHEAT,00000000,FIELD CROPS,US TOTAL,NATIONAL,,NOT SPECIFIED,"WINTER, RED, HARD",BU,US TOTAL,,,,,ALL PRODUCTION PRACTICES,9000,,,,99,"535,160,000",1962,ALL UTILIZATION PRACTICES,,US,TOTAL,,YEAR,SURVEY,PRODUCTION,UNITED STATES,00,CROPS,"WHEAT, WINTER, RED, HARD - PRODUCTION, MEASURED IN BU"
2012-01-01 00:00:00.000,00,,,ANNUAL,WHEAT,00000000,FIELD CROPS,US TOTAL,NATIONAL,,NOT SPECIFIED,"WINTER, RED, SOFT",BU,US TOTAL,,,,,ALL PRODUCTION PRACTICES,9000,,,,99,"155,599,000",1962,ALL UTILIZATION PRACTICES,,US,TOTAL,,YEAR,SURVEY,PRODUCTION,UNITED STATES,00,CROPS,"WHEAT, WINTER, RED, SOFT - PRODUCTION, MEASURED IN BU"
2012-01-01 00:00:00.000,00,,,ANNUAL,WHEAT,00000000,FIELD CROPS,US TOTAL,NATIONAL,,NOT SPECIFIED,ALL CLASSES,BU,US TOTAL,,,,,ALL PRODUCTION PRACTICES,9000,,,,99,"1,146,821,000",1963,ALL UTILIZATION PRACTICES,,US,TOTAL,,YEAR,SURVEY,PRODUCTION,UNITED STATES,00,CROPS,"WHEAT - PRODUCTION, MEASURED IN BU"
2012-01-01 00:00:00.000,00,,,ANNUAL,WHEAT,00000000,FIELD CROPS,US TOTAL,NATIONAL,,NOT SPECIFIED,"SPRING, (EXCL DURUM)",BU,US TOTAL,,,,,ALL PRODUCTION PRACTICES,9000,,,,99,"181,304,000",1963,ALL UTILIZATION PRACTICES,,US,TOTAL,,YEAR,SURVEY,PRODUCTION,UNITED STATES,00,CROPS,"WHEAT, SPRING, (EXCL DURUM) - PRODUCTION, MEASURED IN BU"
2012-01-01 00:00:00.000,00,,,ANNUAL,WHEAT,00000000,FIELD CROPS,US TOTAL,NATIONAL,,NOT SPECIFIED,"SPRING, DURUM",BU,US TOTAL,,,,,ALL PRODUCTION PRACTICES,9000,,,,99,"51,427,000",1963,ALL UTILIZATION PRACTICES,,US,TOTAL,,YEAR,SURVEY,PRODUCTION,UNITED STATES,00,CROPS,"WHEAT, SPRING, DURUM - PRODUCTION, MEASURED IN BU"
2012-01-01 00:00:00.000,00,,,ANNUAL,WHEAT,00000000,FIELD CROPS,US TOTAL,NATIONAL,,NOT SPECIFIED,"SPRING, RED, HARD",BU,US TOTAL,,,,,ALL PRODUCTION PRACTICES,9000,,,,99,"167,923,000",1963,ALL UTILIZATION PRACTICES,,US,TOTAL,,YEAR,SURVEY,PRODUCTION,UNITED STATES,00,CROPS,"WHEAT, SPRING, RED, HARD - PRODUCTION, MEASURED IN BU"
2012-01-01 00:00:00.000,00,,,ANNUAL,WHEAT,00000000,FIELD CROPS,US TOTAL,NATIONAL,,NOT SPECIFIED,WINTER,BU,US TOTAL,,,,,ALL PRODUCTION PRACTICES,9000,,,,99,"914,090,000",1963,ALL UTILIZATION PRACTICES,,US,TOTAL,,YEAR,SURVEY,PRODUCTION,UNITED STATES,00,CROPS,"WHEAT, WINTER - PRODUCTION, MEASURED IN BU"
2012-01-01 00:00:00.000,00,,,ANNUAL,WHEAT,00000000,FIELD CROPS,US TOTAL,NATIONAL,,NOT SPECIFIED,"WINTER, RED, HARD",BU,US TOTAL,,,,,ALL PRODUCTION PRACTICES,9000,,,,99,"543,852,000",1963,ALL UTILIZATION PRACTICES,,US,TOTAL,,YEAR,SURVEY,PRODUCTION,UNITED STATES,00,CROPS,"WHEAT, WINTER, RED, HARD - PRODUCTION, MEASURED IN BU"
2012-01-01 00:00:00.000,00,,,ANNUAL,WHEAT,00000000,FIELD CROPS,US TOTAL,NATIONAL,,NOT SPECIFIED,"WINTER, RED, SOFT",BU,US TOTAL,,,,,ALL PRODUCTION PRACTICES,9000,,,,99,"218,293,000",1963,ALL UTILIZATION PRACTICES,,US,TOTAL,,YEAR,SURVEY,PRODUCTION,UNITED STATES,00,CROPS,"WHEAT, WINTER, RED, SOFT - PRODUCTION, MEASURED IN BU"
2012-01-01 00:00:00.000,00,,,ANNUAL,WHEAT,00000000,FIELD CROPS,US TOTAL,NATIONAL,,NOT SPECIFIED,ALL CLASSES,BU,US TOTAL,,,,,ALL PRODUCTION PRACTICES,9000,,,,99,"1,283,371,000",1964,ALL UTILIZATION PRACTICES,,US,TOTAL,,YEAR,SURVEY,PRODUCTION,UNITED STATES,00,CROPS,"WHEAT - PRODUCTION, MEASURED IN BU"
2012-01-01 00:00:00.000,00,,,ANNUAL,WHEAT,00000000,FIELD CROPS,US TOTAL,NATIONAL,,NOT SPECIFIED,"SPRING, (EXCL DURUM)",BU,US TOTAL,,,,,ALL PRODUCTION PRACTICES,9000,,,,99,"194,238,000",1964,ALL UTILIZATION PRACTICES,,US,TOTAL,,YEAR,SURVEY,PRODUCTION,UNITED STATES,00,CROPS,"WHEAT, SPRING, (EXCL DURUM) - PRODUCTION, MEASURED IN BU"
2012-01-01 00:00:00.000,00,,,ANNUAL,WHEAT,00000000,FIELD CROPS,US TOTAL,NATIONAL,,NOT SPECIFIED,"SPRING, DURUM",BU,US TOTAL,,,,,ALL PRODUCTION PRACTICES,9000,,,,99,"68,146,000",1964,ALL UTILIZATION PRACTICES,,US,TOTAL,,YEAR,SURVEY,PRODUCTION,UNITED STATES,00,CROPS,"WHEAT, SPRING, DURUM - PRODUCTION, MEASURED IN BU"
2012-01-01 00:00:00.000,00,,,ANNUAL,WHEAT,00000000,FIELD CROPS,US TOTAL,NATIONAL,,NOT SPECIFIED,"SPRING, RED, HARD",BU,US TOTAL,,,,,ALL PRODUCTION PRACTICES,9000,,,,99,"179,819,000",1964,ALL UTILIZATION PRACTICES,,US,TOTAL,,YEAR,SURVEY,PRODUCTION,UNITED STATES,00,CROPS,"WHEAT, SPRING, RED, HARD - PRODUCTION, MEASURED IN BU"
2012-01-01 00:00:00.000,00,,,ANNUAL,WHEAT,00000000,FIELD CROPS,US TOTAL,NATIONAL,,NOT SPECIFIED,WINTER,BU,US TOTAL,,,,,ALL PRODUCTION PRACTICES,9000,,,,99,"1,020,987,000",1964,ALL UTILIZATION PRACTICES,,US,TOTAL,,YEAR,SURVEY,PRODUCTION,UNITED STATES,00,CROPS,"WHEAT, WINTER - PRODUCTION, MEASURED IN BU"
2012-01-01 00:00:00.000,00,,,ANNUAL,WHEAT,00000000,FIELD CROPS,US TOTAL,NATIONAL,,NOT SPECIFIED,"WINTER, RED, HARD",BU,US TOTAL,,,,,ALL PRODUCTION PRACTICES,9000,,,,99,"634,755,000",1964,ALL UTILIZATION PRACTICES,,US,TOTAL,,YEAR,SURVEY,PRODUCTION,UNITED STATES,00,CROPS,"WHEAT, WINTER, RED, HARD - PRODUCTION, MEASURED IN BU"
2012-01-01 00:00:00.000,00,,,ANNUAL,WHEAT,00000000,FIELD CROPS,US TOTAL,NATIONAL,,NOT SPECIFIED,"WINTER, RED, SOFT",BU,US TOTAL,,,,,ALL PRODUCTION PRACTICES,9000,,,,99,"222,423,000",1964,ALL UTILIZATION PRACTICES,,US,TOTAL,,YEAR,SURVEY,PRODUCTION,UNITED STATES,00,CROPS,"WHEAT, WINTER, RED, SOFT - PRODUCTION, MEASURED IN BU"
2012-01-01 00:00:00.000,00,,,ANNUAL,WHEAT,00000000,FIELD CROPS,US TOTAL,NATIONAL,,NOT SPECIFIED,ALL CLASSES,BU,US TOTAL,,,,,ALL PRODUCTION PRACTICES,9000,,,,99,"1,315,603,000",1965,ALL UTILIZATION PRACTICES,,US,TOTAL,,YEAR,SURVEY,PRODUCTION,UNITED STATES,00,CROPS,"WHEAT - PRODUCTION, MEASURED IN BU"
2012-01-01 00:00:00.000,00,,,ANNUAL,WHEAT,00000000,FIELD CROPS,US TOTAL,NATIONAL,,NOT SPECIFIED,"SPRING, (EXCL DURUM)",BU,US TOTAL,,,,,ALL PRODUCTION PRACTICES,9000,,,,99,"228,662,000",1965,ALL UTILIZATION PRACTICES,,US,TOTAL,,YEAR,SURVEY,PRODUCTION,UNITED STATES,00,CROPS,"WHEAT, SPRING, (EXCL DURUM) - PRODUCTION, MEASURED IN BU"
2012-01-01 00:00:00.000,00,,,ANNUAL,WHEAT,00000000,FIELD CROPS,US TOTAL,NATIONAL,,NOT SPECIFIED,"SPRING, DURUM",BU,US TOTAL,,,,,ALL PRODUCTION PRACTICES,9000,,,,99,"69,866,000",1965,ALL UTILIZATION PRACTICES,,US,TOTAL,,YEAR,SURVEY,PRODUCTION,UNITED STATES,00,CROPS,"WHEAT, SPRING, DURUM - PRODUCTION, MEASURED IN BU"
2012-01-01 00:00:00.000,00,,,ANNUAL,WHEAT,00000000,FIELD CROPS,US TOTAL,NATIONAL,,NOT SPECIFIED,"SPRING, RED, HARD",BU,US TOTAL,,,,,ALL PRODUCTION PRACTICES,9000,,,,99,"209,113,000",1965,ALL UTILIZATION PRACTICES,,US,TOTAL,,YEAR,SURVEY,PRODUCTION,UNITED STATES,00,CROPS,"WHEAT, SPRING, RED, HARD - PRODUCTION, MEASURED IN BU"
2012-01-01 00:00:00.000,00,,,ANNUAL,WHEAT,00000000,FIELD CROPS,US TOTAL,NATIONAL,,NOT SPECIFIED,WINTER,BU,US TOTAL,,,,,ALL PRODUCTION PRACTICES,9000,,,,99,"1,017,075,000",1965,ALL UTILIZATION PRACTICES,,US,TOTAL,,YEAR,SURVEY,PRODUCTION,UNITED STATES,00,CROPS,"WHEAT, WINTER - PRODUCTION, MEASURED IN BU"
2012-01-01 00:00:00.000,00,,,ANNUAL,WHEAT,00000000,FIELD CROPS,US TOTAL,NATIONAL,,NOT SPECIFIED,"WINTER, RED, HARD",BU,US TOTAL,,,,,ALL PRODUCTION PRACTICES,9000,,,,99,"673,896,000",1965,ALL UTILIZATION PRACTICES,,US,TOTAL,,YEAR,SURVEY,PRODUCTION,UNITED STATES,00,CROPS,"WHEAT, WINTER, RED, HARD - PRODUCTION, MEASURED IN BU"
2012-01-01 00:00:00.000,00,,,ANNUAL,WHEAT,00000000,FIELD CROPS,US TOTAL,NATIONAL,,NOT SPECIFIED,"WINTER, RED, SOFT",BU,US TOTAL,,,,,ALL PRODUCTION PRACTICES,9000,,,,99,"183,220,000",1965,ALL UTILIZATION PRACTICES,,US,TOTAL,,YEAR,SURVEY,PRODUCTION,UNITED STATES,00,CROPS,"WHEAT, WINTER, RED, SOFT - PRODUCTION, MEASURED IN BU"
2012-01-01 00:00:00.000,00,,,ANNUAL,WHEAT,00000000,FIELD CROPS,US TOTAL,NATIONAL,,NOT SPECIFIED,ALL CLASSES,BU,US TOTAL,,,,,ALL PRODUCTION PRACTICES,9000,,,,99,"1,304,889,000",1966,ALL UTILIZATION PRACTICES,,US,TOTAL,,YEAR,SURVEY,PRODUCTION,UNITED STATES,00,CROPS,"WHEAT - PRODUCTION, MEASURED IN BU"
2012-01-01 00:00:00.000,00,,,ANNUAL,WHEAT,00000000,FIELD CROPS,US TOTAL,NATIONAL,,NOT SPECIFIED,"SPRING, (EXCL DURUM)",BU,US TOTAL,,,,,ALL PRODUCTION PRACTICES,9000,,,,99,"184,880,000",1966,ALL UTILIZATION PRACTICES,,US,TOTAL,,YEAR,SURVEY,PRODUCTION,UNITED STATES,00,CROPS,"WHEAT, SPRING, (EXCL DURUM) - PRODUCTION, MEASURED IN BU"
2012-01-01 00:00:00.000,00,,,ANNUAL,WHEAT,00000000,FIELD CROPS,US TOTAL,NATIONAL,,NOT SPECIFIED,"SPRING, DURUM",BU,US TOTAL,,,,,ALL PRODUCTION PRACTICES,9000,,,,99,"62,638,000",1966,ALL UTILIZATION PRACTICES,,US,TOTAL,,YEAR,SURVEY,PRODUCTION,UNITED STATES,00,CROPS,"WHEAT, SPRING, DURUM - PRODUCTION, MEASURED IN BU"
2012-01-01 00:00:00.000,00,,,ANNUAL,WHEAT,00000000,FIELD CROPS,US TOTAL,NATIONAL,,NOT SPECIFIED,"SPRING, RED, HARD",BU,US TOTAL,,,,,ALL PRODUCTION PRACTICES,9000,,,,99,"174,738,000",1966,ALL UTILIZATION PRACTICES,,US,TOTAL,,YEAR,SURVEY,PRODUCTION,UNITED STATES,00,CROPS,"WHEAT, SPRING, RED, HARD - PRODUCTION, MEASURED IN BU"
2012-01-01 00:00:00.000,00,,,ANNUAL,WHEAT,00000000,FIELD CROPS,US TOTAL,NATIONAL,,NOT SPECIFIED,WINTER,BU,US TOTAL,,,,,ALL PRODUCTION PRACTICES,9000,,,,99,"1,057,371,000",1966,ALL UTILIZATION PRACTICES,,US,TOTAL,,YEAR,SURVEY,PRODUCTION,UNITED STATES,00,CROPS,"WHEAT, WINTER - PRODUCTION, MEASURED IN BU"
2012-01-01 00:00:00.000,00,,,ANNUAL,WHEAT,00000000,FIELD CROPS,US TOTAL,NATIONAL,,NOT SPECIFIED,"WINTER, RED, HARD",BU,US TOTAL,,,,,ALL PRODUCTION PRACTICES,9000,,,,99,"677,004,000",1966,ALL UTILIZATION PRACTICES,,US,TOTAL,,YEAR,SURVEY,PRODUCTION,UNITED STATES,00,CROPS,"WHEAT, WINTER, RED, HARD - PRODUCTION, MEASURED IN BU"
2012-01-01 00:00:00.000,00,,,ANNUAL,WHEAT,00000000,FIELD CROPS,US TOTAL,NATIONAL,,NOT SPECIFIED,"WINTER, RED, SOFT",BU,US TOTAL,,,,,ALL PRODUCTION PRACTICES,9000,,,,99,"215,003,000",1966,ALL UTILIZATION PRACTICES,,US,TOTAL,,YEAR,SURVEY,PRODUCTION,UNITED STATES,00,CROPS,"WHEAT, WINTER, RED, SOFT - PRODUCTION, MEASURED IN BU"
2012-01-01 00:00:00.000,00,,,ANNUAL,WHEAT,00000000,FIELD CROPS,US TOTAL,NATIONAL,,NOT SPECIFIED,ALL CLASSES,BU,US TOTAL,,,,,ALL PRODUCTION PRACTICES,9000,,,,99,"1,507,598,000",1967,ALL UTILIZATION PRACTICES,,US,TOTAL,,YEAR,SURVEY,PRODUCTION,UNITED STATES,00,CROPS,"WHEAT - PRODUCTION, MEASURED IN BU"
2012-01-01 00:00:00.000,00,,,ANNUAL,WHEAT,00000000,FIELD CROPS,US TOTAL,NATIONAL,,NOT SPECIFIED,"SPRING, (EXCL DURUM)",BU,US TOTAL,,,,,ALL PRODUCTION PRACTICES,9000,,,,99,"247,036,000",1967,ALL UTILIZATION PRACTICES,,US,TOTAL,,YEAR,SURVEY,PRODUCTION,UNITED STATES,00,CROPS,"WHEAT, SPRING, (EXCL DURUM) - PRODUCTION, MEASURED IN BU"
2012-01-01 00:00:00.000,00,,,ANNUAL,WHEAT,00000000,FIELD CROPS,US TOTAL,NATIONAL,,NOT SPECIFIED,"SPRING, DURUM",BU,US TOTAL,,,,,ALL PRODUCTION PRACTICES,9000,,,,99,"66,443,000",1967,ALL UTILIZATION PRACTICES,,US,TOTAL,,YEAR,SURVEY,PRODUCTION,UNITED STATES,00,CROPS,"WHEAT, SPRING, DURUM - PRODUCTION, MEASURED IN BU"
2012-01-01 00:00:00.000,00,,,ANNUAL,WHEAT,00000000,FIELD CROPS,US TOTAL,NATIONAL,,NOT SPECIFIED,"SPRING, RED, HARD",BU,US TOTAL,,,,,ALL PRODUCTION PRACTICES,9000,,,,99,"230,013,000",1967,ALL UTILIZATION PRACTICES,,US,TOTAL,,YEAR,SURVEY,PRODUCTION,UNITED STATES,00,CROPS,"WHEAT, SPRING, RED, HARD - PRODUCTION, MEASURED IN BU"
2012-01-01 00:00:00.000,00,,,ANNUAL,WHEAT,00000000,FIELD CROPS,US TOTAL,NATIONAL,,NOT SPECIFIED,WINTER,BU,US TOTAL,,,,,ALL PRODUCTION PRACTICES,9000,,,,99,"1,194,119,000",1967,ALL UTILIZATION PRACTICES,,US,TOTAL,,YEAR,SURVEY,PRODUCTION,UNITED STATES,00,CROPS,"WHEAT, WINTER - PRODUCTION, MEASURED IN BU"
2012-01-01 00:00:00.000,00,,,ANNUAL,WHEAT,00000000,FIELD CROPS,US TOTAL,NATIONAL,,NOT SPECIFIED,"WINTER, RED, HARD",BU,US TOTAL,,,,,ALL PRODUCTION PRACTICES,9000,,,,99,"703,378,000",1967,ALL UTILIZATION PRACTICES,,US,TOTAL,,YEAR,SURVEY,PRODUCTION,UNITED STATES,00,CROPS,"WHEAT, WINTER, RED, HARD - PRODUCTION, MEASURED IN BU"
2012-01-01 00:00:00.000,00,,,ANNUAL,WHEAT,00000000,FIELD CROPS,US TOTAL,NATIONAL,,NOT SPECIFIED,"WINTER, RED, SOFT",BU,US TOTAL,,,,,ALL PRODUCTION PRACTICES,9000,,,,99,"270,197,000",1967,ALL UTILIZATION PRACTICES,,US,TOTAL,,YEAR,SURVEY,PRODUCTION,UNITED STATES,00,CROPS,"WHEAT, WINTER, RED, SOFT - PRODUCTION, MEASURED IN BU"
2012-01-01 00:00:00.000,00,,,ANNUAL,WHEAT,00000000,FIELD CROPS,US TOTAL,NATIONAL,,NOT SPECIFIED,ALL CLASSES,BU,US TOTAL,,,,,ALL PRODUCTION PRACTICES,9000,,,,99,"1,556,635,000",1968,ALL UTILIZATION PRACTICES,,US,TOTAL,,YEAR,SURVEY,PRODUCTION,UNITED STATES,00,CROPS,"WHEAT - PRODUCTION, MEASURED IN BU"
2012-01-01 00:00:00.000,00,,,ANNUAL,WHEAT,00000000,FIELD CROPS,US TOTAL,NATIONAL,,NOT SPECIFIED,"SPRING, (EXCL DURUM)",BU,US TOTAL,,,,,ALL PRODUCTION PRACTICES,9000,,,,99,"239,436,000",1968,ALL UTILIZATION PRACTICES,,US,TOTAL,,YEAR,SURVEY,PRODUCTION,UNITED STATES,00,CROPS,"WHEAT, SPRING, (EXCL DURUM) - PRODUCTION, MEASURED IN BU"
2012-01-01 00:00:00.000,00,,,ANNUAL,WHEAT,00000000,FIELD CROPS,US TOTAL,NATIONAL,,NOT SPECIFIED,"SPRING, DURUM",BU,US TOTAL,,,,,ALL PRODUCTION PRACTICES,9000,,,,99,"99,644,000",1968,ALL UTILIZATION PRACTICES,,US,TOTAL,,YEAR,SURVEY,PRODUCTION,UNITED STATES,00,CROPS,"WHEAT, SPRING, DURUM - PRODUCTION, MEASURED IN BU"
2012-01-01 00:00:00.000,00,,,ANNUAL,WHEAT,00000000,FIELD CROPS,US TOTAL,NATIONAL,,NOT SPECIFIED,"SPRING, RED, HARD",BU,US TOTAL,,,,,ALL PRODUCTION PRACTICES,9000,,,,99,"228,871,000",1968,ALL UTILIZATION PRACTICES,,US,TOTAL,,YEAR,SURVEY,PRODUCTION,UNITED STATES,00,CROPS,"WHEAT, SPRING, RED, HARD - PRODUCTION, MEASURED IN BU"
2012-01-01 00:00:00.000,00,,,ANNUAL,WHEAT,00000000,FIELD CROPS,US TOTAL,NATIONAL,,NOT SPECIFIED,WINTER,BU,US TOTAL,,,,,ALL PRODUCTION PRACTICES,9000,,,,99,"1,217,555,000",1968,ALL UTILIZATION PRACTICES,,US,TOTAL,,YEAR,SURVEY,PRODUCTION,UNITED STATES,00,CROPS,"WHEAT, WINTER - PRODUCTION, MEASURED IN BU"
2012-01-01 00:00:00.000,00,,,ANNUAL,WHEAT,00000000,FIELD CROPS,US TOTAL,NATIONAL,,NOT SPECIFIED,"WINTER, RED, HARD",BU,US TOTAL,,,,,ALL PRODUCTION PRACTICES,9000,,,,99,"801,746,000",1968,ALL UTILIZATION PRACTICES,,US,TOTAL,,YEAR,SURVEY,PRODUCTION,UNITED STATES,00,CROPS,"WHEAT, WINTER, RED, HARD - PRODUCTION, MEASURED IN BU"
2012-01-01 00:00:00.000,00,,,ANNUAL,WHEAT,00000000,FIELD CROPS,US TOTAL,NATIONAL,,NOT SPECIFIED,"WINTER, RED, SOFT",BU,US TOTAL,,,,,ALL PRODUCTION PRACTICES,9000,,,,99,"218,102,000",1968,ALL UTILIZATION PRACTICES,,US,TOTAL,,YEAR,SURVEY,PRODUCTION,UNITED STATES,00,CROPS,"WHEAT, WINTER, RED, SOFT - PRODUCTION, MEASURED IN BU"
2012-01-01 00:00:00.000,00,,,ANNUAL,WHEAT,00000000,FIELD CROPS,US TOTAL,NATIONAL,,NOT SPECIFIED,ALL CLASSES,BU,US TOTAL,,,,,ALL PRODUCTION PRACTICES,9000,,,,99,"1,442,679,000",1969,ALL UTILIZATION PRACTICES,,US,TOTAL,,YEAR,SURVEY,PRODUCTION,UNITED STATES,00,CROPS,"WHEAT - PRODUCTION, MEASURED IN BU"
2012-01-01 00:00:00.000,00,,,ANNUAL,WHEAT,00000000,FIELD CROPS,US TOTAL,NATIONAL,,NOT SPECIFIED,"SPRING, (EXCL DURUM)",BU,US TOTAL,,,,,ALL PRODUCTION PRACTICES,9000,,,,99,"202,837,000",1969,ALL UTILIZATION PRACTICES,,US,TOTAL,,YEAR,SURVEY,PRODUCTION,UNITED STATES,00,CROPS,"WHEAT, SPRING, (EXCL DURUM) - PRODUCTION, MEASURED IN BU"
2012-01-01 00:00:00.000,00,,,ANNUAL,WHEAT,00000000,FIELD CROPS,US TOTAL,NATIONAL,,NOT SPECIFIED,"SPRING, DURUM",BU,US TOTAL,,,,,ALL PRODUCTION PRACTICES,9000,,,,99,"108,403,000",1969,ALL UTILIZATION PRACTICES,,US,TOTAL,,YEAR,SURVEY,PRODUCTION,UNITED STATES,00,CROPS,"WHEAT, SPRING, DURUM - PRODUCTION, MEASURED IN BU"
2012-01-01 00:00:00.000,00,,,ANNUAL,WHEAT,00000000,FIELD CROPS,US TOTAL,NATIONAL,,NOT SPECIFIED,"SPRING, RED, HARD",BU,US TOTAL,,,,,ALL PRODUCTION PRACTICES,9000,,,,99,"189,718,000",1969,ALL UTILIZATION PRACTICES,,US,TOTAL,,YEAR,SURVEY,PRODUCTION,UNITED STATES,00,CROPS,"WHEAT, SPRING, RED, HARD - PRODUCTION, MEASURED IN BU"
2012-01-01 00:00:00.000,00,,,ANNUAL,WHEAT,00000000,FIELD CROPS,US TOTAL,NATIONAL,,NOT SPECIFIED,WINTER,BU,US TOTAL,,,,,ALL PRODUCTION PRACTICES,9000,,,,99,"1,131,439,000",1969,ALL UTILIZATION PRACTICES,,US,TOTAL,,YEAR,SURVEY,PRODUCTION,UNITED STATES,00,CROPS,"WHEAT, WINTER - PRODUCTION, MEASURED IN BU"
2012-01-01 00:00:00.000,00,,,ANNUAL,WHEAT,00000000,FIELD CROPS,US TOTAL,NATIONAL,,NOT SPECIFIED,"WINTER, RED, HARD",BU,US TOTAL,,,,,ALL PRODUCTION PRACTICES,9000,,,,99,"788,595,000",1969,ALL UTILIZATION PRACTICES,,US,TOTAL,,YEAR,SURVEY,PRODUCTION,UNITED STATES,00,CROPS,"WHEAT, WINTER, RED, HARD - PRODUCTION, MEASURED IN BU"
2012-01-01 00:00:00.000,00,,,ANNUAL,WHEAT,00000000,FIELD CROPS,US TOTAL,NATIONAL,,NOT SPECIFIED,"WINTER, RED, SOFT",BU,US TOTAL,,,,,ALL PRODUCTION PRACTICES,9000,,,,99,"185,151,000",1969,ALL UTILIZATION PRACTICES,,US,TOTAL,,YEAR,SURVEY,PRODUCTION,UNITED STATES,00,CROPS,"WHEAT, WINTER, RED, SOFT - PRODUCTION, MEASURED IN BU"
2012-01-01 00:00:00.000,00,,,ANNUAL,WHEAT,00000000,FIELD CROPS,US TOTAL,NATIONAL,,NOT SPECIFIED,ALL CLASSES,BU,US TOTAL,,,,,ALL PRODUCTION PRACTICES,9000,,,,99,"1,351,558,000",1970,ALL UTILIZATION PRACTICES,,US,TOTAL,,YEAR,SURVEY,PRODUCTION,UNITED STATES,00,CROPS,"WHEAT - PRODUCTION, MEASURED IN BU"
2012-01-01 00:00:00.000,00,,,ANNUAL,WHEAT,00000000,FIELD CROPS,US TOTAL,NATIONAL,,NOT SPECIFIED,"SPRING, (EXCL DURUM)",BU,US TOTAL,,,,,ALL PRODUCTION PRACTICES,9000,,,,99,"207,043,000",1970,ALL UTILIZATION PRACTICES,,US,TOTAL,,YEAR,SURVEY,PRODUCTION,UNITED STATES,00,CROPS,"WHEAT, SPRING, (EXCL DURUM) - PRODUCTION, MEASURED IN BU"
2012-01-01 00:00:00.000,00,,,ANNUAL,WHEAT,00000000,FIELD CROPS,US TOTAL,NATIONAL,,NOT SPECIFIED,"SPRING, DURUM",BU,US TOTAL,,,,,ALL PRODUCTION PRACTICES,9000,,,,99,"52,771,000",1970,ALL UTILIZATION PRACTICES,,US,TOTAL,,YEAR,SURVEY,PRODUCTION,UNITED STATES,00,CROPS,"WHEAT, SPRING, DURUM - PRODUCTION, MEASURED IN BU"
2012-01-01 00:00:00.000,00,,,ANNUAL,WHEAT,00000000,FIELD CROPS,US TOTAL,NATIONAL,,NOT SPECIFIED,"SPRING, RED, HARD",BU,US TOTAL,,,,,ALL PRODUCTION PRACTICES,9000,,,,99,"197,746,000",1970,ALL UTILIZATION PRACTICES,,US,TOTAL,,YEAR,SURVEY,PRODUCTION,UNITED STATES,00,CROPS,"WHEAT, SPRING, RED, HARD - PRODUCTION, MEASURED IN BU"
2012-01-01 00:00:00.000,00,,,ANNUAL,WHEAT,00000000,FIELD CROPS,US TOTAL,NATIONAL,,NOT SPECIFIED,WINTER,BU,US TOTAL,,,,,ALL PRODUCTION PRACTICES,9000,,,,99,"1,091,744,000",1970,ALL UTILIZATION PRACTICES,,US,TOTAL,,YEAR,SURVEY,PRODUCTION,UNITED STATES,00,CROPS,"WHEAT, WINTER - PRODUCTION, MEASURED IN BU"
2012-01-01 00:00:00.000,00,,,ANNUAL,WHEAT,00000000,FIELD CROPS,US TOTAL,NATIONAL,,NOT SPECIFIED,"WINTER, RED, HARD",BU,US TOTAL,,,,,ALL PRODUCTION PRACTICES,9000,,,,99,"755,130,000",1970,ALL UTILIZATION PRACTICES,,US,TOTAL,,YEAR,SURVEY,PRODUCTION,UNITED STATES,00,CROPS,"WHEAT, WINTER, RED, HARD - PRODUCTION, MEASURED IN BU"
2012-01-01 00:00:00.000,00,,,ANNUAL,WHEAT,00000000,FIELD CROPS,US TOTAL,NATIONAL,,NOT SPECIFIED,"WINTER, RED, SOFT",BU,US TOTAL,,,,,ALL PRODUCTION PRACTICES,9000,,,,99,"174,169,000",1970,ALL UTILIZATION PRACTICES,,US,TOTAL,,YEAR,SURVEY,PRODUCTION,UNITED STATES,00,CROPS,"WHEAT, WINTER, RED, SOFT - PRODUCTION, MEASURED IN BU"
2012-01-01 00:00:00.000,00,,,ANNUAL,WHEAT,00000000,FIELD CROPS,US TOTAL,NATIONAL,,NOT SPECIFIED,ALL CLASSES,BU,US TOTAL,,,,,ALL PRODUCTION PRACTICES,9000,,,,99,"1,618,636,000",1971,ALL UTILIZATION PRACTICES,,US,TOTAL,,YEAR,SURVEY,PRODUCTION,UNITED STATES,00,CROPS,"WHEAT - PRODUCTION, MEASURED IN BU"
2012-01-01 00:00:00.000,00,,,ANNUAL,WHEAT,00000000,FIELD CROPS,US TOTAL,NATIONAL,,NOT SPECIFIED,"SPRING, (EXCL DURUM)",BU,US TOTAL,,,,,ALL PRODUCTION PRACTICES,9000,,,,99,"381,820,000",1971,ALL UTILIZATION PRACTICES,,US,TOTAL,,YEAR,SURVEY,PRODUCTION,UNITED STATES,00,CROPS,"WHEAT, SPRING, (EXCL DURUM) - PRODUCTION, MEASURED IN BU"
2012-01-01 00:00:00.000,00,,,ANNUAL,WHEAT,00000000,FIELD CROPS,US TOTAL,NATIONAL,,NOT SPECIFIED,"SPRING, DURUM",BU,US TOTAL,,,,,ALL PRODUCTION PRACTICES,9000,,,,99,"91,805,000",1971,ALL UTILIZATION PRACTICES,,US,TOTAL,,YEAR,SURVEY,PRODUCTION,UNITED STATES,00,CROPS,"WHEAT, SPRING, DURUM - PRODUCTION, MEASURED IN BU"
2012-01-01 00:00:00.000,00,,,ANNUAL,WHEAT,00000000,FIELD CROPS,US TOTAL,NATIONAL,,NOT SPECIFIED,"SPRING, RED, HARD",BU,US TOTAL,,,,,ALL PRODUCTION PRACTICES,9000,,,,99,"366,447,000",1971,ALL UTILIZATION PRACTICES,,US,TOTAL,,YEAR,SURVEY,PRODUCTION,UNITED STATES,00,CROPS,"WHEAT, SPRING, RED, HARD - PRODUCTION, MEASURED IN BU"
2012-01-01 00:00:00.000,00,,,ANNUAL,WHEAT,00000000,FIELD CROPS,US TOTAL,NATIONAL,,NOT SPECIFIED,WINTER,BU,US TOTAL,,,,,ALL PRODUCTION PRACTICES,9000,,,,99,"1,145,011,000",1971,ALL UTILIZATION PRACTICES,,US,TOTAL,,YEAR,SURVEY,PRODUCTION,UNITED STATES,00,CROPS,"WHEAT, WINTER - PRODUCTION, MEASURED IN BU"
2012-01-01 00:00:00.000,00,,,ANNUAL,WHEAT,00000000,FIELD CROPS,US TOTAL,NATIONAL,,NOT SPECIFIED,"WINTER, RED, HARD",BU,US TOTAL,,,,,ALL PRODUCTION PRACTICES,9000,,,,99,"747,786,000",1971,ALL UTILIZATION PRACTICES,,US,TOTAL,,YEAR,SURVEY,PRODUCTION,UNITED STATES,00,CROPS,"WHEAT, WINTER, RED, HARD - PRODUCTION, MEASURED IN BU"
2012-01-01 00:00:00.000,00,,,ANNUAL,WHEAT,00000000,FIELD CROPS,US TOTAL,NATIONAL,,NOT SPECIFIED,"WINTER, RED, SOFT",BU,US TOTAL,,,,,ALL PRODUCTION PRACTICES,9000,,,,99,"211,876,000",1971,ALL UTILIZATION PRACTICES,,US,TOTAL,,YEAR,SURVEY,PRODUCTION,UNITED STATES,00,CROPS,"WHEAT, WINTER, RED, SOFT - PRODUCTION, MEASURED IN BU"
2012-01-01 00:00:00.000,00,,,ANNUAL,WHEAT,00000000,FIELD CROPS,US TOTAL,NATIONAL,,NOT SPECIFIED,ALL CLASSES,BU,US TOTAL,,,,,ALL PRODUCTION PRACTICES,9000,,,,99,"1,546,209,000",1972,ALL UTILIZATION PRACTICES,,US,TOTAL,,YEAR,SURVEY,PRODUCTION,UNITED STATES,00,CROPS,"WHEAT - PRODUCTION, MEASURED IN BU"
2012-01-01 00:00:00.000,00,,,ANNUAL,WHEAT,00000000,FIELD CROPS,US TOTAL,NATIONAL,,NOT SPECIFIED,"SPRING, (EXCL DURUM)",BU,US TOTAL,,,,,ALL PRODUCTION PRACTICES,9000,,,,99,"286,799,000",1972,ALL UTILIZATION PRACTICES,,US,TOTAL,,YEAR,SURVEY,PRODUCTION,UNITED STATES,00,CROPS,"WHEAT, SPRING, (EXCL DURUM) - PRODUCTION, MEASURED IN BU"
2012-01-01 00:00:00.000,00,,,ANNUAL,WHEAT,00000000,FIELD CROPS,US TOTAL,NATIONAL,,NOT SPECIFIED,"SPRING, DURUM",BU,US TOTAL,,,,,ALL PRODUCTION PRACTICES,9000,,,,99,"72,912,000",1972,ALL UTILIZATION PRACTICES,,US,TOTAL,,YEAR,SURVEY,PRODUCTION,UNITED STATES,00,CROPS,"WHEAT, SPRING, DURUM - PRODUCTION, MEASURED IN BU"
2012-01-01 00:00:00.000,00,,,ANNUAL,WHEAT,00000000,FIELD CROPS,US TOTAL,NATIONAL,,NOT SPECIFIED,"SPRING, RED, HARD",BU,US TOTAL,,,,,ALL PRODUCTION PRACTICES,9000,,,,99,"275,919,000",1972,ALL UTILIZATION PRACTICES,,US,TOTAL,,YEAR,SURVEY,PRODUCTION,UNITED STATES,00,CROPS,"WHEAT, SPRING, RED, HARD - PRODUCTION, MEASURED IN BU"
2012-01-01 00:00:00.000,00,,,ANNUAL,WHEAT,00000000,FIELD CROPS,US TOTAL,NATIONAL,,NOT SPECIFIED,WINTER,BU,US TOTAL,,,,,ALL PRODUCTION PRACTICES,9000,,,,99,"1,186,498,000",1972,ALL UTILIZATION PRACTICES,,US,TOTAL,,YEAR,SURVEY,PRODUCTION,UNITED STATES,00,CROPS,"WHEAT, WINTER - PRODUCTION, MEASURED IN BU"
2012-01-01 00:00:00.000,00,,,ANNUAL,WHEAT,00000000,FIELD CROPS,US TOTAL,NATIONAL,,NOT SPECIFIED,"WINTER, RED, HARD",BU,US TOTAL,,,,,ALL PRODUCTION PRACTICES,9000,,,,99,"761,663,000",1972,ALL UTILIZATION PRACTICES,,US,TOTAL,,YEAR,SURVEY,PRODUCTION,UNITED STATES,00,CROPS,"WHEAT, WINTER, RED, HARD - PRODUCTION, MEASURED IN BU"
2012-01-01 00:00:00.000,00,,,ANNUAL,WHEAT,00000000,FIELD CROPS,US TOTAL,NATIONAL,,NOT SPECIFIED,"WINTER, RED, SOFT",BU,US TOTAL,,,,,ALL PRODUCTION PRACTICES,9000,,,,99,"226,384,000",1972,ALL UTILIZATION PRACTICES,,US,TOTAL,,YEAR,SURVEY,PRODUCTION,UNITED STATES,00,CROPS,"WHEAT, WINTER, RED, SOFT - PRODUCTION, MEASURED IN BU"
2012-01-01 00:00:00.000,00,,,ANNUAL,WHEAT,00000000,FIELD CROPS,US TOTAL,NATIONAL,,NOT SPECIFIED,ALL CLASSES,BU,US TOTAL,,,,,ALL PRODUCTION PRACTICES,9000,,,,99,"1,710,787,000",1973,ALL UTILIZATION PRACTICES,,US,TOTAL,,YEAR,SURVEY,PRODUCTION,UNITED STATES,00,CROPS,"WHEAT - PRODUCTION, MEASURED IN BU"
2012-01-01 00:00:00.000,00,,,ANNUAL,WHEAT,00000000,FIELD CROPS,US TOTAL,NATIONAL,,NOT SPECIFIED,"SPRING, (EXCL DURUM)",BU,US TOTAL,,,,,ALL PRODUCTION PRACTICES,9000,,,,99,"354,112,000",1973,ALL UTILIZATION PRACTICES,,US,TOTAL,,YEAR,SURVEY,PRODUCTION,UNITED STATES,00,CROPS,"WHEAT, SPRING, (EXCL DURUM) - PRODUCTION, MEASURED IN BU"
2012-01-01 00:00:00.000,00,,,ANNUAL,WHEAT,00000000,FIELD CROPS,US TOTAL,NATIONAL,,NOT SPECIFIED,"SPRING, DURUM",BU,US TOTAL,,,,,ALL PRODUCTION PRACTICES,9000,,,,99,"78,455,000",1973,ALL UTILIZATION PRACTICES,,US,TOTAL,,YEAR,SURVEY,PRODUCTION,UNITED STATES,00,CROPS,"WHEAT, SPRING, DURUM - PRODUCTION, MEASURED IN BU"
2012-01-01 00:00:00.000,00,,,ANNUAL,WHEAT,00000000,FIELD CROPS,US TOTAL,NATIONAL,,NOT SPECIFIED,"SPRING, RED, HARD",BU,US TOTAL,,,,,ALL PRODUCTION PRACTICES,9000,,,,99,"328,253,000",1973,ALL UTILIZATION PRACTICES,,US,TOTAL,,YEAR,SURVEY,PRODUCTION,UNITED STATES,00,CROPS,"WHEAT, SPRING, RED, HARD - PRODUCTION, MEASURED IN BU"
2012-01-01 00:00:00.000,00,,,ANNUAL,WHEAT,00000000,FIELD CROPS,US TOTAL,NATIONAL,,NOT SPECIFIED,WINTER,BU,US TOTAL,,,,,ALL PRODUCTION PRACTICES,9000,,,,99,"1,278,220,000",1973,ALL UTILIZATION PRACTICES,,US,TOTAL,,YEAR,SURVEY,PRODUCTION,UNITED STATES,00,CROPS,"WHEAT, WINTER - PRODUCTION, MEASURED IN BU"
2012-01-01 00:00:00.000,00,,,ANNUAL,WHEAT,00000000,FIELD CROPS,US TOTAL,NATIONAL,,NOT SPECIFIED,"WINTER, RED, HARD",BU,US TOTAL,,,,,ALL PRODUCTION PRACTICES,9000,,,,99,"961,167,000",1973,ALL UTILIZATION PRACTICES,,US,TOTAL,,YEAR,SURVEY,PRODUCTION,UNITED STATES,00,CROPS,"WHEAT, WINTER, RED, HARD - PRODUCTION, MEASURED IN BU"
2012-01-01 00:00:00.000,00,,,ANNUAL,WHEAT,00000000,FIELD CROPS,US TOTAL,NATIONAL,,NOT SPECIFIED,"WINTER, RED, SOFT",BU,US TOTAL,,,,,ALL PRODUCTION PRACTICES,9000,,,,99,"161,364,000",1973,ALL UTILIZATION PRACTICES,,US,TOTAL,,YEAR,SURVEY,PRODUCTION,UNITED STATES,00,CROPS,"WHEAT, WINTER, RED, SOFT - PRODUCTION, MEASURED IN BU"
2012-01-01 00:00:00.000,00,,,ANNUAL,WHEAT,00000000,FIELD CROPS,US TOTAL,NATIONAL,,NOT SPECIFIED,ALL CLASSES,BU,US TOTAL,,,,,ALL PRODUCTION PRACTICES,9000,,,,99,"1,781,918,000",1974,ALL UTILIZATION PRACTICES,,US,TOTAL,,YEAR,SURVEY,PRODUCTION,UNITED STATES,00,CROPS,"WHEAT - PRODUCTION, MEASURED IN BU"
2012-01-01 00:00:00.000,00,,,ANNUAL,WHEAT,00000000,FIELD CROPS,US TOTAL,NATIONAL,,NOT SPECIFIED,"SPRING, (EXCL DURUM)",BU,US TOTAL,,,,,ALL PRODUCTION PRACTICES,9000,,,,99,"325,147,000",1974,ALL UTILIZATION PRACTICES,,US,TOTAL,,YEAR,SURVEY,PRODUCTION,UNITED STATES,00,CROPS,"WHEAT, SPRING, (EXCL DURUM) - PRODUCTION, MEASURED IN BU"
2012-01-01 00:00:00.000,00,,,ANNUAL,WHEAT,00000000,FIELD CROPS,US TOTAL,NATIONAL,,NOT SPECIFIED,"SPRING, DURUM",BU,US TOTAL,,,,,ALL PRODUCTION PRACTICES,9000,,,,99,"81,245,000",1974,ALL UTILIZATION PRACTICES,,US,TOTAL,,YEAR,SURVEY,PRODUCTION,UNITED STATES,00,CROPS,"WHEAT, SPRING, DURUM - PRODUCTION, MEASURED IN BU"
2012-01-01 00:00:00.000,00,,,ANNUAL,WHEAT,00000000,FIELD CROPS,US TOTAL,NATIONAL,,NOT SPECIFIED,"SPRING, RED, HARD",BU,US TOTAL,,,,,ALL PRODUCTION PRACTICES,9000,,,,99,"293,108,000",1974,ALL UTILIZATION PRACTICES,,US,TOTAL,,YEAR,SURVEY,PRODUCTION,UNITED STATES,00,CROPS,"WHEAT, SPRING, RED, HARD - PRODUCTION, MEASURED IN BU"
2012-01-01 00:00:00.000,00,,,ANNUAL,WHEAT,00000000,FIELD CROPS,US TOTAL,NATIONAL,,NOT SPECIFIED,"SPRING, WHITE",BU,US TOTAL,,,,,ALL PRODUCTION PRACTICES,9000,,,,99,"32,039,000",1974,ALL UTILIZATION PRACTICES,,US,TOTAL,,YEAR,SURVEY,PRODUCTION,UNITED STATES,00,CROPS,"WHEAT, SPRING, WHITE - PRODUCTION, MEASURED IN BU"
2012-01-01 00:00:00.000,00,,,ANNUAL,WHEAT,00000000,FIELD CROPS,US TOTAL,NATIONAL,,NOT SPECIFIED,WINTER,BU,US TOTAL,,,,,ALL PRODUCTION PRACTICES,9000,,,,99,"1,375,526,000",1974,ALL UTILIZATION PRACTICES,,US,TOTAL,,YEAR,SURVEY,PRODUCTION,UNITED STATES,00,CROPS,"WHEAT, WINTER - PRODUCTION, MEASURED IN BU"
2012-01-01 00:00:00.000,00,,,ANNUAL,WHEAT,00000000,FIELD CROPS,US TOTAL,NATIONAL,,NOT SPECIFIED,"WINTER, RED, HARD",BU,US TOTAL,,,,,ALL PRODUCTION PRACTICES,9000,,,,99,"882,577,000",1974,ALL UTILIZATION PRACTICES,,US,TOTAL,,YEAR,SURVEY,PRODUCTION,UNITED STATES,00,CROPS,"WHEAT, WINTER, RED, HARD - PRODUCTION, MEASURED IN BU"
2012-01-01 00:00:00.000,00,,,ANNUAL,WHEAT,00000000,FIELD CROPS,US TOTAL,NATIONAL,,NOT SPECIFIED,"WINTER, RED, SOFT",BU,US TOTAL,,,,,ALL PRODUCTION PRACTICES,9000,,,,99,"272,667,000",1974,ALL UTILIZATION PRACTICES,,US,TOTAL,,YEAR,SURVEY,PRODUCTION,UNITED STATES,00,CROPS,"WHEAT, WINTER, RED, SOFT - PRODUCTION, MEASURED IN BU"
2012-01-01 00:00:00.000,00,,,ANNUAL,WHEAT,00000000,FIELD CROPS,US TOTAL,NATIONAL,,NOT SPECIFIED,"WINTER, WHITE",BU,US TOTAL,,,,,ALL PRODUCTION PRACTICES,9000,,,,99,"220,282,000",1974,ALL UTILIZATION PRACTICES,,US,TOTAL,,YEAR,SURVEY,PRODUCTION,UNITED STATES,00,CROPS,"WHEAT, WINTER, WHITE - PRODUCTION, MEASURED IN BU"
2012-01-01 00:00:00.000,00,,,ANNUAL,WHEAT,00000000,FIELD CROPS,US TOTAL,NATIONAL,,NOT SPECIFIED,ALL CLASSES,BU,US TOTAL,,,,,ALL PRODUCTION PRACTICES,9000,,,,99,"2,126,927,000",1975,ALL UTILIZATION PRACTICES,,US,TOTAL,,YEAR,SURVEY,PRODUCTION,UNITED STATES,00,CROPS,"WHEAT - PRODUCTION, MEASURED IN BU"
2012-01-01 00:00:00.000,00,,,ANNUAL,WHEAT,00000000,FIELD CROPS,US TOTAL,NATIONAL,,NOT SPECIFIED,"SPRING, (EXCL DURUM)",BU,US TOTAL,,,,,ALL PRODUCTION PRACTICES,9000,,,,99,"360,665,000",1975,ALL UTILIZATION PRACTICES,,US,TOTAL,,YEAR,SURVEY,PRODUCTION,UNITED STATES,00,CROPS,"WHEAT, SPRING, (EXCL DURUM) - PRODUCTION, MEASURED IN BU"
2012-01-01 00:00:00.000,00,,,ANNUAL,WHEAT,00000000,FIELD CROPS,US TOTAL,NATIONAL,,NOT SPECIFIED,"SPRING, DURUM",BU,US TOTAL,,,,,ALL PRODUCTION PRACTICES,9000,,,,99,"123,362,000",1975,ALL UTILIZATION PRACTICES,,US,TOTAL,,YEAR,SURVEY,PRODUCTION,UNITED STATES,00,CROPS,"WHEAT, SPRING, DURUM - PRODUCTION, MEASURED IN BU"
2012-01-01 00:00:00.000,00,,,ANNUAL,WHEAT,00000000,FIELD CROPS,US TOTAL,NATIONAL,,NOT SPECIFIED,"SPRING, RED, HARD",BU,US TOTAL,,,,,ALL PRODUCTION PRACTICES,9000,,,,99,"327,272,000",1975,ALL UTILIZATION PRACTICES,,US,TOTAL,,YEAR,SURVEY,PRODUCTION,UNITED STATES,00,CROPS,"WHEAT, SPRING, RED, HARD - PRODUCTION, MEASURED IN BU"
2012-01-01 00:00:00.000,00,,,ANNUAL,WHEAT,00000000,FIELD CROPS,US TOTAL,NATIONAL,,NOT SPECIFIED,"SPRING, WHITE",BU,US TOTAL,,,,,ALL PRODUCTION PRACTICES,9000,,,,99,"33,393,000",1975,ALL UTILIZATION PRACTICES,,US,TOTAL,,YEAR,SURVEY,PRODUCTION,UNITED STATES,00,CROPS,"WHEAT, SPRING, WHITE - PRODUCTION, MEASURED IN BU"
2012-01-01 00:00:00.000,00,,,ANNUAL,WHEAT,00000000,FIELD CROPS,US TOTAL,NATIONAL,,NOT SPECIFIED,WINTER,BU,US TOTAL,,,,,ALL PRODUCTION PRACTICES,9000,,,,99,"1,642,900,000",1975,ALL UTILIZATION PRACTICES,,US,TOTAL,,YEAR,SURVEY,PRODUCTION,UNITED STATES,00,CROPS,"WHEAT, WINTER - PRODUCTION, MEASURED IN BU"
2012-01-01 00:00:00.000,00,,,ANNUAL,WHEAT,00000000,FIELD CROPS,US TOTAL,NATIONAL,,NOT SPECIFIED,"WINTER, RED, HARD",BU,US TOTAL,,,,,ALL PRODUCTION PRACTICES,9000,,,,99,"1,054,792,000",1975,ALL UTILIZATION PRACTICES,,US,TOTAL,,YEAR,SURVEY,PRODUCTION,UNITED STATES,00,CROPS,"WHEAT, WINTER, RED, HARD - PRODUCTION, MEASURED IN BU"
2012-01-01 00:00:00.000,00,,,ANNUAL,WHEAT,00000000,FIELD CROPS,US TOTAL,NATIONAL,,NOT SPECIFIED,"WINTER, RED, SOFT",BU,US TOTAL,,,,,ALL PRODUCTION PRACTICES,9000,,,,99,"330,867,000",1975,ALL UTILIZATION PRACTICES,,US,TOTAL,,YEAR,SURVEY,PRODUCTION,UNITED STATES,00,CROPS,"WHEAT, WINTER, RED, SOFT - PRODUCTION, MEASURED IN BU"
2012-01-01 00:00:00.000,00,,,ANNUAL,WHEAT,00000000,FIELD CROPS,US TOTAL,NATIONAL,,NOT SPECIFIED,"WINTER, WHITE",BU,US TOTAL,,,,,ALL PRODUCTION PRACTICES,9000,,,,99,"257,241,000",1975,ALL UTILIZATION PRACTICES,,US,TOTAL,,YEAR,SURVEY,PRODUCTION,UNITED STATES,00,CROPS,"WHEAT, WINTER, WHITE - PRODUCTION, MEASURED IN BU"
2012-01-01 00:00:00.000,00,,,ANNUAL,WHEAT,00000000,FIELD CROPS,US TOTAL,NATIONAL,,NOT SPECIFIED,ALL CLASSES,BU,US TOTAL,,,,,ALL PRODUCTION PRACTICES,9000,,,,99,"2,148,780,000",1976,ALL UTILIZATION PRACTICES,,US,TOTAL,,YEAR,SURVEY,PRODUCTION,UNITED STATES,00,CROPS,"WHEAT - PRODUCTION, MEASURED IN BU"
2012-01-01 00:00:00.000,00,,,ANNUAL,WHEAT,00000000,FIELD CROPS,US TOTAL,NATIONAL,,NOT SPECIFIED,"SPRING, (EXCL DURUM)",BU,US TOTAL,,,,,ALL PRODUCTION PRACTICES,9000,,,,99,"449,748,000",1976,ALL UTILIZATION PRACTICES,,US,TOTAL,,YEAR,SURVEY,PRODUCTION,UNITED STATES,00,CROPS,"WHEAT, SPRING, (EXCL DURUM) - PRODUCTION, MEASURED IN BU"
2012-01-01 00:00:00.000,00,,,ANNUAL,WHEAT,00000000,FIELD CROPS,US TOTAL,NATIONAL,,NOT SPECIFIED,"SPRING, DURUM",BU,US TOTAL,,,,,ALL PRODUCTION PRACTICES,9000,,,,99,"134,914,000",1976,ALL UTILIZATION PRACTICES,,US,TOTAL,,YEAR,SURVEY,PRODUCTION,UNITED STATES,00,CROPS,"WHEAT, SPRING, DURUM - PRODUCTION, MEASURED IN BU"
2012-01-01 00:00:00.000,00,,,ANNUAL,WHEAT,00000000,FIELD CROPS,US TOTAL,NATIONAL,,NOT SPECIFIED,"SPRING, RED, HARD",BU,US TOTAL,,,,,ALL PRODUCTION PRACTICES,9000,,,,99,"411,866,000",1976,ALL UTILIZATION PRACTICES,,US,TOTAL,,YEAR,SURVEY,PRODUCTION,UNITED STATES,00,CROPS,"WHEAT, SPRING, RED, HARD - PRODUCTION, MEASURED IN BU"
2012-01-01 00:00:00.000,00,,,ANNUAL,WHEAT,00000000,FIELD CROPS,US TOTAL,NATIONAL,,NOT SPECIFIED,"SPRING, WHITE",BU,US TOTAL,,,,,ALL PRODUCTION PRACTICES,9000,,,,99,"37,882,000",1976,ALL UTILIZATION PRACTICES,,US,TOTAL,,YEAR,SURVEY,PRODUCTION,UNITED STATES,00,CROPS,"WHEAT, SPRING, WHITE - PRODUCTION, MEASURED IN BU"
2012-01-01 00:00:00.000,00,,,ANNUAL,WHEAT,00000000,FIELD CROPS,US TOTAL,NATIONAL,,NOT SPECIFIED,WINTER,BU,US TOTAL,,,,,ALL PRODUCTION PRACTICES,9000,,,,99,"1,564,118,000",1976,ALL UTILIZATION PRACTICES,,US,TOTAL,,YEAR,SURVEY,PRODUCTION,UNITED STATES,00,CROPS,"WHEAT, WINTER - PRODUCTION, MEASURED IN BU"
2012-01-01 00:00:00.000,00,,,ANNUAL,WHEAT,00000000,FIELD CROPS,US TOTAL,NATIONAL,,NOT SPECIFIED,"WINTER, RED, HARD",BU,US TOTAL,,,,,ALL PRODUCTION PRACTICES,9000,,,,99,"977,366,000",1976,ALL UTILIZATION PRACTICES,,US,TOTAL,,YEAR,SURVEY,PRODUCTION,UNITED STATES,00,CROPS,"WHEAT, WINTER, RED, HARD - PRODUCTION, MEASURED IN BU"
2012-01-01 00:00:00.000,00,,,ANNUAL,WHEAT,00000000,FIELD CROPS,US TOTAL,NATIONAL,,NOT SPECIFIED,"WINTER, RED, SOFT",BU,US TOTAL,,,,,ALL PRODUCTION PRACTICES,9000,,,,99,"337,389,000",1976,ALL UTILIZATION PRACTICES,,US,TOTAL,,YEAR,SURVEY,PRODUCTION,UNITED STATES,00,CROPS,"WHEAT, WINTER, RED, SOFT - PRODUCTION, MEASURED IN BU"
2012-01-01 00:00:00.000,00,,,ANNUAL,WHEAT,00000000,FIELD CROPS,US TOTAL,NATIONAL,,NOT SPECIFIED,"WINTER, WHITE",BU,US TOTAL,,,,,ALL PRODUCTION PRACTICES,9000,,,,99,"249,363,000",1976,ALL UTILIZATION PRACTICES,,US,TOTAL,,YEAR,SURVEY,PRODUCTION,UNITED STATES,00,CROPS,"WHEAT, WINTER, WHITE - PRODUCTION, MEASURED IN BU"
2012-01-01 00:00:00.000,00,,,ANNUAL,WHEAT,00000000,FIELD CROPS,US TOTAL,NATIONAL,,NOT SPECIFIED,ALL CLASSES,BU,US TOTAL,,,,,ALL PRODUCTION PRACTICES,9000,,,,99,"2,045,527,000",1977,ALL UTILIZATION PRACTICES,,US,TOTAL,,YEAR,SURVEY,PRODUCTION,UNITED STATES,00,CROPS,"WHEAT - PRODUCTION, MEASURED IN BU"
2012-01-01 00:00:00.000,00,,,ANNUAL,WHEAT,00000000,FIELD CROPS,US TOTAL,NATIONAL,,NOT SPECIFIED,"SPRING, (EXCL DURUM)",BU,US TOTAL,,,,,ALL PRODUCTION PRACTICES,9000,,,,99,"425,144,000",1977,ALL UTILIZATION PRACTICES,,US,TOTAL,,YEAR,SURVEY,PRODUCTION,UNITED STATES,00,CROPS,"WHEAT, SPRING, (EXCL DURUM) - PRODUCTION, MEASURED IN BU"
2012-01-01 00:00:00.000,00,,,ANNUAL,WHEAT,00000000,FIELD CROPS,US TOTAL,NATIONAL,,NOT SPECIFIED,"SPRING, DURUM",BU,US TOTAL,,,,,ALL PRODUCTION PRACTICES,9000,,,,99,"79,964,000",1977,ALL UTILIZATION PRACTICES,,US,TOTAL,,YEAR,SURVEY,PRODUCTION,UNITED STATES,00,CROPS,"WHEAT, SPRING, DURUM - PRODUCTION, MEASURED IN BU"
2012-01-01 00:00:00.000,00,,,ANNUAL,WHEAT,00000000,FIELD CROPS,US TOTAL,NATIONAL,,NOT SPECIFIED,"SPRING, RED, HARD",BU,US TOTAL,,,,,ALL PRODUCTION PRACTICES,9000,,,,99,"398,983,000",1977,ALL UTILIZATION PRACTICES,,US,TOTAL,,YEAR,SURVEY,PRODUCTION,UNITED STATES,00,CROPS,"WHEAT, SPRING, RED, HARD - PRODUCTION, MEASURED IN BU"
2012-01-01 00:00:00.000,00,,,ANNUAL,WHEAT,00000000,FIELD CROPS,US TOTAL,NATIONAL,,NOT SPECIFIED,"SPRING, WHITE",BU,US TOTAL,,,,,ALL PRODUCTION PRACTICES,9000,,,,99,"26,161,000",1977,ALL UTILIZATION PRACTICES,,US,TOTAL,,YEAR,SURVEY,PRODUCTION,UNITED STATES,00,CROPS,"WHEAT, SPRING, WHITE - PRODUCTION, MEASURED IN BU"
2012-01-01 00:00:00.000,00,,,ANNUAL,WHEAT,00000000,FIELD CROPS,US TOTAL,NATIONAL,,NOT SPECIFIED,WINTER,BU,US TOTAL,,,,,ALL PRODUCTION PRACTICES,9000,,,,99,"1,540,419,000",1977,ALL UTILIZATION PRACTICES,,US,TOTAL,,YEAR,SURVEY,PRODUCTION,UNITED STATES,00,CROPS,"WHEAT, WINTER - PRODUCTION, MEASURED IN BU"
2012-01-01 00:00:00.000,00,,,ANNUAL,WHEAT,00000000,FIELD CROPS,US TOTAL,NATIONAL,,NOT SPECIFIED,"WINTER, RED, HARD",BU,US TOTAL,,,,,ALL PRODUCTION PRACTICES,9000,,,,99,"996,432,000",1977,ALL UTILIZATION PRACTICES,,US,TOTAL,,YEAR,SURVEY,PRODUCTION,UNITED STATES,00,CROPS,"WHEAT, WINTER, RED, HARD - PRODUCTION, MEASURED IN BU"
2012-01-01 00:00:00.000,00,,,ANNUAL,WHEAT,00000000,FIELD CROPS,US TOTAL,NATIONAL,,NOT SPECIFIED,"WINTER, RED, SOFT",BU,US TOTAL,,,,,ALL PRODUCTION PRACTICES,9000,,,,99,"349,109,000",1977,ALL UTILIZATION PRACTICES,,US,TOTAL,,YEAR,SURVEY,PRODUCTION,UNITED STATES,00,CROPS,"WHEAT, WINTER, RED, SOFT - PRODUCTION, MEASURED IN BU"
2012-01-01 00:00:00.000,00,,,ANNUAL,WHEAT,00000000,FIELD CROPS,US TOTAL,NATIONAL,,NOT SPECIFIED,"WINTER, WHITE",BU,US TOTAL,,,,,ALL PRODUCTION PRACTICES,9000,,,,99,"194,878,000",1977,ALL UTILIZATION PRACTICES,,US,TOTAL,,YEAR,SURVEY,PRODUCTION,UNITED STATES,00,CROPS,"WHEAT, WINTER, WHITE - PRODUCTION, MEASURED IN BU"
2012-01-01 00:00:00.000,00,,,ANNUAL,WHEAT,00000000,FIELD CROPS,US TOTAL,NATIONAL,,NOT SPECIFIED,ALL CLASSES,BU,US TOTAL,,,,,ALL PRODUCTION PRACTICES,9000,,,,99,"1,775,524,000",1978,ALL UTILIZATION PRACTICES,,US,TOTAL,,YEAR,SURVEY,PRODUCTION,UNITED STATES,00,CROPS,"WHEAT - PRODUCTION, MEASURED IN BU"
2012-01-01 00:00:00.000,00,,,ANNUAL,WHEAT,00000000,FIELD CROPS,US TOTAL,NATIONAL,,NOT SPECIFIED,"SPRING, (EXCL DURUM)",BU,US TOTAL,,,,,ALL PRODUCTION PRACTICES,9000,,,,99,"419,750,000",1978,ALL UTILIZATION PRACTICES,,US,TOTAL,,YEAR,SURVEY,PRODUCTION,UNITED STATES,00,CROPS,"WHEAT, SPRING, (EXCL DURUM) - PRODUCTION, MEASURED IN BU"
2012-01-01 00:00:00.000,00,,,ANNUAL,WHEAT,00000000,FIELD CROPS,US TOTAL,NATIONAL,,NOT SPECIFIED,"SPRING, DURUM",BU,US TOTAL,,,,,ALL PRODUCTION PRACTICES,9000,,,,99,"133,328,000",1978,ALL UTILIZATION PRACTICES,,US,TOTAL,,YEAR,SURVEY,PRODUCTION,UNITED STATES,00,CROPS,"WHEAT, SPRING, DURUM - PRODUCTION, MEASURED IN BU"
2012-01-01 00:00:00.000,00,,,ANNUAL,WHEAT,00000000,FIELD CROPS,US TOTAL,NATIONAL,,NOT SPECIFIED,"SPRING, RED, HARD",BU,US TOTAL,,,,,ALL PRODUCTION PRACTICES,9000,,,,99,"379,694,000",1978,ALL UTILIZATION PRACTICES,,US,TOTAL,,YEAR,SURVEY,PRODUCTION,UNITED STATES,00,CROPS,"WHEAT, SPRING, RED, HARD - PRODUCTION, MEASURED IN BU"
2012-01-01 00:00:00.000,00,,,ANNUAL,WHEAT,00000000,FIELD CROPS,US TOTAL,NATIONAL,,NOT SPECIFIED,"SPRING, WHITE",BU,US TOTAL,,,,,ALL PRODUCTION PRACTICES,9000,,,,99,"40,056,000",1978,ALL UTILIZATION PRACTICES,,US,TOTAL,,YEAR,SURVEY,PRODUCTION,UNITED STATES,00,CROPS,"WHEAT, SPRING, WHITE - PRODUCTION, MEASURED IN BU"
2012-01-01 00:00:00.000,00,,,ANNUAL,WHEAT,00000000,FIELD CROPS,US TOTAL,NATIONAL,,NOT SPECIFIED,WINTER,BU,US TOTAL,,,,,ALL PRODUCTION PRACTICES,9000,,,,99,"1,222,446,000",1978,ALL UTILIZATION PRACTICES,,US,TOTAL,,YEAR,SURVEY,PRODUCTION,UNITED STATES,00,CROPS,"WHEAT, WINTER - PRODUCTION, MEASURED IN BU"
2012-01-01 00:00:00.000,00,,,ANNUAL,WHEAT,00000000,FIELD CROPS,US TOTAL,NATIONAL,,NOT SPECIFIED,"WINTER, RED, HARD",BU,US TOTAL,,,,,ALL PRODUCTION PRACTICES,9000,,,,99,"829,908,000",1978,ALL UTILIZATION PRACTICES,,US,TOTAL,,YEAR,SURVEY,PRODUCTION,UNITED STATES,00,CROPS,"WHEAT, WINTER, RED, HARD - PRODUCTION, MEASURED IN BU"
2012-01-01 00:00:00.000,00,,,ANNUAL,WHEAT,00000000,FIELD CROPS,US TOTAL,NATIONAL,,NOT SPECIFIED,"WINTER, RED, SOFT",BU,US TOTAL,,,,,ALL PRODUCTION PRACTICES,9000,,,,99,"188,920,000",1978,ALL UTILIZATION PRACTICES,,US,TOTAL,,YEAR,SURVEY,PRODUCTION,UNITED STATES,00,CROPS,"WHEAT, WINTER, RED, SOFT - PRODUCTION, MEASURED IN BU"
2012-01-01 00:00:00.000,00,,,ANNUAL,WHEAT,00000000,FIELD CROPS,US TOTAL,NATIONAL,,NOT SPECIFIED,"WINTER, WHITE",BU,US TOTAL,,,,,ALL PRODUCTION PRACTICES,9000,,,,99,"203,618,000",1978,ALL UTILIZATION PRACTICES,,US,TOTAL,,YEAR,SURVEY,PRODUCTION,UNITED STATES,00,CROPS,"WHEAT, WINTER, WHITE - PRODUCTION, MEASURED IN BU"
2012-01-01 00:00:00.000,00,,,ANNUAL,WHEAT,00000000,FIELD CROPS,US TOTAL,NATIONAL,,NOT SPECIFIED,ALL CLASSES,BU,US TOTAL,,,,,ALL PRODUCTION PRACTICES,9000,,,,99,"2,134,060,000",1979,ALL UTILIZATION PRACTICES,,US,TOTAL,,YEAR,SURVEY,PRODUCTION,UNITED STATES,00,CROPS,"WHEAT - PRODUCTION, MEASURED IN BU"
2012-01-01 00:00:00.000,00,,,ANNUAL,WHEAT,00000000,FIELD CROPS,US TOTAL,NATIONAL,,NOT SPECIFIED,"SPRING, (EXCL DURUM)",BU,US TOTAL,,,,,ALL PRODUCTION PRACTICES,9000,,,,99,"426,172,000",1979,ALL UTILIZATION PRACTICES,,US,TOTAL,,YEAR,SURVEY,PRODUCTION,UNITED STATES,00,CROPS,"WHEAT, SPRING, (EXCL DURUM) - PRODUCTION, MEASURED IN BU"
2012-01-01 00:00:00.000,00,,,ANNUAL,WHEAT,00000000,FIELD CROPS,US TOTAL,NATIONAL,,NOT SPECIFIED,"SPRING, DURUM",BU,US TOTAL,,,,,ALL PRODUCTION PRACTICES,9000,,,,99,"106,654,000",1979,ALL UTILIZATION PRACTICES,,US,TOTAL,,YEAR,SURVEY,PRODUCTION,UNITED STATES,00,CROPS,"WHEAT, SPRING, DURUM - PRODUCTION, MEASURED IN BU"
2012-01-01 00:00:00.000,00,,,ANNUAL,WHEAT,00000000,FIELD CROPS,US TOTAL,NATIONAL,,NOT SPECIFIED,"SPRING, RED, HARD",BU,US TOTAL,,,,,ALL PRODUCTION PRACTICES,9000,,,,99,"368,782,000",1979,ALL UTILIZATION PRACTICES,,US,TOTAL,,YEAR,SURVEY,PRODUCTION,UNITED STATES,00,CROPS,"WHEAT, SPRING, RED, HARD - PRODUCTION, MEASURED IN BU"
2012-01-01 00:00:00.000,00,,,ANNUAL,WHEAT,00000000,FIELD CROPS,US TOTAL,NATIONAL,,NOT SPECIFIED,"SPRING, WHITE",BU,US TOTAL,,,,,ALL PRODUCTION PRACTICES,9000,,,,99,"57,390,000",1979,ALL UTILIZATION PRACTICES,,US,TOTAL,,YEAR,SURVEY,PRODUCTION,UNITED STATES,00,CROPS,"WHEAT, SPRING, WHITE - PRODUCTION, MEASURED IN BU"
2012-01-01 00:00:00.000,00,,,ANNUAL,WHEAT,00000000,FIELD CROPS,US TOTAL,NATIONAL,,NOT SPECIFIED,WINTER,BU,US TOTAL,,,,,ALL PRODUCTION PRACTICES,9000,,,,99,"1,601,234,000",1979,ALL UTILIZATION PRACTICES,,US,TOTAL,,YEAR,SURVEY,PRODUCTION,UNITED STATES,00,CROPS,"WHEAT, WINTER - PRODUCTION, MEASURED IN BU"
2012-01-01 00:00:00.000,00,,,ANNUAL,WHEAT,00000000,FIELD CROPS,US TOTAL,NATIONAL,,NOT SPECIFIED,"WINTER, RED, HARD",BU,US TOTAL,,,,,ALL PRODUCTION PRACTICES,9000,,,,99,"1,091,573,000",1979,ALL UTILIZATION PRACTICES,,US,TOTAL,,YEAR,SURVEY,PRODUCTION,UNITED STATES,00,CROPS,"WHEAT, WINTER, RED, HARD - PRODUCTION, MEASURED IN BU"
2012-01-01 00:00:00.000,00,,,ANNUAL,WHEAT,00000000,FIELD CROPS,US TOTAL,NATIONAL,,NOT SPECIFIED,"WINTER, RED, SOFT",BU,US TOTAL,,,,,ALL PRODUCTION PRACTICES,9000,,,,99,"309,637,000",1979,ALL UTILIZATION PRACTICES,,US,TOTAL,,YEAR,SURVEY,PRODUCTION,UNITED STATES,00,CROPS,"WHEAT, WINTER, RED, SOFT - PRODUCTION, MEASURED IN BU"
2012-01-01 00:00:00.000,00,,,ANNUAL,WHEAT,00000000,FIELD CROPS,US TOTAL,NATIONAL,,NOT SPECIFIED,"WINTER, WHITE",BU,US TOTAL,,,,,ALL PRODUCTION PRACTICES,9000,,,,99,"200,024,000",1979,ALL UTILIZATION PRACTICES,,US,TOTAL,,YEAR,SURVEY,PRODUCTION,UNITED STATES,00,CROPS,"WHEAT, WINTER, WHITE - PRODUCTION, MEASURED IN BU"
2012-01-01 00:00:00.000,00,,,ANNUAL,WHEAT,00000000,FIELD CROPS,US TOTAL,NATIONAL,,NOT SPECIFIED,ALL CLASSES,BU,US TOTAL,,,,,ALL PRODUCTION PRACTICES,9000,,,,99,"2,380,934,000",1980,ALL UTILIZATION PRACTICES,,US,TOTAL,,YEAR,SURVEY,PRODUCTION,UNITED STATES,00,CROPS,"WHEAT - PRODUCTION, MEASURED IN BU"
2012-01-01 00:00:00.000,00,,,ANNUAL,WHEAT,00000000,FIELD CROPS,US TOTAL,NATIONAL,,NOT SPECIFIED,"SPRING, (EXCL DURUM)",BU,US TOTAL,,,,,ALL PRODUCTION PRACTICES,9000,,,,99,"370,528,000",1980,ALL UTILIZATION PRACTICES,,US,TOTAL,,YEAR,SURVEY,PRODUCTION,UNITED STATES,00,CROPS,"WHEAT, SPRING, (EXCL DURUM) - PRODUCTION, MEASURED IN BU"
2012-01-01 00:00:00.000,00,,,ANNUAL,WHEAT,00000000,FIELD CROPS,US TOTAL,NATIONAL,,NOT SPECIFIED,"SPRING, DURUM",BU,US TOTAL,,,,,ALL PRODUCTION PRACTICES,9000,,,,99,"108,395,000",1980,ALL UTILIZATION PRACTICES,,US,TOTAL,,YEAR,SURVEY,PRODUCTION,UNITED STATES,00,CROPS,"WHEAT, SPRING, DURUM - PRODUCTION, MEASURED IN BU"
2012-01-01 00:00:00.000,00,,,ANNUAL,WHEAT,00000000,FIELD CROPS,US TOTAL,NATIONAL,,NOT SPECIFIED,"SPRING, RED, HARD",BU,US TOTAL,,,,,ALL PRODUCTION PRACTICES,9000,,,,99,"311,448,000",1980,ALL UTILIZATION PRACTICES,,US,TOTAL,,YEAR,SURVEY,PRODUCTION,UNITED STATES,00,CROPS,"WHEAT, SPRING, RED, HARD - PRODUCTION, MEASURED IN BU"
2012-01-01 00:00:00.000,00,,,ANNUAL,WHEAT,00000000,FIELD CROPS,US TOTAL,NATIONAL,,NOT SPECIFIED,"SPRING, WHITE",BU,US TOTAL,,,,,ALL PRODUCTION PRACTICES,9000,,,,99,"59,080,000",1980,ALL UTILIZATION PRACTICES,,US,TOTAL,,YEAR,SURVEY,PRODUCTION,UNITED STATES,00,CROPS,"WHEAT, SPRING, WHITE - PRODUCTION, MEASURED IN BU"
2012-01-01 00:00:00.000,00,,,ANNUAL,WHEAT,00000000,FIELD CROPS,US TOTAL,NATIONAL,,NOT SPECIFIED,WINTER,BU,US TOTAL,,,,,ALL PRODUCTION PRACTICES,9000,,,,99,"1,902,011,000",1980,ALL UTILIZATION PRACTICES,,US,TOTAL,,YEAR,SURVEY,PRODUCTION,UNITED STATES,00,CROPS,"WHEAT, WINTER - PRODUCTION, MEASURED IN BU"
2012-01-01 00:00:00.000,00,,,ANNUAL,WHEAT,00000000,FIELD CROPS,US TOTAL,NATIONAL,,NOT SPECIFIED,"WINTER, RED, HARD",BU,US TOTAL,,,,,ALL PRODUCTION PRACTICES,9000,,,,99,"1,181,314,000",1980,ALL UTILIZATION PRACTICES,,US,TOTAL,,YEAR,SURVEY,PRODUCTION,UNITED STATES,00,CROPS,"WHEAT, WINTER, RED, HARD - PRODUCTION, MEASURED IN BU"
2012-01-01 00:00:00.000,00,,,ANNUAL,WHEAT,00000000,FIELD CROPS,US TOTAL,NATIONAL,,NOT SPECIFIED,"WINTER, RED, SOFT",BU,US TOTAL,,,,,ALL PRODUCTION PRACTICES,9000,,,,99,"441,787,000",1980,ALL UTILIZATION PRACTICES,,US,TOTAL,,YEAR,SURVEY,PRODUCTION,UNITED STATES,00,CROPS,"WHEAT, WINTER, RED, SOFT - PRODUCTION, MEASURED IN BU"
2012-01-01 00:00:00.000,00,,,ANNUAL,WHEAT,00000000,FIELD CROPS,US TOTAL,NATIONAL,,NOT SPECIFIED,"WINTER, WHITE",BU,US TOTAL,,,,,ALL PRODUCTION PRACTICES,9000,,,,99,"278,910,000",1980,ALL UTILIZATION PRACTICES,,US,TOTAL,,YEAR,SURVEY,PRODUCTION,UNITED STATES,00,CROPS,"WHEAT, WINTER, WHITE - PRODUCTION, MEASURED IN BU"
2012-01-01 00:00:00.000,00,,,ANNUAL,WHEAT,00000000,FIELD CROPS,US TOTAL,NATIONAL,,NOT SPECIFIED,ALL CLASSES,BU,US TOTAL,,,,,ALL PRODUCTION PRACTICES,9000,,,,99,"2,785,357,000",1981,ALL UTILIZATION PRACTICES,,US,TOTAL,,YEAR,SURVEY,PRODUCTION,UNITED STATES,00,CROPS,"WHEAT - PRODUCTION, MEASURED IN BU"
2012-01-01 00:00:00.000,00,,,ANNUAL,WHEAT,00000000,FIELD CROPS,US TOTAL,NATIONAL,,NOT SPECIFIED,"SPRING, (EXCL DURUM)",BU,US TOTAL,,,,,ALL PRODUCTION PRACTICES,9000,,,,99,"505,260,000",1981,ALL UTILIZATION PRACTICES,,US,TOTAL,,YEAR,SURVEY,PRODUCTION,UNITED STATES,00,CROPS,"WHEAT, SPRING, (EXCL DURUM) - PRODUCTION, MEASURED IN BU"
2012-01-01 00:00:00.000,00,,,ANNUAL,WHEAT,00000000,FIELD CROPS,US TOTAL,NATIONAL,,NOT SPECIFIED,"SPRING, DURUM",BU,US TOTAL,,,,,ALL PRODUCTION PRACTICES,9000,,,,99,"183,040,000",1981,ALL UTILIZATION PRACTICES,,US,TOTAL,,YEAR,SURVEY,PRODUCTION,UNITED STATES,00,CROPS,"WHEAT, SPRING, DURUM - PRODUCTION, MEASURED IN BU"
2012-01-01 00:00:00.000,00,,,ANNUAL,WHEAT,00000000,FIELD CROPS,US TOTAL,NATIONAL,,NOT SPECIFIED,"SPRING, RED, HARD",BU,US TOTAL,,,,,ALL PRODUCTION PRACTICES,9000,,,,99,"463,726,000",1981,ALL UTILIZATION PRACTICES,,US,TOTAL,,YEAR,SURVEY,PRODUCTION,UNITED STATES,00,CROPS,"WHEAT, SPRING, RED, HARD - PRODUCTION, MEASURED IN BU"
2012-01-01 00:00:00.000,00,,,ANNUAL,WHEAT,00000000,FIELD CROPS,US TOTAL,NATIONAL,,NOT SPECIFIED,"SPRING, WHITE",BU,US TOTAL,,,,,ALL PRODUCTION PRACTICES,9000,,,,99,"41,534,000",1981,ALL UTILIZATION PRACTICES,,US,TOTAL,,YEAR,SURVEY,PRODUCTION,UNITED STATES,00,CROPS,"WHEAT, SPRING, WHITE - PRODUCTION, MEASURED IN BU"
2012-01-01 00:00:00.000,00,,,ANNUAL,WHEAT,00000000,FIELD CROPS,US TOTAL,NATIONAL,,NOT SPECIFIED,WINTER,BU,US TOTAL,,,,,ALL PRODUCTION PRACTICES,9000,,,,99,"2,097,057,000",1981,ALL UTILIZATION PRACTICES,,US,TOTAL,,YEAR,SURVEY,PRODUCTION,UNITED STATES,00,CROPS,"WHEAT, WINTER - PRODUCTION, MEASURED IN BU"
2012-01-01 00:00:00.000,00,,,ANNUAL,WHEAT,00000000,FIELD CROPS,US TOTAL,NATIONAL,,NOT SPECIFIED,"WINTER, RED, HARD",BU,US TOTAL,,,,,ALL PRODUCTION PRACTICES,9000,,,,99,"1,112,085,000",1981,ALL UTILIZATION PRACTICES,,US,TOTAL,,YEAR,SURVEY,PRODUCTION,UNITED STATES,00,CROPS,"WHEAT, WINTER, RED, HARD - PRODUCTION, MEASURED IN BU"
2012-01-01 00:00:00.000,00,,,ANNUAL,WHEAT,00000000,FIELD CROPS,US TOTAL,NATIONAL,,NOT SPECIFIED,"WINTER, RED, SOFT",BU,US TOTAL,,,,,ALL PRODUCTION PRACTICES,9000,,,,99,"678,017,000",1981,ALL UTILIZATION PRACTICES,,US,TOTAL,,YEAR,SURVEY,PRODUCTION,UNITED STATES,00,CROPS,"WHEAT, WINTER, RED, SOFT - PRODUCTION, MEASURED IN BU"
2012-01-01 00:00:00.000,00,,,ANNUAL,WHEAT,00000000,FIELD CROPS,US TOTAL,NATIONAL,,NOT SPECIFIED,"WINTER, WHITE",BU,US TOTAL,,,,,ALL PRODUCTION PRACTICES,9000,,,,99,"306,955,000",1981,ALL UTILIZATION PRACTICES,,US,TOTAL,,YEAR,SURVEY,PRODUCTION,UNITED STATES,00,CROPS,"WHEAT, WINTER, WHITE - PRODUCTION, MEASURED IN BU"
2012-01-01 00:00:00.000,00,,,ANNUAL,WHEAT,00000000,FIELD CROPS,US TOTAL,NATIONAL,,NOT SPECIFIED,ALL CLASSES,BU,US TOTAL,,,,,ALL PRODUCTION PRACTICES,9000,,,,99,"2,764,967,000",1982,ALL UTILIZATION PRACTICES,,US,TOTAL,,YEAR,SURVEY,PRODUCTION,UNITED STATES,00,CROPS,"WHEAT - PRODUCTION, MEASURED IN BU"
2012-01-01 00:00:00.000,00,,,ANNUAL,WHEAT,00000000,FIELD CROPS,US TOTAL,NATIONAL,,NOT SPECIFIED,"SPRING, (EXCL DURUM)",BU,US TOTAL,,,,,ALL PRODUCTION PRACTICES,9000,,,,99,"545,544,000",1982,ALL UTILIZATION PRACTICES,,US,TOTAL,,YEAR,SURVEY,PRODUCTION,UNITED STATES,00,CROPS,"WHEAT, SPRING, (EXCL DURUM) - PRODUCTION, MEASURED IN BU"
2012-01-01 00:00:00.000,00,,,ANNUAL,WHEAT,00000000,FIELD CROPS,US TOTAL,NATIONAL,,NOT SPECIFIED,"SPRING, DURUM",BU,US TOTAL,,,,,ALL PRODUCTION PRACTICES,9000,,,,99,"145,863,000",1982,ALL UTILIZATION PRACTICES,,US,TOTAL,,YEAR,SURVEY,PRODUCTION,UNITED STATES,00,CROPS,"WHEAT, SPRING, DURUM - PRODUCTION, MEASURED IN BU"
2012-01-01 00:00:00.000,00,,,ANNUAL,WHEAT,00000000,FIELD CROPS,US TOTAL,NATIONAL,,NOT SPECIFIED,"SPRING, RED, HARD",BU,US TOTAL,,,,,ALL PRODUCTION PRACTICES,9000,,,,99,"492,673,000",1982,ALL UTILIZATION PRACTICES,,US,TOTAL,,YEAR,SURVEY,PRODUCTION,UNITED STATES,00,CROPS,"WHEAT, SPRING, RED, HARD - PRODUCTION, MEASURED IN BU"
2012-01-01 00:00:00.000,00,,,ANNUAL,WHEAT,00000000,FIELD CROPS,US TOTAL,NATIONAL,,NOT SPECIFIED,"SPRING, WHITE",BU,US TOTAL,,,,,ALL PRODUCTION PRACTICES,9000,,,,99,"52,871,000",1982,ALL UTILIZATION PRACTICES,,US,TOTAL,,YEAR,SURVEY,PRODUCTION,UNITED STATES,00,CROPS,"WHEAT, SPRING, WHITE - PRODUCTION, MEASURED IN BU"
2012-01-01 00:00:00.000,00,,,ANNUAL,WHEAT,00000000,FIELD CROPS,US TOTAL,NATIONAL,,NOT SPECIFIED,WINTER,BU,US TOTAL,,,,,ALL PRODUCTION PRACTICES,9000,,,,99,"2,073,560,000",1982,ALL UTILIZATION PRACTICES,,US,TOTAL,,YEAR,SURVEY,PRODUCTION,UNITED STATES,00,CROPS,"WHEAT, WINTER - PRODUCTION, MEASURED IN BU"
2012-01-01 00:00:00.000,00,,,ANNUAL,WHEAT,00000000,FIELD CROPS,US TOTAL,NATIONAL,,NOT SPECIFIED,"WINTER, RED, HARD",BU,US TOTAL,,,,,ALL PRODUCTION PRACTICES,9000,,,,99,"1,243,598,000",1982,ALL UTILIZATION PRACTICES,,US,TOTAL,,YEAR,SURVEY,PRODUCTION,UNITED STATES,00,CROPS,"WHEAT, WINTER, RED, HARD - PRODUCTION, MEASURED IN BU"
2012-01-01 00:00:00.000,00,,,ANNUAL,WHEAT,00000000,FIELD CROPS,US TOTAL,NATIONAL,,NOT SPECIFIED,"WINTER, RED, SOFT",BU,US TOTAL,,,,,ALL PRODUCTION PRACTICES,9000,,,,99,"588,869,000",1982,ALL UTILIZATION PRACTICES,,US,TOTAL,,YEAR,SURVEY,PRODUCTION,UNITED STATES,00,CROPS,"WHEAT, WINTER, RED, SOFT - PRODUCTION, MEASURED IN BU"
2012-01-01 00:00:00.000,00,,,ANNUAL,WHEAT,00000000,FIELD CROPS,US TOTAL,NATIONAL,,NOT SPECIFIED,"WINTER, WHITE",BU,US TOTAL,,,,,ALL PRODUCTION PRACTICES,9000,,,,99,"241,093,000",1982,ALL UTILIZATION PRACTICES,,US,TOTAL,,YEAR,SURVEY,PRODUCTION,UNITED STATES,00,CROPS,"WHEAT, WINTER, WHITE - PRODUCTION, MEASURED IN BU"
2012-01-01 00:00:00.000,00,,,ANNUAL,WHEAT,00000000,FIELD CROPS,US TOTAL,NATIONAL,,NOT SPECIFIED,ALL CLASSES,BU,US TOTAL,,,,,ALL PRODUCTION PRACTICES,9000,,,,99,"2,419,824,000",1983,ALL UTILIZATION PRACTICES,,US,TOTAL,,YEAR,SURVEY,PRODUCTION,UNITED STATES,00,CROPS,"WHEAT - PRODUCTION, MEASURED IN BU"
2012-01-01 00:00:00.000,00,,,ANNUAL,WHEAT,00000000,FIELD CROPS,US TOTAL,NATIONAL,,NOT SPECIFIED,"SPRING, (EXCL DURUM)",BU,US TOTAL,,,,,ALL PRODUCTION PRACTICES,9000,,,,99,"358,541,000",1983,ALL UTILIZATION PRACTICES,,US,TOTAL,,YEAR,SURVEY,PRODUCTION,UNITED STATES,00,CROPS,"WHEAT, SPRING, (EXCL DURUM) - PRODUCTION, MEASURED IN BU"
2012-01-01 00:00:00.000,00,,,ANNUAL,WHEAT,00000000,FIELD CROPS,US TOTAL,NATIONAL,,NOT SPECIFIED,"SPRING, DURUM",BU,US TOTAL,,,,,ALL PRODUCTION PRACTICES,9000,,,,99,"72,979,000",1983,ALL UTILIZATION PRACTICES,,US,TOTAL,,YEAR,SURVEY,PRODUCTION,UNITED STATES,00,CROPS,"WHEAT, SPRING, DURUM - PRODUCTION, MEASURED IN BU"
2012-01-01 00:00:00.000,00,,,ANNUAL,WHEAT,00000000,FIELD CROPS,US TOTAL,NATIONAL,,NOT SPECIFIED,"SPRING, RED, HARD",BU,US TOTAL,,,,,ALL PRODUCTION PRACTICES,9000,,,,99,"322,728,000",1983,ALL UTILIZATION PRACTICES,,US,TOTAL,,YEAR,SURVEY,PRODUCTION,UNITED STATES,00,CROPS,"WHEAT, SPRING, RED, HARD - PRODUCTION, MEASURED IN BU"
2012-01-01 00:00:00.000,00,,,ANNUAL,WHEAT,00000000,FIELD CROPS,US TOTAL,NATIONAL,,NOT SPECIFIED,"SPRING, WHITE",BU,US TOTAL,,,,,ALL PRODUCTION PRACTICES,9000,,,,99,"35,813,000",1983,ALL UTILIZATION PRACTICES,,US,TOTAL,,YEAR,SURVEY,PRODUCTION,UNITED STATES,00,CROPS,"WHEAT, SPRING, WHITE - PRODUCTION, MEASURED IN BU"
2012-01-01 00:00:00.000,00,,,ANNUAL,WHEAT,00000000,FIELD CROPS,US TOTAL,NATIONAL,,NOT SPECIFIED,WINTER,BU,US TOTAL,,,,,ALL PRODUCTION PRACTICES,9000,,,,99,"1,988,304,000",1983,ALL UTILIZATION PRACTICES,,US,TOTAL,,YEAR,SURVEY,PRODUCTION,UNITED STATES,00,CROPS,"WHEAT, WINTER - PRODUCTION, MEASURED IN BU"
2012-01-01 00:00:00.000,00,,,ANNUAL,WHEAT,00000000,FIELD CROPS,US TOTAL,NATIONAL,,NOT SPECIFIED,"WINTER, RED, HARD",BU,US TOTAL,,,,,ALL PRODUCTION PRACTICES,9000,,,,99,"1,197,893,000",1983,ALL UTILIZATION PRACTICES,,US,TOTAL,,YEAR,SURVEY,PRODUCTION,UNITED STATES,00,CROPS,"WHEAT, WINTER, RED, HARD - PRODUCTION, MEASURED IN BU"
2012-01-01 00:00:00.000,00,,,ANNUAL,WHEAT,00000000,FIELD CROPS,US TOTAL,NATIONAL,,NOT SPECIFIED,"WINTER, RED, SOFT",BU,US TOTAL,,,,,ALL PRODUCTION PRACTICES,9000,,,,99,"504,175,000",1983,ALL UTILIZATION PRACTICES,,US,TOTAL,,YEAR,SURVEY,PRODUCTION,UNITED STATES,00,CROPS,"WHEAT, WINTER, RED, SOFT - PRODUCTION, MEASURED IN BU"
2012-01-01 00:00:00.000,00,,,ANNUAL,WHEAT,00000000,FIELD CROPS,US TOTAL,NATIONAL,,NOT SPECIFIED,"WINTER, WHITE",BU,US TOTAL,,,,,ALL PRODUCTION PRACTICES,9000,,,,99,"286,236,000",1983,ALL UTILIZATION PRACTICES,,US,TOTAL,,YEAR,SURVEY,PRODUCTION,UNITED STATES,00,CROPS,"WHEAT, WINTER, WHITE - PRODUCTION, MEASURED IN BU"
2012-01-01 00:00:00.000,00,,,ANNUAL,WHEAT,00000000,FIELD CROPS,US TOTAL,NATIONAL,,NOT SPECIFIED,ALL CLASSES,BU,US TOTAL,,,,,ALL PRODUCTION PRACTICES,9000,,,,99,"2,594,777,000",1984,ALL UTILIZATION PRACTICES,,US,TOTAL,,YEAR,SURVEY,PRODUCTION,UNITED STATES,00,CROPS,"WHEAT - PRODUCTION, MEASURED IN BU"
2012-01-01 00:00:00.000,00,,,ANNUAL,WHEAT,00000000,FIELD CROPS,US TOTAL,NATIONAL,,NOT SPECIFIED,"SPRING, (EXCL DURUM)",BU,US TOTAL,,,,,ALL PRODUCTION PRACTICES,9000,,,,99,"431,072,000",1984,ALL UTILIZATION PRACTICES,,US,TOTAL,,YEAR,SURVEY,PRODUCTION,UNITED STATES,00,CROPS,"WHEAT, SPRING, (EXCL DURUM) - PRODUCTION, MEASURED IN BU"
2012-01-01 00:00:00.000,00,,,ANNUAL,WHEAT,00000000,FIELD CROPS,US TOTAL,NATIONAL,,NOT SPECIFIED,"SPRING, DURUM",BU,US TOTAL,,,,,ALL PRODUCTION PRACTICES,9000,,,,99,"103,439,000",1984,ALL UTILIZATION PRACTICES,,US,TOTAL,,YEAR,SURVEY,PRODUCTION,UNITED STATES,00,CROPS,"WHEAT, SPRING, DURUM - PRODUCTION, MEASURED IN BU"
2012-01-01 00:00:00.000,00,,,ANNUAL,WHEAT,00000000,FIELD CROPS,US TOTAL,NATIONAL,,NOT SPECIFIED,"SPRING, RED, HARD",BU,US TOTAL,,,,,ALL PRODUCTION PRACTICES,9000,,,,99,"408,801,000",1984,ALL UTILIZATION PRACTICES,,US,TOTAL,,YEAR,SURVEY,PRODUCTION,UNITED STATES,00,CROPS,"WHEAT, SPRING, RED, HARD - PRODUCTION, MEASURED IN BU"
2012-01-01 00:00:00.000,00,,,ANNUAL,WHEAT,00000000,FIELD CROPS,US TOTAL,NATIONAL,,NOT SPECIFIED,"SPRING, WHITE",BU,US TOTAL,,,,,ALL PRODUCTION PRACTICES,9000,,,,99,"22,271,000",1984,ALL UTILIZATION PRACTICES,,US,TOTAL,,YEAR,SURVEY,PRODUCTION,UNITED STATES,00,CROPS,"WHEAT, SPRING, WHITE - PRODUCTION, MEASURED IN BU"
2012-01-01 00:00:00.000,00,,,ANNUAL,WHEAT,00000000,FIELD CROPS,US TOTAL,NATIONAL,,NOT SPECIFIED,WINTER,BU,US TOTAL,,,,,ALL PRODUCTION PRACTICES,9000,,,,99,"2,060,266,000",1984,ALL UTILIZATION PRACTICES,,US,TOTAL,,YEAR,SURVEY,PRODUCTION,UNITED STATES,00,CROPS,"WHEAT, WINTER - PRODUCTION, MEASURED IN BU"
2012-01-01 00:00:00.000,00,,,ANNUAL,WHEAT,00000000,FIELD CROPS,US TOTAL,NATIONAL,,NOT SPECIFIED,"WINTER, RED, HARD",BU,US TOTAL,,,,,ALL PRODUCTION PRACTICES,9000,,,,99,"1,250,597,000",1984,ALL UTILIZATION PRACTICES,,US,TOTAL,,YEAR,SURVEY,PRODUCTION,UNITED STATES,00,CROPS,"WHEAT, WINTER, RED, HARD - PRODUCTION, MEASURED IN BU"
2012-01-01 00:00:00.000,00,,,ANNUAL,WHEAT,00000000,FIELD CROPS,US TOTAL,NATIONAL,,NOT SPECIFIED,"WINTER, RED, SOFT",BU,US TOTAL,,,,,ALL PRODUCTION PRACTICES,9000,,,,99,"531,370,000",1984,ALL UTILIZATION PRACTICES,,US,TOTAL,,YEAR,SURVEY,PRODUCTION,UNITED STATES,00,CROPS,"WHEAT, WINTER, RED, SOFT - PRODUCTION, MEASURED IN BU"
2012-01-01 00:00:00.000,00,,,ANNUAL,WHEAT,00000000,FIELD CROPS,US TOTAL,NATIONAL,,NOT SPECIFIED,"WINTER, WHITE",BU,US TOTAL,,,,,ALL PRODUCTION PRACTICES,9000,,,,99,"278,299,000",1984,ALL UTILIZATION PRACTICES,,US,TOTAL,,YEAR,SURVEY,PRODUCTION,UNITED STATES,00,CROPS,"WHEAT, WINTER, WHITE - PRODUCTION, MEASURED IN BU"
2012-01-01 00:00:00.000,00,,,ANNUAL,WHEAT,00000000,FIELD CROPS,US TOTAL,NATIONAL,,NOT SPECIFIED,ALL CLASSES,BU,US TOTAL,,,,,ALL PRODUCTION PRACTICES,9000,,,,99,"2,424,115,000",1985,ALL UTILIZATION PRACTICES,,US,TOTAL,,YEAR,SURVEY,PRODUCTION,UNITED STATES,00,CROPS,"WHEAT - PRODUCTION, MEASURED IN BU"
2012-01-01 00:00:00.000,00,,,ANNUAL,WHEAT,00000000,FIELD CROPS,US TOTAL,NATIONAL,,NOT SPECIFIED,"SPRING, (EXCL DURUM)",BU,US TOTAL,,,,,ALL PRODUCTION PRACTICES,9000,,,,99,"484,980,000",1985,ALL UTILIZATION PRACTICES,,US,TOTAL,,YEAR,SURVEY,PRODUCTION,UNITED STATES,00,CROPS,"WHEAT, SPRING, (EXCL DURUM) - PRODUCTION, MEASURED IN BU"
2012-01-01 00:00:00.000,00,,,ANNUAL,WHEAT,00000000,FIELD CROPS,US TOTAL,NATIONAL,,NOT SPECIFIED,"SPRING, DURUM",BU,US TOTAL,,,,,ALL PRODUCTION PRACTICES,9000,,,,99,"112,510,000",1985,ALL UTILIZATION PRACTICES,,US,TOTAL,,YEAR,SURVEY,PRODUCTION,UNITED STATES,00,CROPS,"WHEAT, SPRING, DURUM - PRODUCTION, MEASURED IN BU"
2012-01-01 00:00:00.000,00,,,ANNUAL,WHEAT,00000000,FIELD CROPS,US TOTAL,NATIONAL,,NOT SPECIFIED,"SPRING, RED, HARD",BU,US TOTAL,,,,,ALL PRODUCTION PRACTICES,9000,,,,99,"460,205,000",1985,ALL UTILIZATION PRACTICES,,US,TOTAL,,YEAR,SURVEY,PRODUCTION,UNITED STATES,00,CROPS,"WHEAT, SPRING, RED, HARD - PRODUCTION, MEASURED IN BU"
2012-01-01 00:00:00.000,00,,,ANNUAL,WHEAT,00000000,FIELD CROPS,US TOTAL,NATIONAL,,NOT SPECIFIED,"SPRING, WHITE",BU,US TOTAL,,,,,ALL PRODUCTION PRACTICES,9000,,,,99,"24,775,000",1985,ALL UTILIZATION PRACTICES,,US,TOTAL,,YEAR,SURVEY,PRODUCTION,UNITED STATES,00,CROPS,"WHEAT, SPRING, WHITE - PRODUCTION, MEASURED IN BU"
2012-01-01 00:00:00.000,00,,,ANNUAL,WHEAT,00000000,FIELD CROPS,US TOTAL,NATIONAL,,NOT SPECIFIED,WINTER,BU,US TOTAL,,,,,ALL PRODUCTION PRACTICES,9000,,,,99,"1,826,625,000",1985,ALL UTILIZATION PRACTICES,,US,TOTAL,,YEAR,SURVEY,PRODUCTION,UNITED STATES,00,CROPS,"WHEAT, WINTER - PRODUCTION, MEASURED IN BU"
2012-01-01 00:00:00.000,00,,,ANNUAL,WHEAT,00000000,FIELD CROPS,US TOTAL,NATIONAL,,NOT SPECIFIED,"WINTER, RED, HARD",BU,US TOTAL,,,,,ALL PRODUCTION PRACTICES,9000,,,,99,"1,230,075,000",1985,ALL UTILIZATION PRACTICES,,US,TOTAL,,YEAR,SURVEY,PRODUCTION,UNITED STATES,00,CROPS,"WHEAT, WINTER, RED, HARD - PRODUCTION, MEASURED IN BU"
2012-01-01 00:00:00.000,00,,,ANNUAL,WHEAT,00000000,FIELD CROPS,US TOTAL,NATIONAL,,NOT SPECIFIED,"WINTER, RED, SOFT",BU,US TOTAL,,,,,ALL PRODUCTION PRACTICES,9000,,,,99,"367,427,000",1985,ALL UTILIZATION PRACTICES,,US,TOTAL,,YEAR,SURVEY,PRODUCTION,UNITED STATES,00,CROPS,"WHEAT, WINTER, RED, SOFT - PRODUCTION, MEASURED IN BU"
2012-01-01 00:00:00.000,00,,,ANNUAL,WHEAT,00000000,FIELD CROPS,US TOTAL,NATIONAL,,NOT SPECIFIED,"WINTER, WHITE",BU,US TOTAL,,,,,ALL PRODUCTION PRACTICES,9000,,,,99,"229,123,000",1985,ALL UTILIZATION PRACTICES,,US,TOTAL,,YEAR,SURVEY,PRODUCTION,UNITED STATES,00,CROPS,"WHEAT, WINTER, WHITE - PRODUCTION, MEASURED IN BU"
2012-01-01 00:00:00.000,00,,,ANNUAL,WHEAT,00000000,FIELD CROPS,US TOTAL,NATIONAL,,NOT SPECIFIED,ALL CLASSES,BU,US TOTAL,,,,,ALL PRODUCTION PRACTICES,9000,,,,99,"2,090,570,000",1986,ALL UTILIZATION PRACTICES,,US,TOTAL,,YEAR,SURVEY,PRODUCTION,UNITED STATES,00,CROPS,"WHEAT - PRODUCTION, MEASURED IN BU"
2012-01-01 00:00:00.000,00,,,ANNUAL,WHEAT,00000000,FIELD CROPS,US TOTAL,NATIONAL,,NOT SPECIFIED,"SPRING, (EXCL DURUM)",BU,US TOTAL,,,,,ALL PRODUCTION PRACTICES,9000,,,,99,"472,230,000",1986,ALL UTILIZATION PRACTICES,,US,TOTAL,,YEAR,SURVEY,PRODUCTION,UNITED STATES,00,CROPS,"WHEAT, SPRING, (EXCL DURUM) - PRODUCTION, MEASURED IN BU"
2012-01-01 00:00:00.000,00,,,ANNUAL,WHEAT,00000000,FIELD CROPS,US TOTAL,NATIONAL,,NOT SPECIFIED,"SPRING, DURUM",BU,US TOTAL,,,,,ALL PRODUCTION PRACTICES,9000,,,,99,"97,907,000",1986,ALL UTILIZATION PRACTICES,,US,TOTAL,,YEAR,SURVEY,PRODUCTION,UNITED STATES,00,CROPS,"WHEAT, SPRING, DURUM - PRODUCTION, MEASURED IN BU"
2012-01-01 00:00:00.000,00,,,ANNUAL,WHEAT,00000000,FIELD CROPS,US TOTAL,NATIONAL,,NOT SPECIFIED,"SPRING, RED, HARD",BU,US TOTAL,,,,,ALL PRODUCTION PRACTICES,9000,,,,99,"451,417,000",1986,ALL UTILIZATION PRACTICES,,US,TOTAL,,YEAR,SURVEY,PRODUCTION,UNITED STATES,00,CROPS,"WHEAT, SPRING, RED, HARD - PRODUCTION, MEASURED IN BU"
2012-01-01 00:00:00.000,00,,,ANNUAL,WHEAT,00000000,FIELD CROPS,US TOTAL,NATIONAL,,NOT SPECIFIED,"SPRING, WHITE",BU,US TOTAL,,,,,ALL PRODUCTION PRACTICES,9000,,,,99,"20,813,000",1986,ALL UTILIZATION PRACTICES,,US,TOTAL,,YEAR,SURVEY,PRODUCTION,UNITED STATES,00,CROPS,"WHEAT, SPRING, WHITE - PRODUCTION, MEASURED IN BU"
2012-01-01 00:00:00.000,00,,,ANNUAL,WHEAT,00000000,FIELD CROPS,US TOTAL,NATIONAL,,NOT SPECIFIED,WINTER,BU,US TOTAL,,,,,ALL PRODUCTION PRACTICES,9000,,,,99,"1,520,433,000",1986,ALL UTILIZATION PRACTICES,,US,TOTAL,,YEAR,SURVEY,PRODUCTION,UNITED STATES,00,CROPS,"WHEAT, WINTER - PRODUCTION, MEASURED IN BU"
2012-01-01 00:00:00.000,00,,,ANNUAL,WHEAT,00000000,FIELD CROPS,US TOTAL,NATIONAL,,NOT SPECIFIED,"WINTER, RED, HARD",BU,US TOTAL,,,,,ALL PRODUCTION PRACTICES,9000,,,,99,"1,017,231,000",1986,ALL UTILIZATION PRACTICES,,US,TOTAL,,YEAR,SURVEY,PRODUCTION,UNITED STATES,00,CROPS,"WHEAT, WINTER, RED, HARD - PRODUCTION, MEASURED IN BU"
2012-01-01 00:00:00.000,00,,,ANNUAL,WHEAT,00000000,FIELD CROPS,US TOTAL,NATIONAL,,NOT SPECIFIED,"WINTER, RED, SOFT",BU,US TOTAL,,,,,ALL PRODUCTION PRACTICES,9000,,,,99,"291,985,000",1986,ALL UTILIZATION PRACTICES,,US,TOTAL,,YEAR,SURVEY,PRODUCTION,UNITED STATES,00,CROPS,"WHEAT, WINTER, RED, SOFT - PRODUCTION, MEASURED IN BU"
2012-01-01 00:00:00.000,00,,,ANNUAL,WHEAT,00000000,FIELD CROPS,US TOTAL,NATIONAL,,NOT SPECIFIED,"WINTER, WHITE",BU,US TOTAL,,,,,ALL PRODUCTION PRACTICES,9000,,,,99,"211,217,000",1986,ALL UTILIZATION PRACTICES,,US,TOTAL,,YEAR,SURVEY,PRODUCTION,UNITED STATES,00,CROPS,"WHEAT, WINTER, WHITE - PRODUCTION, MEASURED IN BU"
2012-01-01 00:00:00.000,00,,,ANNUAL,WHEAT,00000000,FIELD CROPS,US TOTAL,NATIONAL,,NOT SPECIFIED,ALL CLASSES,BU,US TOTAL,,,,,ALL PRODUCTION PRACTICES,9000,,,,99,"2,107,685,000",1987,ALL UTILIZATION PRACTICES,,US,TOTAL,,YEAR,SURVEY,PRODUCTION,UNITED STATES,00,CROPS,"WHEAT - PRODUCTION, MEASURED IN BU"
2012-01-01 00:00:00.000,00,,,ANNUAL,WHEAT,00000000,FIELD CROPS,US TOTAL,NATIONAL,,NOT SPECIFIED,"SPRING, (EXCL DURUM)",BU,US TOTAL,,,,,ALL PRODUCTION PRACTICES,9000,,,,99,"449,687,000",1987,ALL UTILIZATION PRACTICES,,US,TOTAL,,YEAR,SURVEY,PRODUCTION,UNITED STATES,00,CROPS,"WHEAT, SPRING, (EXCL DURUM) - PRODUCTION, MEASURED IN BU"
2012-01-01 00:00:00.000,00,,,ANNUAL,WHEAT,00000000,FIELD CROPS,US TOTAL,NATIONAL,,NOT SPECIFIED,"SPRING, DURUM",BU,US TOTAL,,,,,ALL PRODUCTION PRACTICES,9000,,,,99,"92,617,000",1987,ALL UTILIZATION PRACTICES,,US,TOTAL,,YEAR,SURVEY,PRODUCTION,UNITED STATES,00,CROPS,"WHEAT, SPRING, DURUM - PRODUCTION, MEASURED IN BU"
2012-01-01 00:00:00.000,00,,,ANNUAL,WHEAT,00000000,FIELD CROPS,US TOTAL,NATIONAL,,NOT SPECIFIED,"SPRING, RED, HARD",BU,US TOTAL,,,,,ALL PRODUCTION PRACTICES,9000,,,,99,"430,578,000",1987,ALL UTILIZATION PRACTICES,,US,TOTAL,,YEAR,SURVEY,PRODUCTION,UNITED STATES,00,CROPS,"WHEAT, SPRING, RED, HARD - PRODUCTION, MEASURED IN BU"
2012-01-01 00:00:00.000,00,,,ANNUAL,WHEAT,00000000,FIELD CROPS,US TOTAL,NATIONAL,,NOT SPECIFIED,"SPRING, WHITE",BU,US TOTAL,,,,,ALL PRODUCTION PRACTICES,9000,,,,99,"19,109,000",1987,ALL UTILIZATION PRACTICES,,US,TOTAL,,YEAR,SURVEY,PRODUCTION,UNITED STATES,00,CROPS,"WHEAT, SPRING, WHITE - PRODUCTION, MEASURED IN BU"
2012-01-01 00:00:00.000,00,,,ANNUAL,WHEAT,00000000,FIELD CROPS,US TOTAL,NATIONAL,,NOT SPECIFIED,WINTER,BU,US TOTAL,,,,,ALL PRODUCTION PRACTICES,9000,,,,99,"1,565,381,000",1987,ALL UTILIZATION PRACTICES,,US,TOTAL,,YEAR,SURVEY,PRODUCTION,UNITED STATES,00,CROPS,"WHEAT, WINTER - PRODUCTION, MEASURED IN BU"
2012-01-01 00:00:00.000,00,,,ANNUAL,WHEAT,00000000,FIELD CROPS,US TOTAL,NATIONAL,,NOT SPECIFIED,"WINTER, RED, HARD",BU,US TOTAL,,,,,ALL PRODUCTION PRACTICES,9000,,,,99,"1,019,204,000",1987,ALL UTILIZATION PRACTICES,,US,TOTAL,,YEAR,SURVEY,PRODUCTION,UNITED STATES,00,CROPS,"WHEAT, WINTER, RED, HARD - PRODUCTION, MEASURED IN BU"
2012-01-01 00:00:00.000,00,,,ANNUAL,WHEAT,00000000,FIELD CROPS,US TOTAL,NATIONAL,,NOT SPECIFIED,"WINTER, RED, SOFT",BU,US TOTAL,,,,,ALL PRODUCTION PRACTICES,9000,,,,99,"349,453,000",1987,ALL UTILIZATION PRACTICES,,US,TOTAL,,YEAR,SURVEY,PRODUCTION,UNITED STATES,00,CROPS,"WHEAT, WINTER, RED, SOFT - PRODUCTION, MEASURED IN BU"
2012-01-01 00:00:00.000,00,,,ANNUAL,WHEAT,00000000,FIELD CROPS,US TOTAL,NATIONAL,,NOT SPECIFIED,"WINTER, WHITE",BU,US TOTAL,,,,,ALL PRODUCTION PRACTICES,9000,,,,99,"196,724,000",1987,ALL UTILIZATION PRACTICES,,US,TOTAL,,YEAR,SURVEY,PRODUCTION,UNITED STATES,00,CROPS,"WHEAT, WINTER, WHITE - PRODUCTION, MEASURED IN BU"
2012-01-01 00:00:00.000,00,,,ANNUAL,WHEAT,00000000,FIELD CROPS,US TOTAL,NATIONAL,,NOT SPECIFIED,ALL CLASSES,BU,US TOTAL,,,,,ALL PRODUCTION PRACTICES,9000,,,,99,"1,812,201,000",1988,ALL UTILIZATION PRACTICES,,US,TOTAL,,YEAR,SURVEY,PRODUCTION,UNITED STATES,00,CROPS,"WHEAT - PRODUCTION, MEASURED IN BU"
2012-01-01 00:00:00.000,00,,,ANNUAL,WHEAT,00000000,FIELD CROPS,US TOTAL,NATIONAL,,NOT SPECIFIED,"SPRING, (EXCL DURUM)",BU,US TOTAL,,,,,ALL PRODUCTION PRACTICES,9000,,,,99,"205,460,000",1988,ALL UTILIZATION PRACTICES,,US,TOTAL,,YEAR,SURVEY,PRODUCTION,UNITED STATES,00,CROPS,"WHEAT, SPRING, (EXCL DURUM) - PRODUCTION, MEASURED IN BU"
2012-01-01 00:00:00.000,00,,,ANNUAL,WHEAT,00000000,FIELD CROPS,US TOTAL,NATIONAL,,NOT SPECIFIED,"SPRING, DURUM",BU,US TOTAL,,,,,ALL PRODUCTION PRACTICES,9000,,,,99,"44,831,000",1988,ALL UTILIZATION PRACTICES,,US,TOTAL,,YEAR,SURVEY,PRODUCTION,UNITED STATES,00,CROPS,"WHEAT, SPRING, DURUM - PRODUCTION, MEASURED IN BU"
2012-01-01 00:00:00.000,00,,,ANNUAL,WHEAT,00000000,FIELD CROPS,US TOTAL,NATIONAL,,NOT SPECIFIED,"SPRING, RED, HARD",BU,US TOTAL,,,,,ALL PRODUCTION PRACTICES,9000,,,,99,"181,202,000",1988,ALL UTILIZATION PRACTICES,,US,TOTAL,,YEAR,SURVEY,PRODUCTION,UNITED STATES,00,CROPS,"WHEAT, SPRING, RED, HARD - PRODUCTION, MEASURED IN BU"
2012-01-01 00:00:00.000,00,,,ANNUAL,WHEAT,00000000,FIELD CROPS,US TOTAL,NATIONAL,,NOT SPECIFIED,"SPRING, WHITE",BU,US TOTAL,,,,,ALL PRODUCTION PRACTICES,9000,,,,99,"24,258,000",1988,ALL UTILIZATION PRACTICES,,US,TOTAL,,YEAR,SURVEY,PRODUCTION,UNITED STATES,00,CROPS,"WHEAT, SPRING, WHITE - PRODUCTION, MEASURED IN BU"
2012-01-01 00:00:00.000,00,,,ANNUAL,WHEAT,00000000,FIELD CROPS,US TOTAL,NATIONAL,,NOT SPECIFIED,WINTER,BU,US TOTAL,,,,,ALL PRODUCTION PRACTICES,9000,,,,99,"1,561,910,000",1988,ALL UTILIZATION PRACTICES,,US,TOTAL,,YEAR,SURVEY,PRODUCTION,UNITED STATES,00,CROPS,"WHEAT, WINTER - PRODUCTION, MEASURED IN BU"
2012-01-01 00:00:00.000,00,,,ANNUAL,WHEAT,00000000,FIELD CROPS,US TOTAL,NATIONAL,,NOT SPECIFIED,"WINTER, RED, HARD",BU,US TOTAL,,,,,ALL PRODUCTION PRACTICES,9000,,,,99,"881,883,000",1988,ALL UTILIZATION PRACTICES,,US,TOTAL,,YEAR,SURVEY,PRODUCTION,UNITED STATES,00,CROPS,"WHEAT, WINTER, RED, HARD - PRODUCTION, MEASURED IN BU"
2012-01-01 00:00:00.000,00,,,ANNUAL,WHEAT,00000000,FIELD CROPS,US TOTAL,NATIONAL,,NOT SPECIFIED,"WINTER, RED, SOFT",BU,US TOTAL,,,,,ALL PRODUCTION PRACTICES,9000,,,,99,"472,662,000",1988,ALL UTILIZATION PRACTICES,,US,TOTAL,,YEAR,SURVEY,PRODUCTION,UNITED STATES,00,CROPS,"WHEAT, WINTER, RED, SOFT - PRODUCTION, MEASURED IN BU"
2012-01-01 00:00:00.000,00,,,ANNUAL,WHEAT,00000000,FIELD CROPS,US TOTAL,NATIONAL,,NOT SPECIFIED,"WINTER, WHITE",BU,US TOTAL,,,,,ALL PRODUCTION PRACTICES,9000,,,,99,"207,365,000",1988,ALL UTILIZATION PRACTICES,,US,TOTAL,,YEAR,SURVEY,PRODUCTION,UNITED STATES,00,CROPS,"WHEAT, WINTER, WHITE - PRODUCTION, MEASURED IN BU"
2012-01-01 00:00:00.000,00,,,ANNUAL,WHEAT,00000000,FIELD CROPS,US TOTAL,NATIONAL,,NOT SPECIFIED,ALL CLASSES,BU,US TOTAL,,,,,ALL PRODUCTION PRACTICES,9000,,,,99,"2,036,618,000",1989,ALL UTILIZATION PRACTICES,,US,TOTAL,,YEAR,SURVEY,PRODUCTION,UNITED STATES,00,CROPS,"WHEAT - PRODUCTION, MEASURED IN BU"
2012-01-01 00:00:00.000,00,,,ANNUAL,WHEAT,00000000,FIELD CROPS,US TOTAL,NATIONAL,,NOT SPECIFIED,"SPRING, (EXCL DURUM)",BU,US TOTAL,,,,,ALL PRODUCTION PRACTICES,9000,,,,99,"489,747,000",1989,ALL UTILIZATION PRACTICES,,US,TOTAL,,YEAR,SURVEY,PRODUCTION,UNITED STATES,00,CROPS,"WHEAT, SPRING, (EXCL DURUM) - PRODUCTION, MEASURED IN BU"
2012-01-01 00:00:00.000,00,,,ANNUAL,WHEAT,00000000,FIELD CROPS,US TOTAL,NATIONAL,,NOT SPECIFIED,"SPRING, DURUM",BU,US TOTAL,,,,,ALL PRODUCTION PRACTICES,9000,,,,99,"92,229,000",1989,ALL UTILIZATION PRACTICES,,US,TOTAL,,YEAR,SURVEY,PRODUCTION,UNITED STATES,00,CROPS,"WHEAT, SPRING, DURUM - PRODUCTION, MEASURED IN BU"
2012-01-01 00:00:00.000,00,,,ANNUAL,WHEAT,00000000,FIELD CROPS,US TOTAL,NATIONAL,,NOT SPECIFIED,"SPRING, RED, HARD",BU,US TOTAL,,,,,ALL PRODUCTION PRACTICES,9000,,,,99,"433,455,000",1989,ALL UTILIZATION PRACTICES,,US,TOTAL,,YEAR,SURVEY,PRODUCTION,UNITED STATES,00,CROPS,"WHEAT, SPRING, RED, HARD - PRODUCTION, MEASURED IN BU"
2012-01-01 00:00:00.000,00,,,ANNUAL,WHEAT,00000000,FIELD CROPS,US TOTAL,NATIONAL,,NOT SPECIFIED,"SPRING, WHITE",BU,US TOTAL,,,,,ALL PRODUCTION PRACTICES,9000,,,,99,"56,292,000",1989,ALL UTILIZATION PRACTICES,,US,TOTAL,,YEAR,SURVEY,PRODUCTION,UNITED STATES,00,CROPS,"WHEAT, SPRING, WHITE - PRODUCTION, MEASURED IN BU"
2012-01-01 00:00:00.000,00,,,ANNUAL,WHEAT,00000000,FIELD CROPS,US TOTAL,NATIONAL,,NOT SPECIFIED,WINTER,BU,US TOTAL,,,,,ALL PRODUCTION PRACTICES,9000,,,,99,"1,454,642,000",1989,ALL UTILIZATION PRACTICES,,US,TOTAL,,YEAR,SURVEY,PRODUCTION,UNITED STATES,00,CROPS,"WHEAT, WINTER - PRODUCTION, MEASURED IN BU"
2012-01-01 00:00:00.000,00,,,ANNUAL,WHEAT,00000000,FIELD CROPS,US TOTAL,NATIONAL,,NOT SPECIFIED,"WINTER, RED, HARD",BU,US TOTAL,,,,,ALL PRODUCTION PRACTICES,9000,,,,99,"711,040,000",1989,ALL UTILIZATION PRACTICES,,US,TOTAL,,YEAR,SURVEY,PRODUCTION,UNITED STATES,00,CROPS,"WHEAT, WINTER, RED, HARD - PRODUCTION, MEASURED IN BU"
2012-01-01 00:00:00.000,00,,,ANNUAL,WHEAT,00000000,FIELD CROPS,US TOTAL,NATIONAL,,NOT SPECIFIED,"WINTER, RED, SOFT",BU,US TOTAL,,,,,ALL PRODUCTION PRACTICES,9000,,,,99,"548,919,000",1989,ALL UTILIZATION PRACTICES,,US,TOTAL,,YEAR,SURVEY,PRODUCTION,UNITED STATES,00,CROPS,"WHEAT, WINTER, RED, SOFT - PRODUCTION, MEASURED IN BU"
2012-01-01 00:00:00.000,00,,,ANNUAL,WHEAT,00000000,FIELD CROPS,US TOTAL,NATIONAL,,NOT SPECIFIED,"WINTER, WHITE",BU,US TOTAL,,,,,ALL PRODUCTION PRACTICES,9000,,,,99,"194,683,000",1989,ALL UTILIZATION PRACTICES,,US,TOTAL,,YEAR,SURVEY,PRODUCTION,UNITED STATES,00,CROPS,"WHEAT, WINTER, WHITE - PRODUCTION, MEASURED IN BU"
2012-01-01 00:00:00.000,00,,,ANNUAL,WHEAT,00000000,FIELD CROPS,US TOTAL,NATIONAL,,NOT SPECIFIED,ALL CLASSES,BU,US TOTAL,,,,,ALL PRODUCTION PRACTICES,9000,,,,99,"2,729,778,000",1990,ALL UTILIZATION PRACTICES,,US,TOTAL,,YEAR,SURVEY,PRODUCTION,UNITED STATES,00,CROPS,"WHEAT - PRODUCTION, MEASURED IN BU"
2012-01-01 00:00:00.000,00,,,ANNUAL,WHEAT,00000000,FIELD CROPS,US TOTAL,NATIONAL,,NOT SPECIFIED,"SPRING, (EXCL DURUM)",BU,US TOTAL,,,,,ALL PRODUCTION PRACTICES,9000,,,,99,"583,124,000",1990,ALL UTILIZATION PRACTICES,,US,TOTAL,,YEAR,SURVEY,PRODUCTION,UNITED STATES,00,CROPS,"WHEAT, SPRING, (EXCL DURUM) - PRODUCTION, MEASURED IN BU"
2012-01-01 00:00:00.000,00,,,ANNUAL,WHEAT,00000000,FIELD CROPS,US TOTAL,NATIONAL,,NOT SPECIFIED,"SPRING, DURUM",BU,US TOTAL,,,,,ALL PRODUCTION PRACTICES,9000,,,,99,"122,430,000",1990,ALL UTILIZATION PRACTICES,,US,TOTAL,,YEAR,SURVEY,PRODUCTION,UNITED STATES,00,CROPS,"WHEAT, SPRING, DURUM - PRODUCTION, MEASURED IN BU"
2012-01-01 00:00:00.000,00,,,ANNUAL,WHEAT,00000000,FIELD CROPS,US TOTAL,NATIONAL,,NOT SPECIFIED,"SPRING, RED, HARD",BU,US TOTAL,,,,,ALL PRODUCTION PRACTICES,9000,,,,99,"554,678,000",1990,ALL UTILIZATION PRACTICES,,US,TOTAL,,YEAR,SURVEY,PRODUCTION,UNITED STATES,00,CROPS,"WHEAT, SPRING, RED, HARD - PRODUCTION, MEASURED IN BU"
2012-01-01 00:00:00.000,00,,,ANNUAL,WHEAT,00000000,FIELD CROPS,US TOTAL,NATIONAL,,NOT SPECIFIED,"SPRING, WHITE",BU,US TOTAL,,,,,ALL PRODUCTION PRACTICES,9000,,,,99,"28,446,000",1990,ALL UTILIZATION PRACTICES,,US,TOTAL,,YEAR,SURVEY,PRODUCTION,UNITED STATES,00,CROPS,"WHEAT, SPRING, WHITE - PRODUCTION, MEASURED IN BU"
2012-01-01 00:00:00.000,00,,,ANNUAL,WHEAT,00000000,FIELD CROPS,US TOTAL,NATIONAL,,NOT SPECIFIED,WINTER,BU,US TOTAL,,,,,ALL PRODUCTION PRACTICES,9000,,,,99,"2,024,224,000",1990,ALL UTILIZATION PRACTICES,,US,TOTAL,,YEAR,SURVEY,PRODUCTION,UNITED STATES,00,CROPS,"WHEAT, WINTER - PRODUCTION, MEASURED IN BU"
2012-01-01 00:00:00.000,00,,,ANNUAL,WHEAT,00000000,FIELD CROPS,US TOTAL,NATIONAL,,NOT SPECIFIED,"WINTER, RED, HARD",BU,US TOTAL,,,,,ALL PRODUCTION PRACTICES,9000,,,,99,"1,195,582,000",1990,ALL UTILIZATION PRACTICES,,US,TOTAL,,YEAR,SURVEY,PRODUCTION,UNITED STATES,00,CROPS,"WHEAT, WINTER, RED, HARD - PRODUCTION, MEASURED IN BU"
2012-01-01 00:00:00.000,00,,,ANNUAL,WHEAT,00000000,FIELD CROPS,US TOTAL,NATIONAL,,NOT SPECIFIED,"WINTER, RED, SOFT",BU,US TOTAL,,,,,ALL PRODUCTION PRACTICES,9000,,,,99,"543,676,000",1990,ALL UTILIZATION PRACTICES,,US,TOTAL,,YEAR,SURVEY,PRODUCTION,UNITED STATES,00,CROPS,"WHEAT, WINTER, RED, SOFT - PRODUCTION, MEASURED IN BU"
2012-01-01 00:00:00.000,00,,,ANNUAL,WHEAT,00000000,FIELD CROPS,US TOTAL,NATIONAL,,NOT SPECIFIED,"WINTER, WHITE",BU,US TOTAL,,,,,ALL PRODUCTION PRACTICES,9000,,,,99,"284,966,000",1990,ALL UTILIZATION PRACTICES,,US,TOTAL,,YEAR,SURVEY,PRODUCTION,UNITED STATES,00,CROPS,"WHEAT, WINTER, WHITE - PRODUCTION, MEASURED IN BU"
2012-01-01 00:00:00.000,00,,,ANNUAL,WHEAT,00000000,FIELD CROPS,US TOTAL,NATIONAL,,NOT SPECIFIED,ALL CLASSES,BU,US TOTAL,,,,,ALL PRODUCTION PRACTICES,9000,,,,99,"1,980,139,000",1991,ALL UTILIZATION PRACTICES,,US,TOTAL,,YEAR,SURVEY,PRODUCTION,UNITED STATES,00,CROPS,"WHEAT - PRODUCTION, MEASURED IN BU"
2012-01-01 00:00:00.000,00,,,ANNUAL,WHEAT,00000000,FIELD CROPS,US TOTAL,NATIONAL,,NOT SPECIFIED,"SPRING, (EXCL DURUM)",BU,US TOTAL,,,,,ALL PRODUCTION PRACTICES,9000,,,,99,"504,565,000",1991,ALL UTILIZATION PRACTICES,,US,TOTAL,,YEAR,SURVEY,PRODUCTION,UNITED STATES,00,CROPS,"WHEAT, SPRING, (EXCL DURUM) - PRODUCTION, MEASURED IN BU"
2012-01-01 00:00:00.000,00,,,ANNUAL,WHEAT,00000000,FIELD CROPS,US TOTAL,NATIONAL,,NOT SPECIFIED,"SPRING, DURUM",BU,US TOTAL,,,,,ALL PRODUCTION PRACTICES,9000,,,,99,"103,957,000",1991,ALL UTILIZATION PRACTICES,,US,TOTAL,,YEAR,SURVEY,PRODUCTION,UNITED STATES,00,CROPS,"WHEAT, SPRING, DURUM - PRODUCTION, MEASURED IN BU"
2012-01-01 00:00:00.000,00,,,ANNUAL,WHEAT,00000000,FIELD CROPS,US TOTAL,NATIONAL,,NOT SPECIFIED,"SPRING, RED, HARD",BU,US TOTAL,,,,,ALL PRODUCTION PRACTICES,9000,,,,99,"431,223,000",1991,ALL UTILIZATION PRACTICES,,US,TOTAL,,YEAR,SURVEY,PRODUCTION,UNITED STATES,00,CROPS,"WHEAT, SPRING, RED, HARD - PRODUCTION, MEASURED IN BU"
2012-01-01 00:00:00.000,00,,,ANNUAL,WHEAT,00000000,FIELD CROPS,US TOTAL,NATIONAL,,NOT SPECIFIED,"SPRING, WHITE",BU,US TOTAL,,,,,ALL PRODUCTION PRACTICES,9000,,,,99,"73,342,000",1991,ALL UTILIZATION PRACTICES,,US,TOTAL,,YEAR,SURVEY,PRODUCTION,UNITED STATES,00,CROPS,"WHEAT, SPRING, WHITE - PRODUCTION, MEASURED IN BU"
2012-01-01 00:00:00.000,00,,,ANNUAL,WHEAT,00000000,FIELD CROPS,US TOTAL,NATIONAL,,NOT SPECIFIED,WINTER,BU,US TOTAL,,,,,ALL PRODUCTION PRACTICES,9000,,,,99,"1,371,617,000",1991,ALL UTILIZATION PRACTICES,,US,TOTAL,,YEAR,SURVEY,PRODUCTION,UNITED STATES,00,CROPS,"WHEAT, WINTER - PRODUCTION, MEASURED IN BU"
2012-01-01 00:00:00.000,00,,,ANNUAL,WHEAT,00000000,FIELD CROPS,US TOTAL,NATIONAL,,NOT SPECIFIED,"WINTER, RED, HARD",BU,US TOTAL,,,,,ALL PRODUCTION PRACTICES,9000,,,,99,"900,791,000",1991,ALL UTILIZATION PRACTICES,,US,TOTAL,,YEAR,SURVEY,PRODUCTION,UNITED STATES,00,CROPS,"WHEAT, WINTER, RED, HARD - PRODUCTION, MEASURED IN BU"
2012-01-01 00:00:00.000,00,,,ANNUAL,WHEAT,00000000,FIELD CROPS,US TOTAL,NATIONAL,,NOT SPECIFIED,"WINTER, RED, SOFT",BU,US TOTAL,,,,,ALL PRODUCTION PRACTICES,9000,,,,99,"325,151,000",1991,ALL UTILIZATION PRACTICES,,US,TOTAL,,YEAR,SURVEY,PRODUCTION,UNITED STATES,00,CROPS,"WHEAT, WINTER, RED, SOFT - PRODUCTION, MEASURED IN BU"
2012-01-01 00:00:00.000,00,,,ANNUAL,WHEAT,00000000,FIELD CROPS,US TOTAL,NATIONAL,,NOT SPECIFIED,"WINTER, WHITE",BU,US TOTAL,,,,,ALL PRODUCTION PRACTICES,9000,,,,99,"145,675,000",1991,ALL UTILIZATION PRACTICES,,US,TOTAL,,YEAR,SURVEY,PRODUCTION,UNITED STATES,00,CROPS,"WHEAT, WINTER, WHITE - PRODUCTION, MEASURED IN BU"
2012-01-01 00:00:00.000,00,,,ANNUAL,WHEAT,00000000,FIELD CROPS,US TOTAL,NATIONAL,,NOT SPECIFIED,ALL CLASSES,BU,US TOTAL,,,,,ALL PRODUCTION PRACTICES,9000,,,,99,"2,466,798,000",1992,ALL UTILIZATION PRACTICES,,US,TOTAL,,YEAR,SURVEY,PRODUCTION,UNITED STATES,00,CROPS,"WHEAT - PRODUCTION, MEASURED IN BU"
2012-01-01 00:00:00.000,00,,,ANNUAL,WHEAT,00000000,FIELD CROPS,US TOTAL,NATIONAL,,NOT SPECIFIED,"SPRING, (EXCL DURUM)",BU,US TOTAL,,,,,ALL PRODUCTION PRACTICES,9000,,,,99,"757,608,000",1992,ALL UTILIZATION PRACTICES,,US,TOTAL,,YEAR,SURVEY,PRODUCTION,UNITED STATES,00,CROPS,"WHEAT, SPRING, (EXCL DURUM) - PRODUCTION, MEASURED IN BU"
2012-01-01 00:00:00.000,00,,,ANNUAL,WHEAT,00000000,FIELD CROPS,US TOTAL,NATIONAL,,NOT SPECIFIED,"SPRING, DURUM",BU,US TOTAL,,,,,ALL PRODUCTION PRACTICES,9000,,,,99,"99,906,000",1992,ALL UTILIZATION PRACTICES,,US,TOTAL,,YEAR,SURVEY,PRODUCTION,UNITED STATES,00,CROPS,"WHEAT, SPRING, DURUM - PRODUCTION, MEASURED IN BU"
2012-01-01 00:00:00.000,00,,,ANNUAL,WHEAT,00000000,FIELD CROPS,US TOTAL,NATIONAL,,NOT SPECIFIED,"SPRING, RED, HARD",BU,US TOTAL,,,,,ALL PRODUCTION PRACTICES,9000,,,,99,"706,710,000",1992,ALL UTILIZATION PRACTICES,,US,TOTAL,,YEAR,SURVEY,PRODUCTION,UNITED STATES,00,CROPS,"WHEAT, SPRING, RED, HARD - PRODUCTION, MEASURED IN BU"
2012-01-01 00:00:00.000,00,,,ANNUAL,WHEAT,00000000,FIELD CROPS,US TOTAL,NATIONAL,,NOT SPECIFIED,"SPRING, WHITE",BU,US TOTAL,,,,,ALL PRODUCTION PRACTICES,9000,,,,99,"50,898,000",1992,ALL UTILIZATION PRACTICES,,US,TOTAL,,YEAR,SURVEY,PRODUCTION,UNITED STATES,00,CROPS,"WHEAT, SPRING, WHITE - PRODUCTION, MEASURED IN BU"
2012-01-01 00:00:00.000,00,,,ANNUAL,WHEAT,00000000,FIELD CROPS,US TOTAL,NATIONAL,,NOT SPECIFIED,WINTER,BU,US TOTAL,,,,,ALL PRODUCTION PRACTICES,9000,,,,99,"1,609,284,000",1992,ALL UTILIZATION PRACTICES,,US,TOTAL,,YEAR,SURVEY,PRODUCTION,UNITED STATES,00,CROPS,"WHEAT, WINTER - PRODUCTION, MEASURED IN BU"
2012-01-01 00:00:00.000,00,,,ANNUAL,WHEAT,00000000,FIELD CROPS,US TOTAL,NATIONAL,,NOT SPECIFIED,"WINTER, RED, HARD",BU,US TOTAL,,,,,ALL PRODUCTION PRACTICES,9000,,,,99,"967,220,000",1992,ALL UTILIZATION PRACTICES,,US,TOTAL,,YEAR,SURVEY,PRODUCTION,UNITED STATES,00,CROPS,"WHEAT, WINTER, RED, HARD - PRODUCTION, MEASURED IN BU"
2012-01-01 00:00:00.000,00,,,ANNUAL,WHEAT,00000000,FIELD CROPS,US TOTAL,NATIONAL,,NOT SPECIFIED,"WINTER, RED, SOFT",BU,US TOTAL,,,,,ALL PRODUCTION PRACTICES,9000,,,,99,"426,655,000",1992,ALL UTILIZATION PRACTICES,,US,TOTAL,,YEAR,SURVEY,PRODUCTION,UNITED STATES,00,CROPS,"WHEAT, WINTER, RED, SOFT - PRODUCTION, MEASURED IN BU"
2012-01-01 00:00:00.000,00,,,ANNUAL,WHEAT,00000000,FIELD CROPS,US TOTAL,NATIONAL,,NOT SPECIFIED,"WINTER, WHITE",BU,US TOTAL,,,,,ALL PRODUCTION PRACTICES,9000,,,,99,"215,409,000",1992,ALL UTILIZATION PRACTICES,,US,TOTAL,,YEAR,SURVEY,PRODUCTION,UNITED STATES,00,CROPS,"WHEAT, WINTER, WHITE - PRODUCTION, MEASURED IN BU"
2012-01-01 00:00:00.000,00,,,ANNUAL,WHEAT,00000000,FIELD CROPS,US TOTAL,NATIONAL,,NOT SPECIFIED,ALL CLASSES,BU,US TOTAL,,,,,ALL PRODUCTION PRACTICES,9000,,,,99,"2,396,440,000",1993,ALL UTILIZATION PRACTICES,,US,TOTAL,,YEAR,SURVEY,PRODUCTION,UNITED STATES,00,CROPS,"WHEAT - PRODUCTION, MEASURED IN BU"
2012-01-01 00:00:00.000,00,,,ANNUAL,WHEAT,00000000,FIELD CROPS,US TOTAL,NATIONAL,,NOT SPECIFIED,"SPRING, (EXCL DURUM)",BU,US TOTAL,,,,,ALL PRODUCTION PRACTICES,9000,,,,99,"565,821,000",1993,ALL UTILIZATION PRACTICES,,US,TOTAL,,YEAR,SURVEY,PRODUCTION,UNITED STATES,00,CROPS,"WHEAT, SPRING, (EXCL DURUM) - PRODUCTION, MEASURED IN BU"
2012-01-01 00:00:00.000,00,,,ANNUAL,WHEAT,00000000,FIELD CROPS,US TOTAL,NATIONAL,,NOT SPECIFIED,"SPRING, DURUM",BU,US TOTAL,,,,,ALL PRODUCTION PRACTICES,9000,,,,99,"70,476,000",1993,ALL UTILIZATION PRACTICES,,US,TOTAL,,YEAR,SURVEY,PRODUCTION,UNITED STATES,00,CROPS,"WHEAT, SPRING, DURUM - PRODUCTION, MEASURED IN BU"
2012-01-01 00:00:00.000,00,,,ANNUAL,WHEAT,00000000,FIELD CROPS,US TOTAL,NATIONAL,,NOT SPECIFIED,"SPRING, RED, HARD",BU,US TOTAL,,,,,ALL PRODUCTION PRACTICES,9000,,,,99,"511,814,000",1993,ALL UTILIZATION PRACTICES,,US,TOTAL,,YEAR,SURVEY,PRODUCTION,UNITED STATES,00,CROPS,"WHEAT, SPRING, RED, HARD - PRODUCTION, MEASURED IN BU"
2012-01-01 00:00:00.000,00,,,ANNUAL,WHEAT,00000000,FIELD CROPS,US TOTAL,NATIONAL,,NOT SPECIFIED,"SPRING, WHITE",BU,US TOTAL,,,,,ALL PRODUCTION PRACTICES,9000,,,,99,"54,007,000",1993,ALL UTILIZATION PRACTICES,,US,TOTAL,,YEAR,SURVEY,PRODUCTION,UNITED STATES,00,CROPS,"WHEAT, SPRING, WHITE - PRODUCTION, MEASURED IN BU"
2012-01-01 00:00:00.000,00,,,ANNUAL,WHEAT,00000000,FIELD CROPS,US TOTAL,NATIONAL,,NOT SPECIFIED,WINTER,BU,US TOTAL,,,,,ALL PRODUCTION PRACTICES,9000,,,,99,"1,760,143,000",1993,ALL UTILIZATION PRACTICES,,US,TOTAL,,YEAR,SURVEY,PRODUCTION,UNITED STATES,00,CROPS,"WHEAT, WINTER - PRODUCTION, MEASURED IN BU"
2012-01-01 00:00:00.000,00,,,ANNUAL,WHEAT,00000000,FIELD CROPS,US TOTAL,NATIONAL,,NOT SPECIFIED,"WINTER, RED, HARD",BU,US TOTAL,,,,,ALL PRODUCTION PRACTICES,9000,,,,99,"1,065,941,000",1993,ALL UTILIZATION PRACTICES,,US,TOTAL,,YEAR,SURVEY,PRODUCTION,UNITED STATES,00,CROPS,"WHEAT, WINTER, RED, HARD - PRODUCTION, MEASURED IN BU"
2012-01-01 00:00:00.000,00,,,ANNUAL,WHEAT,00000000,FIELD CROPS,US TOTAL,NATIONAL,,NOT SPECIFIED,"WINTER, RED, SOFT",BU,US TOTAL,,,,,ALL PRODUCTION PRACTICES,9000,,,,99,"401,326,000",1993,ALL UTILIZATION PRACTICES,,US,TOTAL,,YEAR,SURVEY,PRODUCTION,UNITED STATES,00,CROPS,"WHEAT, WINTER, RED, SOFT - PRODUCTION, MEASURED IN BU"
2012-01-01 00:00:00.000,00,,,ANNUAL,WHEAT,00000000,FIELD CROPS,US TOTAL,NATIONAL,,NOT SPECIFIED,"WINTER, WHITE",BU,US TOTAL,,,,,ALL PRODUCTION PRACTICES,9000,,,,99,"292,876,000",1993,ALL UTILIZATION PRACTICES,,US,TOTAL,,YEAR,SURVEY,PRODUCTION,UNITED STATES,00,CROPS,"WHEAT, WINTER, WHITE - PRODUCTION, MEASURED IN BU"
2012-01-01 00:00:00.000,00,,,ANNUAL,WHEAT,00000000,FIELD CROPS,US TOTAL,NATIONAL,,NOT SPECIFIED,ALL CLASSES,BU,US TOTAL,,,,,ALL PRODUCTION PRACTICES,9000,,,,99,"2,320,981,000",1994,ALL UTILIZATION PRACTICES,,US,TOTAL,,YEAR,SURVEY,PRODUCTION,UNITED STATES,00,CROPS,"WHEAT - PRODUCTION, MEASURED IN BU"
2012-01-01 00:00:00.000,00,,,ANNUAL,WHEAT,00000000,FIELD CROPS,US TOTAL,NATIONAL,,NOT SPECIFIED,"SPRING, (EXCL DURUM)",BU,US TOTAL,,,,,ALL PRODUCTION PRACTICES,9000,,,,99,"562,291,000",1994,ALL UTILIZATION PRACTICES,,US,TOTAL,,YEAR,SURVEY,PRODUCTION,UNITED STATES,00,CROPS,"WHEAT, SPRING, (EXCL DURUM) - PRODUCTION, MEASURED IN BU"
2012-01-01 00:00:00.000,00,,,ANNUAL,WHEAT,00000000,FIELD CROPS,US TOTAL,NATIONAL,,NOT SPECIFIED,"SPRING, DURUM",BU,US TOTAL,,,,,ALL PRODUCTION PRACTICES,9000,,,,99,"96,747,000",1994,ALL UTILIZATION PRACTICES,,US,TOTAL,,YEAR,SURVEY,PRODUCTION,UNITED STATES,00,CROPS,"WHEAT, SPRING, DURUM - PRODUCTION, MEASURED IN BU"
2012-01-01 00:00:00.000,00,,,ANNUAL,WHEAT,00000000,FIELD CROPS,US TOTAL,NATIONAL,,NOT SPECIFIED,"SPRING, RED, HARD",BU,US TOTAL,,,,,ALL PRODUCTION PRACTICES,9000,,,,99,"515,315,000",1994,ALL UTILIZATION PRACTICES,,US,TOTAL,,YEAR,SURVEY,PRODUCTION,UNITED STATES,00,CROPS,"WHEAT, SPRING, RED, HARD - PRODUCTION, MEASURED IN BU"
2012-01-01 00:00:00.000,00,,,ANNUAL,WHEAT,00000000,FIELD CROPS,US TOTAL,NATIONAL,,NOT SPECIFIED,"SPRING, WHITE",BU,US TOTAL,,,,,ALL PRODUCTION PRACTICES,9000,,,,99,"46,976,000",1994,ALL UTILIZATION PRACTICES,,US,TOTAL,,YEAR,SURVEY,PRODUCTION,UNITED STATES,00,CROPS,"WHEAT, SPRING, WHITE - PRODUCTION, MEASURED IN BU"
2012-01-01 00:00:00.000,00,,,ANNUAL,WHEAT,00000000,FIELD CROPS,US TOTAL,NATIONAL,,NOT SPECIFIED,WINTER,BU,US TOTAL,,,,,ALL PRODUCTION PRACTICES,9000,,,,99,"1,661,943,000",1994,ALL UTILIZATION PRACTICES,,US,TOTAL,,YEAR,SURVEY,PRODUCTION,UNITED STATES,00,CROPS,"WHEAT, WINTER - PRODUCTION, MEASURED IN BU"
2012-01-01 00:00:00.000,00,,,ANNUAL,WHEAT,00000000,FIELD CROPS,US TOTAL,NATIONAL,,NOT SPECIFIED,"WINTER, RED, HARD",BU,US TOTAL,,,,,ALL PRODUCTION PRACTICES,9000,,,,99,"971,161,000",1994,ALL UTILIZATION PRACTICES,,US,TOTAL,,YEAR,SURVEY,PRODUCTION,UNITED STATES,00,CROPS,"WHEAT, WINTER, RED, HARD - PRODUCTION, MEASURED IN BU"
2012-01-01 00:00:00.000,00,,,ANNUAL,WHEAT,00000000,FIELD CROPS,US TOTAL,NATIONAL,,NOT SPECIFIED,"WINTER, RED, SOFT",BU,US TOTAL,,,,,ALL PRODUCTION PRACTICES,9000,,,,99,"438,204,000",1994,ALL UTILIZATION PRACTICES,,US,TOTAL,,YEAR,SURVEY,PRODUCTION,UNITED STATES,00,CROPS,"WHEAT, WINTER, RED, SOFT - PRODUCTION, MEASURED IN BU"
2012-01-01 00:00:00.000,00,,,ANNUAL,WHEAT,00000000,FIELD CROPS,US TOTAL,NATIONAL,,NOT SPECIFIED,"WINTER, WHITE",BU,US TOTAL,,,,,ALL PRODUCTION PRACTICES,9000,,,,99,"252,578,000",1994,ALL UTILIZATION PRACTICES,,US,TOTAL,,YEAR,SURVEY,PRODUCTION,UNITED STATES,00,CROPS,"WHEAT, WINTER, WHITE - PRODUCTION, MEASURED IN BU"
2012-01-01 00:00:00.000,00,,,ANNUAL,WHEAT,00000000,FIELD CROPS,US TOTAL,NATIONAL,,NOT SPECIFIED,ALL CLASSES,BU,US TOTAL,,,,,ALL PRODUCTION PRACTICES,9000,,,,99,"2,182,708,000",1995,ALL UTILIZATION PRACTICES,,US,TOTAL,,YEAR,SURVEY,PRODUCTION,UNITED STATES,00,CROPS,"WHEAT - PRODUCTION, MEASURED IN BU"
2012-01-01 00:00:00.000,00,,,ANNUAL,WHEAT,00000000,FIELD CROPS,US TOTAL,NATIONAL,,NOT SPECIFIED,"SPRING, (EXCL DURUM)",BU,US TOTAL,,,,,ALL PRODUCTION PRACTICES,9000,,,,99,"535,125,000",1995,ALL UTILIZATION PRACTICES,,US,TOTAL,,YEAR,SURVEY,PRODUCTION,UNITED STATES,00,CROPS,"WHEAT, SPRING, (EXCL DURUM) - PRODUCTION, MEASURED IN BU"
2012-01-01 00:00:00.000,00,,,ANNUAL,WHEAT,00000000,FIELD CROPS,US TOTAL,NATIONAL,,NOT SPECIFIED,"SPRING, DURUM",BU,US TOTAL,,,,,ALL PRODUCTION PRACTICES,9000,,,,99,"102,280,000",1995,ALL UTILIZATION PRACTICES,,US,TOTAL,,YEAR,SURVEY,PRODUCTION,UNITED STATES,00,CROPS,"WHEAT, SPRING, DURUM - PRODUCTION, MEASURED IN BU"
2012-01-01 00:00:00.000,00,,,ANNUAL,WHEAT,00000000,FIELD CROPS,US TOTAL,NATIONAL,,NOT SPECIFIED,"SPRING, RED, HARD",BU,US TOTAL,,,,,ALL PRODUCTION PRACTICES,9000,,,,99,"474,795,000",1995,ALL UTILIZATION PRACTICES,,US,TOTAL,,YEAR,SURVEY,PRODUCTION,UNITED STATES,00,CROPS,"WHEAT, SPRING, RED, HARD - PRODUCTION, MEASURED IN BU"
2012-01-01 00:00:00.000,00,,,ANNUAL,WHEAT,00000000,FIELD CROPS,US TOTAL,NATIONAL,,NOT SPECIFIED,"SPRING, WHITE",BU,US TOTAL,,,,,ALL PRODUCTION PRACTICES,9000,,,,99,"60,330,000",1995,ALL UTILIZATION PRACTICES,,US,TOTAL,,YEAR,SURVEY,PRODUCTION,UNITED STATES,00,CROPS,"WHEAT, SPRING, WHITE - PRODUCTION, MEASURED IN BU"
2012-01-01 00:00:00.000,00,,,ANNUAL,WHEAT,00000000,FIELD CROPS,US TOTAL,NATIONAL,,NOT SPECIFIED,WINTER,BU,US TOTAL,,,,,ALL PRODUCTION PRACTICES,9000,,,,99,"1,545,303,000",1995,ALL UTILIZATION PRACTICES,,US,TOTAL,,YEAR,SURVEY,PRODUCTION,UNITED STATES,00,CROPS,"WHEAT, WINTER - PRODUCTION, MEASURED IN BU"
2012-01-01 00:00:00.000,00,,,ANNUAL,WHEAT,00000000,FIELD CROPS,US TOTAL,NATIONAL,,NOT SPECIFIED,"WINTER, RED, HARD",BU,US TOTAL,,,,,ALL PRODUCTION PRACTICES,9000,,,,99,"825,011,000",1995,ALL UTILIZATION PRACTICES,,US,TOTAL,,YEAR,SURVEY,PRODUCTION,UNITED STATES,00,CROPS,"WHEAT, WINTER, RED, HARD - PRODUCTION, MEASURED IN BU"
2012-01-01 00:00:00.000,00,,,ANNUAL,WHEAT,00000000,FIELD CROPS,US TOTAL,NATIONAL,,NOT SPECIFIED,"WINTER, RED, SOFT",BU,US TOTAL,,,,,ALL PRODUCTION PRACTICES,9000,,,,99,"455,568,000",1995,ALL UTILIZATION PRACTICES,,US,TOTAL,,YEAR,SURVEY,PRODUCTION,UNITED STATES,00,CROPS,"WHEAT, WINTER, RED, SOFT - PRODUCTION, MEASURED IN BU"
2012-01-01 00:00:00.000,00,,,ANNUAL,WHEAT,00000000,FIELD CROPS,US TOTAL,NATIONAL,,NOT SPECIFIED,"WINTER, WHITE",BU,US TOTAL,,,,,ALL PRODUCTION PRACTICES,9000,,,,99,"264,724,000",1995,ALL UTILIZATION PRACTICES,,US,TOTAL,,YEAR,SURVEY,PRODUCTION,UNITED STATES,00,CROPS,"WHEAT, WINTER, WHITE - PRODUCTION, MEASURED IN BU"
2012-01-01 00:00:00.000,00,,,ANNUAL,WHEAT,00000000,FIELD CROPS,US TOTAL,NATIONAL,,NOT SPECIFIED,ALL CLASSES,BU,US TOTAL,,,,,ALL PRODUCTION PRACTICES,9000,,,,99,"2,277,388,000",1996,ALL UTILIZATION PRACTICES,,US,TOTAL,,YEAR,SURVEY,PRODUCTION,UNITED STATES,00,CROPS,"WHEAT - PRODUCTION, MEASURED IN BU"
2012-01-01 00:00:00.000,00,,,ANNUAL,WHEAT,00000000,FIELD CROPS,US TOTAL,NATIONAL,,NOT SPECIFIED,"SPRING, (EXCL DURUM)",BU,US TOTAL,,,,,ALL PRODUCTION PRACTICES,9000,,,,99,"691,680,000",1996,ALL UTILIZATION PRACTICES,,US,TOTAL,,YEAR,SURVEY,PRODUCTION,UNITED STATES,00,CROPS,"WHEAT, SPRING, (EXCL DURUM) - PRODUCTION, MEASURED IN BU"
2012-01-01 00:00:00.000,00,,,ANNUAL,WHEAT,00000000,FIELD CROPS,US TOTAL,NATIONAL,,NOT SPECIFIED,"SPRING, DURUM",BU,US TOTAL,,,,,ALL PRODUCTION PRACTICES,9000,,,,99,"116,090,000",1996,ALL UTILIZATION PRACTICES,,US,TOTAL,,YEAR,SURVEY,PRODUCTION,UNITED STATES,00,CROPS,"WHEAT, SPRING, DURUM - PRODUCTION, MEASURED IN BU"
2012-01-01 00:00:00.000,00,,,ANNUAL,WHEAT,00000000,FIELD CROPS,US TOTAL,NATIONAL,,NOT SPECIFIED,"SPRING, RED, HARD",BU,US TOTAL,,,,,ALL PRODUCTION PRACTICES,9000,,,,99,"630,650,000",1996,ALL UTILIZATION PRACTICES,,US,TOTAL,,YEAR,SURVEY,PRODUCTION,UNITED STATES,00,CROPS,"WHEAT, SPRING, RED, HARD - PRODUCTION, MEASURED IN BU"
2012-01-01 00:00:00.000,00,,,ANNUAL,WHEAT,00000000,FIELD CROPS,US TOTAL,NATIONAL,,NOT SPECIFIED,"SPRING, WHITE",BU,US TOTAL,,,,,ALL PRODUCTION PRACTICES,9000,,,,99,"61,030,000",1996,ALL UTILIZATION PRACTICES,,US,TOTAL,,YEAR,SURVEY,PRODUCTION,UNITED STATES,00,CROPS,"WHEAT, SPRING, WHITE - PRODUCTION, MEASURED IN BU"
2012-01-01 00:00:00.000,00,,,ANNUAL,WHEAT,00000000,FIELD CROPS,US TOTAL,NATIONAL,,NOT SPECIFIED,WINTER,BU,US TOTAL,,,,,ALL PRODUCTION PRACTICES,9000,,,,99,"1,469,618,000",1996,ALL UTILIZATION PRACTICES,,US,TOTAL,,YEAR,SURVEY,PRODUCTION,UNITED STATES,00,CROPS,"WHEAT, WINTER - PRODUCTION, MEASURED IN BU"
2012-01-01 00:00:00.000,00,,,ANNUAL,WHEAT,00000000,FIELD CROPS,US TOTAL,NATIONAL,,NOT SPECIFIED,"WINTER, RED, HARD",BU,US TOTAL,,,,,ALL PRODUCTION PRACTICES,9000,,,,99,"759,324,000",1996,ALL UTILIZATION PRACTICES,,US,TOTAL,,YEAR,SURVEY,PRODUCTION,UNITED STATES,00,CROPS,"WHEAT, WINTER, RED, HARD - PRODUCTION, MEASURED IN BU"
2012-01-01 00:00:00.000,00,,,ANNUAL,WHEAT,00000000,FIELD CROPS,US TOTAL,NATIONAL,,NOT SPECIFIED,"WINTER, RED, SOFT",BU,US TOTAL,,,,,ALL PRODUCTION PRACTICES,9000,,,,99,"419,757,000",1996,ALL UTILIZATION PRACTICES,,US,TOTAL,,YEAR,SURVEY,PRODUCTION,UNITED STATES,00,CROPS,"WHEAT, WINTER, RED, SOFT - PRODUCTION, MEASURED IN BU"
2012-01-01 00:00:00.000,00,,,ANNUAL,WHEAT,00000000,FIELD CROPS,US TOTAL,NATIONAL,,NOT SPECIFIED,"WINTER, WHITE",BU,US TOTAL,,,,,ALL PRODUCTION PRACTICES,9000,,,,99,"290,537,000",1996,ALL UTILIZATION PRACTICES,,US,TOTAL,,YEAR,SURVEY,PRODUCTION,UNITED STATES,00,CROPS,"WHEAT, WINTER, WHITE - PRODUCTION, MEASURED IN BU"
2012-01-01 00:00:00.000,00,,,ANNUAL,WHEAT,00000000,FIELD CROPS,US TOTAL,NATIONAL,,NOT SPECIFIED,ALL CLASSES,BU,US TOTAL,,,,,ALL PRODUCTION PRACTICES,9000,,,,99,"2,481,466,000",1997,ALL UTILIZATION PRACTICES,,US,TOTAL,,YEAR,SURVEY,PRODUCTION,UNITED STATES,00,CROPS,"WHEAT - PRODUCTION, MEASURED IN BU"
2012-01-01 00:00:00.000,00,,,ANNUAL,WHEAT,00000000,FIELD CROPS,US TOTAL,NATIONAL,,NOT SPECIFIED,"SPRING, (EXCL DURUM)",BU,US TOTAL,,,,,ALL PRODUCTION PRACTICES,9000,,,,99,"548,155,000",1997,ALL UTILIZATION PRACTICES,,US,TOTAL,,YEAR,SURVEY,PRODUCTION,UNITED STATES,00,CROPS,"WHEAT, SPRING, (EXCL DURUM) - PRODUCTION, MEASURED IN BU"
2012-01-01 00:00:00.000,00,,,ANNUAL,WHEAT,00000000,FIELD CROPS,US TOTAL,NATIONAL,,NOT SPECIFIED,"SPRING, DURUM",BU,US TOTAL,,,,,ALL PRODUCTION PRACTICES,9000,,,,99,"87,783,000",1997,ALL UTILIZATION PRACTICES,,US,TOTAL,,YEAR,SURVEY,PRODUCTION,UNITED STATES,00,CROPS,"WHEAT, SPRING, DURUM - PRODUCTION, MEASURED IN BU"
2012-01-01 00:00:00.000,00,,,ANNUAL,WHEAT,00000000,FIELD CROPS,US TOTAL,NATIONAL,,NOT SPECIFIED,"SPRING, RED, HARD",BU,US TOTAL,,,,,ALL PRODUCTION PRACTICES,9000,,,,99,"491,324,000",1997,ALL UTILIZATION PRACTICES,,US,TOTAL,,YEAR,SURVEY,PRODUCTION,UNITED STATES,00,CROPS,"WHEAT, SPRING, RED, HARD - PRODUCTION, MEASURED IN BU"
2012-01-01 00:00:00.000,00,,,ANNUAL,WHEAT,00000000,FIELD CROPS,US TOTAL,NATIONAL,,NOT SPECIFIED,"SPRING, WHITE",BU,US TOTAL,,,,,ALL PRODUCTION PRACTICES,9000,,,,99,"56,831,000",1997,ALL UTILIZATION PRACTICES,,US,TOTAL,,YEAR,SURVEY,PRODUCTION,UNITED STATES,00,CROPS,"WHEAT, SPRING, WHITE - PRODUCTION, MEASURED IN BU"
2012-01-01 00:00:00.000,00,,,ANNUAL,WHEAT,00000000,FIELD CROPS,US TOTAL,NATIONAL,,NOT SPECIFIED,WINTER,BU,US TOTAL,,,,,ALL PRODUCTION PRACTICES,9000,,,,99,"1,845,528,000",1997,ALL UTILIZATION PRACTICES,,US,TOTAL,,YEAR,SURVEY,PRODUCTION,UNITED STATES,00,CROPS,"WHEAT, WINTER - PRODUCTION, MEASURED IN BU"
2012-01-01 00:00:00.000,00,,,ANNUAL,WHEAT,00000000,FIELD CROPS,US TOTAL,NATIONAL,,NOT SPECIFIED,"WINTER, RED, HARD",BU,US TOTAL,,,,,ALL PRODUCTION PRACTICES,9000,,,,99,"1,098,303,000",1997,ALL UTILIZATION PRACTICES,,US,TOTAL,,YEAR,SURVEY,PRODUCTION,UNITED STATES,00,CROPS,"WHEAT, WINTER, RED, HARD - PRODUCTION, MEASURED IN BU"
2012-01-01 00:00:00.000,00,,,ANNUAL,WHEAT,00000000,FIELD CROPS,US TOTAL,NATIONAL,,NOT SPECIFIED,"WINTER, RED, SOFT",BU,US TOTAL,,,,,ALL PRODUCTION PRACTICES,9000,,,,99,"471,987,000",1997,ALL UTILIZATION PRACTICES,,US,TOTAL,,YEAR,SURVEY,PRODUCTION,UNITED STATES,00,CROPS,"WHEAT, WINTER, RED, SOFT - PRODUCTION, MEASURED IN BU"
2012-01-01 00:00:00.000,00,,,ANNUAL,WHEAT,00000000,FIELD CROPS,US TOTAL,NATIONAL,,NOT SPECIFIED,"WINTER, WHITE",BU,US TOTAL,,,,,ALL PRODUCTION PRACTICES,9000,,,,99,"275,238,000",1997,ALL UTILIZATION PRACTICES,,US,TOTAL,,YEAR,SURVEY,PRODUCTION,UNITED STATES,00,CROPS,"WHEAT, WINTER, WHITE - PRODUCTION, MEASURED IN BU"
2012-01-01 00:00:00.000,00,,,ANNUAL,WHEAT,00000000,FIELD CROPS,US TOTAL,NATIONAL,,NOT SPECIFIED,ALL CLASSES,BU,US TOTAL,,,,,ALL PRODUCTION PRACTICES,9000,,,,99,"2,547,321,000",1998,ALL UTILIZATION PRACTICES,,US,TOTAL,,YEAR,SURVEY,PRODUCTION,UNITED STATES,00,CROPS,"WHEAT - PRODUCTION, MEASURED IN BU"
2012-01-01 00:00:00.000,00,,,ANNUAL,WHEAT,00000000,FIELD CROPS,US TOTAL,NATIONAL,,NOT SPECIFIED,"SPRING, (EXCL DURUM)",BU,US TOTAL,,,,,ALL PRODUCTION PRACTICES,9000,,,,99,"528,469,000",1998,ALL UTILIZATION PRACTICES,,US,TOTAL,,YEAR,SURVEY,PRODUCTION,UNITED STATES,00,CROPS,"WHEAT, SPRING, (EXCL DURUM) - PRODUCTION, MEASURED IN BU"
2012-01-01 00:00:00.000,00,,,ANNUAL,WHEAT,00000000,FIELD CROPS,US TOTAL,NATIONAL,,NOT SPECIFIED,"SPRING, DURUM",BU,US TOTAL,,,,,ALL PRODUCTION PRACTICES,9000,,,,99,"138,119,000",1998,ALL UTILIZATION PRACTICES,,US,TOTAL,,YEAR,SURVEY,PRODUCTION,UNITED STATES,00,CROPS,"WHEAT, SPRING, DURUM - PRODUCTION, MEASURED IN BU"
2012-01-01 00:00:00.000,00,,,ANNUAL,WHEAT,00000000,FIELD CROPS,US TOTAL,NATIONAL,,NOT SPECIFIED,"SPRING, RED, HARD",BU,US TOTAL,,,,,ALL PRODUCTION PRACTICES,9000,,,,99,"486,370,000",1998,ALL UTILIZATION PRACTICES,,US,TOTAL,,YEAR,SURVEY,PRODUCTION,UNITED STATES,00,CROPS,"WHEAT, SPRING, RED, HARD - PRODUCTION, MEASURED IN BU"
2012-01-01 00:00:00.000,00,,,ANNUAL,WHEAT,00000000,FIELD CROPS,US TOTAL,NATIONAL,,NOT SPECIFIED,"SPRING, WHITE",BU,US TOTAL,,,,,ALL PRODUCTION PRACTICES,9000,,,,99,"42,099,000",1998,ALL UTILIZATION PRACTICES,,US,TOTAL,,YEAR,SURVEY,PRODUCTION,UNITED STATES,00,CROPS,"WHEAT, SPRING, WHITE - PRODUCTION, MEASURED IN BU"
2012-01-01 00:00:00.000,00,,,ANNUAL,WHEAT,00000000,FIELD CROPS,US TOTAL,NATIONAL,,NOT SPECIFIED,WINTER,BU,US TOTAL,,,,,ALL PRODUCTION PRACTICES,9000,,,,99,"1,880,733,000",1998,ALL UTILIZATION PRACTICES,,US,TOTAL,,YEAR,SURVEY,PRODUCTION,UNITED STATES,00,CROPS,"WHEAT, WINTER - PRODUCTION, MEASURED IN BU"
2012-01-01 00:00:00.000,00,,,ANNUAL,WHEAT,00000000,FIELD CROPS,US TOTAL,NATIONAL,,NOT SPECIFIED,"WINTER, RED, HARD",BU,US TOTAL,,,,,ALL PRODUCTION PRACTICES,9000,,,,99,"1,179,452,000",1998,ALL UTILIZATION PRACTICES,,US,TOTAL,,YEAR,SURVEY,PRODUCTION,UNITED STATES,00,CROPS,"WHEAT, WINTER, RED, HARD - PRODUCTION, MEASURED IN BU"
2012-01-01 00:00:00.000,00,,,ANNUAL,WHEAT,00000000,FIELD CROPS,US TOTAL,NATIONAL,,NOT SPECIFIED,"WINTER, RED, SOFT",BU,US TOTAL,,,,,ALL PRODUCTION PRACTICES,9000,,,,99,"442,677,000",1998,ALL UTILIZATION PRACTICES,,US,TOTAL,,YEAR,SURVEY,PRODUCTION,UNITED STATES,00,CROPS,"WHEAT, WINTER, RED, SOFT - PRODUCTION, MEASURED IN BU"
2012-01-01 00:00:00.000,00,,,ANNUAL,WHEAT,00000000,FIELD CROPS,US TOTAL,NATIONAL,,NOT SPECIFIED,"WINTER, WHITE",BU,US TOTAL,,,,,ALL PRODUCTION PRACTICES,9000,,,,99,"258,604,000",1998,ALL UTILIZATION PRACTICES,,US,TOTAL,,YEAR,SURVEY,PRODUCTION,UNITED STATES,00,CROPS,"WHEAT, WINTER, WHITE - PRODUCTION, MEASURED IN BU"
2012-01-01 00:00:00.000,00,,,ANNUAL,WHEAT,00000000,FIELD CROPS,US TOTAL,NATIONAL,,NOT SPECIFIED,ALL CLASSES,BU,US TOTAL,,,,,ALL PRODUCTION PRACTICES,9000,,,,99,"2,295,560,000",1999,ALL UTILIZATION PRACTICES,,US,TOTAL,,YEAR,SURVEY,PRODUCTION,UNITED STATES,00,CROPS,"WHEAT - PRODUCTION, MEASURED IN BU"
2012-01-01 00:00:00.000,00,,,ANNUAL,WHEAT,00000000,FIELD CROPS,US TOTAL,NATIONAL,,NOT SPECIFIED,"SPRING, (EXCL DURUM)",BU,US TOTAL,,,,,ALL PRODUCTION PRACTICES,9000,,,,99,"503,108,000",1999,ALL UTILIZATION PRACTICES,,US,TOTAL,,YEAR,SURVEY,PRODUCTION,UNITED STATES,00,CROPS,"WHEAT, SPRING, (EXCL DURUM) - PRODUCTION, MEASURED IN BU"
2012-01-01 00:00:00.000,00,,,ANNUAL,WHEAT,00000000,FIELD CROPS,US TOTAL,NATIONAL,,NOT SPECIFIED,"SPRING, DURUM",BU,US TOTAL,,,,,ALL PRODUCTION PRACTICES,9000,,,,99,"99,322,000",1999,ALL UTILIZATION PRACTICES,,US,TOTAL,,YEAR,SURVEY,PRODUCTION,UNITED STATES,00,CROPS,"WHEAT, SPRING, DURUM - PRODUCTION, MEASURED IN BU"
2012-01-01 00:00:00.000,00,,,ANNUAL,WHEAT,00000000,FIELD CROPS,US TOTAL,NATIONAL,,NOT SPECIFIED,"SPRING, RED, HARD",BU,US TOTAL,,,,,ALL PRODUCTION PRACTICES,9000,,,,99,"447,908,000",1999,ALL UTILIZATION PRACTICES,,US,TOTAL,,YEAR,SURVEY,PRODUCTION,UNITED STATES,00,CROPS,"WHEAT, SPRING, RED, HARD - PRODUCTION, MEASURED IN BU"
2012-01-01 00:00:00.000,00,,,ANNUAL,WHEAT,00000000,FIELD CROPS,US TOTAL,NATIONAL,,NOT SPECIFIED,"SPRING, WHITE",BU,US TOTAL,,,,,ALL PRODUCTION PRACTICES,9000,,,,99,"55,200,000",1999,ALL UTILIZATION PRACTICES,,US,TOTAL,,YEAR,SURVEY,PRODUCTION,UNITED STATES,00,CROPS,"WHEAT, SPRING, WHITE - PRODUCTION, MEASURED IN BU"
2012-01-01 00:00:00.000,00,,,ANNUAL,WHEAT,00000000,FIELD CROPS,US TOTAL,NATIONAL,,NOT SPECIFIED,WINTER,BU,US TOTAL,,,,,ALL PRODUCTION PRACTICES,9000,,,,99,"1,693,130,000",1999,ALL UTILIZATION PRACTICES,,US,TOTAL,,YEAR,SURVEY,PRODUCTION,UNITED STATES,00,CROPS,"WHEAT, WINTER - PRODUCTION, MEASURED IN BU"
2012-01-01 00:00:00.000,00,,,ANNUAL,WHEAT,00000000,FIELD CROPS,US TOTAL,NATIONAL,,NOT SPECIFIED,"WINTER, RED, HARD",BU,US TOTAL,,,,,ALL PRODUCTION PRACTICES,9000,,,,99,"1,050,643,000",1999,ALL UTILIZATION PRACTICES,,US,TOTAL,,YEAR,SURVEY,PRODUCTION,UNITED STATES,00,CROPS,"WHEAT, WINTER, RED, HARD - PRODUCTION, MEASURED IN BU"
2012-01-01 00:00:00.000,00,,,ANNUAL,WHEAT,00000000,FIELD CROPS,US TOTAL,NATIONAL,,NOT SPECIFIED,"WINTER, RED, SOFT",BU,US TOTAL,,,,,ALL PRODUCTION PRACTICES,9000,,,,99,"452,260,000",1999,ALL UTILIZATION PRACTICES,,US,TOTAL,,YEAR,SURVEY,PRODUCTION,UNITED STATES,00,CROPS,"WHEAT, WINTER, RED, SOFT - PRODUCTION, MEASURED IN BU"
2012-01-01 00:00:00.000,00,,,ANNUAL,WHEAT,00000000,FIELD CROPS,US TOTAL,NATIONAL,,NOT SPECIFIED,"WINTER, WHITE",BU,US TOTAL,,,,,ALL PRODUCTION PRACTICES,9000,,,,99,"190,227,000",1999,ALL UTILIZATION PRACTICES,,US,TOTAL,,YEAR,SURVEY,PRODUCTION,UNITED STATES,00,CROPS,"WHEAT, WINTER, WHITE - PRODUCTION, MEASURED IN BU"
2012-01-01 00:00:00.000,00,,,ANNUAL,WHEAT,00000000,FIELD CROPS,US TOTAL,NATIONAL,,NOT SPECIFIED,ALL CLASSES,BU,US TOTAL,,,,,ALL PRODUCTION PRACTICES,9000,,,,99,"2,228,160,000",2000,ALL UTILIZATION PRACTICES,,US,TOTAL,,YEAR,SURVEY,PRODUCTION,UNITED STATES,00,CROPS,"WHEAT - PRODUCTION, MEASURED IN BU"
2012-01-01 00:00:00.000,00,,,ANNUAL,WHEAT,00000000,FIELD CROPS,US TOTAL,NATIONAL,,NOT SPECIFIED,"SPRING, (EXCL DURUM)",BU,US TOTAL,,,,,ALL PRODUCTION PRACTICES,9000,,,,99,"556,632,000",2000,ALL UTILIZATION PRACTICES,,US,TOTAL,,YEAR,SURVEY,PRODUCTION,UNITED STATES,00,CROPS,"WHEAT, SPRING, (EXCL DURUM) - PRODUCTION, MEASURED IN BU"
2012-01-01 00:00:00.000,00,,,ANNUAL,WHEAT,00000000,FIELD CROPS,US TOTAL,NATIONAL,,NOT SPECIFIED,"SPRING, DURUM",BU,US TOTAL,,,,,ALL PRODUCTION PRACTICES,9000,,,,99,"109,805,000",2000,ALL UTILIZATION PRACTICES,,US,TOTAL,,YEAR,SURVEY,PRODUCTION,UNITED STATES,00,CROPS,"WHEAT, SPRING, DURUM - PRODUCTION, MEASURED IN BU"
2012-01-01 00:00:00.000,00,,,ANNUAL,WHEAT,00000000,FIELD CROPS,US TOTAL,NATIONAL,,NOT SPECIFIED,"SPRING, RED, HARD",BU,US TOTAL,,,,,ALL PRODUCTION PRACTICES,9000,,,,99,"502,318,000",2000,ALL UTILIZATION PRACTICES,,US,TOTAL,,YEAR,SURVEY,PRODUCTION,UNITED STATES,00,CROPS,"WHEAT, SPRING, RED, HARD - PRODUCTION, MEASURED IN BU"
2012-01-01 00:00:00.000,00,,,ANNUAL,WHEAT,00000000,FIELD CROPS,US TOTAL,NATIONAL,,NOT SPECIFIED,"SPRING, WHITE",BU,US TOTAL,,,,,ALL PRODUCTION PRACTICES,9000,,,,99,"54,314,000",2000,ALL UTILIZATION PRACTICES,,US,TOTAL,,YEAR,SURVEY,PRODUCTION,UNITED STATES,00,CROPS,"WHEAT, SPRING, WHITE - PRODUCTION, MEASURED IN BU"
2012-01-01 00:00:00.000,00,,,ANNUAL,WHEAT,00000000,FIELD CROPS,US TOTAL,NATIONAL,,NOT SPECIFIED,WINTER,BU,US TOTAL,,,,,ALL PRODUCTION PRACTICES,9000,,,,99,"1,561,723,000",2000,ALL UTILIZATION PRACTICES,,US,TOTAL,,YEAR,SURVEY,PRODUCTION,UNITED STATES,00,CROPS,"WHEAT, WINTER - PRODUCTION, MEASURED IN BU"
2012-01-01 00:00:00.000,00,,,ANNUAL,WHEAT,00000000,FIELD CROPS,US TOTAL,NATIONAL,,NOT SPECIFIED,"WINTER, RED, HARD",BU,US TOTAL,,,,,ALL PRODUCTION PRACTICES,9000,,,,99,"846,036,000",2000,ALL UTILIZATION PRACTICES,,US,TOTAL,,YEAR,SURVEY,PRODUCTION,UNITED STATES,00,CROPS,"WHEAT, WINTER, RED, HARD - PRODUCTION, MEASURED IN BU"
2012-01-01 00:00:00.000,00,,,ANNUAL,WHEAT,00000000,FIELD CROPS,US TOTAL,NATIONAL,,NOT SPECIFIED,"WINTER, RED, SOFT",BU,US TOTAL,,,,,ALL PRODUCTION PRACTICES,9000,,,,99,"468,856,000",2000,ALL UTILIZATION PRACTICES,,US,TOTAL,,YEAR,SURVEY,PRODUCTION,UNITED STATES,00,CROPS,"WHEAT, WINTER, RED, SOFT - PRODUCTION, MEASURED IN BU"
2012-01-01 00:00:00.000,00,,,ANNUAL,WHEAT,00000000,FIELD CROPS,US TOTAL,NATIONAL,,NOT SPECIFIED,"WINTER, WHITE",BU,US TOTAL,,,,,ALL PRODUCTION PRACTICES,9000,,,,99,"246,831,000",2000,ALL UTILIZATION PRACTICES,,US,TOTAL,,YEAR,SURVEY,PRODUCTION,UNITED STATES,00,CROPS,"WHEAT, WINTER, WHITE - PRODUCTION, MEASURED IN BU"
2012-01-01 00:00:00.000,00,,,ANNUAL,WHEAT,00000000,FIELD CROPS,US TOTAL,NATIONAL,,NOT SPECIFIED,ALL CLASSES,BU,US TOTAL,,,,,ALL PRODUCTION PRACTICES,9000,,,,99,"1,947,453,000",2001,ALL UTILIZATION PRACTICES,,US,TOTAL,,YEAR,SURVEY,PRODUCTION,UNITED STATES,00,CROPS,"WHEAT - PRODUCTION, MEASURED IN BU"
2012-01-01 00:00:00.000,00,,,ANNUAL,WHEAT,00000000,FIELD CROPS,US TOTAL,NATIONAL,,NOT SPECIFIED,"SPRING, (EXCL DURUM)",BU,US TOTAL,,,,,ALL PRODUCTION PRACTICES,9000,,,,99,"510,778,000",2001,ALL UTILIZATION PRACTICES,,US,TOTAL,,YEAR,SURVEY,PRODUCTION,UNITED STATES,00,CROPS,"WHEAT, SPRING, (EXCL DURUM) - PRODUCTION, MEASURED IN BU"
2012-01-01 00:00:00.000,00,,,ANNUAL,WHEAT,00000000,FIELD CROPS,US TOTAL,NATIONAL,,NOT SPECIFIED,"SPRING, DURUM",BU,US TOTAL,,,,,ALL PRODUCTION PRACTICES,9000,,,,99,"83,556,000",2001,ALL UTILIZATION PRACTICES,,US,TOTAL,,YEAR,SURVEY,PRODUCTION,UNITED STATES,00,CROPS,"WHEAT, SPRING, DURUM - PRODUCTION, MEASURED IN BU"
2012-01-01 00:00:00.000,00,,,ANNUAL,WHEAT,00000000,FIELD CROPS,US TOTAL,NATIONAL,,NOT SPECIFIED,"SPRING, RED, HARD",BU,US TOTAL,,,,,ALL PRODUCTION PRACTICES,9000,,,,99,"475,085,000",2001,ALL UTILIZATION PRACTICES,,US,TOTAL,,YEAR,SURVEY,PRODUCTION,UNITED STATES,00,CROPS,"WHEAT, SPRING, RED, HARD - PRODUCTION, MEASURED IN BU"
2012-01-01 00:00:00.000,00,,,ANNUAL,WHEAT,00000000,FIELD CROPS,US TOTAL,NATIONAL,,NOT SPECIFIED,"SPRING, WHITE",BU,US TOTAL,,,,,ALL PRODUCTION PRACTICES,9000,,,,99,"35,693,000",2001,ALL UTILIZATION PRACTICES,,US,TOTAL,,YEAR,SURVEY,PRODUCTION,UNITED STATES,00,CROPS,"WHEAT, SPRING, WHITE - PRODUCTION, MEASURED IN BU"
2012-01-01 00:00:00.000,00,,,ANNUAL,WHEAT,00000000,FIELD CROPS,US TOTAL,NATIONAL,,NOT SPECIFIED,WINTER,BU,US TOTAL,,,,,ALL PRODUCTION PRACTICES,9000,,,,99,"1,353,119,000",2001,ALL UTILIZATION PRACTICES,,US,TOTAL,,YEAR,SURVEY,PRODUCTION,UNITED STATES,00,CROPS,"WHEAT, WINTER - PRODUCTION, MEASURED IN BU"
2012-01-01 00:00:00.000,00,,,ANNUAL,WHEAT,00000000,FIELD CROPS,US TOTAL,NATIONAL,,NOT SPECIFIED,"WINTER, RED, HARD",BU,US TOTAL,,,,,ALL PRODUCTION PRACTICES,9000,,,,99,"765,898,000",2001,ALL UTILIZATION PRACTICES,,US,TOTAL,,YEAR,SURVEY,PRODUCTION,UNITED STATES,00,CROPS,"WHEAT, WINTER, RED, HARD - PRODUCTION, MEASURED IN BU"
2012-01-01 00:00:00.000,00,,,ANNUAL,WHEAT,00000000,FIELD CROPS,US TOTAL,NATIONAL,,NOT SPECIFIED,"WINTER, RED, SOFT",BU,US TOTAL,,,,,ALL PRODUCTION PRACTICES,9000,,,,99,"397,098,000",2001,ALL UTILIZATION PRACTICES,,US,TOTAL,,YEAR,SURVEY,PRODUCTION,UNITED STATES,00,CROPS,"WHEAT, WINTER, RED, SOFT - PRODUCTION, MEASURED IN BU"
2012-01-01 00:00:00.000,00,,,ANNUAL,WHEAT,00000000,FIELD CROPS,US TOTAL,NATIONAL,,NOT SPECIFIED,"WINTER, WHITE",BU,US TOTAL,,,,,ALL PRODUCTION PRACTICES,9000,,,,99,"190,123,000",2001,ALL UTILIZATION PRACTICES,,US,TOTAL,,YEAR,SURVEY,PRODUCTION,UNITED STATES,00,CROPS,"WHEAT, WINTER, WHITE - PRODUCTION, MEASURED IN BU"
2012-01-01 00:00:00.000,00,,,ANNUAL,WHEAT,00000000,FIELD CROPS,US TOTAL,NATIONAL,,NOT SPECIFIED,ALL CLASSES,BU,US TOTAL,,,,,ALL PRODUCTION PRACTICES,9000,,,,99,"1,605,878,000",2002,ALL UTILIZATION PRACTICES,,US,TOTAL,,YEAR,SURVEY,PRODUCTION,UNITED STATES,00,CROPS,"WHEAT - PRODUCTION, MEASURED IN BU"
2012-01-01 00:00:00.000,00,,,ANNUAL,WHEAT,00000000,FIELD CROPS,US TOTAL,NATIONAL,,NOT SPECIFIED,"SPRING, (EXCL DURUM)",BU,US TOTAL,,,,,ALL PRODUCTION PRACTICES,9000,,,,99,"388,917,000",2002,ALL UTILIZATION PRACTICES,,US,TOTAL,,YEAR,SURVEY,PRODUCTION,UNITED STATES,00,CROPS,"WHEAT, SPRING, (EXCL DURUM) - PRODUCTION, MEASURED IN BU"
2012-01-01 00:00:00.000,00,,,ANNUAL,WHEAT,00000000,FIELD CROPS,US TOTAL,NATIONAL,,NOT SPECIFIED,"SPRING, DURUM",BU,US TOTAL,,,,,ALL PRODUCTION PRACTICES,9000,,,,99,"79,960,000",2002,ALL UTILIZATION PRACTICES,,US,TOTAL,,YEAR,SURVEY,PRODUCTION,UNITED STATES,00,CROPS,"WHEAT, SPRING, DURUM - PRODUCTION, MEASURED IN BU"
2012-01-01 00:00:00.000,00,,,ANNUAL,WHEAT,00000000,FIELD CROPS,US TOTAL,NATIONAL,,NOT SPECIFIED,"SPRING, RED, HARD",BU,US TOTAL,,,,,ALL PRODUCTION PRACTICES,9000,,,,99,"351,439,000",2002,ALL UTILIZATION PRACTICES,,US,TOTAL,,YEAR,SURVEY,PRODUCTION,UNITED STATES,00,CROPS,"WHEAT, SPRING, RED, HARD - PRODUCTION, MEASURED IN BU"
2012-01-01 00:00:00.000,00,,,ANNUAL,WHEAT,00000000,FIELD CROPS,US TOTAL,NATIONAL,,NOT SPECIFIED,"SPRING, WHITE",BU,US TOTAL,,,,,ALL PRODUCTION PRACTICES,9000,,,,99,"37,478,000",2002,ALL UTILIZATION PRACTICES,,US,TOTAL,,YEAR,SURVEY,PRODUCTION,UNITED STATES,00,CROPS,"WHEAT, SPRING, WHITE - PRODUCTION, MEASURED IN BU"
2012-01-01 00:00:00.000,00,,,ANNUAL,WHEAT,00000000,FIELD CROPS,US TOTAL,NATIONAL,,NOT SPECIFIED,WINTER,BU,US TOTAL,,,,,ALL PRODUCTION PRACTICES,9000,,,,99,"1,137,001,000",2002,ALL UTILIZATION PRACTICES,,US,TOTAL,,YEAR,SURVEY,PRODUCTION,UNITED STATES,00,CROPS,"WHEAT, WINTER - PRODUCTION, MEASURED IN BU"
2012-01-01 00:00:00.000,00,,,ANNUAL,WHEAT,00000000,FIELD CROPS,US TOTAL,NATIONAL,,NOT SPECIFIED,"WINTER, RED, HARD",BU,US TOTAL,,,,,ALL PRODUCTION PRACTICES,9000,,,,99,"620,328,000",2002,ALL UTILIZATION PRACTICES,,US,TOTAL,,YEAR,SURVEY,PRODUCTION,UNITED STATES,00,CROPS,"WHEAT, WINTER, RED, HARD - PRODUCTION, MEASURED IN BU"
2012-01-01 00:00:00.000,00,,,ANNUAL,WHEAT,00000000,FIELD CROPS,US TOTAL,NATIONAL,,NOT SPECIFIED,"WINTER, RED, SOFT",BU,US TOTAL,,,,,ALL PRODUCTION PRACTICES,9000,,,,99,"320,968,000",2002,ALL UTILIZATION PRACTICES,,US,TOTAL,,YEAR,SURVEY,PRODUCTION,UNITED STATES,00,CROPS,"WHEAT, WINTER, RED, SOFT - PRODUCTION, MEASURED IN BU"
2012-01-01 00:00:00.000,00,,,ANNUAL,WHEAT,00000000,FIELD CROPS,US TOTAL,NATIONAL,,NOT SPECIFIED,"WINTER, WHITE",BU,US TOTAL,,,,,ALL PRODUCTION PRACTICES,9000,,,,99,"195,705,000",2002,ALL UTILIZATION PRACTICES,,US,TOTAL,,YEAR,SURVEY,PRODUCTION,UNITED STATES,00,CROPS,"WHEAT, WINTER, WHITE - PRODUCTION, MEASURED IN BU"
2012-01-01 00:00:00.000,00,,,ANNUAL,WHEAT,00000000,FIELD CROPS,US TOTAL,NATIONAL,,NOT SPECIFIED,ALL CLASSES,BU,US TOTAL,,,,,ALL PRODUCTION PRACTICES,9000,,,,99,"2,344,415,000",2003,ALL UTILIZATION PRACTICES,,US,TOTAL,,YEAR,SURVEY,PRODUCTION,UNITED STATES,00,CROPS,"WHEAT - PRODUCTION, MEASURED IN BU"
2012-01-01 00:00:00.000,00,,,ANNUAL,WHEAT,00000000,FIELD CROPS,US TOTAL,NATIONAL,,NOT SPECIFIED,"SPRING, (EXCL DURUM)",BU,US TOTAL,,,,,ALL PRODUCTION PRACTICES,9000,,,,99,"531,402,000",2003,ALL UTILIZATION PRACTICES,,US,TOTAL,,YEAR,SURVEY,PRODUCTION,UNITED STATES,00,CROPS,"WHEAT, SPRING, (EXCL DURUM) - PRODUCTION, MEASURED IN BU"
2012-01-01 00:00:00.000,00,,,ANNUAL,WHEAT,00000000,FIELD CROPS,US TOTAL,NATIONAL,,NOT SPECIFIED,"SPRING, DURUM",BU,US TOTAL,,,,,ALL PRODUCTION PRACTICES,9000,,,,99,"96,637,000",2003,ALL UTILIZATION PRACTICES,,US,TOTAL,,YEAR,SURVEY,PRODUCTION,UNITED STATES,00,CROPS,"WHEAT, SPRING, DURUM - PRODUCTION, MEASURED IN BU"
2012-01-01 00:00:00.000,00,,,ANNUAL,WHEAT,00000000,FIELD CROPS,US TOTAL,NATIONAL,,NOT SPECIFIED,"SPRING, RED, HARD",BU,US TOTAL,,,,,ALL PRODUCTION PRACTICES,9000,,,,99,"499,674,000",2003,ALL UTILIZATION PRACTICES,,US,TOTAL,,YEAR,SURVEY,PRODUCTION,UNITED STATES,00,CROPS,"WHEAT, SPRING, RED, HARD - PRODUCTION, MEASURED IN BU"
2012-01-01 00:00:00.000,00,,,ANNUAL,WHEAT,00000000,FIELD CROPS,US TOTAL,NATIONAL,,NOT SPECIFIED,"SPRING, WHITE",BU,US TOTAL,,,,,ALL PRODUCTION PRACTICES,9000,,,,99,"31,728,000",2003,ALL UTILIZATION PRACTICES,,US,TOTAL,,YEAR,SURVEY,PRODUCTION,UNITED STATES,00,CROPS,"WHEAT, SPRING, WHITE - PRODUCTION, MEASURED IN BU"
2012-01-01 00:00:00.000,00,,,ANNUAL,WHEAT,00000000,FIELD CROPS,US TOTAL,NATIONAL,,NOT SPECIFIED,WINTER,BU,US TOTAL,,,,,ALL PRODUCTION PRACTICES,9000,,,,99,"1,716,376,000",2003,ALL UTILIZATION PRACTICES,,US,TOTAL,,YEAR,SURVEY,PRODUCTION,UNITED STATES,00,CROPS,"WHEAT, WINTER - PRODUCTION, MEASURED IN BU"
2012-01-01 00:00:00.000,00,,,ANNUAL,WHEAT,00000000,FIELD CROPS,US TOTAL,NATIONAL,,NOT SPECIFIED,"WINTER, RED, HARD",BU,US TOTAL,,,,,ALL PRODUCTION PRACTICES,9000,,,,99,"1,071,156,000",2003,ALL UTILIZATION PRACTICES,,US,TOTAL,,YEAR,SURVEY,PRODUCTION,UNITED STATES,00,CROPS,"WHEAT, WINTER, RED, HARD - PRODUCTION, MEASURED IN BU"
2012-01-01 00:00:00.000,00,,,ANNUAL,WHEAT,00000000,FIELD CROPS,US TOTAL,NATIONAL,,NOT SPECIFIED,"WINTER, RED, SOFT",BU,US TOTAL,,,,,ALL PRODUCTION PRACTICES,9000,,,,99,"379,930,000",2003,ALL UTILIZATION PRACTICES,,US,TOTAL,,YEAR,SURVEY,PRODUCTION,UNITED STATES,00,CROPS,"WHEAT, WINTER, RED, SOFT - PRODUCTION, MEASURED IN BU"
2012-01-01 00:00:00.000,00,,,ANNUAL,WHEAT,00000000,FIELD CROPS,US TOTAL,NATIONAL,,NOT SPECIFIED,"WINTER, WHITE",BU,US TOTAL,,,,,ALL PRODUCTION PRACTICES,9000,,,,99,"265,290,000",2003,ALL UTILIZATION PRACTICES,,US,TOTAL,,YEAR,SURVEY,PRODUCTION,UNITED STATES,00,CROPS,"WHEAT, WINTER, WHITE - PRODUCTION, MEASURED IN BU"
2012-01-01 00:00:00.000,00,,,ANNUAL,WHEAT,00000000,FIELD CROPS,US TOTAL,NATIONAL,,NOT SPECIFIED,ALL CLASSES,BU,US TOTAL,,,,,ALL PRODUCTION PRACTICES,9000,,,,99,"2,156,790,000",2004,ALL UTILIZATION PRACTICES,,US,TOTAL,,YEAR,SURVEY,PRODUCTION,UNITED STATES,00,CROPS,"WHEAT - PRODUCTION, MEASURED IN BU"
2012-01-01 00:00:00.000,00,,,ANNUAL,WHEAT,00000000,FIELD CROPS,US TOTAL,NATIONAL,,NOT SPECIFIED,"SPRING, (EXCL DURUM)",BU,US TOTAL,,,,,ALL PRODUCTION PRACTICES,9000,,,,99,"568,918,000",2004,ALL UTILIZATION PRACTICES,,US,TOTAL,,YEAR,SURVEY,PRODUCTION,UNITED STATES,00,CROPS,"WHEAT, SPRING, (EXCL DURUM) - PRODUCTION, MEASURED IN BU"
2012-01-01 00:00:00.000,00,,,ANNUAL,WHEAT,00000000,FIELD CROPS,US TOTAL,NATIONAL,,NOT SPECIFIED,"SPRING, DURUM",BU,US TOTAL,,,,,ALL PRODUCTION PRACTICES,9000,,,,99,"89,893,000",2004,ALL UTILIZATION PRACTICES,,US,TOTAL,,YEAR,SURVEY,PRODUCTION,UNITED STATES,00,CROPS,"WHEAT, SPRING, DURUM - PRODUCTION, MEASURED IN BU"
2012-01-01 00:00:00.000,00,,,ANNUAL,WHEAT,00000000,FIELD CROPS,US TOTAL,NATIONAL,,NOT SPECIFIED,"SPRING, RED, HARD",BU,US TOTAL,,,,,ALL PRODUCTION PRACTICES,9000,,,,99,"525,467,000",2004,ALL UTILIZATION PRACTICES,,US,TOTAL,,YEAR,SURVEY,PRODUCTION,UNITED STATES,00,CROPS,"WHEAT, SPRING, RED, HARD - PRODUCTION, MEASURED IN BU"
2012-01-01 00:00:00.000,00,,,ANNUAL,WHEAT,00000000,FIELD CROPS,US TOTAL,NATIONAL,,NOT SPECIFIED,"SPRING, WHITE",BU,US TOTAL,,,,,ALL PRODUCTION PRACTICES,9000,,,,99,"43,451,000",2004,ALL UTILIZATION PRACTICES,,US,TOTAL,,YEAR,SURVEY,PRODUCTION,UNITED STATES,00,CROPS,"WHEAT, SPRING, WHITE - PRODUCTION, MEASURED IN BU"
2012-01-01 00:00:00.000,00,,,ANNUAL,WHEAT,00000000,FIELD CROPS,US TOTAL,NATIONAL,,NOT SPECIFIED,WINTER,BU,US TOTAL,,,,,ALL PRODUCTION PRACTICES,9000,,,,99,"1,497,979,000",2004,ALL UTILIZATION PRACTICES,,US,TOTAL,,YEAR,SURVEY,PRODUCTION,UNITED STATES,00,CROPS,"WHEAT, WINTER - PRODUCTION, MEASURED IN BU"
2012-01-01 00:00:00.000,00,,,ANNUAL,WHEAT,00000000,FIELD CROPS,US TOTAL,NATIONAL,,NOT SPECIFIED,"WINTER, RED, HARD",BU,US TOTAL,,,,,ALL PRODUCTION PRACTICES,9000,,,,99,"856,550,000",2004,ALL UTILIZATION PRACTICES,,US,TOTAL,,YEAR,SURVEY,PRODUCTION,UNITED STATES,00,CROPS,"WHEAT, WINTER, RED, HARD - PRODUCTION, MEASURED IN BU"
2012-01-01 00:00:00.000,00,,,ANNUAL,WHEAT,00000000,FIELD CROPS,US TOTAL,NATIONAL,,NOT SPECIFIED,"WINTER, RED, SOFT",BU,US TOTAL,,,,,ALL PRODUCTION PRACTICES,9000,,,,99,"380,305,000",2004,ALL UTILIZATION PRACTICES,,US,TOTAL,,YEAR,SURVEY,PRODUCTION,UNITED STATES,00,CROPS,"WHEAT, WINTER, RED, SOFT - PRODUCTION, MEASURED IN BU"
2012-01-01 00:00:00.000,00,,,ANNUAL,WHEAT,00000000,FIELD CROPS,US TOTAL,NATIONAL,,NOT SPECIFIED,"WINTER, WHITE",BU,US TOTAL,,,,,ALL PRODUCTION PRACTICES,9000,,,,99,"261,124,000",2004,ALL UTILIZATION PRACTICES,,US,TOTAL,,YEAR,SURVEY,PRODUCTION,UNITED STATES,00,CROPS,"WHEAT, WINTER, WHITE - PRODUCTION, MEASURED IN BU"
2012-01-01 00:00:00.000,00,,,ANNUAL,WHEAT,00000000,FIELD CROPS,US TOTAL,NATIONAL,,NOT SPECIFIED,ALL CLASSES,BU,US TOTAL,,,,,ALL PRODUCTION PRACTICES,9000,,,,99,"2,103,325,000",2005,ALL UTILIZATION PRACTICES,,US,TOTAL,,YEAR,SURVEY,PRODUCTION,UNITED STATES,00,CROPS,"WHEAT - PRODUCTION, MEASURED IN BU"
2012-01-01 00:00:00.000,00,,,ANNUAL,WHEAT,00000000,FIELD CROPS,US TOTAL,NATIONAL,,NOT SPECIFIED,"SPRING, (EXCL DURUM)",BU,US TOTAL,,,,,ALL PRODUCTION PRACTICES,9000,,,,99,"504,456,000",2005,ALL UTILIZATION PRACTICES,,US,TOTAL,,YEAR,SURVEY,PRODUCTION,UNITED STATES,00,CROPS,"WHEAT, SPRING, (EXCL DURUM) - PRODUCTION, MEASURED IN BU"
2012-01-01 00:00:00.000,00,,,ANNUAL,WHEAT,00000000,FIELD CROPS,US TOTAL,NATIONAL,,NOT SPECIFIED,"SPRING, DURUM",BU,US TOTAL,,,,,ALL PRODUCTION PRACTICES,9000,,,,99,"101,105,000",2005,ALL UTILIZATION PRACTICES,,US,TOTAL,,YEAR,SURVEY,PRODUCTION,UNITED STATES,00,CROPS,"WHEAT, SPRING, DURUM - PRODUCTION, MEASURED IN BU"
2012-01-01 00:00:00.000,00,,,ANNUAL,WHEAT,00000000,FIELD CROPS,US TOTAL,NATIONAL,,NOT SPECIFIED,"SPRING, RED, HARD",BU,US TOTAL,,,,,ALL PRODUCTION PRACTICES,9000,,,,99,"466,587,000",2005,ALL UTILIZATION PRACTICES,,US,TOTAL,,YEAR,SURVEY,PRODUCTION,UNITED STATES,00,CROPS,"WHEAT, SPRING, RED, HARD - PRODUCTION, MEASURED IN BU"
2012-01-01 00:00:00.000,00,,,ANNUAL,WHEAT,00000000,FIELD CROPS,US TOTAL,NATIONAL,,NOT SPECIFIED,"SPRING, WHITE",BU,US TOTAL,,,,,ALL PRODUCTION PRACTICES,9000,,,,99,"37,869,000",2005,ALL UTILIZATION PRACTICES,,US,TOTAL,,YEAR,SURVEY,PRODUCTION,UNITED STATES,00,CROPS,"WHEAT, SPRING, WHITE - PRODUCTION, MEASURED IN BU"
2012-01-01 00:00:00.000,00,,,ANNUAL,WHEAT,00000000,FIELD CROPS,US TOTAL,NATIONAL,,NOT SPECIFIED,"SPRING, WHITE, HARD",BU,US TOTAL,,,,,ALL PRODUCTION PRACTICES,9000,,,,99,"4,530,000",2005,ALL UTILIZATION PRACTICES,,US,TOTAL,,YEAR,SURVEY,PRODUCTION,UNITED STATES,00,CROPS,"WHEAT, SPRING, WHITE, HARD - PRODUCTION, MEASURED IN BU"
2013-08-01 13:04:54.000,00,,,ANNUAL,WHEAT,00000000,FIELD CROPS,US TOTAL,NATIONAL,,NOT SPECIFIED,"SPRING, WHITE, SOFT",BU,US TOTAL,,,,,ALL PRODUCTION PRACTICES,9000,,,,99,"33,339,000",2005,ALL UTILIZATION PRACTICES,,US,TOTAL,,YEAR,SURVEY,PRODUCTION,UNITED STATES,00,CROPS,"WHEAT, SPRING, WHITE, SOFT - PRODUCTION, MEASURED IN BU"
2012-01-01 00:00:00.000,00,,,ANNUAL,WHEAT,00000000,FIELD CROPS,US TOTAL,NATIONAL,,NOT SPECIFIED,WINTER,BU,US TOTAL,,,,,ALL PRODUCTION PRACTICES,9000,,,,99,"1,497,764,000",2005,ALL UTILIZATION PRACTICES,,US,TOTAL,,YEAR,SURVEY,PRODUCTION,UNITED STATES,00,CROPS,"WHEAT, WINTER - PRODUCTION, MEASURED IN BU"
2012-01-01 00:00:00.000,00,,,ANNUAL,WHEAT,00000000,FIELD CROPS,US TOTAL,NATIONAL,,NOT SPECIFIED,"WINTER, RED, HARD",BU,US TOTAL,,,,,ALL PRODUCTION PRACTICES,9000,,,,99,"930,015,000",2005,ALL UTILIZATION PRACTICES,,US,TOTAL,,YEAR,SURVEY,PRODUCTION,UNITED STATES,00,CROPS,"WHEAT, WINTER, RED, HARD - PRODUCTION, MEASURED IN BU"
2012-01-01 00:00:00.000,00,,,ANNUAL,WHEAT,00000000,FIELD CROPS,US TOTAL,NATIONAL,,NOT SPECIFIED,"WINTER, RED, SOFT",BU,US TOTAL,,,,,ALL PRODUCTION PRACTICES,9000,,,,99,"308,348,000",2005,ALL UTILIZATION PRACTICES,,US,TOTAL,,YEAR,SURVEY,PRODUCTION,UNITED STATES,00,CROPS,"WHEAT, WINTER, RED, SOFT - PRODUCTION, MEASURED IN BU"
2012-01-01 00:00:00.000,00,,,ANNUAL,WHEAT,00000000,FIELD CROPS,US TOTAL,NATIONAL,,NOT SPECIFIED,"WINTER, WHITE",BU,US TOTAL,,,,,ALL PRODUCTION PRACTICES,9000,,,,99,"259,401,000",2005,ALL UTILIZATION PRACTICES,,US,TOTAL,,YEAR,SURVEY,PRODUCTION,UNITED STATES,00,CROPS,"WHEAT, WINTER, WHITE - PRODUCTION, MEASURED IN BU"
2012-01-01 00:00:00.000,00,,,ANNUAL,WHEAT,00000000,FIELD CROPS,US TOTAL,NATIONAL,,NOT SPECIFIED,"WINTER, WHITE, HARD",BU,US TOTAL,,,,,ALL PRODUCTION PRACTICES,9000,,,,99,"25,280,000",2005,ALL UTILIZATION PRACTICES,,US,TOTAL,,YEAR,SURVEY,PRODUCTION,UNITED STATES,00,CROPS,"WHEAT, WINTER, WHITE, HARD - PRODUCTION, MEASURED IN BU"
2012-01-01 00:00:00.000,00,,,ANNUAL,WHEAT,00000000,FIELD CROPS,US TOTAL,NATIONAL,,NOT SPECIFIED,"WINTER, WHITE, SOFT",BU,US TOTAL,,,,,ALL PRODUCTION PRACTICES,9000,,,,99,"234,121,000",2005,ALL UTILIZATION PRACTICES,,US,TOTAL,,YEAR,SURVEY,PRODUCTION,UNITED STATES,00,CROPS,"WHEAT, WINTER, WHITE, SOFT - PRODUCTION, MEASURED IN BU"
2012-01-01 00:00:00.000,00,,,ANNUAL,WHEAT,00000000,FIELD CROPS,US TOTAL,NATIONAL,,NOT SPECIFIED,ALL CLASSES,BU,US TOTAL,,,,,ALL PRODUCTION PRACTICES,9000,,,,99,"1,808,416,000",2006,ALL UTILIZATION PRACTICES,,US,TOTAL,,YEAR,SURVEY,PRODUCTION,UNITED STATES,00,CROPS,"WHEAT - PRODUCTION, MEASURED IN BU"
2012-01-01 00:00:00.000,00,,,ANNUAL,WHEAT,00000000,FIELD CROPS,US TOTAL,NATIONAL,,NOT SPECIFIED,"SPRING, (EXCL DURUM)",BU,US TOTAL,,,,,ALL PRODUCTION PRACTICES,9000,,,,99,"460,480,000",2006,ALL UTILIZATION PRACTICES,,US,TOTAL,,YEAR,SURVEY,PRODUCTION,UNITED STATES,00,CROPS,"WHEAT, SPRING, (EXCL DURUM) - PRODUCTION, MEASURED IN BU"
2012-01-01 00:00:00.000,00,,,ANNUAL,WHEAT,00000000,FIELD CROPS,US TOTAL,NATIONAL,,NOT SPECIFIED,"SPRING, DURUM",BU,US TOTAL,,,,,ALL PRODUCTION PRACTICES,9000,,,,99,"53,475,000",2006,ALL UTILIZATION PRACTICES,,US,TOTAL,,YEAR,SURVEY,PRODUCTION,UNITED STATES,00,CROPS,"WHEAT, SPRING, DURUM - PRODUCTION, MEASURED IN BU"
2012-01-01 00:00:00.000,00,,,ANNUAL,WHEAT,00000000,FIELD CROPS,US TOTAL,NATIONAL,,NOT SPECIFIED,"SPRING, RED, HARD",BU,US TOTAL,,,,,ALL PRODUCTION PRACTICES,9000,,,,99,"432,339,000",2006,ALL UTILIZATION PRACTICES,,US,TOTAL,,YEAR,SURVEY,PRODUCTION,UNITED STATES,00,CROPS,"WHEAT, SPRING, RED, HARD - PRODUCTION, MEASURED IN BU"
2012-01-01 00:00:00.000,00,,,ANNUAL,WHEAT,00000000,FIELD CROPS,US TOTAL,NATIONAL,,NOT SPECIFIED,"SPRING, WHITE",BU,US TOTAL,,,,,ALL PRODUCTION PRACTICES,9000,,,,99,"28,141,000",2006,ALL UTILIZATION PRACTICES,,US,TOTAL,,YEAR,SURVEY,PRODUCTION,UNITED STATES,00,CROPS,"WHEAT, SPRING, WHITE - PRODUCTION, MEASURED IN BU"
2012-01-01 00:00:00.000,00,,,ANNUAL,WHEAT,00000000,FIELD CROPS,US TOTAL,NATIONAL,,NOT SPECIFIED,"SPRING, WHITE, HARD",BU,US TOTAL,,,,,ALL PRODUCTION PRACTICES,9000,,,,99,"6,226,000",2006,ALL UTILIZATION PRACTICES,,US,TOTAL,,YEAR,SURVEY,PRODUCTION,UNITED STATES,00,CROPS,"WHEAT, SPRING, WHITE, HARD - PRODUCTION, MEASURED IN BU"
2013-08-01 13:04:54.000,00,,,ANNUAL,WHEAT,00000000,FIELD CROPS,US TOTAL,NATIONAL,,NOT SPECIFIED,"SPRING, WHITE, SOFT",BU,US TOTAL,,,,,ALL PRODUCTION PRACTICES,9000,,,,99,"21,915,000",2006,ALL UTILIZATION PRACTICES,,US,TOTAL,,YEAR,SURVEY,PRODUCTION,UNITED STATES,00,CROPS,"WHEAT, SPRING, WHITE, SOFT - PRODUCTION, MEASURED IN BU"
2012-01-01 00:00:00.000,00,,,ANNUAL,WHEAT,00000000,FIELD CROPS,US TOTAL,NATIONAL,,NOT SPECIFIED,WINTER,BU,US TOTAL,,,,,ALL PRODUCTION PRACTICES,9000,,,,99,"1,294,461,000",2006,ALL UTILIZATION PRACTICES,,US,TOTAL,,YEAR,SURVEY,PRODUCTION,UNITED STATES,00,CROPS,"WHEAT, WINTER - PRODUCTION, MEASURED IN BU"
2012-01-01 00:00:00.000,00,,,ANNUAL,WHEAT,00000000,FIELD CROPS,US TOTAL,NATIONAL,,NOT SPECIFIED,"WINTER, RED, HARD",BU,US TOTAL,,,,,ALL PRODUCTION PRACTICES,9000,,,,99,"681,921,000",2006,ALL UTILIZATION PRACTICES,,US,TOTAL,,YEAR,SURVEY,PRODUCTION,UNITED STATES,00,CROPS,"WHEAT, WINTER, RED, HARD - PRODUCTION, MEASURED IN BU"
2012-01-01 00:00:00.000,00,,,ANNUAL,WHEAT,00000000,FIELD CROPS,US TOTAL,NATIONAL,,NOT SPECIFIED,"WINTER, RED, SOFT",BU,US TOTAL,,,,,ALL PRODUCTION PRACTICES,9000,,,,99,"389,535,000",2006,ALL UTILIZATION PRACTICES,,US,TOTAL,,YEAR,SURVEY,PRODUCTION,UNITED STATES,00,CROPS,"WHEAT, WINTER, RED, SOFT - PRODUCTION, MEASURED IN BU"
2012-01-01 00:00:00.000,00,,,ANNUAL,WHEAT,00000000,FIELD CROPS,US TOTAL,NATIONAL,,NOT SPECIFIED,"WINTER, WHITE",BU,US TOTAL,,,,,ALL PRODUCTION PRACTICES,9000,,,,99,"223,005,000",2006,ALL UTILIZATION PRACTICES,,US,TOTAL,,YEAR,SURVEY,PRODUCTION,UNITED STATES,00,CROPS,"WHEAT, WINTER, WHITE - PRODUCTION, MEASURED IN BU"
2012-01-01 00:00:00.000,00,,,ANNUAL,WHEAT,00000000,FIELD CROPS,US TOTAL,NATIONAL,,NOT SPECIFIED,"WINTER, WHITE, HARD",BU,US TOTAL,,,,,ALL PRODUCTION PRACTICES,9000,,,,99,"13,284,000",2006,ALL UTILIZATION PRACTICES,,US,TOTAL,,YEAR,SURVEY,PRODUCTION,UNITED STATES,00,CROPS,"WHEAT, WINTER, WHITE, HARD - PRODUCTION, MEASURED IN BU"
2012-01-01 00:00:00.000,00,,,ANNUAL,WHEAT,00000000,FIELD CROPS,US TOTAL,NATIONAL,,NOT SPECIFIED,"WINTER, WHITE, SOFT",BU,US TOTAL,,,,,ALL PRODUCTION PRACTICES,9000,,,,99,"209,721,000",2006,ALL UTILIZATION PRACTICES,,US,TOTAL,,YEAR,SURVEY,PRODUCTION,UNITED STATES,00,CROPS,"WHEAT, WINTER, WHITE, SOFT - PRODUCTION, MEASURED IN BU"
2012-01-01 00:00:00.000,00,,,ANNUAL,WHEAT,00000000,FIELD CROPS,US TOTAL,NATIONAL,,NOT SPECIFIED,ALL CLASSES,BU,US TOTAL,,,,,ALL PRODUCTION PRACTICES,9000,,,,99,"2,051,088,000",2007,ALL UTILIZATION PRACTICES,,US,TOTAL,,YEAR,SURVEY,PRODUCTION,UNITED STATES,00,CROPS,"WHEAT - PRODUCTION, MEASURED IN BU"
2012-01-01 00:00:00.000,00,,,ANNUAL,WHEAT,00000000,FIELD CROPS,US TOTAL,NATIONAL,,NOT SPECIFIED,"SPRING, (EXCL DURUM)",BU,US TOTAL,,,,,ALL PRODUCTION PRACTICES,9000,,,,99,"479,623,000",2007,ALL UTILIZATION PRACTICES,,US,TOTAL,,YEAR,SURVEY,PRODUCTION,UNITED STATES,00,CROPS,"WHEAT, SPRING, (EXCL DURUM) - PRODUCTION, MEASURED IN BU"
2012-01-01 00:00:00.000,00,,,ANNUAL,WHEAT,00000000,FIELD CROPS,US TOTAL,NATIONAL,,NOT SPECIFIED,"SPRING, DURUM",BU,US TOTAL,,,,,ALL PRODUCTION PRACTICES,9000,,,,99,"72,224,000",2007,ALL UTILIZATION PRACTICES,,US,TOTAL,,YEAR,SURVEY,PRODUCTION,UNITED STATES,00,CROPS,"WHEAT, SPRING, DURUM - PRODUCTION, MEASURED IN BU"
2012-01-01 00:00:00.000,00,,,ANNUAL,WHEAT,00000000,FIELD CROPS,US TOTAL,NATIONAL,,NOT SPECIFIED,"SPRING, RED, HARD",BU,US TOTAL,,,,,ALL PRODUCTION PRACTICES,9000,,,,99,"450,070,000",2007,ALL UTILIZATION PRACTICES,,US,TOTAL,,YEAR,SURVEY,PRODUCTION,UNITED STATES,00,CROPS,"WHEAT, SPRING, RED, HARD - PRODUCTION, MEASURED IN BU"
2012-01-01 00:00:00.000,00,,,ANNUAL,WHEAT,00000000,FIELD CROPS,US TOTAL,NATIONAL,,NOT SPECIFIED,"SPRING, WHITE",BU,US TOTAL,,,,,ALL PRODUCTION PRACTICES,9000,,,,99,"29,553,000",2007,ALL UTILIZATION PRACTICES,,US,TOTAL,,YEAR,SURVEY,PRODUCTION,UNITED STATES,00,CROPS,"WHEAT, SPRING, WHITE - PRODUCTION, MEASURED IN BU"
2012-01-01 00:00:00.000,00,,,ANNUAL,WHEAT,00000000,FIELD CROPS,US TOTAL,NATIONAL,,NOT SPECIFIED,"SPRING, WHITE, HARD",BU,US TOTAL,,,,,ALL PRODUCTION PRACTICES,9000,,,,99,"5,585,000",2007,ALL UTILIZATION PRACTICES,,US,TOTAL,,YEAR,SURVEY,PRODUCTION,UNITED STATES,00,CROPS,"WHEAT, SPRING, WHITE, HARD - PRODUCTION, MEASURED IN BU"
2013-08-01 13:04:54.000,00,,,ANNUAL,WHEAT,00000000,FIELD CROPS,US TOTAL,NATIONAL,,NOT SPECIFIED,"SPRING, WHITE, SOFT",BU,US TOTAL,,,,,ALL PRODUCTION PRACTICES,9000,,,,99,"23,968,000",2007,ALL UTILIZATION PRACTICES,,US,TOTAL,,YEAR,SURVEY,PRODUCTION,UNITED STATES,00,CROPS,"WHEAT, SPRING, WHITE, SOFT - PRODUCTION, MEASURED IN BU"
2012-01-01 00:00:00.000,00,,,ANNUAL,WHEAT,00000000,FIELD CROPS,US TOTAL,NATIONAL,,NOT SPECIFIED,WINTER,BU,US TOTAL,,,,,ALL PRODUCTION PRACTICES,9000,,,,99,"1,499,241,000",2007,ALL UTILIZATION PRACTICES,,US,TOTAL,,YEAR,SURVEY,PRODUCTION,UNITED STATES,00,CROPS,"WHEAT, WINTER - PRODUCTION, MEASURED IN BU"
2012-01-01 00:00:00.000,00,,,ANNUAL,WHEAT,00000000,FIELD CROPS,US TOTAL,NATIONAL,,NOT SPECIFIED,"WINTER, RED, HARD",BU,US TOTAL,,,,,ALL PRODUCTION PRACTICES,9000,,,,99,"955,555,000",2007,ALL UTILIZATION PRACTICES,,US,TOTAL,,YEAR,SURVEY,PRODUCTION,UNITED STATES,00,CROPS,"WHEAT, WINTER, RED, HARD - PRODUCTION, MEASURED IN BU"
2012-01-01 00:00:00.000,00,,,ANNUAL,WHEAT,00000000,FIELD CROPS,US TOTAL,NATIONAL,,NOT SPECIFIED,"WINTER, RED, SOFT",BU,US TOTAL,,,,,ALL PRODUCTION PRACTICES,9000,,,,99,"352,026,000",2007,ALL UTILIZATION PRACTICES,,US,TOTAL,,YEAR,SURVEY,PRODUCTION,UNITED STATES,00,CROPS,"WHEAT, WINTER, RED, SOFT - PRODUCTION, MEASURED IN BU"
2012-01-01 00:00:00.000,00,,,ANNUAL,WHEAT,00000000,FIELD CROPS,US TOTAL,NATIONAL,,NOT SPECIFIED,"WINTER, WHITE",BU,US TOTAL,,,,,ALL PRODUCTION PRACTICES,9000,,,,99,"191,660,000",2007,ALL UTILIZATION PRACTICES,,US,TOTAL,,YEAR,SURVEY,PRODUCTION,UNITED STATES,00,CROPS,"WHEAT, WINTER, WHITE - PRODUCTION, MEASURED IN BU"
2012-01-01 00:00:00.000,00,,,ANNUAL,WHEAT,00000000,FIELD CROPS,US TOTAL,NATIONAL,,NOT SPECIFIED,"WINTER, WHITE, HARD",BU,US TOTAL,,,,,ALL PRODUCTION PRACTICES,9000,,,,99,"21,454,000",2007,ALL UTILIZATION PRACTICES,,US,TOTAL,,YEAR,SURVEY,PRODUCTION,UNITED STATES,00,CROPS,"WHEAT, WINTER, WHITE, HARD - PRODUCTION, MEASURED IN BU"
2012-01-01 00:00:00.000,00,,,ANNUAL,WHEAT,00000000,FIELD CROPS,US TOTAL,NATIONAL,,NOT SPECIFIED,"WINTER, WHITE, SOFT",BU,US TOTAL,,,,,ALL PRODUCTION PRACTICES,9000,,,,99,"170,206,000",2007,ALL UTILIZATION PRACTICES,,US,TOTAL,,YEAR,SURVEY,PRODUCTION,UNITED STATES,00,CROPS,"WHEAT, WINTER, WHITE, SOFT - PRODUCTION, MEASURED IN BU"
2014-11-03 16:18:55.000,00,,,ANNUAL,WHEAT,00000000,FIELD CROPS,US TOTAL,NATIONAL,,NOT SPECIFIED,ALL CLASSES,BU,US TOTAL,,,,,ALL PRODUCTION PRACTICES,9000,,,,99,"2,511,896,000",2008,ALL UTILIZATION PRACTICES,,US,TOTAL,,YEAR,SURVEY,PRODUCTION,UNITED STATES,00,CROPS,"WHEAT - PRODUCTION, MEASURED IN BU"
2014-11-03 16:18:55.000,00,,,ANNUAL,WHEAT,00000000,FIELD CROPS,US TOTAL,NATIONAL,,NOT SPECIFIED,"SPRING, (EXCL DURUM)",BU,US TOTAL,,,,,ALL PRODUCTION PRACTICES,9000,,,,99,"545,854,000",2008,ALL UTILIZATION PRACTICES,,US,TOTAL,,YEAR,SURVEY,PRODUCTION,UNITED STATES,00,CROPS,"WHEAT, SPRING, (EXCL DURUM) - PRODUCTION, MEASURED IN BU"
2014-11-03 16:18:55.000,00,,,ANNUAL,WHEAT,00000000,FIELD CROPS,US TOTAL,NATIONAL,,NOT SPECIFIED,"SPRING, DURUM",BU,US TOTAL,,,,,ALL PRODUCTION PRACTICES,9000,,,,99,"80,467,000",2008,ALL UTILIZATION PRACTICES,,US,TOTAL,,YEAR,SURVEY,PRODUCTION,UNITED STATES,00,CROPS,"WHEAT, SPRING, DURUM - PRODUCTION, MEASURED IN BU"
2014-11-03 16:18:55.000,00,,,ANNUAL,WHEAT,00000000,FIELD CROPS,US TOTAL,NATIONAL,,NOT SPECIFIED,"SPRING, RED, HARD",BU,US TOTAL,,,,,ALL PRODUCTION PRACTICES,9000,,,,99,"510,134,000",2008,ALL UTILIZATION PRACTICES,,US,TOTAL,,YEAR,SURVEY,PRODUCTION,UNITED STATES,00,CROPS,"WHEAT, SPRING, RED, HARD - PRODUCTION, MEASURED IN BU"
2012-01-01 00:00:00.000,00,,,ANNUAL,WHEAT,00000000,FIELD CROPS,US TOTAL,NATIONAL,,NOT SPECIFIED,"SPRING, WHITE",BU,US TOTAL,,,,,ALL PRODUCTION PRACTICES,9000,,,,99,"35,865,000",2008,ALL UTILIZATION PRACTICES,,US,TOTAL,,YEAR,SURVEY,PRODUCTION,UNITED STATES,00,CROPS,"WHEAT, SPRING, WHITE - PRODUCTION, MEASURED IN BU"
2014-11-03 16:18:55.000,00,,,ANNUAL,WHEAT,00000000,FIELD CROPS,US TOTAL,NATIONAL,,NOT SPECIFIED,"SPRING, WHITE, HARD",BU,US TOTAL,,,,,ALL PRODUCTION PRACTICES,9000,,,,99,"6,340,000",2008,ALL UTILIZATION PRACTICES,,US,TOTAL,,YEAR,SURVEY,PRODUCTION,UNITED STATES,00,CROPS,"WHEAT, SPRING, WHITE, HARD - PRODUCTION, MEASURED IN BU"
2014-11-03 16:18:55.000,00,,,ANNUAL,WHEAT,00000000,FIELD CROPS,US TOTAL,NATIONAL,,NOT SPECIFIED,"SPRING, WHITE, SOFT",BU,US TOTAL,,,,,ALL PRODUCTION PRACTICES,9000,,,,99,"29,380,000",2008,ALL UTILIZATION PRACTICES,,US,TOTAL,,YEAR,SURVEY,PRODUCTION,UNITED STATES,00,CROPS,"WHEAT, SPRING, WHITE, SOFT - PRODUCTION, MEASURED IN BU"
2014-11-03 16:18:55.000,00,,,ANNUAL,WHEAT,00000000,FIELD CROPS,US TOTAL,NATIONAL,,NOT SPECIFIED,WINTER,BU,US TOTAL,,,,,ALL PRODUCTION PRACTICES,9000,,,,99,"1,885,575,000",2008,ALL UTILIZATION PRACTICES,,US,TOTAL,,YEAR,SURVEY,PRODUCTION,UNITED STATES,00,CROPS,"WHEAT, WINTER - PRODUCTION, MEASURED IN BU"
2014-11-03 16:18:55.000,00,,,ANNUAL,WHEAT,00000000,FIELD CROPS,US TOTAL,NATIONAL,,NOT SPECIFIED,"WINTER, RED, HARD",BU,US TOTAL,,,,,ALL PRODUCTION PRACTICES,9000,,,,99,"1,045,622,000",2008,ALL UTILIZATION PRACTICES,,US,TOTAL,,YEAR,SURVEY,PRODUCTION,UNITED STATES,00,CROPS,"WHEAT, WINTER, RED, HARD - PRODUCTION, MEASURED IN BU"
2014-11-03 16:18:55.000,00,,,ANNUAL,WHEAT,00000000,FIELD CROPS,US TOTAL,NATIONAL,,NOT SPECIFIED,"WINTER, RED, SOFT",BU,US TOTAL,,,,,ALL PRODUCTION PRACTICES,9000,,,,99,"618,067,000",2008,ALL UTILIZATION PRACTICES,,US,TOTAL,,YEAR,SURVEY,PRODUCTION,UNITED STATES,00,CROPS,"WHEAT, WINTER, RED, SOFT - PRODUCTION, MEASURED IN BU"
2016-08-23 10:02:03.000,00,,,ANNUAL,WHEAT,00000000,FIELD CROPS,US TOTAL,NATIONAL,,NOT SPECIFIED,"WINTER, WHITE",BU,US TOTAL,,,,,ALL PRODUCTION PRACTICES,9000,,,,99,"221,886,000",2008,ALL UTILIZATION PRACTICES,,US,TOTAL,,YEAR,SURVEY,PRODUCTION,UNITED STATES,00,CROPS,"WHEAT, WINTER, WHITE - PRODUCTION, MEASURED IN BU"
2014-11-03 16:18:55.000,00,,,ANNUAL,WHEAT,00000000,FIELD CROPS,US TOTAL,NATIONAL,,NOT SPECIFIED,"WINTER, WHITE, HARD",BU,US TOTAL,,,,,ALL PRODUCTION PRACTICES,9000,,,,99,"23,163,000",2008,ALL UTILIZATION PRACTICES,,US,TOTAL,,YEAR,SURVEY,PRODUCTION,UNITED STATES,00,CROPS,"WHEAT, WINTER, WHITE, HARD - PRODUCTION, MEASURED IN BU"
2014-11-03 16:18:55.000,00,,,ANNUAL,WHEAT,00000000,FIELD CROPS,US TOTAL,NATIONAL,,NOT SPECIFIED,"WINTER, WHITE, SOFT",BU,US TOTAL,,,,,ALL PRODUCTION PRACTICES,9000,,,,99,"198,723,000",2008,ALL UTILIZATION PRACTICES,,US,TOTAL,,YEAR,SURVEY,PRODUCTION,UNITED STATES,00,CROPS,"WHEAT, WINTER, WHITE, SOFT - PRODUCTION, MEASURED IN BU"
2014-11-03 16:18:55.000,00,,,ANNUAL,WHEAT,00000000,FIELD CROPS,US TOTAL,NATIONAL,,NOT SPECIFIED,ALL CLASSES,BU,US TOTAL,,,,,ALL PRODUCTION PRACTICES,9000,,,,99,"2,208,918,000",2009,ALL UTILIZATION PRACTICES,,US,TOTAL,,YEAR,SURVEY,PRODUCTION,UNITED STATES,00,CROPS,"WHEAT - PRODUCTION, MEASURED IN BU"
2014-11-03 16:18:55.000,00,,,ANNUAL,WHEAT,00000000,FIELD CROPS,US TOTAL,NATIONAL,,NOT SPECIFIED,"SPRING, (EXCL DURUM)",BU,US TOTAL,,,,,ALL PRODUCTION PRACTICES,9000,,,,99,"582,911,000",2009,ALL UTILIZATION PRACTICES,,US,TOTAL,,YEAR,SURVEY,PRODUCTION,UNITED STATES,00,CROPS,"WHEAT, SPRING, (EXCL DURUM) - PRODUCTION, MEASURED IN BU"
2014-11-03 16:18:55.000,00,,,ANNUAL,WHEAT,00000000,FIELD CROPS,US TOTAL,NATIONAL,,NOT SPECIFIED,"SPRING, DURUM",BU,US TOTAL,,,,,ALL PRODUCTION PRACTICES,9000,,,,99,"104,930,000",2009,ALL UTILIZATION PRACTICES,,US,TOTAL,,YEAR,SURVEY,PRODUCTION,UNITED STATES,00,CROPS,"WHEAT, SPRING, DURUM - PRODUCTION, MEASURED IN BU"
2014-11-03 16:18:55.000,00,,,ANNUAL,WHEAT,00000000,FIELD CROPS,US TOTAL,NATIONAL,,NOT SPECIFIED,"SPRING, RED, HARD",BU,US TOTAL,,,,,ALL PRODUCTION PRACTICES,9000,,,,99,"546,433,000",2009,ALL UTILIZATION PRACTICES,,US,TOTAL,,YEAR,SURVEY,PRODUCTION,UNITED STATES,00,CROPS,"WHEAT, SPRING, RED, HARD - PRODUCTION, MEASURED IN BU"
2012-01-01 00:00:00.000,00,,,ANNUAL,WHEAT,00000000,FIELD CROPS,US TOTAL,NATIONAL,,NOT SPECIFIED,"SPRING, WHITE",BU,US TOTAL,,,,,ALL PRODUCTION PRACTICES,9000,,,,99,"36,478,000",2009,ALL UTILIZATION PRACTICES,,US,TOTAL,,YEAR,SURVEY,PRODUCTION,UNITED STATES,00,CROPS,"WHEAT, SPRING, WHITE - PRODUCTION, MEASURED IN BU"
2014-11-03 16:18:55.000,00,,,ANNUAL,WHEAT,00000000,FIELD CROPS,US TOTAL,NATIONAL,,NOT SPECIFIED,"SPRING, WHITE, HARD",BU,US TOTAL,,,,,ALL PRODUCTION PRACTICES,9000,,,,99,"7,865,000",2009,ALL UTILIZATION PRACTICES,,US,TOTAL,,YEAR,SURVEY,PRODUCTION,UNITED STATES,00,CROPS,"WHEAT, SPRING, WHITE, HARD - PRODUCTION, MEASURED IN BU"
2014-11-03 16:18:55.000,00,,,ANNUAL,WHEAT,00000000,FIELD CROPS,US TOTAL,NATIONAL,,NOT SPECIFIED,"SPRING, WHITE, SOFT",BU,US TOTAL,,,,,ALL PRODUCTION PRACTICES,9000,,,,99,"28,613,000",2009,ALL UTILIZATION PRACTICES,,US,TOTAL,,YEAR,SURVEY,PRODUCTION,UNITED STATES,00,CROPS,"WHEAT, SPRING, WHITE, SOFT - PRODUCTION, MEASURED IN BU"
2014-11-03 16:18:55.000,00,,,ANNUAL,WHEAT,00000000,FIELD CROPS,US TOTAL,NATIONAL,,NOT SPECIFIED,WINTER,BU,US TOTAL,,,,,ALL PRODUCTION PRACTICES,9000,,,,99,"1,521,077,000",2009,ALL UTILIZATION PRACTICES,,US,TOTAL,,YEAR,SURVEY,PRODUCTION,UNITED STATES,00,CROPS,"WHEAT, WINTER - PRODUCTION, MEASURED IN BU"
2014-11-03 16:18:55.000,00,,,ANNUAL,WHEAT,00000000,FIELD CROPS,US TOTAL,NATIONAL,,NOT SPECIFIED,"WINTER, RED, HARD",BU,US TOTAL,,,,,ALL PRODUCTION PRACTICES,9000,,,,99,"925,761,000",2009,ALL UTILIZATION PRACTICES,,US,TOTAL,,YEAR,SURVEY,PRODUCTION,UNITED STATES,00,CROPS,"WHEAT, WINTER, RED, HARD - PRODUCTION, MEASURED IN BU"
2014-11-03 16:18:55.000,00,,,ANNUAL,WHEAT,00000000,FIELD CROPS,US TOTAL,NATIONAL,,NOT SPECIFIED,"WINTER, RED, SOFT",BU,US TOTAL,,,,,ALL PRODUCTION PRACTICES,9000,,,,99,"390,820,000",2009,ALL UTILIZATION PRACTICES,,US,TOTAL,,YEAR,SURVEY,PRODUCTION,UNITED STATES,00,CROPS,"WHEAT, WINTER, RED, SOFT - PRODUCTION, MEASURED IN BU"
2016-08-23 10:02:03.000,00,,,ANNUAL,WHEAT,00000000,FIELD CROPS,US TOTAL,NATIONAL,,NOT SPECIFIED,"WINTER, WHITE",BU,US TOTAL,,,,,ALL PRODUCTION PRACTICES,9000,,,,99,"204,496,000",2009,ALL UTILIZATION PRACTICES,,US,TOTAL,,YEAR,SURVEY,PRODUCTION,UNITED STATES,00,CROPS,"WHEAT, WINTER, WHITE - PRODUCTION, MEASURED IN BU"
2014-11-03 16:18:55.000,00,,,ANNUAL,WHEAT,00000000,FIELD CROPS,US TOTAL,NATIONAL,,NOT SPECIFIED,"WINTER, WHITE, HARD",BU,US TOTAL,,,,,ALL PRODUCTION PRACTICES,9000,,,,99,"18,541,000",2009,ALL UTILIZATION PRACTICES,,US,TOTAL,,YEAR,SURVEY,PRODUCTION,UNITED STATES,00,CROPS,"WHEAT, WINTER, WHITE, HARD - PRODUCTION, MEASURED IN BU"
2014-11-03 16:18:55.000,00,,,ANNUAL,WHEAT,00000000,FIELD CROPS,US TOTAL,NATIONAL,,NOT SPECIFIED,"WINTER, WHITE, SOFT",BU,US TOTAL,,,,,ALL PRODUCTION PRACTICES,9000,,,,99,"185,955,000",2009,ALL UTILIZATION PRACTICES,,US,TOTAL,,YEAR,SURVEY,PRODUCTION,UNITED STATES,00,CROPS,"WHEAT, WINTER, WHITE, SOFT - PRODUCTION, MEASURED IN BU"
2014-11-03 16:18:55.000,00,,,ANNUAL,WHEAT,00000000,FIELD CROPS,US TOTAL,NATIONAL,,NOT SPECIFIED,ALL CLASSES,BU,US TOTAL,,,,,ALL PRODUCTION PRACTICES,9000,,,,99,"2,163,023,000",2010,ALL UTILIZATION PRACTICES,,US,TOTAL,,YEAR,SURVEY,PRODUCTION,UNITED STATES,00,CROPS,"WHEAT - PRODUCTION, MEASURED IN BU"
2014-11-03 16:18:55.000,00,,,ANNUAL,WHEAT,00000000,FIELD CROPS,US TOTAL,NATIONAL,,NOT SPECIFIED,"SPRING, (EXCL DURUM)",BU,US TOTAL,,,,,ALL PRODUCTION PRACTICES,9000,,,,99,"609,228,000",2010,ALL UTILIZATION PRACTICES,,US,TOTAL,,YEAR,SURVEY,PRODUCTION,UNITED STATES,00,CROPS,"WHEAT, SPRING, (EXCL DURUM) - PRODUCTION, MEASURED IN BU"
2014-11-03 16:18:55.000,00,,,ANNUAL,WHEAT,00000000,FIELD CROPS,US TOTAL,NATIONAL,,NOT SPECIFIED,"SPRING, DURUM",BU,US TOTAL,,,,,ALL PRODUCTION PRACTICES,9000,,,,99,"101,482,000",2010,ALL UTILIZATION PRACTICES,,US,TOTAL,,YEAR,SURVEY,PRODUCTION,UNITED STATES,00,CROPS,"WHEAT, SPRING, DURUM - PRODUCTION, MEASURED IN BU"
2014-11-03 16:18:55.000,00,,,ANNUAL,WHEAT,00000000,FIELD CROPS,US TOTAL,NATIONAL,,NOT SPECIFIED,"SPRING, RED, HARD",BU,US TOTAL,,,,,ALL PRODUCTION PRACTICES,9000,,,,99,"564,035,000",2010,ALL UTILIZATION PRACTICES,,US,TOTAL,,YEAR,SURVEY,PRODUCTION,UNITED STATES,00,CROPS,"WHEAT, SPRING, RED, HARD - PRODUCTION, MEASURED IN BU"
2012-01-01 00:00:00.000,00,,,ANNUAL,WHEAT,00000000,FIELD CROPS,US TOTAL,NATIONAL,,NOT SPECIFIED,"SPRING, WHITE",BU,US TOTAL,,,,,ALL PRODUCTION PRACTICES,9000,,,,99,"46,000,000",2010,ALL UTILIZATION PRACTICES,,US,TOTAL,,YEAR,SURVEY,PRODUCTION,UNITED STATES,00,CROPS,"WHEAT, SPRING, WHITE - PRODUCTION, MEASURED IN BU"
2014-11-03 16:18:55.000,00,,,ANNUAL,WHEAT,00000000,FIELD CROPS,US TOTAL,NATIONAL,,NOT SPECIFIED,"SPRING, WHITE, HARD",BU,US TOTAL,,,,,ALL PRODUCTION PRACTICES,9000,,,,99,"9,262,000",2010,ALL UTILIZATION PRACTICES,,US,TOTAL,,YEAR,SURVEY,PRODUCTION,UNITED STATES,00,CROPS,"WHEAT, SPRING, WHITE, HARD - PRODUCTION, MEASURED IN BU"
2014-11-03 16:18:55.000,00,,,ANNUAL,WHEAT,00000000,FIELD CROPS,US TOTAL,NATIONAL,,NOT SPECIFIED,"SPRING, WHITE, SOFT",BU,US TOTAL,,,,,ALL PRODUCTION PRACTICES,9000,,,,99,"35,931,000",2010,ALL UTILIZATION PRACTICES,,US,TOTAL,,YEAR,SURVEY,PRODUCTION,UNITED STATES,00,CROPS,"WHEAT, SPRING, WHITE, SOFT - PRODUCTION, MEASURED IN BU"
2014-11-03 16:18:55.000,00,,,ANNUAL,WHEAT,00000000,FIELD CROPS,US TOTAL,NATIONAL,,NOT SPECIFIED,WINTER,BU,US TOTAL,,,,,ALL PRODUCTION PRACTICES,9000,,,,99,"1,452,313,000",2010,ALL UTILIZATION PRACTICES,,US,TOTAL,,YEAR,SURVEY,PRODUCTION,UNITED STATES,00,CROPS,"WHEAT, WINTER - PRODUCTION, MEASURED IN BU"
2014-11-03 16:18:55.000,00,,,ANNUAL,WHEAT,00000000,FIELD CROPS,US TOTAL,NATIONAL,,NOT SPECIFIED,"WINTER, RED, HARD",BU,US TOTAL,,,,,ALL PRODUCTION PRACTICES,9000,,,,99,"1,006,079,000",2010,ALL UTILIZATION PRACTICES,,US,TOTAL,,YEAR,SURVEY,PRODUCTION,UNITED STATES,00,CROPS,"WHEAT, WINTER, RED, HARD - PRODUCTION, MEASURED IN BU"
2014-11-03 16:18:55.000,00,,,ANNUAL,WHEAT,00000000,FIELD CROPS,US TOTAL,NATIONAL,,NOT SPECIFIED,"WINTER, RED, SOFT",BU,US TOTAL,,,,,ALL PRODUCTION PRACTICES,9000,,,,99,"219,209,000",2010,ALL UTILIZATION PRACTICES,,US,TOTAL,,YEAR,SURVEY,PRODUCTION,UNITED STATES,00,CROPS,"WHEAT, WINTER, RED, SOFT - PRODUCTION, MEASURED IN BU"
2016-08-23 10:02:03.000,00,,,ANNUAL,WHEAT,00000000,FIELD CROPS,US TOTAL,NATIONAL,,NOT SPECIFIED,"WINTER, WHITE",BU,US TOTAL,,,,,ALL PRODUCTION PRACTICES,9000,,,,99,"227,025,000",2010,ALL UTILIZATION PRACTICES,,US,TOTAL,,YEAR,SURVEY,PRODUCTION,UNITED STATES,00,CROPS,"WHEAT, WINTER, WHITE - PRODUCTION, MEASURED IN BU"
2014-11-03 16:18:55.000,00,,,ANNUAL,WHEAT,00000000,FIELD CROPS,US TOTAL,NATIONAL,,NOT SPECIFIED,"WINTER, WHITE, HARD",BU,US TOTAL,,,,,ALL PRODUCTION PRACTICES,9000,,,,99,"13,311,000",2010,ALL UTILIZATION PRACTICES,,US,TOTAL,,YEAR,SURVEY,PRODUCTION,UNITED STATES,00,CROPS,"WHEAT, WINTER, WHITE, HARD - PRODUCTION, MEASURED IN BU"
2014-11-03 16:18:55.000,00,,,ANNUAL,WHEAT,00000000,FIELD CROPS,US TOTAL,NATIONAL,,NOT SPECIFIED,"WINTER, WHITE, SOFT",BU,US TOTAL,,,,,ALL PRODUCTION PRACTICES,9000,,,,99,"213,714,000",2010,ALL UTILIZATION PRACTICES,,US,TOTAL,,YEAR,SURVEY,PRODUCTION,UNITED STATES,00,CROPS,"WHEAT, WINTER, WHITE, SOFT - PRODUCTION, MEASURED IN BU"
2014-11-03 16:18:55.000,00,,,ANNUAL,WHEAT,00000000,FIELD CROPS,US TOTAL,NATIONAL,,NOT SPECIFIED,ALL CLASSES,BU,US TOTAL,,,,,ALL PRODUCTION PRACTICES,9000,,,,99,"1,993,111,000",2011,ALL UTILIZATION PRACTICES,,US,TOTAL,,YEAR,SURVEY,PRODUCTION,UNITED STATES,00,CROPS,"WHEAT - PRODUCTION, MEASURED IN BU"
2014-11-03 16:18:55.000,00,,,ANNUAL,WHEAT,00000000,FIELD CROPS,US TOTAL,NATIONAL,,NOT SPECIFIED,"SPRING, (EXCL DURUM)",BU,US TOTAL,,,,,ALL PRODUCTION PRACTICES,9000,,,,99,"452,938,000",2011,ALL UTILIZATION PRACTICES,,US,TOTAL,,YEAR,SURVEY,PRODUCTION,UNITED STATES,00,CROPS,"WHEAT, SPRING, (EXCL DURUM) - PRODUCTION, MEASURED IN BU"
2014-11-03 16:18:55.000,00,,,ANNUAL,WHEAT,00000000,FIELD CROPS,US TOTAL,NATIONAL,,NOT SPECIFIED,"SPRING, DURUM",BU,US TOTAL,,,,,ALL PRODUCTION PRACTICES,9000,,,,99,"47,043,000",2011,ALL UTILIZATION PRACTICES,,US,TOTAL,,YEAR,SURVEY,PRODUCTION,UNITED STATES,00,CROPS,"WHEAT, SPRING, DURUM - PRODUCTION, MEASURED IN BU"
2014-11-03 16:18:55.000,00,,,ANNUAL,WHEAT,00000000,FIELD CROPS,US TOTAL,NATIONAL,,NOT SPECIFIED,"SPRING, RED, HARD",BU,US TOTAL,,,,,ALL PRODUCTION PRACTICES,9000,,,,99,"396,175,000",2011,ALL UTILIZATION PRACTICES,,US,TOTAL,,YEAR,SURVEY,PRODUCTION,UNITED STATES,00,CROPS,"WHEAT, SPRING, RED, HARD - PRODUCTION, MEASURED IN BU"
2014-11-03 16:18:55.000,00,,,ANNUAL,WHEAT,00000000,FIELD CROPS,US TOTAL,NATIONAL,,NOT SPECIFIED,"SPRING, WHITE, HARD",BU,US TOTAL,,,,,ALL PRODUCTION PRACTICES,9000,,,,99,"11,865,000",2011,ALL UTILIZATION PRACTICES,,US,TOTAL,,YEAR,SURVEY,PRODUCTION,UNITED STATES,00,CROPS,"WHEAT, SPRING, WHITE, HARD - PRODUCTION, MEASURED IN BU"
2014-11-03 16:18:55.000,00,,,ANNUAL,WHEAT,00000000,FIELD CROPS,US TOTAL,NATIONAL,,NOT SPECIFIED,"SPRING, WHITE, SOFT",BU,US TOTAL,,,,,ALL PRODUCTION PRACTICES,9000,,,,99,"44,898,000",2011,ALL UTILIZATION PRACTICES,,US,TOTAL,,YEAR,SURVEY,PRODUCTION,UNITED STATES,00,CROPS,"WHEAT, SPRING, WHITE, SOFT - PRODUCTION, MEASURED IN BU"
2014-11-03 16:18:55.000,00,,,ANNUAL,WHEAT,00000000,FIELD CROPS,US TOTAL,NATIONAL,,NOT SPECIFIED,WINTER,BU,US TOTAL,,,,,ALL PRODUCTION PRACTICES,9000,,,,99,"1,493,130,000",2011,ALL UTILIZATION PRACTICES,,US,TOTAL,,YEAR,SURVEY,PRODUCTION,UNITED STATES,00,CROPS,"WHEAT, WINTER - PRODUCTION, MEASURED IN BU"
2014-11-03 16:18:55.000,00,,,ANNUAL,WHEAT,00000000,FIELD CROPS,US TOTAL,NATIONAL,,NOT SPECIFIED,"WINTER, RED, HARD",BU,US TOTAL,,,,,ALL PRODUCTION PRACTICES,9000,,,,99,"782,859,000",2011,ALL UTILIZATION PRACTICES,,US,TOTAL,,YEAR,SURVEY,PRODUCTION,UNITED STATES,00,CROPS,"WHEAT, WINTER, RED, HARD - PRODUCTION, MEASURED IN BU"
2014-11-03 16:18:55.000,00,,,ANNUAL,WHEAT,00000000,FIELD CROPS,US TOTAL,NATIONAL,,NOT SPECIFIED,"WINTER, RED, SOFT",BU,US TOTAL,,,,,ALL PRODUCTION PRACTICES,9000,,,,99,"452,738,000",2011,ALL UTILIZATION PRACTICES,,US,TOTAL,,YEAR,SURVEY,PRODUCTION,UNITED STATES,00,CROPS,"WHEAT, WINTER, RED, SOFT - PRODUCTION, MEASURED IN BU"
2016-08-23 10:02:03.000,00,,,ANNUAL,WHEAT,00000000,FIELD CROPS,US TOTAL,NATIONAL,,NOT SPECIFIED,"WINTER, WHITE",BU,US TOTAL,,,,,ALL PRODUCTION PRACTICES,9000,,,,99,"257,533,000",2011,ALL UTILIZATION PRACTICES,,US,TOTAL,,YEAR,SURVEY,PRODUCTION,UNITED STATES,00,CROPS,"WHEAT, WINTER, WHITE - PRODUCTION, MEASURED IN BU"
2014-11-03 16:18:55.000,00,,,ANNUAL,WHEAT,00000000,FIELD CROPS,US TOTAL,NATIONAL,,NOT SPECIFIED,"WINTER, WHITE, HARD",BU,US TOTAL,,,,,ALL PRODUCTION PRACTICES,9000,,,,99,"12,613,000",2011,ALL UTILIZATION PRACTICES,,US,TOTAL,,YEAR,SURVEY,PRODUCTION,UNITED STATES,00,CROPS,"WHEAT, WINTER, WHITE, HARD - PRODUCTION, MEASURED IN BU"
2014-11-03 16:18:55.000,00,,,ANNUAL,WHEAT,00000000,FIELD CROPS,US TOTAL,NATIONAL,,NOT SPECIFIED,"WINTER, WHITE, SOFT",BU,US TOTAL,,,,,ALL PRODUCTION PRACTICES,9000,,,,99,"244,920,000",2011,ALL UTILIZATION PRACTICES,,US,TOTAL,,YEAR,SURVEY,PRODUCTION,UNITED STATES,00,CROPS,"WHEAT, WINTER, WHITE, SOFT - PRODUCTION, MEASURED IN BU"
2014-11-03 16:18:55.000,00,,,ANNUAL,WHEAT,00000000,FIELD CROPS,US TOTAL,NATIONAL,,NOT SPECIFIED,ALL CLASSES,BU,US TOTAL,,,,,ALL PRODUCTION PRACTICES,9000,,,,99,"2,252,307,000",2012,ALL UTILIZATION PRACTICES,,US,TOTAL,,YEAR,SURVEY,PRODUCTION,UNITED STATES,00,CROPS,"WHEAT - PRODUCTION, MEASURED IN BU"
2012-08-10 12:59:15.000,00,,,ANNUAL,WHEAT,00000000,FIELD CROPS,US TOTAL,NATIONAL,,NOT SPECIFIED,ALL CLASSES,BU,US TOTAL,,,,,ALL PRODUCTION PRACTICES,9000,,,,99,"2,268,246,000",2012,ALL UTILIZATION PRACTICES,,US,TOTAL,,YEAR - AUG FORECAST,SURVEY,PRODUCTION,UNITED STATES,00,CROPS,"WHEAT - PRODUCTION, MEASURED IN BU"
2012-07-11 10:58:01.000,00,,,ANNUAL,WHEAT,00000000,FIELD CROPS,US TOTAL,NATIONAL,,NOT SPECIFIED,ALL CLASSES,BU,US TOTAL,,,,,ALL PRODUCTION PRACTICES,9000,,,,99,"2,224,075,000",2012,ALL UTILIZATION PRACTICES,,US,TOTAL,,YEAR - JUL FORECAST,SURVEY,PRODUCTION,UNITED STATES,00,CROPS,"WHEAT - PRODUCTION, MEASURED IN BU"
2014-11-03 16:18:55.000,00,,,ANNUAL,WHEAT,00000000,FIELD CROPS,US TOTAL,NATIONAL,,NOT SPECIFIED,"SPRING, (EXCL DURUM)",BU,US TOTAL,,,,,ALL PRODUCTION PRACTICES,9000,,,,99,"540,419,000",2012,ALL UTILIZATION PRACTICES,,US,TOTAL,,YEAR,SURVEY,PRODUCTION,UNITED STATES,00,CROPS,"WHEAT, SPRING, (EXCL DURUM) - PRODUCTION, MEASURED IN BU"
2012-08-10 12:59:15.000,00,,,ANNUAL,WHEAT,00000000,FIELD CROPS,US TOTAL,NATIONAL,,NOT SPECIFIED,"SPRING, (EXCL DURUM)",BU,US TOTAL,,,,,ALL PRODUCTION PRACTICES,9000,,,,99,"499,510,000",2012,ALL UTILIZATION PRACTICES,,US,TOTAL,,YEAR - AUG FORECAST,SURVEY,PRODUCTION,UNITED STATES,00,CROPS,"WHEAT, SPRING, (EXCL DURUM) - PRODUCTION, MEASURED IN BU"
2012-07-11 10:58:01.000,00,,,ANNUAL,WHEAT,00000000,FIELD CROPS,US TOTAL,NATIONAL,,NOT SPECIFIED,"SPRING, (EXCL DURUM)",BU,US TOTAL,,,,,ALL PRODUCTION PRACTICES,9000,,,,99,"471,769,000",2012,ALL UTILIZATION PRACTICES,,US,TOTAL,,YEAR - JUL FORECAST,SURVEY,PRODUCTION,UNITED STATES,00,CROPS,"WHEAT, SPRING, (EXCL DURUM) - PRODUCTION, MEASURED IN BU"
2014-11-03 16:18:55.000,00,,,ANNUAL,WHEAT,00000000,FIELD CROPS,US TOTAL,NATIONAL,,NOT SPECIFIED,"SPRING, DURUM",BU,US TOTAL,,,,,ALL PRODUCTION PRACTICES,9000,,,,99,"81,501,000",2012,ALL UTILIZATION PRACTICES,,US,TOTAL,,YEAR,SURVEY,PRODUCTION,UNITED STATES,00,CROPS,"WHEAT, SPRING, DURUM - PRODUCTION, MEASURED IN BU"
2012-08-10 12:59:15.000,00,,,ANNUAL,WHEAT,00000000,FIELD CROPS,US TOTAL,NATIONAL,,NOT SPECIFIED,"SPRING, DURUM",BU,US TOTAL,,,,,ALL PRODUCTION PRACTICES,9000,,,,99,"86,010,000",2012,ALL UTILIZATION PRACTICES,,US,TOTAL,,YEAR - AUG FORECAST,SURVEY,PRODUCTION,UNITED STATES,00,CROPS,"WHEAT, SPRING, DURUM - PRODUCTION, MEASURED IN BU"
2012-07-11 10:58:01.000,00,,,ANNUAL,WHEAT,00000000,FIELD CROPS,US TOTAL,NATIONAL,,NOT SPECIFIED,"SPRING, DURUM",BU,US TOTAL,,,,,ALL PRODUCTION PRACTICES,9000,,,,99,"81,960,000",2012,ALL UTILIZATION PRACTICES,,US,TOTAL,,YEAR - JUL FORECAST,SURVEY,PRODUCTION,UNITED STATES,00,CROPS,"WHEAT, SPRING, DURUM - PRODUCTION, MEASURED IN BU"
2014-11-03 16:18:55.000,00,,,ANNUAL,WHEAT,00000000,FIELD CROPS,US TOTAL,NATIONAL,,NOT SPECIFIED,"SPRING, RED, HARD",BU,US TOTAL,,,,,ALL PRODUCTION PRACTICES,9000,,,,99,"503,464,000",2012,ALL UTILIZATION PRACTICES,,US,TOTAL,,YEAR,SURVEY,PRODUCTION,UNITED STATES,00,CROPS,"WHEAT, SPRING, RED, HARD - PRODUCTION, MEASURED IN BU"
2012-08-10 12:59:15.000,00,,,ANNUAL,WHEAT,00000000,FIELD CROPS,US TOTAL,NATIONAL,,NOT SPECIFIED,"SPRING, RED, HARD",BU,US TOTAL,,,,,ALL PRODUCTION PRACTICES,9000,,,,99,"462,582,000",2012,ALL UTILIZATION PRACTICES,,US,TOTAL,,YEAR - AUG FORECAST,SURVEY,PRODUCTION,UNITED STATES,00,CROPS,"WHEAT, SPRING, RED, HARD - PRODUCTION, MEASURED IN BU"
2012-07-11 10:58:01.000,00,,,ANNUAL,WHEAT,00000000,FIELD CROPS,US TOTAL,NATIONAL,,NOT SPECIFIED,"SPRING, RED, HARD",BU,US TOTAL,,,,,ALL PRODUCTION PRACTICES,9000,,,,99,"435,485,000",2012,ALL UTILIZATION PRACTICES,,US,TOTAL,,YEAR - JUL FORECAST,SURVEY,PRODUCTION,UNITED STATES,00,CROPS,"WHEAT, SPRING, RED, HARD - PRODUCTION, MEASURED IN BU"
2014-11-03 16:18:55.000,00,,,ANNUAL,WHEAT,00000000,FIELD CROPS,US TOTAL,NATIONAL,,NOT SPECIFIED,"SPRING, WHITE, HARD",BU,US TOTAL,,,,,ALL PRODUCTION PRACTICES,9000,,,,99,"8,302,000",2012,ALL UTILIZATION PRACTICES,,US,TOTAL,,YEAR,SURVEY,PRODUCTION,UNITED STATES,00,CROPS,"WHEAT, SPRING, WHITE, HARD - PRODUCTION, MEASURED IN BU"
2012-08-10 12:59:15.000,00,,,ANNUAL,WHEAT,00000000,FIELD CROPS,US TOTAL,NATIONAL,,NOT SPECIFIED,"SPRING, WHITE, HARD",BU,US TOTAL,,,,,ALL PRODUCTION PRACTICES,9000,,,,99,"7,221,000",2012,ALL UTILIZATION PRACTICES,,US,TOTAL,,YEAR - AUG FORECAST,SURVEY,PRODUCTION,UNITED STATES,00,CROPS,"WHEAT, SPRING, WHITE, HARD - PRODUCTION, MEASURED IN BU"
2012-07-11 10:58:01.000,00,,,ANNUAL,WHEAT,00000000,FIELD CROPS,US TOTAL,NATIONAL,,NOT SPECIFIED,"SPRING, WHITE, HARD",BU,US TOTAL,,,,,ALL PRODUCTION PRACTICES,9000,,,,99,"7,046,000",2012,ALL UTILIZATION PRACTICES,,US,TOTAL,,YEAR - JUL FORECAST,SURVEY,PRODUCTION,UNITED STATES,00,CROPS,"WHEAT, SPRING, WHITE, HARD - PRODUCTION, MEASURED IN BU"
2014-11-03 16:18:55.000,00,,,ANNUAL,WHEAT,00000000,FIELD CROPS,US TOTAL,NATIONAL,,NOT SPECIFIED,"SPRING, WHITE, SOFT",BU,US TOTAL,,,,,ALL PRODUCTION PRACTICES,9000,,,,99,"28,653,000",2012,ALL UTILIZATION PRACTICES,,US,TOTAL,,YEAR,SURVEY,PRODUCTION,UNITED STATES,00,CROPS,"WHEAT, SPRING, WHITE, SOFT - PRODUCTION, MEASURED IN BU"
2013-08-01 13:04:54.000,00,,,ANNUAL,WHEAT,00000000,FIELD CROPS,US TOTAL,NATIONAL,,NOT SPECIFIED,"SPRING, WHITE, SOFT",BU,US TOTAL,,,,,ALL PRODUCTION PRACTICES,9000,,,,99,"29,707,000",2012,ALL UTILIZATION PRACTICES,,US,TOTAL,,YEAR - AUG FORECAST,SURVEY,PRODUCTION,UNITED STATES,00,CROPS,"WHEAT, SPRING, WHITE, SOFT - PRODUCTION, MEASURED IN BU"
2013-08-01 13:04:54.000,00,,,ANNUAL,WHEAT,00000000,FIELD CROPS,US TOTAL,NATIONAL,,NOT SPECIFIED,"SPRING, WHITE, SOFT",BU,US TOTAL,,,,,ALL PRODUCTION PRACTICES,9000,,,,99,"29,238,000",2012,ALL UTILIZATION PRACTICES,,US,TOTAL,,YEAR - JUL FORECAST,SURVEY,PRODUCTION,UNITED STATES,00,CROPS,"WHEAT, SPRING, WHITE, SOFT - PRODUCTION, MEASURED IN BU"
2014-11-03 16:18:55.000,00,,,ANNUAL,WHEAT,00000000,FIELD CROPS,US TOTAL,NATIONAL,,NOT SPECIFIED,WINTER,BU,US TOTAL,,,,,ALL PRODUCTION PRACTICES,9000,,,,99,"1,630,387,000",2012,ALL UTILIZATION PRACTICES,,US,TOTAL,,YEAR,SURVEY,PRODUCTION,UNITED STATES,00,CROPS,"WHEAT, WINTER - PRODUCTION, MEASURED IN BU"
2012-08-10 12:59:15.000,00,,,ANNUAL,WHEAT,00000000,FIELD CROPS,US TOTAL,NATIONAL,,NOT SPECIFIED,WINTER,BU,US TOTAL,,,,,ALL PRODUCTION PRACTICES,9000,,,,99,"1,682,726,000",2012,ALL UTILIZATION PRACTICES,,US,TOTAL,,YEAR - AUG FORECAST,SURVEY,PRODUCTION,UNITED STATES,00,CROPS,"WHEAT, WINTER - PRODUCTION, MEASURED IN BU"
2012-07-11 10:58:01.000,00,,,ANNUAL,WHEAT,00000000,FIELD CROPS,US TOTAL,NATIONAL,,NOT SPECIFIED,WINTER,BU,US TOTAL,,,,,ALL PRODUCTION PRACTICES,9000,,,,99,"1,670,346,000",2012,ALL UTILIZATION PRACTICES,,US,TOTAL,,YEAR - JUL FORECAST,SURVEY,PRODUCTION,UNITED STATES,00,CROPS,"WHEAT, WINTER - PRODUCTION, MEASURED IN BU"
2012-06-12 10:36:59.000,00,,,ANNUAL,WHEAT,00000000,FIELD CROPS,US TOTAL,NATIONAL,,NOT SPECIFIED,WINTER,BU,US TOTAL,,,,,ALL PRODUCTION PRACTICES,9000,,,,99,"1,683,667,000",2012,ALL UTILIZATION PRACTICES,,US,TOTAL,,YEAR - JUN FORECAST,SURVEY,PRODUCTION,UNITED STATES,00,CROPS,"WHEAT, WINTER - PRODUCTION, MEASURED IN BU"
2012-05-10 10:44:35.000,00,,,ANNUAL,WHEAT,00000000,FIELD CROPS,US TOTAL,NATIONAL,,NOT SPECIFIED,WINTER,BU,US TOTAL,,,,,ALL PRODUCTION PRACTICES,9000,,,,99,"1,693,710,000",2012,ALL UTILIZATION PRACTICES,,US,TOTAL,,YEAR - MAY FORECAST,SURVEY,PRODUCTION,UNITED STATES,00,CROPS,"WHEAT, WINTER - PRODUCTION, MEASURED IN BU"
2014-11-03 16:18:55.000,00,,,ANNUAL,WHEAT,00000000,FIELD CROPS,US TOTAL,NATIONAL,,NOT SPECIFIED,"WINTER, RED, HARD",BU,US TOTAL,,,,,ALL PRODUCTION PRACTICES,9000,,,,99,"997,948,000",2012,ALL UTILIZATION PRACTICES,,US,TOTAL,,YEAR,SURVEY,PRODUCTION,UNITED STATES,00,CROPS,"WHEAT, WINTER, RED, HARD - PRODUCTION, MEASURED IN BU"
2012-08-10 12:59:15.000,00,,,ANNUAL,WHEAT,00000000,FIELD CROPS,US TOTAL,NATIONAL,,NOT SPECIFIED,"WINTER, RED, HARD",BU,US TOTAL,,,,,ALL PRODUCTION PRACTICES,9000,,,,99,"1,012,141,000",2012,ALL UTILIZATION PRACTICES,,US,TOTAL,,YEAR - AUG FORECAST,SURVEY,PRODUCTION,UNITED STATES,00,CROPS,"WHEAT, WINTER, RED, HARD - PRODUCTION, MEASURED IN BU"
2012-07-11 10:58:01.000,00,,,ANNUAL,WHEAT,00000000,FIELD CROPS,US TOTAL,NATIONAL,,NOT SPECIFIED,"WINTER, RED, HARD",BU,US TOTAL,,,,,ALL PRODUCTION PRACTICES,9000,,,,99,"1,009,656,000",2012,ALL UTILIZATION PRACTICES,,US,TOTAL,,YEAR - JUL FORECAST,SURVEY,PRODUCTION,UNITED STATES,00,CROPS,"WHEAT, WINTER, RED, HARD - PRODUCTION, MEASURED IN BU"
2012-06-12 10:36:59.000,00,,,ANNUAL,WHEAT,00000000,FIELD CROPS,US TOTAL,NATIONAL,,NOT SPECIFIED,"WINTER, RED, HARD",BU,US TOTAL,,,,,ALL PRODUCTION PRACTICES,9000,,,,99,"1,023,894,000",2012,ALL UTILIZATION PRACTICES,,US,TOTAL,,YEAR - JUN FORECAST,SURVEY,PRODUCTION,UNITED STATES,00,CROPS,"WHEAT, WINTER, RED, HARD - PRODUCTION, MEASURED IN BU"
2012-05-10 10:44:35.000,00,,,ANNUAL,WHEAT,00000000,FIELD CROPS,US TOTAL,NATIONAL,,NOT SPECIFIED,"WINTER, RED, HARD",BU,US TOTAL,,,,,ALL PRODUCTION PRACTICES,9000,,,,99,"1,032,252,000",2012,ALL UTILIZATION PRACTICES,,US,TOTAL,,YEAR - MAY FORECAST,SURVEY,PRODUCTION,UNITED STATES,00,CROPS,"WHEAT, WINTER, RED, HARD - PRODUCTION, MEASURED IN BU"
2014-11-03 16:18:55.000,00,,,ANNUAL,WHEAT,00000000,FIELD CROPS,US TOTAL,NATIONAL,,NOT SPECIFIED,"WINTER, RED, SOFT",BU,US TOTAL,,,,,ALL PRODUCTION PRACTICES,9000,,,,99,"412,729,000",2012,ALL UTILIZATION PRACTICES,,US,TOTAL,,YEAR,SURVEY,PRODUCTION,UNITED STATES,00,CROPS,"WHEAT, WINTER, RED, SOFT - PRODUCTION, MEASURED IN BU"
2012-08-10 12:59:15.000,00,,,ANNUAL,WHEAT,00000000,FIELD CROPS,US TOTAL,NATIONAL,,NOT SPECIFIED,"WINTER, RED, SOFT",BU,US TOTAL,,,,,ALL PRODUCTION PRACTICES,9000,,,,99,"435,059,000",2012,ALL UTILIZATION PRACTICES,,US,TOTAL,,YEAR - AUG FORECAST,SURVEY,PRODUCTION,UNITED STATES,00,CROPS,"WHEAT, WINTER, RED, SOFT - PRODUCTION, MEASURED IN BU"
2012-07-11 10:58:01.000,00,,,ANNUAL,WHEAT,00000000,FIELD CROPS,US TOTAL,NATIONAL,,NOT SPECIFIED,"WINTER, RED, SOFT",BU,US TOTAL,,,,,ALL PRODUCTION PRACTICES,9000,,,,99,"429,027,000",2012,ALL UTILIZATION PRACTICES,,US,TOTAL,,YEAR - JUL FORECAST,SURVEY,PRODUCTION,UNITED STATES,00,CROPS,"WHEAT, WINTER, RED, SOFT - PRODUCTION, MEASURED IN BU"
2012-06-12 10:36:59.000,00,,,ANNUAL,WHEAT,00000000,FIELD CROPS,US TOTAL,NATIONAL,,NOT SPECIFIED,"WINTER, RED, SOFT",BU,US TOTAL,,,,,ALL PRODUCTION PRACTICES,9000,,,,99,"428,466,000",2012,ALL UTILIZATION PRACTICES,,US,TOTAL,,YEAR - JUN FORECAST,SURVEY,PRODUCTION,UNITED STATES,00,CROPS,"WHEAT, WINTER, RED, SOFT - PRODUCTION, MEASURED IN BU"
2012-05-10 10:44:35.000,00,,,ANNUAL,WHEAT,00000000,FIELD CROPS,US TOTAL,NATIONAL,,NOT SPECIFIED,"WINTER, RED, SOFT",BU,US TOTAL,,,,,ALL PRODUCTION PRACTICES,9000,,,,99,"428,263,000",2012,ALL UTILIZATION PRACTICES,,US,TOTAL,,YEAR - MAY FORECAST,SURVEY,PRODUCTION,UNITED STATES,00,CROPS,"WHEAT, WINTER, RED, SOFT - PRODUCTION, MEASURED IN BU"
2016-08-23 10:02:03.000,00,,,ANNUAL,WHEAT,00000000,FIELD CROPS,US TOTAL,NATIONAL,,NOT SPECIFIED,"WINTER, WHITE",BU,US TOTAL,,,,,ALL PRODUCTION PRACTICES,9000,,,,99,"219,710,000",2012,ALL UTILIZATION PRACTICES,,US,TOTAL,,YEAR,SURVEY,PRODUCTION,UNITED STATES,00,CROPS,"WHEAT, WINTER, WHITE - PRODUCTION, MEASURED IN BU"
2014-11-03 16:18:55.000,00,,,ANNUAL,WHEAT,00000000,FIELD CROPS,US TOTAL,NATIONAL,,NOT SPECIFIED,"WINTER, WHITE, HARD",BU,US TOTAL,,,,,ALL PRODUCTION PRACTICES,9000,,,,99,"13,046,000",2012,ALL UTILIZATION PRACTICES,,US,TOTAL,,YEAR,SURVEY,PRODUCTION,UNITED STATES,00,CROPS,"WHEAT, WINTER, WHITE, HARD - PRODUCTION, MEASURED IN BU"
2012-08-10 12:59:15.000,00,,,ANNUAL,WHEAT,00000000,FIELD CROPS,US TOTAL,NATIONAL,,NOT SPECIFIED,"WINTER, WHITE, HARD",BU,US TOTAL,,,,,ALL PRODUCTION PRACTICES,9000,,,,99,"13,867,000",2012,ALL UTILIZATION PRACTICES,,US,TOTAL,,YEAR - AUG FORECAST,SURVEY,PRODUCTION,UNITED STATES,00,CROPS,"WHEAT, WINTER, WHITE, HARD - PRODUCTION, MEASURED IN BU"
2012-07-11 10:58:01.000,00,,,ANNUAL,WHEAT,00000000,FIELD CROPS,US TOTAL,NATIONAL,,NOT SPECIFIED,"WINTER, WHITE, HARD",BU,US TOTAL,,,,,ALL PRODUCTION PRACTICES,9000,,,,99,"14,047,000",2012,ALL UTILIZATION PRACTICES,,US,TOTAL,,YEAR - JUL FORECAST,SURVEY,PRODUCTION,UNITED STATES,00,CROPS,"WHEAT, WINTER, WHITE, HARD - PRODUCTION, MEASURED IN BU"
2012-06-12 10:36:59.000,00,,,ANNUAL,WHEAT,00000000,FIELD CROPS,US TOTAL,NATIONAL,,NOT SPECIFIED,"WINTER, WHITE, HARD",BU,US TOTAL,,,,,ALL PRODUCTION PRACTICES,9000,,,,99,"14,124,000",2012,ALL UTILIZATION PRACTICES,,US,TOTAL,,YEAR - JUN FORECAST,SURVEY,PRODUCTION,UNITED STATES,00,CROPS,"WHEAT, WINTER, WHITE, HARD - PRODUCTION, MEASURED IN BU"
2012-05-10 10:44:35.000,00,,,ANNUAL,WHEAT,00000000,FIELD CROPS,US TOTAL,NATIONAL,,NOT SPECIFIED,"WINTER, WHITE, HARD",BU,US TOTAL,,,,,ALL PRODUCTION PRACTICES,9000,,,,99,"14,060,000",2012,ALL UTILIZATION PRACTICES,,US,TOTAL,,YEAR - MAY FORECAST,SURVEY,PRODUCTION,UNITED STATES,00,CROPS,"WHEAT, WINTER, WHITE, HARD - PRODUCTION, MEASURED IN BU"
2014-11-03 16:18:55.000,00,,,ANNUAL,WHEAT,00000000,FIELD CROPS,US TOTAL,NATIONAL,,NOT SPECIFIED,"WINTER, WHITE, SOFT",BU,US TOTAL,,,,,ALL PRODUCTION PRACTICES,9000,,,,99,"206,664,000",2012,ALL UTILIZATION PRACTICES,,US,TOTAL,,YEAR,SURVEY,PRODUCTION,UNITED STATES,00,CROPS,"WHEAT, WINTER, WHITE, SOFT - PRODUCTION, MEASURED IN BU"
2012-08-10 12:59:15.000,00,,,ANNUAL,WHEAT,00000000,FIELD CROPS,US TOTAL,NATIONAL,,NOT SPECIFIED,"WINTER, WHITE, SOFT",BU,US TOTAL,,,,,ALL PRODUCTION PRACTICES,9000,,,,99,"221,659,000",2012,ALL UTILIZATION PRACTICES,,US,TOTAL,,YEAR - AUG FORECAST,SURVEY,PRODUCTION,UNITED STATES,00,CROPS,"WHEAT, WINTER, WHITE, SOFT - PRODUCTION, MEASURED IN BU"
2012-07-11 10:58:01.000,00,,,ANNUAL,WHEAT,00000000,FIELD CROPS,US TOTAL,NATIONAL,,NOT SPECIFIED,"WINTER, WHITE, SOFT",BU,US TOTAL,,,,,ALL PRODUCTION PRACTICES,9000,,,,99,"217,616,000",2012,ALL UTILIZATION PRACTICES,,US,TOTAL,,YEAR - JUL FORECAST,SURVEY,PRODUCTION,UNITED STATES,00,CROPS,"WHEAT, WINTER, WHITE, SOFT - PRODUCTION, MEASURED IN BU"
2012-06-12 10:36:59.000,00,,,ANNUAL,WHEAT,00000000,FIELD CROPS,US TOTAL,NATIONAL,,NOT SPECIFIED,"WINTER, WHITE, SOFT",BU,US TOTAL,,,,,ALL PRODUCTION PRACTICES,9000,,,,99,"217,183,000",2012,ALL UTILIZATION PRACTICES,,US,TOTAL,,YEAR - JUN FORECAST,SURVEY,PRODUCTION,UNITED STATES,00,CROPS,"WHEAT, WINTER, WHITE, SOFT - PRODUCTION, MEASURED IN BU"
2012-05-10 10:44:35.000,00,,,ANNUAL,WHEAT,00000000,FIELD CROPS,US TOTAL,NATIONAL,,NOT SPECIFIED,"WINTER, WHITE, SOFT",BU,US TOTAL,,,,,ALL PRODUCTION PRACTICES,9000,,,,99,"219,135,000",2012,ALL UTILIZATION PRACTICES,,US,TOTAL,,YEAR - MAY FORECAST,SURVEY,PRODUCTION,UNITED STATES,00,CROPS,"WHEAT, WINTER, WHITE, SOFT - PRODUCTION, MEASURED IN BU"
2019-02-06 15:00:06.000,00,,,ANNUAL,WHEAT,00000000,FIELD CROPS,US TOTAL,NATIONAL,,NOT SPECIFIED,ALL CLASSES,BU,US TOTAL,,,,,ALL PRODUCTION PRACTICES,9000,,,,99,"2,134,979,000",2013,ALL UTILIZATION PRACTICES,,US,TOTAL,,YEAR,SURVEY,PRODUCTION,UNITED STATES,00,CROPS,"WHEAT - PRODUCTION, MEASURED IN BU"
2013-08-12 12:25:57.000,00,,,ANNUAL,WHEAT,00000000,FIELD CROPS,US TOTAL,NATIONAL,,NOT SPECIFIED,ALL CLASSES,BU,US TOTAL,,,,,ALL PRODUCTION PRACTICES,9000,,,,99,"2,114,085,000",2013,ALL UTILIZATION PRACTICES,,US,TOTAL,,YEAR - AUG FORECAST,SURVEY,PRODUCTION,UNITED STATES,00,CROPS,"WHEAT - PRODUCTION, MEASURED IN BU"
2013-07-11 13:38:49.000,00,,,ANNUAL,WHEAT,00000000,FIELD CROPS,US TOTAL,NATIONAL,,NOT SPECIFIED,ALL CLASSES,BU,US TOTAL,,,,,ALL PRODUCTION PRACTICES,9000,,,,99,"2,113,643,000",2013,ALL UTILIZATION PRACTICES,,US,TOTAL,,YEAR - JUL FORECAST,SURVEY,PRODUCTION,UNITED STATES,00,CROPS,"WHEAT - PRODUCTION, MEASURED IN BU"
2019-02-06 15:00:06.000,00,,,ANNUAL,WHEAT,00000000,FIELD CROPS,US TOTAL,NATIONAL,,NOT SPECIFIED,"SPRING, (EXCL DURUM)",BU,US TOTAL,,,,,ALL PRODUCTION PRACTICES,9000,,,,99,"534,101,000",2013,ALL UTILIZATION PRACTICES,,US,TOTAL,,YEAR,SURVEY,PRODUCTION,UNITED STATES,00,CROPS,"WHEAT, SPRING, (EXCL DURUM) - PRODUCTION, MEASURED IN BU"
2013-08-12 12:25:57.000,00,,,ANNUAL,WHEAT,00000000,FIELD CROPS,US TOTAL,NATIONAL,,NOT SPECIFIED,"SPRING, (EXCL DURUM)",BU,US TOTAL,,,,,ALL PRODUCTION PRACTICES,9000,,,,99,"511,280,000",2013,ALL UTILIZATION PRACTICES,,US,TOTAL,,YEAR - AUG FORECAST,SURVEY,PRODUCTION,UNITED STATES,00,CROPS,"WHEAT, SPRING, (EXCL DURUM) - PRODUCTION, MEASURED IN BU"
2013-07-11 13:38:49.000,00,,,ANNUAL,WHEAT,00000000,FIELD CROPS,US TOTAL,NATIONAL,,NOT SPECIFIED,"SPRING, (EXCL DURUM)",BU,US TOTAL,,,,,ALL PRODUCTION PRACTICES,9000,,,,99,"513,018,000",2013,ALL UTILIZATION PRACTICES,,US,TOTAL,,YEAR - JUL FORECAST,SURVEY,PRODUCTION,UNITED STATES,00,CROPS,"WHEAT, SPRING, (EXCL DURUM) - PRODUCTION, MEASURED IN BU"
2019-02-06 15:00:06.000,00,,,ANNUAL,WHEAT,00000000,FIELD CROPS,US TOTAL,NATIONAL,,NOT SPECIFIED,"SPRING, DURUM",BU,US TOTAL,,,,,ALL PRODUCTION PRACTICES,9000,,,,99,"57,976,000",2013,ALL UTILIZATION PRACTICES,,US,TOTAL,,YEAR,SURVEY,PRODUCTION,UNITED STATES,00,CROPS,"WHEAT, SPRING, DURUM - PRODUCTION, MEASURED IN BU"
2013-08-12 12:25:57.000,00,,,ANNUAL,WHEAT,00000000,FIELD CROPS,US TOTAL,NATIONAL,,NOT SPECIFIED,"SPRING, DURUM",BU,US TOTAL,,,,,ALL PRODUCTION PRACTICES,9000,,,,99,"60,200,000",2013,ALL UTILIZATION PRACTICES,,US,TOTAL,,YEAR - AUG FORECAST,SURVEY,PRODUCTION,UNITED STATES,00,CROPS,"WHEAT, SPRING, DURUM - PRODUCTION, MEASURED IN BU"
2013-07-11 13:38:49.000,00,,,ANNUAL,WHEAT,00000000,FIELD CROPS,US TOTAL,NATIONAL,,NOT SPECIFIED,"SPRING, DURUM",BU,US TOTAL,,,,,ALL PRODUCTION PRACTICES,9000,,,,99,"57,530,000",2013,ALL UTILIZATION PRACTICES,,US,TOTAL,,YEAR - JUL FORECAST,SURVEY,PRODUCTION,UNITED STATES,00,CROPS,"WHEAT, SPRING, DURUM - PRODUCTION, MEASURED IN BU"
2019-02-06 15:00:06.000,00,,,ANNUAL,WHEAT,00000000,FIELD CROPS,US TOTAL,NATIONAL,,NOT SPECIFIED,"SPRING, RED, HARD",BU,US TOTAL,,,,,ALL PRODUCTION PRACTICES,9000,,,,99,"490,629,000",2013,ALL UTILIZATION PRACTICES,,US,TOTAL,,YEAR,SURVEY,PRODUCTION,UNITED STATES,00,CROPS,"WHEAT, SPRING, RED, HARD - PRODUCTION, MEASURED IN BU"
2013-08-12 12:25:57.000,00,,,ANNUAL,WHEAT,00000000,FIELD CROPS,US TOTAL,NATIONAL,,NOT SPECIFIED,"SPRING, RED, HARD",BU,US TOTAL,,,,,ALL PRODUCTION PRACTICES,9000,,,,99,"474,823,000",2013,ALL UTILIZATION PRACTICES,,US,TOTAL,,YEAR - AUG FORECAST,SURVEY,PRODUCTION,UNITED STATES,00,CROPS,"WHEAT, SPRING, RED, HARD - PRODUCTION, MEASURED IN BU"
2013-07-11 13:38:49.000,00,,,ANNUAL,WHEAT,00000000,FIELD CROPS,US TOTAL,NATIONAL,,NOT SPECIFIED,"SPRING, RED, HARD",BU,US TOTAL,,,,,ALL PRODUCTION PRACTICES,9000,,,,99,"476,324,000",2013,ALL UTILIZATION PRACTICES,,US,TOTAL,,YEAR - JUL FORECAST,SURVEY,PRODUCTION,UNITED STATES,00,CROPS,"WHEAT, SPRING, RED, HARD - PRODUCTION, MEASURED IN BU"
2019-02-06 15:00:06.000,00,,,ANNUAL,WHEAT,00000000,FIELD CROPS,US TOTAL,NATIONAL,,NOT SPECIFIED,"SPRING, WHITE, HARD",BU,US TOTAL,,,,,ALL PRODUCTION PRACTICES,9000,,,,99,"10,525,000",2013,ALL UTILIZATION PRACTICES,,US,TOTAL,,YEAR,SURVEY,PRODUCTION,UNITED STATES,00,CROPS,"WHEAT, SPRING, WHITE, HARD - PRODUCTION, MEASURED IN BU"
2013-08-12 12:25:57.000,00,,,ANNUAL,WHEAT,00000000,FIELD CROPS,US TOTAL,NATIONAL,,NOT SPECIFIED,"SPRING, WHITE, HARD",BU,US TOTAL,,,,,ALL PRODUCTION PRACTICES,9000,,,,99,"8,974,000",2013,ALL UTILIZATION PRACTICES,,US,TOTAL,,YEAR - AUG FORECAST,SURVEY,PRODUCTION,UNITED STATES,00,CROPS,"WHEAT, SPRING, WHITE, HARD - PRODUCTION, MEASURED IN BU"
2013-07-11 13:38:49.000,00,,,ANNUAL,WHEAT,00000000,FIELD CROPS,US TOTAL,NATIONAL,,NOT SPECIFIED,"SPRING, WHITE, HARD",BU,US TOTAL,,,,,ALL PRODUCTION PRACTICES,9000,,,,99,"8,974,000",2013,ALL UTILIZATION PRACTICES,,US,TOTAL,,YEAR - JUL FORECAST,SURVEY,PRODUCTION,UNITED STATES,00,CROPS,"WHEAT, SPRING, WHITE, HARD - PRODUCTION, MEASURED IN BU"
2019-02-06 15:00:06.000,00,,,ANNUAL,WHEAT,00000000,FIELD CROPS,US TOTAL,NATIONAL,,NOT SPECIFIED,"SPRING, WHITE, SOFT",BU,US TOTAL,,,,,ALL PRODUCTION PRACTICES,9000,,,,99,"32,947,000",2013,ALL UTILIZATION PRACTICES,,US,TOTAL,,YEAR,SURVEY,PRODUCTION,UNITED STATES,00,CROPS,"WHEAT, SPRING, WHITE, SOFT - PRODUCTION, MEASURED IN BU"
2013-08-12 12:25:57.000,00,,,ANNUAL,WHEAT,00000000,FIELD CROPS,US TOTAL,NATIONAL,,NOT SPECIFIED,"SPRING, WHITE, SOFT",BU,US TOTAL,,,,,ALL PRODUCTION PRACTICES,9000,,,,99,"27,483,000",2013,ALL UTILIZATION PRACTICES,,US,TOTAL,,YEAR - AUG FORECAST,SURVEY,PRODUCTION,UNITED STATES,00,CROPS,"WHEAT, SPRING, WHITE, SOFT - PRODUCTION, MEASURED IN BU"
2013-07-11 13:38:49.000,00,,,ANNUAL,WHEAT,00000000,FIELD CROPS,US TOTAL,NATIONAL,,NOT SPECIFIED,"SPRING, WHITE, SOFT",BU,US TOTAL,,,,,ALL PRODUCTION PRACTICES,9000,,,,99,"27,720,000",2013,ALL UTILIZATION PRACTICES,,US,TOTAL,,YEAR - JUL FORECAST,SURVEY,PRODUCTION,UNITED STATES,00,CROPS,"WHEAT, SPRING, WHITE, SOFT - PRODUCTION, MEASURED IN BU"
2019-02-06 15:00:06.000,00,,,ANNUAL,WHEAT,00000000,FIELD CROPS,US TOTAL,NATIONAL,,NOT SPECIFIED,WINTER,BU,US TOTAL,,,,,ALL PRODUCTION PRACTICES,9000,,,,99,"1,542,902,000",2013,ALL UTILIZATION PRACTICES,,US,TOTAL,,YEAR,SURVEY,PRODUCTION,UNITED STATES,00,CROPS,"WHEAT, WINTER - PRODUCTION, MEASURED IN BU"
2013-08-12 12:25:57.000,00,,,ANNUAL,WHEAT,00000000,FIELD CROPS,US TOTAL,NATIONAL,,NOT SPECIFIED,WINTER,BU,US TOTAL,,,,,ALL PRODUCTION PRACTICES,9000,,,,99,"1,542,605,000",2013,ALL UTILIZATION PRACTICES,,US,TOTAL,,YEAR - AUG FORECAST,SURVEY,PRODUCTION,UNITED STATES,00,CROPS,"WHEAT, WINTER - PRODUCTION, MEASURED IN BU"
2013-07-11 13:38:49.000,00,,,ANNUAL,WHEAT,00000000,FIELD CROPS,US TOTAL,NATIONAL,,NOT SPECIFIED,WINTER,BU,US TOTAL,,,,,ALL PRODUCTION PRACTICES,9000,,,,99,"1,543,095,000",2013,ALL UTILIZATION PRACTICES,,US,TOTAL,,YEAR - JUL FORECAST,SURVEY,PRODUCTION,UNITED STATES,00,CROPS,"WHEAT, WINTER - PRODUCTION, MEASURED IN BU"
2013-06-12 14:03:56.000,00,,,ANNUAL,WHEAT,00000000,FIELD CROPS,US TOTAL,NATIONAL,,NOT SPECIFIED,WINTER,BU,US TOTAL,,,,,ALL PRODUCTION PRACTICES,9000,,,,99,"1,509,142,000",2013,ALL UTILIZATION PRACTICES,,US,TOTAL,,YEAR - JUN FORECAST,SURVEY,PRODUCTION,UNITED STATES,00,CROPS,"WHEAT, WINTER - PRODUCTION, MEASURED IN BU"
2013-05-10 12:32:37.000,00,,,ANNUAL,WHEAT,00000000,FIELD CROPS,US TOTAL,NATIONAL,,NOT SPECIFIED,WINTER,BU,US TOTAL,,,,,ALL PRODUCTION PRACTICES,9000,,,,99,"1,485,757,000",2013,ALL UTILIZATION PRACTICES,,US,TOTAL,,YEAR - MAY FORECAST,SURVEY,PRODUCTION,UNITED STATES,00,CROPS,"WHEAT, WINTER - PRODUCTION, MEASURED IN BU"
2019-02-06 15:00:06.000,00,,,ANNUAL,WHEAT,00000000,FIELD CROPS,US TOTAL,NATIONAL,,NOT SPECIFIED,"WINTER, RED, HARD",BU,US TOTAL,,,,,ALL PRODUCTION PRACTICES,9000,,,,99,"747,373,000",2013,ALL UTILIZATION PRACTICES,,US,TOTAL,,YEAR,SURVEY,PRODUCTION,UNITED STATES,00,CROPS,"WHEAT, WINTER, RED, HARD - PRODUCTION, MEASURED IN BU"
2013-08-12 12:25:57.000,00,,,ANNUAL,WHEAT,00000000,FIELD CROPS,US TOTAL,NATIONAL,,NOT SPECIFIED,"WINTER, RED, HARD",BU,US TOTAL,,,,,ALL PRODUCTION PRACTICES,9000,,,,99,"791,364,000",2013,ALL UTILIZATION PRACTICES,,US,TOTAL,,YEAR - AUG FORECAST,SURVEY,PRODUCTION,UNITED STATES,00,CROPS,"WHEAT, WINTER, RED, HARD - PRODUCTION, MEASURED IN BU"
2013-07-11 13:38:49.000,00,,,ANNUAL,WHEAT,00000000,FIELD CROPS,US TOTAL,NATIONAL,,NOT SPECIFIED,"WINTER, RED, HARD",BU,US TOTAL,,,,,ALL PRODUCTION PRACTICES,9000,,,,99,"792,662,000",2013,ALL UTILIZATION PRACTICES,,US,TOTAL,,YEAR - JUL FORECAST,SURVEY,PRODUCTION,UNITED STATES,00,CROPS,"WHEAT, WINTER, RED, HARD - PRODUCTION, MEASURED IN BU"
2013-06-12 14:03:56.000,00,,,ANNUAL,WHEAT,00000000,FIELD CROPS,US TOTAL,NATIONAL,,NOT SPECIFIED,"WINTER, RED, HARD",BU,US TOTAL,,,,,ALL PRODUCTION PRACTICES,9000,,,,99,"781,264,000",2013,ALL UTILIZATION PRACTICES,,US,TOTAL,,YEAR - JUN FORECAST,SURVEY,PRODUCTION,UNITED STATES,00,CROPS,"WHEAT, WINTER, RED, HARD - PRODUCTION, MEASURED IN BU"
2013-05-10 12:32:37.000,00,,,ANNUAL,WHEAT,00000000,FIELD CROPS,US TOTAL,NATIONAL,,NOT SPECIFIED,"WINTER, RED, HARD",BU,US TOTAL,,,,,ALL PRODUCTION PRACTICES,9000,,,,99,"768,027,000",2013,ALL UTILIZATION PRACTICES,,US,TOTAL,,YEAR - MAY FORECAST,SURVEY,PRODUCTION,UNITED STATES,00,CROPS,"WHEAT, WINTER, RED, HARD - PRODUCTION, MEASURED IN BU"
2019-02-06 15:00:06.000,00,,,ANNUAL,WHEAT,00000000,FIELD CROPS,US TOTAL,NATIONAL,,NOT SPECIFIED,"WINTER, RED, SOFT",BU,US TOTAL,,,,,ALL PRODUCTION PRACTICES,9000,,,,99,"568,481,000",2013,ALL UTILIZATION PRACTICES,,US,TOTAL,,YEAR,SURVEY,PRODUCTION,UNITED STATES,00,CROPS,"WHEAT, WINTER, RED, SOFT - PRODUCTION, MEASURED IN BU"
2013-08-12 12:25:57.000,00,,,ANNUAL,WHEAT,00000000,FIELD CROPS,US TOTAL,NATIONAL,,NOT SPECIFIED,"WINTER, RED, SOFT",BU,US TOTAL,,,,,ALL PRODUCTION PRACTICES,9000,,,,99,"542,145,000",2013,ALL UTILIZATION PRACTICES,,US,TOTAL,,YEAR - AUG FORECAST,SURVEY,PRODUCTION,UNITED STATES,00,CROPS,"WHEAT, WINTER, RED, SOFT - PRODUCTION, MEASURED IN BU"
2013-07-11 13:38:49.000,00,,,ANNUAL,WHEAT,00000000,FIELD CROPS,US TOTAL,NATIONAL,,NOT SPECIFIED,"WINTER, RED, SOFT",BU,US TOTAL,,,,,ALL PRODUCTION PRACTICES,9000,,,,99,"538,947,000",2013,ALL UTILIZATION PRACTICES,,US,TOTAL,,YEAR - JUL FORECAST,SURVEY,PRODUCTION,UNITED STATES,00,CROPS,"WHEAT, WINTER, RED, SOFT - PRODUCTION, MEASURED IN BU"
2013-06-12 14:03:56.000,00,,,ANNUAL,WHEAT,00000000,FIELD CROPS,US TOTAL,NATIONAL,,NOT SPECIFIED,"WINTER, RED, SOFT",BU,US TOTAL,,,,,ALL PRODUCTION PRACTICES,9000,,,,99,"508,935,000",2013,ALL UTILIZATION PRACTICES,,US,TOTAL,,YEAR - JUN FORECAST,SURVEY,PRODUCTION,UNITED STATES,00,CROPS,"WHEAT, WINTER, RED, SOFT - PRODUCTION, MEASURED IN BU"
2013-05-10 12:32:37.000,00,,,ANNUAL,WHEAT,00000000,FIELD CROPS,US TOTAL,NATIONAL,,NOT SPECIFIED,"WINTER, RED, SOFT",BU,US TOTAL,,,,,ALL PRODUCTION PRACTICES,9000,,,,99,"500,901,000",2013,ALL UTILIZATION PRACTICES,,US,TOTAL,,YEAR - MAY FORECAST,SURVEY,PRODUCTION,UNITED STATES,00,CROPS,"WHEAT, WINTER, RED, SOFT - PRODUCTION, MEASURED IN BU"
2019-02-06 15:00:06.000,00,,,ANNUAL,WHEAT,00000000,FIELD CROPS,US TOTAL,NATIONAL,,NOT SPECIFIED,"WINTER, WHITE, HARD",BU,US TOTAL,,,,,ALL PRODUCTION PRACTICES,9000,,,,99,"11,060,000",2013,ALL UTILIZATION PRACTICES,,US,TOTAL,,YEAR,SURVEY,PRODUCTION,UNITED STATES,00,CROPS,"WHEAT, WINTER, WHITE, HARD - PRODUCTION, MEASURED IN BU"
2013-08-12 12:25:57.000,00,,,ANNUAL,WHEAT,00000000,FIELD CROPS,US TOTAL,NATIONAL,,NOT SPECIFIED,"WINTER, WHITE, HARD",BU,US TOTAL,,,,,ALL PRODUCTION PRACTICES,9000,,,,99,"11,860,000",2013,ALL UTILIZATION PRACTICES,,US,TOTAL,,YEAR - AUG FORECAST,SURVEY,PRODUCTION,UNITED STATES,00,CROPS,"WHEAT, WINTER, WHITE, HARD - PRODUCTION, MEASURED IN BU"
2013-07-11 13:38:49.000,00,,,ANNUAL,WHEAT,00000000,FIELD CROPS,US TOTAL,NATIONAL,,NOT SPECIFIED,"WINTER, WHITE, HARD",BU,US TOTAL,,,,,ALL PRODUCTION PRACTICES,9000,,,,99,"11,937,000",2013,ALL UTILIZATION PRACTICES,,US,TOTAL,,YEAR - JUL FORECAST,SURVEY,PRODUCTION,UNITED STATES,00,CROPS,"WHEAT, WINTER, WHITE, HARD - PRODUCTION, MEASURED IN BU"
2013-06-12 14:03:56.000,00,,,ANNUAL,WHEAT,00000000,FIELD CROPS,US TOTAL,NATIONAL,,NOT SPECIFIED,"WINTER, WHITE, HARD",BU,US TOTAL,,,,,ALL PRODUCTION PRACTICES,9000,,,,99,"11,529,000",2013,ALL UTILIZATION PRACTICES,,US,TOTAL,,YEAR - JUN FORECAST,SURVEY,PRODUCTION,UNITED STATES,00,CROPS,"WHEAT, WINTER, WHITE, HARD - PRODUCTION, MEASURED IN BU"
2013-05-10 12:32:37.000,00,,,ANNUAL,WHEAT,00000000,FIELD CROPS,US TOTAL,NATIONAL,,NOT SPECIFIED,"WINTER, WHITE, HARD",BU,US TOTAL,,,,,ALL PRODUCTION PRACTICES,9000,,,,99,"11,388,000",2013,ALL UTILIZATION PRACTICES,,US,TOTAL,,YEAR - MAY FORECAST,SURVEY,PRODUCTION,UNITED STATES,00,CROPS,"WHEAT, WINTER, WHITE, HARD - PRODUCTION, MEASURED IN BU"
2019-02-06 15:00:06.000,00,,,ANNUAL,WHEAT,00000000,FIELD CROPS,US TOTAL,NATIONAL,,NOT SPECIFIED,"WINTER, WHITE, SOFT",BU,US TOTAL,,,,,ALL PRODUCTION PRACTICES,9000,,,,99,"215,988,000",2013,ALL UTILIZATION PRACTICES,,US,TOTAL,,YEAR,SURVEY,PRODUCTION,UNITED STATES,00,CROPS,"WHEAT, WINTER, WHITE, SOFT - PRODUCTION, MEASURED IN BU"
2013-08-12 12:25:57.000,00,,,ANNUAL,WHEAT,00000000,FIELD CROPS,US TOTAL,NATIONAL,,NOT SPECIFIED,"WINTER, WHITE, SOFT",BU,US TOTAL,,,,,ALL PRODUCTION PRACTICES,9000,,,,99,"197,236,000",2013,ALL UTILIZATION PRACTICES,,US,TOTAL,,YEAR - AUG FORECAST,SURVEY,PRODUCTION,UNITED STATES,00,CROPS,"WHEAT, WINTER, WHITE, SOFT - PRODUCTION, MEASURED IN BU"
2013-07-11 13:38:49.000,00,,,ANNUAL,WHEAT,00000000,FIELD CROPS,US TOTAL,NATIONAL,,NOT SPECIFIED,"WINTER, WHITE, SOFT",BU,US TOTAL,,,,,ALL PRODUCTION PRACTICES,9000,,,,99,"199,549,000",2013,ALL UTILIZATION PRACTICES,,US,TOTAL,,YEAR - JUL FORECAST,SURVEY,PRODUCTION,UNITED STATES,00,CROPS,"WHEAT, WINTER, WHITE, SOFT - PRODUCTION, MEASURED IN BU"
2013-06-12 14:03:56.000,00,,,ANNUAL,WHEAT,00000000,FIELD CROPS,US TOTAL,NATIONAL,,NOT SPECIFIED,"WINTER, WHITE, SOFT",BU,US TOTAL,,,,,ALL PRODUCTION PRACTICES,9000,,,,99,"207,414,000",2013,ALL UTILIZATION PRACTICES,,US,TOTAL,,YEAR - JUN FORECAST,SURVEY,PRODUCTION,UNITED STATES,00,CROPS,"WHEAT, WINTER, WHITE, SOFT - PRODUCTION, MEASURED IN BU"
2013-05-10 12:32:37.000,00,,,ANNUAL,WHEAT,00000000,FIELD CROPS,US TOTAL,NATIONAL,,NOT SPECIFIED,"WINTER, WHITE, SOFT",BU,US TOTAL,,,,,ALL PRODUCTION PRACTICES,9000,,,,99,"205,441,000",2013,ALL UTILIZATION PRACTICES,,US,TOTAL,,YEAR - MAY FORECAST,SURVEY,PRODUCTION,UNITED STATES,00,CROPS,"WHEAT, WINTER, WHITE, SOFT - PRODUCTION, MEASURED IN BU"
2019-02-06 15:00:06.000,00,,,ANNUAL,WHEAT,00000000,FIELD CROPS,US TOTAL,NATIONAL,,NOT SPECIFIED,ALL CLASSES,BU,US TOTAL,,,,,ALL PRODUCTION PRACTICES,9000,,,,99,"2,026,310,000",2014,ALL UTILIZATION PRACTICES,,US,TOTAL,,YEAR,SURVEY,PRODUCTION,UNITED STATES,00,CROPS,"WHEAT - PRODUCTION, MEASURED IN BU"
2014-08-12 12:00:16.000,00,,,ANNUAL,WHEAT,00000000,FIELD CROPS,US TOTAL,NATIONAL,,NOT SPECIFIED,ALL CLASSES,BU,US TOTAL,,,,,ALL PRODUCTION PRACTICES,9000,,,,99,"2,029,638,000",2014,ALL UTILIZATION PRACTICES,,US,TOTAL,,YEAR - AUG FORECAST,SURVEY,PRODUCTION,UNITED STATES,00,CROPS,"WHEAT - PRODUCTION, MEASURED IN BU"
2014-07-11 12:03:10.000,00,,,ANNUAL,WHEAT,00000000,FIELD CROPS,US TOTAL,NATIONAL,,NOT SPECIFIED,ALL CLASSES,BU,US TOTAL,,,,,ALL PRODUCTION PRACTICES,9000,,,,99,"1,991,703,000",2014,ALL UTILIZATION PRACTICES,,US,TOTAL,,YEAR - JUL FORECAST,SURVEY,PRODUCTION,UNITED STATES,00,CROPS,"WHEAT - PRODUCTION, MEASURED IN BU"
2019-02-06 15:00:06.000,00,,,ANNUAL,WHEAT,00000000,FIELD CROPS,US TOTAL,NATIONAL,,NOT SPECIFIED,"SPRING, (EXCL DURUM)",BU,US TOTAL,,,,,ALL PRODUCTION PRACTICES,9000,,,,99,"595,038,000",2014,ALL UTILIZATION PRACTICES,,US,TOTAL,,YEAR,SURVEY,PRODUCTION,UNITED STATES,00,CROPS,"WHEAT, SPRING, (EXCL DURUM) - PRODUCTION, MEASURED IN BU"
2014-08-12 12:00:16.000,00,,,ANNUAL,WHEAT,00000000,FIELD CROPS,US TOTAL,NATIONAL,,NOT SPECIFIED,"SPRING, (EXCL DURUM)",BU,US TOTAL,,,,,ALL PRODUCTION PRACTICES,9000,,,,99,"572,381,000",2014,ALL UTILIZATION PRACTICES,,US,TOTAL,,YEAR - AUG FORECAST,SURVEY,PRODUCTION,UNITED STATES,00,CROPS,"WHEAT, SPRING, (EXCL DURUM) - PRODUCTION, MEASURED IN BU"
2014-07-11 12:03:10.000,00,,,ANNUAL,WHEAT,00000000,FIELD CROPS,US TOTAL,NATIONAL,,NOT SPECIFIED,"SPRING, (EXCL DURUM)",BU,US TOTAL,,,,,ALL PRODUCTION PRACTICES,9000,,,,99,"564,626,000",2014,ALL UTILIZATION PRACTICES,,US,TOTAL,,YEAR - JUL FORECAST,SURVEY,PRODUCTION,UNITED STATES,00,CROPS,"WHEAT, SPRING, (EXCL DURUM) - PRODUCTION, MEASURED IN BU"
2019-02-06 15:00:06.000,00,,,ANNUAL,WHEAT,00000000,FIELD CROPS,US TOTAL,NATIONAL,,NOT SPECIFIED,"SPRING, DURUM",BU,US TOTAL,,,,,ALL PRODUCTION PRACTICES,9000,,,,99,"54,056,000",2014,ALL UTILIZATION PRACTICES,,US,TOTAL,,YEAR,SURVEY,PRODUCTION,UNITED STATES,00,CROPS,"WHEAT, SPRING, DURUM - PRODUCTION, MEASURED IN BU"
2014-08-12 12:00:16.000,00,,,ANNUAL,WHEAT,00000000,FIELD CROPS,US TOTAL,NATIONAL,,NOT SPECIFIED,"SPRING, DURUM",BU,US TOTAL,,,,,ALL PRODUCTION PRACTICES,9000,,,,99,"60,515,000",2014,ALL UTILIZATION PRACTICES,,US,TOTAL,,YEAR - AUG FORECAST,SURVEY,PRODUCTION,UNITED STATES,00,CROPS,"WHEAT, SPRING, DURUM - PRODUCTION, MEASURED IN BU"
2014-07-11 12:03:10.000,00,,,ANNUAL,WHEAT,00000000,FIELD CROPS,US TOTAL,NATIONAL,,NOT SPECIFIED,"SPRING, DURUM",BU,US TOTAL,,,,,ALL PRODUCTION PRACTICES,9000,,,,99,"59,645,000",2014,ALL UTILIZATION PRACTICES,,US,TOTAL,,YEAR - JUL FORECAST,SURVEY,PRODUCTION,UNITED STATES,00,CROPS,"WHEAT, SPRING, DURUM - PRODUCTION, MEASURED IN BU"
2019-02-06 15:00:06.000,00,,,ANNUAL,WHEAT,00000000,FIELD CROPS,US TOTAL,NATIONAL,,NOT SPECIFIED,"SPRING, RED, HARD",BU,US TOTAL,,,,,ALL PRODUCTION PRACTICES,9000,,,,99,"555,543,000",2014,ALL UTILIZATION PRACTICES,,US,TOTAL,,YEAR,SURVEY,PRODUCTION,UNITED STATES,00,CROPS,"WHEAT, SPRING, RED, HARD - PRODUCTION, MEASURED IN BU"
2014-08-12 12:00:16.000,00,,,ANNUAL,WHEAT,00000000,FIELD CROPS,US TOTAL,NATIONAL,,NOT SPECIFIED,"SPRING, RED, HARD",BU,US TOTAL,,,,,ALL PRODUCTION PRACTICES,9000,,,,99,"529,139,000",2014,ALL UTILIZATION PRACTICES,,US,TOTAL,,YEAR - AUG FORECAST,SURVEY,PRODUCTION,UNITED STATES,00,CROPS,"WHEAT, SPRING, RED, HARD - PRODUCTION, MEASURED IN BU"
2014-07-11 12:03:10.000,00,,,ANNUAL,WHEAT,00000000,FIELD CROPS,US TOTAL,NATIONAL,,NOT SPECIFIED,"SPRING, RED, HARD",BU,US TOTAL,,,,,ALL PRODUCTION PRACTICES,9000,,,,99,"520,455,000",2014,ALL UTILIZATION PRACTICES,,US,TOTAL,,YEAR - JUL FORECAST,SURVEY,PRODUCTION,UNITED STATES,00,CROPS,"WHEAT, SPRING, RED, HARD - PRODUCTION, MEASURED IN BU"
2019-02-06 15:00:06.000,00,,,ANNUAL,WHEAT,00000000,FIELD CROPS,US TOTAL,NATIONAL,,NOT SPECIFIED,"SPRING, WHITE, HARD",BU,US TOTAL,,,,,ALL PRODUCTION PRACTICES,9000,,,,99,"8,943,000",2014,ALL UTILIZATION PRACTICES,,US,TOTAL,,YEAR,SURVEY,PRODUCTION,UNITED STATES,00,CROPS,"WHEAT, SPRING, WHITE, HARD - PRODUCTION, MEASURED IN BU"
2014-08-12 12:00:16.000,00,,,ANNUAL,WHEAT,00000000,FIELD CROPS,US TOTAL,NATIONAL,,NOT SPECIFIED,"SPRING, WHITE, HARD",BU,US TOTAL,,,,,ALL PRODUCTION PRACTICES,9000,,,,99,"10,506,000",2014,ALL UTILIZATION PRACTICES,,US,TOTAL,,YEAR - AUG FORECAST,SURVEY,PRODUCTION,UNITED STATES,00,CROPS,"WHEAT, SPRING, WHITE, HARD - PRODUCTION, MEASURED IN BU"
2014-07-11 12:03:10.000,00,,,ANNUAL,WHEAT,00000000,FIELD CROPS,US TOTAL,NATIONAL,,NOT SPECIFIED,"SPRING, WHITE, HARD",BU,US TOTAL,,,,,ALL PRODUCTION PRACTICES,9000,,,,99,"10,282,000",2014,ALL UTILIZATION PRACTICES,,US,TOTAL,,YEAR - JUL FORECAST,SURVEY,PRODUCTION,UNITED STATES,00,CROPS,"WHEAT, SPRING, WHITE, HARD - PRODUCTION, MEASURED IN BU"
2019-02-06 15:00:06.000,00,,,ANNUAL,WHEAT,00000000,FIELD CROPS,US TOTAL,NATIONAL,,NOT SPECIFIED,"SPRING, WHITE, SOFT",BU,US TOTAL,,,,,ALL PRODUCTION PRACTICES,9000,,,,99,"30,552,000",2014,ALL UTILIZATION PRACTICES,,US,TOTAL,,YEAR,SURVEY,PRODUCTION,UNITED STATES,00,CROPS,"WHEAT, SPRING, WHITE, SOFT - PRODUCTION, MEASURED IN BU"
2014-08-12 12:00:16.000,00,,,ANNUAL,WHEAT,00000000,FIELD CROPS,US TOTAL,NATIONAL,,NOT SPECIFIED,"SPRING, WHITE, SOFT",BU,US TOTAL,,,,,ALL PRODUCTION PRACTICES,9000,,,,99,"32,736,000",2014,ALL UTILIZATION PRACTICES,,US,TOTAL,,YEAR - AUG FORECAST,SURVEY,PRODUCTION,UNITED STATES,00,CROPS,"WHEAT, SPRING, WHITE, SOFT - PRODUCTION, MEASURED IN BU"
2014-07-11 12:03:10.000,00,,,ANNUAL,WHEAT,00000000,FIELD CROPS,US TOTAL,NATIONAL,,NOT SPECIFIED,"SPRING, WHITE, SOFT",BU,US TOTAL,,,,,ALL PRODUCTION PRACTICES,9000,,,,99,"33,889,000",2014,ALL UTILIZATION PRACTICES,,US,TOTAL,,YEAR - JUL FORECAST,SURVEY,PRODUCTION,UNITED STATES,00,CROPS,"WHEAT, SPRING, WHITE, SOFT - PRODUCTION, MEASURED IN BU"
2019-02-06 15:00:06.000,00,,,ANNUAL,WHEAT,00000000,FIELD CROPS,US TOTAL,NATIONAL,,NOT SPECIFIED,WINTER,BU,US TOTAL,,,,,ALL PRODUCTION PRACTICES,9000,,,,99,"1,377,216,000",2014,ALL UTILIZATION PRACTICES,,US,TOTAL,,YEAR,SURVEY,PRODUCTION,UNITED STATES,00,CROPS,"WHEAT, WINTER - PRODUCTION, MEASURED IN BU"
2014-08-12 12:00:16.000,00,,,ANNUAL,WHEAT,00000000,FIELD CROPS,US TOTAL,NATIONAL,,NOT SPECIFIED,WINTER,BU,US TOTAL,,,,,ALL PRODUCTION PRACTICES,9000,,,,99,"1,396,742,000",2014,ALL UTILIZATION PRACTICES,,US,TOTAL,,YEAR - AUG FORECAST,SURVEY,PRODUCTION,UNITED STATES,00,CROPS,"WHEAT, WINTER - PRODUCTION, MEASURED IN BU"
2014-07-11 12:03:10.000,00,,,ANNUAL,WHEAT,00000000,FIELD CROPS,US TOTAL,NATIONAL,,NOT SPECIFIED,WINTER,BU,US TOTAL,,,,,ALL PRODUCTION PRACTICES,9000,,,,99,"1,367,432,000",2014,ALL UTILIZATION PRACTICES,,US,TOTAL,,YEAR - JUL FORECAST,SURVEY,PRODUCTION,UNITED STATES,00,CROPS,"WHEAT, WINTER - PRODUCTION, MEASURED IN BU"
2014-06-11 13:43:11.000,00,,,ANNUAL,WHEAT,00000000,FIELD CROPS,US TOTAL,NATIONAL,,NOT SPECIFIED,WINTER,BU,US TOTAL,,,,,ALL PRODUCTION PRACTICES,9000,,,,99,"1,381,060,000",2014,ALL UTILIZATION PRACTICES,,US,TOTAL,,YEAR - JUN FORECAST,SURVEY,PRODUCTION,UNITED STATES,00,CROPS,"WHEAT, WINTER - PRODUCTION, MEASURED IN BU"
2014-05-09 12:01:11.000,00,,,ANNUAL,WHEAT,00000000,FIELD CROPS,US TOTAL,NATIONAL,,NOT SPECIFIED,WINTER,BU,US TOTAL,,,,,ALL PRODUCTION PRACTICES,9000,,,,99,"1,402,505,000",2014,ALL UTILIZATION PRACTICES,,US,TOTAL,,YEAR - MAY FORECAST,SURVEY,PRODUCTION,UNITED STATES,00,CROPS,"WHEAT, WINTER - PRODUCTION, MEASURED IN BU"
2019-02-06 15:00:06.000,00,,,ANNUAL,WHEAT,00000000,FIELD CROPS,US TOTAL,NATIONAL,,NOT SPECIFIED,"WINTER, RED, HARD",BU,US TOTAL,,,,,ALL PRODUCTION PRACTICES,9000,,,,99,"738,650,000",2014,ALL UTILIZATION PRACTICES,,US,TOTAL,,YEAR,SURVEY,PRODUCTION,UNITED STATES,00,CROPS,"WHEAT, WINTER, RED, HARD - PRODUCTION, MEASURED IN BU"
2014-08-12 12:00:16.000,00,,,ANNUAL,WHEAT,00000000,FIELD CROPS,US TOTAL,NATIONAL,,NOT SPECIFIED,"WINTER, RED, HARD",BU,US TOTAL,,,,,ALL PRODUCTION PRACTICES,9000,,,,99,"728,814,000",2014,ALL UTILIZATION PRACTICES,,US,TOTAL,,YEAR - AUG FORECAST,SURVEY,PRODUCTION,UNITED STATES,00,CROPS,"WHEAT, WINTER, RED, HARD - PRODUCTION, MEASURED IN BU"
2014-07-11 12:03:10.000,00,,,ANNUAL,WHEAT,00000000,FIELD CROPS,US TOTAL,NATIONAL,,NOT SPECIFIED,"WINTER, RED, HARD",BU,US TOTAL,,,,,ALL PRODUCTION PRACTICES,9000,,,,99,"702,963,000",2014,ALL UTILIZATION PRACTICES,,US,TOTAL,,YEAR - JUL FORECAST,SURVEY,PRODUCTION,UNITED STATES,00,CROPS,"WHEAT, WINTER, RED, HARD - PRODUCTION, MEASURED IN BU"
2014-06-11 13:43:11.000,00,,,ANNUAL,WHEAT,00000000,FIELD CROPS,US TOTAL,NATIONAL,,NOT SPECIFIED,"WINTER, RED, HARD",BU,US TOTAL,,,,,ALL PRODUCTION PRACTICES,9000,,,,99,"720,477,000",2014,ALL UTILIZATION PRACTICES,,US,TOTAL,,YEAR - JUN FORECAST,SURVEY,PRODUCTION,UNITED STATES,00,CROPS,"WHEAT, WINTER, RED, HARD - PRODUCTION, MEASURED IN BU"
2014-05-09 12:01:11.000,00,,,ANNUAL,WHEAT,00000000,FIELD CROPS,US TOTAL,NATIONAL,,NOT SPECIFIED,"WINTER, RED, HARD",BU,US TOTAL,,,,,ALL PRODUCTION PRACTICES,9000,,,,99,"746,159,000",2014,ALL UTILIZATION PRACTICES,,US,TOTAL,,YEAR - MAY FORECAST,SURVEY,PRODUCTION,UNITED STATES,00,CROPS,"WHEAT, WINTER, RED, HARD - PRODUCTION, MEASURED IN BU"
2019-02-06 15:00:06.000,00,,,ANNUAL,WHEAT,00000000,FIELD CROPS,US TOTAL,NATIONAL,,NOT SPECIFIED,"WINTER, RED, SOFT",BU,US TOTAL,,,,,ALL PRODUCTION PRACTICES,9000,,,,99,"454,531,000",2014,ALL UTILIZATION PRACTICES,,US,TOTAL,,YEAR,SURVEY,PRODUCTION,UNITED STATES,00,CROPS,"WHEAT, WINTER, RED, SOFT - PRODUCTION, MEASURED IN BU"
2014-08-12 12:00:16.000,00,,,ANNUAL,WHEAT,00000000,FIELD CROPS,US TOTAL,NATIONAL,,NOT SPECIFIED,"WINTER, RED, SOFT",BU,US TOTAL,,,,,ALL PRODUCTION PRACTICES,9000,,,,99,"466,362,000",2014,ALL UTILIZATION PRACTICES,,US,TOTAL,,YEAR - AUG FORECAST,SURVEY,PRODUCTION,UNITED STATES,00,CROPS,"WHEAT, WINTER, RED, SOFT - PRODUCTION, MEASURED IN BU"
2014-07-11 12:03:10.000,00,,,ANNUAL,WHEAT,00000000,FIELD CROPS,US TOTAL,NATIONAL,,NOT SPECIFIED,"WINTER, RED, SOFT",BU,US TOTAL,,,,,ALL PRODUCTION PRACTICES,9000,,,,99,"458,077,000",2014,ALL UTILIZATION PRACTICES,,US,TOTAL,,YEAR - JUL FORECAST,SURVEY,PRODUCTION,UNITED STATES,00,CROPS,"WHEAT, WINTER, RED, SOFT - PRODUCTION, MEASURED IN BU"
2014-06-11 13:43:11.000,00,,,ANNUAL,WHEAT,00000000,FIELD CROPS,US TOTAL,NATIONAL,,NOT SPECIFIED,"WINTER, RED, SOFT",BU,US TOTAL,,,,,ALL PRODUCTION PRACTICES,9000,,,,99,"454,213,000",2014,ALL UTILIZATION PRACTICES,,US,TOTAL,,YEAR - JUN FORECAST,SURVEY,PRODUCTION,UNITED STATES,00,CROPS,"WHEAT, WINTER, RED, SOFT - PRODUCTION, MEASURED IN BU"
2014-05-09 12:01:11.000,00,,,ANNUAL,WHEAT,00000000,FIELD CROPS,US TOTAL,NATIONAL,,NOT SPECIFIED,"WINTER, RED, SOFT",BU,US TOTAL,,,,,ALL PRODUCTION PRACTICES,9000,,,,99,"447,085,000",2014,ALL UTILIZATION PRACTICES,,US,TOTAL,,YEAR - MAY FORECAST,SURVEY,PRODUCTION,UNITED STATES,00,CROPS,"WHEAT, WINTER, RED, SOFT - PRODUCTION, MEASURED IN BU"
2019-02-06 15:00:06.000,00,,,ANNUAL,WHEAT,00000000,FIELD CROPS,US TOTAL,NATIONAL,,NOT SPECIFIED,"WINTER, WHITE",BU,US TOTAL,,,,,ALL PRODUCTION PRACTICES,9000,,,,99,"184,035,000",2014,ALL UTILIZATION PRACTICES,,US,TOTAL,,YEAR,SURVEY,PRODUCTION,UNITED STATES,00,CROPS,"WHEAT, WINTER, WHITE - PRODUCTION, MEASURED IN BU"
2019-02-06 15:00:06.000,00,,,ANNUAL,WHEAT,00000000,FIELD CROPS,US TOTAL,NATIONAL,,NOT SPECIFIED,"WINTER, WHITE, HARD",BU,US TOTAL,,,,,ALL PRODUCTION PRACTICES,9000,,,,99,"11,546,000",2014,ALL UTILIZATION PRACTICES,,US,TOTAL,,YEAR,SURVEY,PRODUCTION,UNITED STATES,00,CROPS,"WHEAT, WINTER, WHITE, HARD - PRODUCTION, MEASURED IN BU"
2014-08-12 12:00:16.000,00,,,ANNUAL,WHEAT,00000000,FIELD CROPS,US TOTAL,NATIONAL,,NOT SPECIFIED,"WINTER, WHITE, HARD",BU,US TOTAL,,,,,ALL PRODUCTION PRACTICES,9000,,,,99,"11,299,000",2014,ALL UTILIZATION PRACTICES,,US,TOTAL,,YEAR - AUG FORECAST,SURVEY,PRODUCTION,UNITED STATES,00,CROPS,"WHEAT, WINTER, WHITE, HARD - PRODUCTION, MEASURED IN BU"
2014-07-11 12:03:10.000,00,,,ANNUAL,WHEAT,00000000,FIELD CROPS,US TOTAL,NATIONAL,,NOT SPECIFIED,"WINTER, WHITE, HARD",BU,US TOTAL,,,,,ALL PRODUCTION PRACTICES,9000,,,,99,"10,571,000",2014,ALL UTILIZATION PRACTICES,,US,TOTAL,,YEAR - JUL FORECAST,SURVEY,PRODUCTION,UNITED STATES,00,CROPS,"WHEAT, WINTER, WHITE, HARD - PRODUCTION, MEASURED IN BU"
2014-06-11 13:43:11.000,00,,,ANNUAL,WHEAT,00000000,FIELD CROPS,US TOTAL,NATIONAL,,NOT SPECIFIED,"WINTER, WHITE, HARD",BU,US TOTAL,,,,,ALL PRODUCTION PRACTICES,9000,,,,99,"10,855,000",2014,ALL UTILIZATION PRACTICES,,US,TOTAL,,YEAR - JUN FORECAST,SURVEY,PRODUCTION,UNITED STATES,00,CROPS,"WHEAT, WINTER, WHITE, HARD - PRODUCTION, MEASURED IN BU"
2014-05-09 12:01:11.000,00,,,ANNUAL,WHEAT,00000000,FIELD CROPS,US TOTAL,NATIONAL,,NOT SPECIFIED,"WINTER, WHITE, HARD",BU,US TOTAL,,,,,ALL PRODUCTION PRACTICES,9000,,,,99,"10,936,000",2014,ALL UTILIZATION PRACTICES,,US,TOTAL,,YEAR - MAY FORECAST,SURVEY,PRODUCTION,UNITED STATES,00,CROPS,"WHEAT, WINTER, WHITE, HARD - PRODUCTION, MEASURED IN BU"
2019-02-06 15:00:06.000,00,,,ANNUAL,WHEAT,00000000,FIELD CROPS,US TOTAL,NATIONAL,,NOT SPECIFIED,"WINTER, WHITE, SOFT",BU,US TOTAL,,,,,ALL PRODUCTION PRACTICES,9000,,,,99,"172,489,000",2014,ALL UTILIZATION PRACTICES,,US,TOTAL,,YEAR,SURVEY,PRODUCTION,UNITED STATES,00,CROPS,"WHEAT, WINTER, WHITE, SOFT - PRODUCTION, MEASURED IN BU"
2014-08-12 12:00:16.000,00,,,ANNUAL,WHEAT,00000000,FIELD CROPS,US TOTAL,NATIONAL,,NOT SPECIFIED,"WINTER, WHITE, SOFT",BU,US TOTAL,,,,,ALL PRODUCTION PRACTICES,9000,,,,99,"190,267,000",2014,ALL UTILIZATION PRACTICES,,US,TOTAL,,YEAR - AUG FORECAST,SURVEY,PRODUCTION,UNITED STATES,00,CROPS,"WHEAT, WINTER, WHITE, SOFT - PRODUCTION, MEASURED IN BU"
2014-07-11 12:03:10.000,00,,,ANNUAL,WHEAT,00000000,FIELD CROPS,US TOTAL,NATIONAL,,NOT SPECIFIED,"WINTER, WHITE, SOFT",BU,US TOTAL,,,,,ALL PRODUCTION PRACTICES,9000,,,,99,"195,821,000",2014,ALL UTILIZATION PRACTICES,,US,TOTAL,,YEAR - JUL FORECAST,SURVEY,PRODUCTION,UNITED STATES,00,CROPS,"WHEAT, WINTER, WHITE, SOFT - PRODUCTION, MEASURED IN BU"
2014-06-11 13:43:11.000,00,,,ANNUAL,WHEAT,00000000,FIELD CROPS,US TOTAL,NATIONAL,,NOT SPECIFIED,"WINTER, WHITE, SOFT",BU,US TOTAL,,,,,ALL PRODUCTION PRACTICES,9000,,,,99,"195,515,000",2014,ALL UTILIZATION PRACTICES,,US,TOTAL,,YEAR - JUN FORECAST,SURVEY,PRODUCTION,UNITED STATES,00,CROPS,"WHEAT, WINTER, WHITE, SOFT - PRODUCTION, MEASURED IN BU"
2014-05-09 12:01:11.000,00,,,ANNUAL,WHEAT,00000000,FIELD CROPS,US TOTAL,NATIONAL,,NOT SPECIFIED,"WINTER, WHITE, SOFT",BU,US TOTAL,,,,,ALL PRODUCTION PRACTICES,9000,,,,99,"198,325,000",2014,ALL UTILIZATION PRACTICES,,US,TOTAL,,YEAR - MAY FORECAST,SURVEY,PRODUCTION,UNITED STATES,00,CROPS,"WHEAT, WINTER, WHITE, SOFT - PRODUCTION, MEASURED IN BU"
2019-02-06 15:00:06.000,00,,,ANNUAL,WHEAT,00000000,FIELD CROPS,US TOTAL,NATIONAL,,NOT SPECIFIED,ALL CLASSES,BU,US TOTAL,,,,,ALL PRODUCTION PRACTICES,9000,,,,99,"2,061,939,000",2015,ALL UTILIZATION PRACTICES,,US,TOTAL,,YEAR,SURVEY,PRODUCTION,UNITED STATES,00,CROPS,"WHEAT - PRODUCTION, MEASURED IN BU"
2015-08-12 12:00:00.000,00,,,ANNUAL,WHEAT,00000000,FIELD CROPS,US TOTAL,NATIONAL,,NOT SPECIFIED,ALL CLASSES,BU,US TOTAL,,,,,ALL PRODUCTION PRACTICES,9000,,,,99,"2,136,039,000",2015,ALL UTILIZATION PRACTICES,,US,TOTAL,,YEAR - AUG FORECAST,SURVEY,PRODUCTION,UNITED STATES,00,CROPS,"WHEAT - PRODUCTION, MEASURED IN BU"
2015-07-10 12:00:00.000,00,,,ANNUAL,WHEAT,00000000,FIELD CROPS,US TOTAL,NATIONAL,,NOT SPECIFIED,ALL CLASSES,BU,US TOTAL,,,,,ALL PRODUCTION PRACTICES,9000,,,,99,"2,147,887,000",2015,ALL UTILIZATION PRACTICES,,US,TOTAL,,YEAR - JUL FORECAST,SURVEY,PRODUCTION,UNITED STATES,00,CROPS,"WHEAT - PRODUCTION, MEASURED IN BU"
2019-02-06 15:00:06.000,00,,,ANNUAL,WHEAT,00000000,FIELD CROPS,US TOTAL,NATIONAL,,NOT SPECIFIED,"SPRING, (EXCL DURUM)",BU,US TOTAL,,,,,ALL PRODUCTION PRACTICES,9000,,,,99,"603,240,000",2015,ALL UTILIZATION PRACTICES,,US,TOTAL,,YEAR,SURVEY,PRODUCTION,UNITED STATES,00,CROPS,"WHEAT, SPRING, (EXCL DURUM) - PRODUCTION, MEASURED IN BU"
2015-08-12 12:00:00.000,00,,,ANNUAL,WHEAT,00000000,FIELD CROPS,US TOTAL,NATIONAL,,NOT SPECIFIED,"SPRING, (EXCL DURUM)",BU,US TOTAL,,,,,ALL PRODUCTION PRACTICES,9000,,,,99,"620,981,000",2015,ALL UTILIZATION PRACTICES,,US,TOTAL,,YEAR - AUG FORECAST,SURVEY,PRODUCTION,UNITED STATES,00,CROPS,"WHEAT, SPRING, (EXCL DURUM) - PRODUCTION, MEASURED IN BU"
2015-07-10 12:00:00.000,00,,,ANNUAL,WHEAT,00000000,FIELD CROPS,US TOTAL,NATIONAL,,NOT SPECIFIED,"SPRING, (EXCL DURUM)",BU,US TOTAL,,,,,ALL PRODUCTION PRACTICES,9000,,,,99,"616,831,000",2015,ALL UTILIZATION PRACTICES,,US,TOTAL,,YEAR - JUL FORECAST,SURVEY,PRODUCTION,UNITED STATES,00,CROPS,"WHEAT, SPRING, (EXCL DURUM) - PRODUCTION, MEASURED IN BU"
2019-02-06 15:00:06.000,00,,,ANNUAL,WHEAT,00000000,FIELD CROPS,US TOTAL,NATIONAL,,NOT SPECIFIED,"SPRING, DURUM",BU,US TOTAL,,,,,ALL PRODUCTION PRACTICES,9000,,,,99,"84,009,000",2015,ALL UTILIZATION PRACTICES,,US,TOTAL,,YEAR,SURVEY,PRODUCTION,UNITED STATES,00,CROPS,"WHEAT, SPRING, DURUM - PRODUCTION, MEASURED IN BU"
2015-08-12 12:00:00.000,00,,,ANNUAL,WHEAT,00000000,FIELD CROPS,US TOTAL,NATIONAL,,NOT SPECIFIED,"SPRING, DURUM",BU,US TOTAL,,,,,ALL PRODUCTION PRACTICES,9000,,,,99,"76,780,000",2015,ALL UTILIZATION PRACTICES,,US,TOTAL,,YEAR - AUG FORECAST,SURVEY,PRODUCTION,UNITED STATES,00,CROPS,"WHEAT, SPRING, DURUM - PRODUCTION, MEASURED IN BU"
2015-07-10 12:00:00.000,00,,,ANNUAL,WHEAT,00000000,FIELD CROPS,US TOTAL,NATIONAL,,NOT SPECIFIED,"SPRING, DURUM",BU,US TOTAL,,,,,ALL PRODUCTION PRACTICES,9000,,,,99,"75,540,000",2015,ALL UTILIZATION PRACTICES,,US,TOTAL,,YEAR - JUL FORECAST,SURVEY,PRODUCTION,UNITED STATES,00,CROPS,"WHEAT, SPRING, DURUM - PRODUCTION, MEASURED IN BU"
2019-02-06 15:00:06.000,00,,,ANNUAL,WHEAT,00000000,FIELD CROPS,US TOTAL,NATIONAL,,NOT SPECIFIED,"SPRING, RED, HARD",BU,US TOTAL,,,,,ALL PRODUCTION PRACTICES,9000,,,,99,"567,637,000",2015,ALL UTILIZATION PRACTICES,,US,TOTAL,,YEAR,SURVEY,PRODUCTION,UNITED STATES,00,CROPS,"WHEAT, SPRING, RED, HARD - PRODUCTION, MEASURED IN BU"
2015-08-12 12:00:00.000,00,,,ANNUAL,WHEAT,00000000,FIELD CROPS,US TOTAL,NATIONAL,,NOT SPECIFIED,"SPRING, RED, HARD",BU,US TOTAL,,,,,ALL PRODUCTION PRACTICES,9000,,,,99,"575,977,000",2015,ALL UTILIZATION PRACTICES,,US,TOTAL,,YEAR - AUG FORECAST,SURVEY,PRODUCTION,UNITED STATES,00,CROPS,"WHEAT, SPRING, RED, HARD - PRODUCTION, MEASURED IN BU"
2015-07-10 12:00:00.000,00,,,ANNUAL,WHEAT,00000000,FIELD CROPS,US TOTAL,NATIONAL,,NOT SPECIFIED,"SPRING, RED, HARD",BU,US TOTAL,,,,,ALL PRODUCTION PRACTICES,9000,,,,99,"573,253,000",2015,ALL UTILIZATION PRACTICES,,US,TOTAL,,YEAR - JUL FORECAST,SURVEY,PRODUCTION,UNITED STATES,00,CROPS,"WHEAT, SPRING, RED, HARD - PRODUCTION, MEASURED IN BU"
2019-02-06 15:00:06.000,00,,,ANNUAL,WHEAT,00000000,FIELD CROPS,US TOTAL,NATIONAL,,NOT SPECIFIED,"SPRING, WHITE",BU,US TOTAL,,,,,ALL PRODUCTION PRACTICES,9000,,,,99,"35,603,000",2015,ALL UTILIZATION PRACTICES,,US,TOTAL,,YEAR,SURVEY,PRODUCTION,UNITED STATES,00,CROPS,"WHEAT, SPRING, WHITE - PRODUCTION, MEASURED IN BU"
2019-02-06 15:00:06.000,00,,,ANNUAL,WHEAT,00000000,FIELD CROPS,US TOTAL,NATIONAL,,NOT SPECIFIED,"SPRING, WHITE, HARD",BU,US TOTAL,,,,,ALL PRODUCTION PRACTICES,9000,,,,99,"5,649,000",2015,ALL UTILIZATION PRACTICES,,US,TOTAL,,YEAR,SURVEY,PRODUCTION,UNITED STATES,00,CROPS,"WHEAT, SPRING, WHITE, HARD - PRODUCTION, MEASURED IN BU"
2015-08-12 12:00:00.000,00,,,ANNUAL,WHEAT,00000000,FIELD CROPS,US TOTAL,NATIONAL,,NOT SPECIFIED,"SPRING, WHITE, HARD",BU,US TOTAL,,,,,ALL PRODUCTION PRACTICES,9000,,,,99,"10,264,000",2015,ALL UTILIZATION PRACTICES,,US,TOTAL,,YEAR - AUG FORECAST,SURVEY,PRODUCTION,UNITED STATES,00,CROPS,"WHEAT, SPRING, WHITE, HARD - PRODUCTION, MEASURED IN BU"
2015-07-10 12:00:00.000,00,,,ANNUAL,WHEAT,00000000,FIELD CROPS,US TOTAL,NATIONAL,,NOT SPECIFIED,"SPRING, WHITE, HARD",BU,US TOTAL,,,,,ALL PRODUCTION PRACTICES,9000,,,,99,"9,855,000",2015,ALL UTILIZATION PRACTICES,,US,TOTAL,,YEAR - JUL FORECAST,SURVEY,PRODUCTION,UNITED STATES,00,CROPS,"WHEAT, SPRING, WHITE, HARD - PRODUCTION, MEASURED IN BU"
2019-02-06 15:00:06.000,00,,,ANNUAL,WHEAT,00000000,FIELD CROPS,US TOTAL,NATIONAL,,NOT SPECIFIED,"SPRING, WHITE, SOFT",BU,US TOTAL,,,,,ALL PRODUCTION PRACTICES,9000,,,,99,"29,954,000",2015,ALL UTILIZATION PRACTICES,,US,TOTAL,,YEAR,SURVEY,PRODUCTION,UNITED STATES,00,CROPS,"WHEAT, SPRING, WHITE, SOFT - PRODUCTION, MEASURED IN BU"
2015-08-12 12:00:00.000,00,,,ANNUAL,WHEAT,00000000,FIELD CROPS,US TOTAL,NATIONAL,,NOT SPECIFIED,"SPRING, WHITE, SOFT",BU,US TOTAL,,,,,ALL PRODUCTION PRACTICES,9000,,,,99,"34,740,000",2015,ALL UTILIZATION PRACTICES,,US,TOTAL,,YEAR - AUG FORECAST,SURVEY,PRODUCTION,UNITED STATES,00,CROPS,"WHEAT, SPRING, WHITE, SOFT - PRODUCTION, MEASURED IN BU"
2015-07-10 12:00:00.000,00,,,ANNUAL,WHEAT,00000000,FIELD CROPS,US TOTAL,NATIONAL,,NOT SPECIFIED,"SPRING, WHITE, SOFT",BU,US TOTAL,,,,,ALL PRODUCTION PRACTICES,9000,,,,99,"33,723,000",2015,ALL UTILIZATION PRACTICES,,US,TOTAL,,YEAR - JUL FORECAST,SURVEY,PRODUCTION,UNITED STATES,00,CROPS,"WHEAT, SPRING, WHITE, SOFT - PRODUCTION, MEASURED IN BU"
2019-02-06 15:00:06.000,00,,,ANNUAL,WHEAT,00000000,FIELD CROPS,US TOTAL,NATIONAL,,NOT SPECIFIED,WINTER,BU,US TOTAL,,,,,ALL PRODUCTION PRACTICES,9000,,,,99,"1,374,690,000",2015,ALL UTILIZATION PRACTICES,,US,TOTAL,,YEAR,SURVEY,PRODUCTION,UNITED STATES,00,CROPS,"WHEAT, WINTER - PRODUCTION, MEASURED IN BU"
2015-08-12 12:00:00.000,00,,,ANNUAL,WHEAT,00000000,FIELD CROPS,US TOTAL,NATIONAL,,NOT SPECIFIED,WINTER,BU,US TOTAL,,,,,ALL PRODUCTION PRACTICES,9000,,,,99,"1,438,278,000",2015,ALL UTILIZATION PRACTICES,,US,TOTAL,,YEAR - AUG FORECAST,SURVEY,PRODUCTION,UNITED STATES,00,CROPS,"WHEAT, WINTER - PRODUCTION, MEASURED IN BU"
2015-07-10 12:00:00.000,00,,,ANNUAL,WHEAT,00000000,FIELD CROPS,US TOTAL,NATIONAL,,NOT SPECIFIED,WINTER,BU,US TOTAL,,,,,ALL PRODUCTION PRACTICES,9000,,,,99,"1,455,516,000",2015,ALL UTILIZATION PRACTICES,,US,TOTAL,,YEAR - JUL FORECAST,SURVEY,PRODUCTION,UNITED STATES,00,CROPS,"WHEAT, WINTER - PRODUCTION, MEASURED IN BU"
2015-06-10 12:06:03.000,00,,,ANNUAL,WHEAT,00000000,FIELD CROPS,US TOTAL,NATIONAL,,NOT SPECIFIED,WINTER,BU,US TOTAL,,,,,ALL PRODUCTION PRACTICES,9000,,,,99,"1,505,072,000",2015,ALL UTILIZATION PRACTICES,,US,TOTAL,,YEAR - JUN FORECAST,SURVEY,PRODUCTION,UNITED STATES,00,CROPS,"WHEAT, WINTER - PRODUCTION, MEASURED IN BU"
2015-05-12 12:11:55.000,00,,,ANNUAL,WHEAT,00000000,FIELD CROPS,US TOTAL,NATIONAL,,NOT SPECIFIED,WINTER,BU,US TOTAL,,,,,ALL PRODUCTION PRACTICES,9000,,,,99,"1,471,802,000",2015,ALL UTILIZATION PRACTICES,,US,TOTAL,,YEAR - MAY FORECAST,SURVEY,PRODUCTION,UNITED STATES,00,CROPS,"WHEAT, WINTER - PRODUCTION, MEASURED IN BU"
2019-02-06 15:00:06.000,00,,,ANNUAL,WHEAT,00000000,FIELD CROPS,US TOTAL,NATIONAL,,NOT SPECIFIED,"WINTER, RED, HARD",BU,US TOTAL,,,,,ALL PRODUCTION PRACTICES,9000,,,,99,"830,446,000",2015,ALL UTILIZATION PRACTICES,,US,TOTAL,,YEAR,SURVEY,PRODUCTION,UNITED STATES,00,CROPS,"WHEAT, WINTER, RED, HARD - PRODUCTION, MEASURED IN BU"
2015-08-12 12:00:00.000,00,,,ANNUAL,WHEAT,00000000,FIELD CROPS,US TOTAL,NATIONAL,,NOT SPECIFIED,"WINTER, RED, HARD",BU,US TOTAL,,,,,ALL PRODUCTION PRACTICES,9000,,,,99,"856,000,000",2015,ALL UTILIZATION PRACTICES,,US,TOTAL,,YEAR - AUG FORECAST,SURVEY,PRODUCTION,UNITED STATES,00,CROPS,"WHEAT, WINTER, RED, HARD - PRODUCTION, MEASURED IN BU"
2015-07-10 12:00:00.000,00,,,ANNUAL,WHEAT,00000000,FIELD CROPS,US TOTAL,NATIONAL,,NOT SPECIFIED,"WINTER, RED, HARD",BU,US TOTAL,,,,,ALL PRODUCTION PRACTICES,9000,,,,99,"866,408,000",2015,ALL UTILIZATION PRACTICES,,US,TOTAL,,YEAR - JUL FORECAST,SURVEY,PRODUCTION,UNITED STATES,00,CROPS,"WHEAT, WINTER, RED, HARD - PRODUCTION, MEASURED IN BU"
2015-06-10 12:06:03.000,00,,,ANNUAL,WHEAT,00000000,FIELD CROPS,US TOTAL,NATIONAL,,NOT SPECIFIED,"WINTER, RED, HARD",BU,US TOTAL,,,,,ALL PRODUCTION PRACTICES,9000,,,,99,"887,461,000",2015,ALL UTILIZATION PRACTICES,,US,TOTAL,,YEAR - JUN FORECAST,SURVEY,PRODUCTION,UNITED STATES,00,CROPS,"WHEAT, WINTER, RED, HARD - PRODUCTION, MEASURED IN BU"
2015-05-12 12:11:55.000,00,,,ANNUAL,WHEAT,00000000,FIELD CROPS,US TOTAL,NATIONAL,,NOT SPECIFIED,"WINTER, RED, HARD",BU,US TOTAL,,,,,ALL PRODUCTION PRACTICES,9000,,,,99,"853,356,000",2015,ALL UTILIZATION PRACTICES,,US,TOTAL,,YEAR - MAY FORECAST,SURVEY,PRODUCTION,UNITED STATES,00,CROPS,"WHEAT, WINTER, RED, HARD - PRODUCTION, MEASURED IN BU"
2019-02-06 15:00:06.000,00,,,ANNUAL,WHEAT,00000000,FIELD CROPS,US TOTAL,NATIONAL,,NOT SPECIFIED,"WINTER, RED, SOFT",BU,US TOTAL,,,,,ALL PRODUCTION PRACTICES,9000,,,,99,"359,054,000",2015,ALL UTILIZATION PRACTICES,,US,TOTAL,,YEAR,SURVEY,PRODUCTION,UNITED STATES,00,CROPS,"WHEAT, WINTER, RED, SOFT - PRODUCTION, MEASURED IN BU"
2015-08-12 12:00:00.000,00,,,ANNUAL,WHEAT,00000000,FIELD CROPS,US TOTAL,NATIONAL,,NOT SPECIFIED,"WINTER, RED, SOFT",BU,US TOTAL,,,,,ALL PRODUCTION PRACTICES,9000,,,,99,"388,910,000",2015,ALL UTILIZATION PRACTICES,,US,TOTAL,,YEAR - AUG FORECAST,SURVEY,PRODUCTION,UNITED STATES,00,CROPS,"WHEAT, WINTER, RED, SOFT - PRODUCTION, MEASURED IN BU"
2015-07-10 12:00:00.000,00,,,ANNUAL,WHEAT,00000000,FIELD CROPS,US TOTAL,NATIONAL,,NOT SPECIFIED,"WINTER, RED, SOFT",BU,US TOTAL,,,,,ALL PRODUCTION PRACTICES,9000,,,,99,"393,416,000",2015,ALL UTILIZATION PRACTICES,,US,TOTAL,,YEAR - JUL FORECAST,SURVEY,PRODUCTION,UNITED STATES,00,CROPS,"WHEAT, WINTER, RED, SOFT - PRODUCTION, MEASURED IN BU"
2015-06-10 12:06:03.000,00,,,ANNUAL,WHEAT,00000000,FIELD CROPS,US TOTAL,NATIONAL,,NOT SPECIFIED,"WINTER, RED, SOFT",BU,US TOTAL,,,,,ALL PRODUCTION PRACTICES,9000,,,,99,"413,750,000",2015,ALL UTILIZATION PRACTICES,,US,TOTAL,,YEAR - JUN FORECAST,SURVEY,PRODUCTION,UNITED STATES,00,CROPS,"WHEAT, WINTER, RED, SOFT - PRODUCTION, MEASURED IN BU"
2015-05-12 12:11:55.000,00,,,ANNUAL,WHEAT,00000000,FIELD CROPS,US TOTAL,NATIONAL,,NOT SPECIFIED,"WINTER, RED, SOFT",BU,US TOTAL,,,,,ALL PRODUCTION PRACTICES,9000,,,,99,"415,609,000",2015,ALL UTILIZATION PRACTICES,,US,TOTAL,,YEAR - MAY FORECAST,SURVEY,PRODUCTION,UNITED STATES,00,CROPS,"WHEAT, WINTER, RED, SOFT - PRODUCTION, MEASURED IN BU"
2019-02-06 15:00:06.000,00,,,ANNUAL,WHEAT,00000000,FIELD CROPS,US TOTAL,NATIONAL,,NOT SPECIFIED,"WINTER, WHITE",BU,US TOTAL,,,,,ALL PRODUCTION PRACTICES,9000,,,,99,"185,190,000",2015,ALL UTILIZATION PRACTICES,,US,TOTAL,,YEAR,SURVEY,PRODUCTION,UNITED STATES,00,CROPS,"WHEAT, WINTER, WHITE - PRODUCTION, MEASURED IN BU"
2019-02-06 15:00:06.000,00,,,ANNUAL,WHEAT,00000000,FIELD CROPS,US TOTAL,NATIONAL,,NOT SPECIFIED,"WINTER, WHITE, HARD",BU,US TOTAL,,,,,ALL PRODUCTION PRACTICES,9000,,,,99,"16,109,000",2015,ALL UTILIZATION PRACTICES,,US,TOTAL,,YEAR,SURVEY,PRODUCTION,UNITED STATES,00,CROPS,"WHEAT, WINTER, WHITE, HARD - PRODUCTION, MEASURED IN BU"
2015-08-12 12:00:00.000,00,,,ANNUAL,WHEAT,00000000,FIELD CROPS,US TOTAL,NATIONAL,,NOT SPECIFIED,"WINTER, WHITE, HARD",BU,US TOTAL,,,,,ALL PRODUCTION PRACTICES,9000,,,,99,"12,491,000",2015,ALL UTILIZATION PRACTICES,,US,TOTAL,,YEAR - AUG FORECAST,SURVEY,PRODUCTION,UNITED STATES,00,CROPS,"WHEAT, WINTER, WHITE, HARD - PRODUCTION, MEASURED IN BU"
2015-07-10 12:00:00.000,00,,,ANNUAL,WHEAT,00000000,FIELD CROPS,US TOTAL,NATIONAL,,NOT SPECIFIED,"WINTER, WHITE, HARD",BU,US TOTAL,,,,,ALL PRODUCTION PRACTICES,9000,,,,99,"12,742,000",2015,ALL UTILIZATION PRACTICES,,US,TOTAL,,YEAR - JUL FORECAST,SURVEY,PRODUCTION,UNITED STATES,00,CROPS,"WHEAT, WINTER, WHITE, HARD - PRODUCTION, MEASURED IN BU"
2015-06-10 12:06:03.000,00,,,ANNUAL,WHEAT,00000000,FIELD CROPS,US TOTAL,NATIONAL,,NOT SPECIFIED,"WINTER, WHITE, HARD",BU,US TOTAL,,,,,ALL PRODUCTION PRACTICES,9000,,,,99,"12,417,000",2015,ALL UTILIZATION PRACTICES,,US,TOTAL,,YEAR - JUN FORECAST,SURVEY,PRODUCTION,UNITED STATES,00,CROPS,"WHEAT, WINTER, WHITE, HARD - PRODUCTION, MEASURED IN BU"
2015-05-12 12:11:55.000,00,,,ANNUAL,WHEAT,00000000,FIELD CROPS,US TOTAL,NATIONAL,,NOT SPECIFIED,"WINTER, WHITE, HARD",BU,US TOTAL,,,,,ALL PRODUCTION PRACTICES,9000,,,,99,"11,495,000",2015,ALL UTILIZATION PRACTICES,,US,TOTAL,,YEAR - MAY FORECAST,SURVEY,PRODUCTION,UNITED STATES,00,CROPS,"WHEAT, WINTER, WHITE, HARD - PRODUCTION, MEASURED IN BU"
2019-02-06 15:00:06.000,00,,,ANNUAL,WHEAT,00000000,FIELD CROPS,US TOTAL,NATIONAL,,NOT SPECIFIED,"WINTER, WHITE, SOFT",BU,US TOTAL,,,,,ALL PRODUCTION PRACTICES,9000,,,,99,"169,081,000",2015,ALL UTILIZATION PRACTICES,,US,TOTAL,,YEAR,SURVEY,PRODUCTION,UNITED STATES,00,CROPS,"WHEAT, WINTER, WHITE, SOFT - PRODUCTION, MEASURED IN BU"
2015-08-12 12:00:00.000,00,,,ANNUAL,WHEAT,00000000,FIELD CROPS,US TOTAL,NATIONAL,,NOT SPECIFIED,"WINTER, WHITE, SOFT",BU,US TOTAL,,,,,ALL PRODUCTION PRACTICES,9000,,,,99,"180,877,000",2015,ALL UTILIZATION PRACTICES,,US,TOTAL,,YEAR - AUG FORECAST,SURVEY,PRODUCTION,UNITED STATES,00,CROPS,"WHEAT, WINTER, WHITE, SOFT - PRODUCTION, MEASURED IN BU"
2015-07-10 12:00:00.000,00,,,ANNUAL,WHEAT,00000000,FIELD CROPS,US TOTAL,NATIONAL,,NOT SPECIFIED,"WINTER, WHITE, SOFT",BU,US TOTAL,,,,,ALL PRODUCTION PRACTICES,9000,,,,99,"182,950,000",2015,ALL UTILIZATION PRACTICES,,US,TOTAL,,YEAR - JUL FORECAST,SURVEY,PRODUCTION,UNITED STATES,00,CROPS,"WHEAT, WINTER, WHITE, SOFT - PRODUCTION, MEASURED IN BU"
2015-06-10 12:06:03.000,00,,,ANNUAL,WHEAT,00000000,FIELD CROPS,US TOTAL,NATIONAL,,NOT SPECIFIED,"WINTER, WHITE, SOFT",BU,US TOTAL,,,,,ALL PRODUCTION PRACTICES,9000,,,,99,"191,444,000",2015,ALL UTILIZATION PRACTICES,,US,TOTAL,,YEAR - JUN FORECAST,SURVEY,PRODUCTION,UNITED STATES,00,CROPS,"WHEAT, WINTER, WHITE, SOFT - PRODUCTION, MEASURED IN BU"
2015-05-12 12:11:55.000,00,,,ANNUAL,WHEAT,00000000,FIELD CROPS,US TOTAL,NATIONAL,,NOT SPECIFIED,"WINTER, WHITE, SOFT",BU,US TOTAL,,,,,ALL PRODUCTION PRACTICES,9000,,,,99,"191,342,000",2015,ALL UTILIZATION PRACTICES,,US,TOTAL,,YEAR - MAY FORECAST,SURVEY,PRODUCTION,UNITED STATES,00,CROPS,"WHEAT, WINTER, WHITE, SOFT - PRODUCTION, MEASURED IN BU"
2019-02-06 15:00:06.000,00,,,ANNUAL,WHEAT,00000000,FIELD CROPS,US TOTAL,NATIONAL,,NOT SPECIFIED,ALL CLASSES,BU,US TOTAL,,,,,ALL PRODUCTION PRACTICES,9000,,,,99,"2,308,663,000",2016,ALL UTILIZATION PRACTICES,,US,TOTAL,,YEAR,SURVEY,PRODUCTION,UNITED STATES,00,CROPS,"WHEAT - PRODUCTION, MEASURED IN BU"
2016-08-12 12:00:00.000,00,,,ANNUAL,WHEAT,00000000,FIELD CROPS,US TOTAL,NATIONAL,,NOT SPECIFIED,ALL CLASSES,BU,US TOTAL,,,,,ALL PRODUCTION PRACTICES,9000,,,,99,"2,320,585,000",2016,ALL UTILIZATION PRACTICES,,US,TOTAL,,YEAR - AUG FORECAST,SURVEY,PRODUCTION,UNITED STATES,00,CROPS,"WHEAT - PRODUCTION, MEASURED IN BU"
2016-07-12 12:00:00.000,00,,,ANNUAL,WHEAT,00000000,FIELD CROPS,US TOTAL,NATIONAL,,NOT SPECIFIED,ALL CLASSES,BU,US TOTAL,,,,,ALL PRODUCTION PRACTICES,9000,,,,99,"2,260,928,000",2016,ALL UTILIZATION PRACTICES,,US,TOTAL,,YEAR - JUL FORECAST,SURVEY,PRODUCTION,UNITED STATES,00,CROPS,"WHEAT - PRODUCTION, MEASURED IN BU"
2019-02-06 15:00:06.000,00,,,ANNUAL,WHEAT,00000000,FIELD CROPS,US TOTAL,NATIONAL,,NOT SPECIFIED,"SPRING, (EXCL DURUM)",BU,US TOTAL,,,,,ALL PRODUCTION PRACTICES,9000,,,,99,"532,227,000",2016,ALL UTILIZATION PRACTICES,,US,TOTAL,,YEAR,SURVEY,PRODUCTION,UNITED STATES,00,CROPS,"WHEAT, SPRING, (EXCL DURUM) - PRODUCTION, MEASURED IN BU"
2016-08-12 12:00:00.000,00,,,ANNUAL,WHEAT,00000000,FIELD CROPS,US TOTAL,NATIONAL,,NOT SPECIFIED,"SPRING, (EXCL DURUM)",BU,US TOTAL,,,,,ALL PRODUCTION PRACTICES,9000,,,,99,"571,415,000",2016,ALL UTILIZATION PRACTICES,,US,TOTAL,,YEAR - AUG FORECAST,SURVEY,PRODUCTION,UNITED STATES,00,CROPS,"WHEAT, SPRING, (EXCL DURUM) - PRODUCTION, MEASURED IN BU"
2016-07-12 12:00:00.000,00,,,ANNUAL,WHEAT,00000000,FIELD CROPS,US TOTAL,NATIONAL,,NOT SPECIFIED,"SPRING, (EXCL DURUM)",BU,US TOTAL,,,,,ALL PRODUCTION PRACTICES,9000,,,,99,"550,494,000",2016,ALL UTILIZATION PRACTICES,,US,TOTAL,,YEAR - JUL FORECAST,SURVEY,PRODUCTION,UNITED STATES,00,CROPS,"WHEAT, SPRING, (EXCL DURUM) - PRODUCTION, MEASURED IN BU"
2019-02-06 15:00:06.000,00,,,ANNUAL,WHEAT,00000000,FIELD CROPS,US TOTAL,NATIONAL,,NOT SPECIFIED,"SPRING, DURUM",BU,US TOTAL,,,,,ALL PRODUCTION PRACTICES,9000,,,,99,"103,914,000",2016,ALL UTILIZATION PRACTICES,,US,TOTAL,,YEAR,SURVEY,PRODUCTION,UNITED STATES,00,CROPS,"WHEAT, SPRING, DURUM - PRODUCTION, MEASURED IN BU"
2016-08-12 12:00:00.000,00,,,ANNUAL,WHEAT,00000000,FIELD CROPS,US TOTAL,NATIONAL,,NOT SPECIFIED,"SPRING, DURUM",BU,US TOTAL,,,,,ALL PRODUCTION PRACTICES,9000,,,,99,"91,730,000",2016,ALL UTILIZATION PRACTICES,,US,TOTAL,,YEAR - AUG FORECAST,SURVEY,PRODUCTION,UNITED STATES,00,CROPS,"WHEAT, SPRING, DURUM - PRODUCTION, MEASURED IN BU"
2016-07-12 12:00:00.000,00,,,ANNUAL,WHEAT,00000000,FIELD CROPS,US TOTAL,NATIONAL,,NOT SPECIFIED,"SPRING, DURUM",BU,US TOTAL,,,,,ALL PRODUCTION PRACTICES,9000,,,,99,"82,770,000",2016,ALL UTILIZATION PRACTICES,,US,TOTAL,,YEAR - JUL FORECAST,SURVEY,PRODUCTION,UNITED STATES,00,CROPS,"WHEAT, SPRING, DURUM - PRODUCTION, MEASURED IN BU"
2019-02-06 15:00:06.000,00,,,ANNUAL,WHEAT,00000000,FIELD CROPS,US TOTAL,NATIONAL,,NOT SPECIFIED,"SPRING, RED, HARD",BU,US TOTAL,,,,,ALL PRODUCTION PRACTICES,9000,,,,99,"491,325,000",2016,ALL UTILIZATION PRACTICES,,US,TOTAL,,YEAR,SURVEY,PRODUCTION,UNITED STATES,00,CROPS,"WHEAT, SPRING, RED, HARD - PRODUCTION, MEASURED IN BU"
2016-08-12 12:00:00.000,00,,,ANNUAL,WHEAT,00000000,FIELD CROPS,US TOTAL,NATIONAL,,NOT SPECIFIED,"SPRING, RED, HARD",BU,US TOTAL,,,,,ALL PRODUCTION PRACTICES,9000,,,,99,"530,715,000",2016,ALL UTILIZATION PRACTICES,,US,TOTAL,,YEAR - AUG FORECAST,SURVEY,PRODUCTION,UNITED STATES,00,CROPS,"WHEAT, SPRING, RED, HARD - PRODUCTION, MEASURED IN BU"
2016-07-12 12:00:00.000,00,,,ANNUAL,WHEAT,00000000,FIELD CROPS,US TOTAL,NATIONAL,,NOT SPECIFIED,"SPRING, RED, HARD",BU,US TOTAL,,,,,ALL PRODUCTION PRACTICES,9000,,,,99,"511,460,000",2016,ALL UTILIZATION PRACTICES,,US,TOTAL,,YEAR - JUL FORECAST,SURVEY,PRODUCTION,UNITED STATES,00,CROPS,"WHEAT, SPRING, RED, HARD - PRODUCTION, MEASURED IN BU"
2019-02-06 15:00:06.000,00,,,ANNUAL,WHEAT,00000000,FIELD CROPS,US TOTAL,NATIONAL,,NOT SPECIFIED,"SPRING, WHITE",BU,US TOTAL,,,,,ALL PRODUCTION PRACTICES,9000,,,,99,"40,902,000",2016,ALL UTILIZATION PRACTICES,,US,TOTAL,,YEAR,SURVEY,PRODUCTION,UNITED STATES,00,CROPS,"WHEAT, SPRING, WHITE - PRODUCTION, MEASURED IN BU"
2019-02-06 15:00:06.000,00,,,ANNUAL,WHEAT,00000000,FIELD CROPS,US TOTAL,NATIONAL,,NOT SPECIFIED,"SPRING, WHITE, HARD",BU,US TOTAL,,,,,ALL PRODUCTION PRACTICES,9000,,,,99,"7,539,000",2016,ALL UTILIZATION PRACTICES,,US,TOTAL,,YEAR,SURVEY,PRODUCTION,UNITED STATES,00,CROPS,"WHEAT, SPRING, WHITE, HARD - PRODUCTION, MEASURED IN BU"
2016-08-12 12:00:00.000,00,,,ANNUAL,WHEAT,00000000,FIELD CROPS,US TOTAL,NATIONAL,,NOT SPECIFIED,"SPRING, WHITE, HARD",BU,US TOTAL,,,,,ALL PRODUCTION PRACTICES,9000,,,,99,"6,308,000",2016,ALL UTILIZATION PRACTICES,,US,TOTAL,,YEAR - AUG FORECAST,SURVEY,PRODUCTION,UNITED STATES,00,CROPS,"WHEAT, SPRING, WHITE, HARD - PRODUCTION, MEASURED IN BU"
2016-07-12 12:00:00.000,00,,,ANNUAL,WHEAT,00000000,FIELD CROPS,US TOTAL,NATIONAL,,NOT SPECIFIED,"SPRING, WHITE, HARD",BU,US TOTAL,,,,,ALL PRODUCTION PRACTICES,9000,,,,99,"6,154,000",2016,ALL UTILIZATION PRACTICES,,US,TOTAL,,YEAR - JUL FORECAST,SURVEY,PRODUCTION,UNITED STATES,00,CROPS,"WHEAT, SPRING, WHITE, HARD - PRODUCTION, MEASURED IN BU"
2019-02-06 15:00:06.000,00,,,ANNUAL,WHEAT,00000000,FIELD CROPS,US TOTAL,NATIONAL,,NOT SPECIFIED,"SPRING, WHITE, SOFT",BU,US TOTAL,,,,,ALL PRODUCTION PRACTICES,9000,,,,99,"33,363,000",2016,ALL UTILIZATION PRACTICES,,US,TOTAL,,YEAR,SURVEY,PRODUCTION,UNITED STATES,00,CROPS,"WHEAT, SPRING, WHITE, SOFT - PRODUCTION, MEASURED IN BU"
2016-08-12 12:00:00.000,00,,,ANNUAL,WHEAT,00000000,FIELD CROPS,US TOTAL,NATIONAL,,NOT SPECIFIED,"SPRING, WHITE, SOFT",BU,US TOTAL,,,,,ALL PRODUCTION PRACTICES,9000,,,,99,"34,392,000",2016,ALL UTILIZATION PRACTICES,,US,TOTAL,,YEAR - AUG FORECAST,SURVEY,PRODUCTION,UNITED STATES,00,CROPS,"WHEAT, SPRING, WHITE, SOFT - PRODUCTION, MEASURED IN BU"
2016-07-12 12:00:00.000,00,,,ANNUAL,WHEAT,00000000,FIELD CROPS,US TOTAL,NATIONAL,,NOT SPECIFIED,"SPRING, WHITE, SOFT",BU,US TOTAL,,,,,ALL PRODUCTION PRACTICES,9000,,,,99,"32,880,000",2016,ALL UTILIZATION PRACTICES,,US,TOTAL,,YEAR - JUL FORECAST,SURVEY,PRODUCTION,UNITED STATES,00,CROPS,"WHEAT, SPRING, WHITE, SOFT - PRODUCTION, MEASURED IN BU"
2019-02-06 15:00:06.000,00,,,ANNUAL,WHEAT,00000000,FIELD CROPS,US TOTAL,NATIONAL,,NOT SPECIFIED,WINTER,BU,US TOTAL,,,,,ALL PRODUCTION PRACTICES,9000,,,,99,"1,672,522,000",2016,ALL UTILIZATION PRACTICES,,US,TOTAL,,YEAR,SURVEY,PRODUCTION,UNITED STATES,00,CROPS,"WHEAT, WINTER - PRODUCTION, MEASURED IN BU"
2016-08-12 12:00:00.000,00,,,ANNUAL,WHEAT,00000000,FIELD CROPS,US TOTAL,NATIONAL,,NOT SPECIFIED,WINTER,BU,US TOTAL,,,,,ALL PRODUCTION PRACTICES,9000,,,,99,"1,657,440,000",2016,ALL UTILIZATION PRACTICES,,US,TOTAL,,YEAR - AUG FORECAST,SURVEY,PRODUCTION,UNITED STATES,00,CROPS,"WHEAT, WINTER - PRODUCTION, MEASURED IN BU"
2016-07-12 12:00:00.000,00,,,ANNUAL,WHEAT,00000000,FIELD CROPS,US TOTAL,NATIONAL,,NOT SPECIFIED,WINTER,BU,US TOTAL,,,,,ALL PRODUCTION PRACTICES,9000,,,,99,"1,627,664,000",2016,ALL UTILIZATION PRACTICES,,US,TOTAL,,YEAR - JUL FORECAST,SURVEY,PRODUCTION,UNITED STATES,00,CROPS,"WHEAT, WINTER - PRODUCTION, MEASURED IN BU"
2016-06-10 12:00:00.000,00,,,ANNUAL,WHEAT,00000000,FIELD CROPS,US TOTAL,NATIONAL,,NOT SPECIFIED,WINTER,BU,US TOTAL,,,,,ALL PRODUCTION PRACTICES,9000,,,,99,"1,506,626,000",2016,ALL UTILIZATION PRACTICES,,US,TOTAL,,YEAR - JUN FORECAST,SURVEY,PRODUCTION,UNITED STATES,00,CROPS,"WHEAT, WINTER - PRODUCTION, MEASURED IN BU"
2016-05-10 12:00:00.000,00,,,ANNUAL,WHEAT,00000000,FIELD CROPS,US TOTAL,NATIONAL,,NOT SPECIFIED,WINTER,BU,US TOTAL,,,,,ALL PRODUCTION PRACTICES,9000,,,,99,"1,427,084,000",2016,ALL UTILIZATION PRACTICES,,US,TOTAL,,YEAR - MAY FORECAST,SURVEY,PRODUCTION,UNITED STATES,00,CROPS,"WHEAT, WINTER - PRODUCTION, MEASURED IN BU"
2019-02-06 15:00:06.000,00,,,ANNUAL,WHEAT,00000000,FIELD CROPS,US TOTAL,NATIONAL,,NOT SPECIFIED,"WINTER, RED, HARD",BU,US TOTAL,,,,,ALL PRODUCTION PRACTICES,9000,,,,99,"1,082,004,000",2016,ALL UTILIZATION PRACTICES,,US,TOTAL,,YEAR,SURVEY,PRODUCTION,UNITED STATES,00,CROPS,"WHEAT, WINTER, RED, HARD - PRODUCTION, MEASURED IN BU"
2016-08-12 12:00:00.000,00,,,ANNUAL,WHEAT,00000000,FIELD CROPS,US TOTAL,NATIONAL,,NOT SPECIFIED,"WINTER, RED, HARD",BU,US TOTAL,,,,,ALL PRODUCTION PRACTICES,9000,,,,99,"1,048,097,000",2016,ALL UTILIZATION PRACTICES,,US,TOTAL,,YEAR - AUG FORECAST,SURVEY,PRODUCTION,UNITED STATES,00,CROPS,"WHEAT, WINTER, RED, HARD - PRODUCTION, MEASURED IN BU"
2016-07-12 12:00:00.000,00,,,ANNUAL,WHEAT,00000000,FIELD CROPS,US TOTAL,NATIONAL,,NOT SPECIFIED,"WINTER, RED, HARD",BU,US TOTAL,,,,,ALL PRODUCTION PRACTICES,9000,,,,99,"1,034,058,000",2016,ALL UTILIZATION PRACTICES,,US,TOTAL,,YEAR - JUL FORECAST,SURVEY,PRODUCTION,UNITED STATES,00,CROPS,"WHEAT, WINTER, RED, HARD - PRODUCTION, MEASURED IN BU"
2016-06-10 12:00:00.000,00,,,ANNUAL,WHEAT,00000000,FIELD CROPS,US TOTAL,NATIONAL,,NOT SPECIFIED,"WINTER, RED, HARD",BU,US TOTAL,,,,,ALL PRODUCTION PRACTICES,9000,,,,99,"937,655,000",2016,ALL UTILIZATION PRACTICES,,US,TOTAL,,YEAR - JUN FORECAST,SURVEY,PRODUCTION,UNITED STATES,00,CROPS,"WHEAT, WINTER, RED, HARD - PRODUCTION, MEASURED IN BU"
2016-05-10 12:00:00.000,00,,,ANNUAL,WHEAT,00000000,FIELD CROPS,US TOTAL,NATIONAL,,NOT SPECIFIED,"WINTER, RED, HARD",BU,US TOTAL,,,,,ALL PRODUCTION PRACTICES,9000,,,,99,"862,522,000",2016,ALL UTILIZATION PRACTICES,,US,TOTAL,,YEAR - MAY FORECAST,SURVEY,PRODUCTION,UNITED STATES,00,CROPS,"WHEAT, WINTER, RED, HARD - PRODUCTION, MEASURED IN BU"
2019-02-06 15:00:06.000,00,,,ANNUAL,WHEAT,00000000,FIELD CROPS,US TOTAL,NATIONAL,,NOT SPECIFIED,"WINTER, RED, SOFT",BU,US TOTAL,,,,,ALL PRODUCTION PRACTICES,9000,,,,99,"345,172,000",2016,ALL UTILIZATION PRACTICES,,US,TOTAL,,YEAR,SURVEY,PRODUCTION,UNITED STATES,00,CROPS,"WHEAT, WINTER, RED, SOFT - PRODUCTION, MEASURED IN BU"
2016-08-12 12:00:00.000,00,,,ANNUAL,WHEAT,00000000,FIELD CROPS,US TOTAL,NATIONAL,,NOT SPECIFIED,"WINTER, RED, SOFT",BU,US TOTAL,,,,,ALL PRODUCTION PRACTICES,9000,,,,99,"371,943,000",2016,ALL UTILIZATION PRACTICES,,US,TOTAL,,YEAR - AUG FORECAST,SURVEY,PRODUCTION,UNITED STATES,00,CROPS,"WHEAT, WINTER, RED, SOFT - PRODUCTION, MEASURED IN BU"
2016-07-12 12:00:00.000,00,,,ANNUAL,WHEAT,00000000,FIELD CROPS,US TOTAL,NATIONAL,,NOT SPECIFIED,"WINTER, RED, SOFT",BU,US TOTAL,,,,,ALL PRODUCTION PRACTICES,9000,,,,99,"370,105,000",2016,ALL UTILIZATION PRACTICES,,US,TOTAL,,YEAR - JUL FORECAST,SURVEY,PRODUCTION,UNITED STATES,00,CROPS,"WHEAT, WINTER, RED, SOFT - PRODUCTION, MEASURED IN BU"
2016-06-10 12:00:00.000,00,,,ANNUAL,WHEAT,00000000,FIELD CROPS,US TOTAL,NATIONAL,,NOT SPECIFIED,"WINTER, RED, SOFT",BU,US TOTAL,,,,,ALL PRODUCTION PRACTICES,9000,,,,99,"354,605,000",2016,ALL UTILIZATION PRACTICES,,US,TOTAL,,YEAR - JUN FORECAST,SURVEY,PRODUCTION,UNITED STATES,00,CROPS,"WHEAT, WINTER, RED, SOFT - PRODUCTION, MEASURED IN BU"
2016-05-10 12:00:00.000,00,,,ANNUAL,WHEAT,00000000,FIELD CROPS,US TOTAL,NATIONAL,,NOT SPECIFIED,"WINTER, RED, SOFT",BU,US TOTAL,,,,,ALL PRODUCTION PRACTICES,9000,,,,99,"356,569,000",2016,ALL UTILIZATION PRACTICES,,US,TOTAL,,YEAR - MAY FORECAST,SURVEY,PRODUCTION,UNITED STATES,00,CROPS,"WHEAT, WINTER, RED, SOFT - PRODUCTION, MEASURED IN BU"
2019-02-06 15:00:06.000,00,,,ANNUAL,WHEAT,00000000,FIELD CROPS,US TOTAL,NATIONAL,,NOT SPECIFIED,"WINTER, WHITE",BU,US TOTAL,,,,,ALL PRODUCTION PRACTICES,9000,,,,99,"245,346,000",2016,ALL UTILIZATION PRACTICES,,US,TOTAL,,YEAR,SURVEY,PRODUCTION,UNITED STATES,00,CROPS,"WHEAT, WINTER, WHITE - PRODUCTION, MEASURED IN BU"
2019-02-06 15:00:06.000,00,,,ANNUAL,WHEAT,00000000,FIELD CROPS,US TOTAL,NATIONAL,,NOT SPECIFIED,"WINTER, WHITE, HARD",BU,US TOTAL,,,,,ALL PRODUCTION PRACTICES,9000,,,,99,"25,477,000",2016,ALL UTILIZATION PRACTICES,,US,TOTAL,,YEAR,SURVEY,PRODUCTION,UNITED STATES,00,CROPS,"WHEAT, WINTER, WHITE, HARD - PRODUCTION, MEASURED IN BU"
2016-08-12 12:00:00.000,00,,,ANNUAL,WHEAT,00000000,FIELD CROPS,US TOTAL,NATIONAL,,NOT SPECIFIED,"WINTER, WHITE, HARD",BU,US TOTAL,,,,,ALL PRODUCTION PRACTICES,9000,,,,99,"21,694,000",2016,ALL UTILIZATION PRACTICES,,US,TOTAL,,YEAR - AUG FORECAST,SURVEY,PRODUCTION,UNITED STATES,00,CROPS,"WHEAT, WINTER, WHITE, HARD - PRODUCTION, MEASURED IN BU"
2016-07-12 12:00:00.000,00,,,ANNUAL,WHEAT,00000000,FIELD CROPS,US TOTAL,NATIONAL,,NOT SPECIFIED,"WINTER, WHITE, HARD",BU,US TOTAL,,,,,ALL PRODUCTION PRACTICES,9000,,,,99,"21,230,000",2016,ALL UTILIZATION PRACTICES,,US,TOTAL,,YEAR - JUL FORECAST,SURVEY,PRODUCTION,UNITED STATES,00,CROPS,"WHEAT, WINTER, WHITE, HARD - PRODUCTION, MEASURED IN BU"
2016-06-10 12:00:00.000,00,,,ANNUAL,WHEAT,00000000,FIELD CROPS,US TOTAL,NATIONAL,,NOT SPECIFIED,"WINTER, WHITE, HARD",BU,US TOTAL,,,,,ALL PRODUCTION PRACTICES,9000,,,,99,"18,972,000",2016,ALL UTILIZATION PRACTICES,,US,TOTAL,,YEAR - JUN FORECAST,SURVEY,PRODUCTION,UNITED STATES,00,CROPS,"WHEAT, WINTER, WHITE, HARD - PRODUCTION, MEASURED IN BU"
2016-05-10 12:00:00.000,00,,,ANNUAL,WHEAT,00000000,FIELD CROPS,US TOTAL,NATIONAL,,NOT SPECIFIED,"WINTER, WHITE, HARD",BU,US TOTAL,,,,,ALL PRODUCTION PRACTICES,9000,,,,99,"17,386,000",2016,ALL UTILIZATION PRACTICES,,US,TOTAL,,YEAR - MAY FORECAST,SURVEY,PRODUCTION,UNITED STATES,00,CROPS,"WHEAT, WINTER, WHITE, HARD - PRODUCTION, MEASURED IN BU"
2019-02-06 15:00:06.000,00,,,ANNUAL,WHEAT,00000000,FIELD CROPS,US TOTAL,NATIONAL,,NOT SPECIFIED,"WINTER, WHITE, SOFT",BU,US TOTAL,,,,,ALL PRODUCTION PRACTICES,9000,,,,99,"219,869,000",2016,ALL UTILIZATION PRACTICES,,US,TOTAL,,YEAR,SURVEY,PRODUCTION,UNITED STATES,00,CROPS,"WHEAT, WINTER, WHITE, SOFT - PRODUCTION, MEASURED IN BU"
2016-08-12 12:00:00.000,00,,,ANNUAL,WHEAT,00000000,FIELD CROPS,US TOTAL,NATIONAL,,NOT SPECIFIED,"WINTER, WHITE, SOFT",BU,US TOTAL,,,,,ALL PRODUCTION PRACTICES,9000,,,,99,"215,706,000",2016,ALL UTILIZATION PRACTICES,,US,TOTAL,,YEAR - AUG FORECAST,SURVEY,PRODUCTION,UNITED STATES,00,CROPS,"WHEAT, WINTER, WHITE, SOFT - PRODUCTION, MEASURED IN BU"
2016-07-12 12:00:00.000,00,,,ANNUAL,WHEAT,00000000,FIELD CROPS,US TOTAL,NATIONAL,,NOT SPECIFIED,"WINTER, WHITE, SOFT",BU,US TOTAL,,,,,ALL PRODUCTION PRACTICES,9000,,,,99,"202,271,000",2016,ALL UTILIZATION PRACTICES,,US,TOTAL,,YEAR - JUL FORECAST,SURVEY,PRODUCTION,UNITED STATES,00,CROPS,"WHEAT, WINTER, WHITE, SOFT - PRODUCTION, MEASURED IN BU"
2016-06-10 12:00:00.000,00,,,ANNUAL,WHEAT,00000000,FIELD CROPS,US TOTAL,NATIONAL,,NOT SPECIFIED,"WINTER, WHITE, SOFT",BU,US TOTAL,,,,,ALL PRODUCTION PRACTICES,9000,,,,99,"195,394,000",2016,ALL UTILIZATION PRACTICES,,US,TOTAL,,YEAR - JUN FORECAST,SURVEY,PRODUCTION,UNITED STATES,00,CROPS,"WHEAT, WINTER, WHITE, SOFT - PRODUCTION, MEASURED IN BU"
2016-05-10 12:00:00.000,00,,,ANNUAL,WHEAT,00000000,FIELD CROPS,US TOTAL,NATIONAL,,NOT SPECIFIED,"WINTER, WHITE, SOFT",BU,US TOTAL,,,,,ALL PRODUCTION PRACTICES,9000,,,,99,"190,607,000",2016,ALL UTILIZATION PRACTICES,,US,TOTAL,,YEAR - MAY FORECAST,SURVEY,PRODUCTION,UNITED STATES,00,CROPS,"WHEAT, WINTER, WHITE, SOFT - PRODUCTION, MEASURED IN BU"
2019-02-06 15:00:06.000,00,,,ANNUAL,WHEAT,00000000,FIELD CROPS,US TOTAL,NATIONAL,,NOT SPECIFIED,ALL CLASSES,BU,US TOTAL,,,,,ALL PRODUCTION PRACTICES,9000,,,,99,"1,740,910,000",2017,ALL UTILIZATION PRACTICES,,US,TOTAL,,YEAR,SURVEY,PRODUCTION,UNITED STATES,00,CROPS,"WHEAT - PRODUCTION, MEASURED IN BU"
2017-08-10 12:08:28.000,00,,,ANNUAL,WHEAT,00000000,FIELD CROPS,US TOTAL,NATIONAL,,NOT SPECIFIED,ALL CLASSES,BU,US TOTAL,,,,,ALL PRODUCTION PRACTICES,9000,,,,99,"1,739,222,000",2017,ALL UTILIZATION PRACTICES,,US,TOTAL,,YEAR - AUG FORECAST,SURVEY,PRODUCTION,UNITED STATES,00,CROPS,"WHEAT - PRODUCTION, MEASURED IN BU"
2017-07-12 12:01:17.000,00,,,ANNUAL,WHEAT,00000000,FIELD CROPS,US TOTAL,NATIONAL,,NOT SPECIFIED,ALL CLASSES,BU,US TOTAL,,,,,ALL PRODUCTION PRACTICES,9000,,,,99,"1,759,738,000",2017,ALL UTILIZATION PRACTICES,,US,TOTAL,,YEAR - JUL FORECAST,SURVEY,PRODUCTION,UNITED STATES,00,CROPS,"WHEAT - PRODUCTION, MEASURED IN BU"
2019-02-06 15:00:06.000,00,,,ANNUAL,WHEAT,00000000,FIELD CROPS,US TOTAL,NATIONAL,,NOT SPECIFIED,"SPRING, (EXCL DURUM)",BU,US TOTAL,,,,,ALL PRODUCTION PRACTICES,9000,,,,99,"415,851,000",2017,ALL UTILIZATION PRACTICES,,US,TOTAL,,YEAR,SURVEY,PRODUCTION,UNITED STATES,00,CROPS,"WHEAT, SPRING, (EXCL DURUM) - PRODUCTION, MEASURED IN BU"
2017-08-10 12:08:28.000,00,,,ANNUAL,WHEAT,00000000,FIELD CROPS,US TOTAL,NATIONAL,,NOT SPECIFIED,"SPRING, (EXCL DURUM)",BU,US TOTAL,,,,,ALL PRODUCTION PRACTICES,9000,,,,99,"401,554,000",2017,ALL UTILIZATION PRACTICES,,US,TOTAL,,YEAR - AUG FORECAST,SURVEY,PRODUCTION,UNITED STATES,00,CROPS,"WHEAT, SPRING, (EXCL DURUM) - PRODUCTION, MEASURED IN BU"
2017-07-12 12:01:17.000,00,,,ANNUAL,WHEAT,00000000,FIELD CROPS,US TOTAL,NATIONAL,,NOT SPECIFIED,"SPRING, (EXCL DURUM)",BU,US TOTAL,,,,,ALL PRODUCTION PRACTICES,9000,,,,99,"422,880,000",2017,ALL UTILIZATION PRACTICES,,US,TOTAL,,YEAR - JUL FORECAST,SURVEY,PRODUCTION,UNITED STATES,00,CROPS,"WHEAT, SPRING, (EXCL DURUM) - PRODUCTION, MEASURED IN BU"
2019-02-06 15:00:06.000,00,,,ANNUAL,WHEAT,00000000,FIELD CROPS,US TOTAL,NATIONAL,,NOT SPECIFIED,"SPRING, DURUM",BU,US TOTAL,,,,,ALL PRODUCTION PRACTICES,9000,,,,99,"54,777,000",2017,ALL UTILIZATION PRACTICES,,US,TOTAL,,YEAR,SURVEY,PRODUCTION,UNITED STATES,00,CROPS,"WHEAT, SPRING, DURUM - PRODUCTION, MEASURED IN BU"
2017-08-10 12:08:28.000,00,,,ANNUAL,WHEAT,00000000,FIELD CROPS,US TOTAL,NATIONAL,,NOT SPECIFIED,"SPRING, DURUM",BU,US TOTAL,,,,,ALL PRODUCTION PRACTICES,9000,,,,99,"50,535,000",2017,ALL UTILIZATION PRACTICES,,US,TOTAL,,YEAR - AUG FORECAST,SURVEY,PRODUCTION,UNITED STATES,00,CROPS,"WHEAT, SPRING, DURUM - PRODUCTION, MEASURED IN BU"
2017-07-12 12:01:17.000,00,,,ANNUAL,WHEAT,00000000,FIELD CROPS,US TOTAL,NATIONAL,,NOT SPECIFIED,"SPRING, DURUM",BU,US TOTAL,,,,,ALL PRODUCTION PRACTICES,9000,,,,99,"57,495,000",2017,ALL UTILIZATION PRACTICES,,US,TOTAL,,YEAR - JUL FORECAST,SURVEY,PRODUCTION,UNITED STATES,00,CROPS,"WHEAT, SPRING, DURUM - PRODUCTION, MEASURED IN BU"
2019-02-06 15:00:06.000,00,,,ANNUAL,WHEAT,00000000,FIELD CROPS,US TOTAL,NATIONAL,,NOT SPECIFIED,"SPRING, RED, HARD",BU,US TOTAL,,,,,ALL PRODUCTION PRACTICES,9000,,,,99,"384,193,000",2017,ALL UTILIZATION PRACTICES,,US,TOTAL,,YEAR,SURVEY,PRODUCTION,UNITED STATES,00,CROPS,"WHEAT, SPRING, RED, HARD - PRODUCTION, MEASURED IN BU"
2017-08-10 12:08:28.000,00,,,ANNUAL,WHEAT,00000000,FIELD CROPS,US TOTAL,NATIONAL,,NOT SPECIFIED,"SPRING, RED, HARD",BU,US TOTAL,,,,,ALL PRODUCTION PRACTICES,9000,,,,99,"364,210,000",2017,ALL UTILIZATION PRACTICES,,US,TOTAL,,YEAR - AUG FORECAST,SURVEY,PRODUCTION,UNITED STATES,00,CROPS,"WHEAT, SPRING, RED, HARD - PRODUCTION, MEASURED IN BU"
2017-07-12 12:01:17.000,00,,,ANNUAL,WHEAT,00000000,FIELD CROPS,US TOTAL,NATIONAL,,NOT SPECIFIED,"SPRING, RED, HARD",BU,US TOTAL,,,,,ALL PRODUCTION PRACTICES,9000,,,,99,"385,108,000",2017,ALL UTILIZATION PRACTICES,,US,TOTAL,,YEAR - JUL FORECAST,SURVEY,PRODUCTION,UNITED STATES,00,CROPS,"WHEAT, SPRING, RED, HARD - PRODUCTION, MEASURED IN BU"
2019-02-06 15:00:06.000,00,,,ANNUAL,WHEAT,00000000,FIELD CROPS,US TOTAL,NATIONAL,,NOT SPECIFIED,"SPRING, WHITE",BU,US TOTAL,,,,,ALL PRODUCTION PRACTICES,9000,,,,99,"31,658,000",2017,ALL UTILIZATION PRACTICES,,US,TOTAL,,YEAR,SURVEY,PRODUCTION,UNITED STATES,00,CROPS,"WHEAT, SPRING, WHITE - PRODUCTION, MEASURED IN BU"
2019-02-06 15:00:06.000,00,,,ANNUAL,WHEAT,00000000,FIELD CROPS,US TOTAL,NATIONAL,,NOT SPECIFIED,"SPRING, WHITE, HARD",BU,US TOTAL,,,,,ALL PRODUCTION PRACTICES,9000,,,,99,"8,772,000",2017,ALL UTILIZATION PRACTICES,,US,TOTAL,,YEAR,SURVEY,PRODUCTION,UNITED STATES,00,CROPS,"WHEAT, SPRING, WHITE, HARD - PRODUCTION, MEASURED IN BU"
2017-08-10 12:08:28.000,00,,,ANNUAL,WHEAT,00000000,FIELD CROPS,US TOTAL,NATIONAL,,NOT SPECIFIED,"SPRING, WHITE, HARD",BU,US TOTAL,,,,,ALL PRODUCTION PRACTICES,9000,,,,99,"7,409,000",2017,ALL UTILIZATION PRACTICES,,US,TOTAL,,YEAR - AUG FORECAST,SURVEY,PRODUCTION,UNITED STATES,00,CROPS,"WHEAT, SPRING, WHITE, HARD - PRODUCTION, MEASURED IN BU"
2017-07-12 12:01:17.000,00,,,ANNUAL,WHEAT,00000000,FIELD CROPS,US TOTAL,NATIONAL,,NOT SPECIFIED,"SPRING, WHITE, HARD",BU,US TOTAL,,,,,ALL PRODUCTION PRACTICES,9000,,,,99,"7,396,000",2017,ALL UTILIZATION PRACTICES,,US,TOTAL,,YEAR - JUL FORECAST,SURVEY,PRODUCTION,UNITED STATES,00,CROPS,"WHEAT, SPRING, WHITE, HARD - PRODUCTION, MEASURED IN BU"
2019-02-06 15:00:06.000,00,,,ANNUAL,WHEAT,00000000,FIELD CROPS,US TOTAL,NATIONAL,,NOT SPECIFIED,"SPRING, WHITE, SOFT",BU,US TOTAL,,,,,ALL PRODUCTION PRACTICES,9000,,,,99,"22,886,000",2017,ALL UTILIZATION PRACTICES,,US,TOTAL,,YEAR,SURVEY,PRODUCTION,UNITED STATES,00,CROPS,"WHEAT, SPRING, WHITE, SOFT - PRODUCTION, MEASURED IN BU"
2017-08-10 12:08:28.000,00,,,ANNUAL,WHEAT,00000000,FIELD CROPS,US TOTAL,NATIONAL,,NOT SPECIFIED,"SPRING, WHITE, SOFT",BU,US TOTAL,,,,,ALL PRODUCTION PRACTICES,9000,,,,99,"29,935,000",2017,ALL UTILIZATION PRACTICES,,US,TOTAL,,YEAR - AUG FORECAST,SURVEY,PRODUCTION,UNITED STATES,00,CROPS,"WHEAT, SPRING, WHITE, SOFT - PRODUCTION, MEASURED IN BU"
2017-07-12 12:01:17.000,00,,,ANNUAL,WHEAT,00000000,FIELD CROPS,US TOTAL,NATIONAL,,NOT SPECIFIED,"SPRING, WHITE, SOFT",BU,US TOTAL,,,,,ALL PRODUCTION PRACTICES,9000,,,,99,"30,376,000",2017,ALL UTILIZATION PRACTICES,,US,TOTAL,,YEAR - JUL FORECAST,SURVEY,PRODUCTION,UNITED STATES,00,CROPS,"WHEAT, SPRING, WHITE, SOFT - PRODUCTION, MEASURED IN BU"
2019-02-06 15:00:06.000,00,,,ANNUAL,WHEAT,00000000,FIELD CROPS,US TOTAL,NATIONAL,,NOT SPECIFIED,WINTER,BU,US TOTAL,,,,,ALL PRODUCTION PRACTICES,9000,,,,99,"1,270,282,000",2017,ALL UTILIZATION PRACTICES,,US,TOTAL,,YEAR,SURVEY,PRODUCTION,UNITED STATES,00,CROPS,"WHEAT, WINTER - PRODUCTION, MEASURED IN BU"
2017-08-10 12:08:28.000,00,,,ANNUAL,WHEAT,00000000,FIELD CROPS,US TOTAL,NATIONAL,,NOT SPECIFIED,WINTER,BU,US TOTAL,,,,,ALL PRODUCTION PRACTICES,9000,,,,99,"1,287,133,000",2017,ALL UTILIZATION PRACTICES,,US,TOTAL,,YEAR - AUG FORECAST,SURVEY,PRODUCTION,UNITED STATES,00,CROPS,"WHEAT, WINTER - PRODUCTION, MEASURED IN BU"
2017-07-12 12:01:17.000,00,,,ANNUAL,WHEAT,00000000,FIELD CROPS,US TOTAL,NATIONAL,,NOT SPECIFIED,WINTER,BU,US TOTAL,,,,,ALL PRODUCTION PRACTICES,9000,,,,99,"1,279,363,000",2017,ALL UTILIZATION PRACTICES,,US,TOTAL,,YEAR - JUL FORECAST,SURVEY,PRODUCTION,UNITED STATES,00,CROPS,"WHEAT, WINTER - PRODUCTION, MEASURED IN BU"
2017-06-09 12:01:40.000,00,,,ANNUAL,WHEAT,00000000,FIELD CROPS,US TOTAL,NATIONAL,,NOT SPECIFIED,WINTER,BU,US TOTAL,,,,,ALL PRODUCTION PRACTICES,9000,,,,99,"1,250,192,000",2017,ALL UTILIZATION PRACTICES,,US,TOTAL,,YEAR - JUN FORECAST,SURVEY,PRODUCTION,UNITED STATES,00,CROPS,"WHEAT, WINTER - PRODUCTION, MEASURED IN BU"
2017-05-10 12:01:38.000,00,,,ANNUAL,WHEAT,00000000,FIELD CROPS,US TOTAL,NATIONAL,,NOT SPECIFIED,WINTER,BU,US TOTAL,,,,,ALL PRODUCTION PRACTICES,9000,,,,99,"1,246,392,000",2017,ALL UTILIZATION PRACTICES,,US,TOTAL,,YEAR - MAY FORECAST,SURVEY,PRODUCTION,UNITED STATES,00,CROPS,"WHEAT, WINTER - PRODUCTION, MEASURED IN BU"
2019-02-06 15:00:06.000,00,,,ANNUAL,WHEAT,00000000,FIELD CROPS,US TOTAL,NATIONAL,,NOT SPECIFIED,"WINTER, RED, HARD",BU,US TOTAL,,,,,ALL PRODUCTION PRACTICES,9000,,,,99,"750,132,000",2017,ALL UTILIZATION PRACTICES,,US,TOTAL,,YEAR,SURVEY,PRODUCTION,UNITED STATES,00,CROPS,"WHEAT, WINTER, RED, HARD - PRODUCTION, MEASURED IN BU"
2017-08-10 12:08:28.000,00,,,ANNUAL,WHEAT,00000000,FIELD CROPS,US TOTAL,NATIONAL,,NOT SPECIFIED,"WINTER, RED, HARD",BU,US TOTAL,,,,,ALL PRODUCTION PRACTICES,9000,,,,99,"758,372,000",2017,ALL UTILIZATION PRACTICES,,US,TOTAL,,YEAR - AUG FORECAST,SURVEY,PRODUCTION,UNITED STATES,00,CROPS,"WHEAT, WINTER, RED, HARD - PRODUCTION, MEASURED IN BU"
2017-07-12 12:01:17.000,00,,,ANNUAL,WHEAT,00000000,FIELD CROPS,US TOTAL,NATIONAL,,NOT SPECIFIED,"WINTER, RED, HARD",BU,US TOTAL,,,,,ALL PRODUCTION PRACTICES,9000,,,,99,"757,521,000",2017,ALL UTILIZATION PRACTICES,,US,TOTAL,,YEAR - JUL FORECAST,SURVEY,PRODUCTION,UNITED STATES,00,CROPS,"WHEAT, WINTER, RED, HARD - PRODUCTION, MEASURED IN BU"
2017-06-09 12:01:40.000,00,,,ANNUAL,WHEAT,00000000,FIELD CROPS,US TOTAL,NATIONAL,,NOT SPECIFIED,"WINTER, RED, HARD",BU,US TOTAL,,,,,ALL PRODUCTION PRACTICES,9000,,,,99,"743,039,000",2017,ALL UTILIZATION PRACTICES,,US,TOTAL,,YEAR - JUN FORECAST,SURVEY,PRODUCTION,UNITED STATES,00,CROPS,"WHEAT, WINTER, RED, HARD - PRODUCTION, MEASURED IN BU"
2017-05-10 12:01:38.000,00,,,ANNUAL,WHEAT,00000000,FIELD CROPS,US TOTAL,NATIONAL,,NOT SPECIFIED,"WINTER, RED, HARD",BU,US TOTAL,,,,,ALL PRODUCTION PRACTICES,9000,,,,99,"737,458,000",2017,ALL UTILIZATION PRACTICES,,US,TOTAL,,YEAR - MAY FORECAST,SURVEY,PRODUCTION,UNITED STATES,00,CROPS,"WHEAT, WINTER, RED, HARD - PRODUCTION, MEASURED IN BU"
2019-02-06 15:00:06.000,00,,,ANNUAL,WHEAT,00000000,FIELD CROPS,US TOTAL,NATIONAL,,NOT SPECIFIED,"WINTER, RED, SOFT",BU,US TOTAL,,,,,ALL PRODUCTION PRACTICES,9000,,,,99,"293,222,000",2017,ALL UTILIZATION PRACTICES,,US,TOTAL,,YEAR,SURVEY,PRODUCTION,UNITED STATES,00,CROPS,"WHEAT, WINTER, RED, SOFT - PRODUCTION, MEASURED IN BU"
2017-08-10 12:08:28.000,00,,,ANNUAL,WHEAT,00000000,FIELD CROPS,US TOTAL,NATIONAL,,NOT SPECIFIED,"WINTER, RED, SOFT",BU,US TOTAL,,,,,ALL PRODUCTION PRACTICES,9000,,,,99,"306,118,000",2017,ALL UTILIZATION PRACTICES,,US,TOTAL,,YEAR - AUG FORECAST,SURVEY,PRODUCTION,UNITED STATES,00,CROPS,"WHEAT, WINTER, RED, SOFT - PRODUCTION, MEASURED IN BU"
2017-07-12 12:01:17.000,00,,,ANNUAL,WHEAT,00000000,FIELD CROPS,US TOTAL,NATIONAL,,NOT SPECIFIED,"WINTER, RED, SOFT",BU,US TOTAL,,,,,ALL PRODUCTION PRACTICES,9000,,,,99,"305,637,000",2017,ALL UTILIZATION PRACTICES,,US,TOTAL,,YEAR - JUL FORECAST,SURVEY,PRODUCTION,UNITED STATES,00,CROPS,"WHEAT, WINTER, RED, SOFT - PRODUCTION, MEASURED IN BU"
2017-06-09 12:01:40.000,00,,,ANNUAL,WHEAT,00000000,FIELD CROPS,US TOTAL,NATIONAL,,NOT SPECIFIED,"WINTER, RED, SOFT",BU,US TOTAL,,,,,ALL PRODUCTION PRACTICES,9000,,,,99,"298,173,000",2017,ALL UTILIZATION PRACTICES,,US,TOTAL,,YEAR - JUN FORECAST,SURVEY,PRODUCTION,UNITED STATES,00,CROPS,"WHEAT, WINTER, RED, SOFT - PRODUCTION, MEASURED IN BU"
2017-05-10 12:01:38.000,00,,,ANNUAL,WHEAT,00000000,FIELD CROPS,US TOTAL,NATIONAL,,NOT SPECIFIED,"WINTER, RED, SOFT",BU,US TOTAL,,,,,ALL PRODUCTION PRACTICES,9000,,,,99,"296,669,000",2017,ALL UTILIZATION PRACTICES,,US,TOTAL,,YEAR - MAY FORECAST,SURVEY,PRODUCTION,UNITED STATES,00,CROPS,"WHEAT, WINTER, RED, SOFT - PRODUCTION, MEASURED IN BU"
2019-02-06 15:00:06.000,00,,,ANNUAL,WHEAT,00000000,FIELD CROPS,US TOTAL,NATIONAL,,NOT SPECIFIED,"WINTER, WHITE",BU,US TOTAL,,,,,ALL PRODUCTION PRACTICES,9000,,,,99,"226,928,000",2017,ALL UTILIZATION PRACTICES,,US,TOTAL,,YEAR,SURVEY,PRODUCTION,UNITED STATES,00,CROPS,"WHEAT, WINTER, WHITE - PRODUCTION, MEASURED IN BU"
2019-02-06 15:00:06.000,00,,,ANNUAL,WHEAT,00000000,FIELD CROPS,US TOTAL,NATIONAL,,NOT SPECIFIED,"WINTER, WHITE, HARD",BU,US TOTAL,,,,,ALL PRODUCTION PRACTICES,9000,,,,99,"23,724,000",2017,ALL UTILIZATION PRACTICES,,US,TOTAL,,YEAR,SURVEY,PRODUCTION,UNITED STATES,00,CROPS,"WHEAT, WINTER, WHITE, HARD - PRODUCTION, MEASURED IN BU"
2017-08-10 12:08:28.000,00,,,ANNUAL,WHEAT,00000000,FIELD CROPS,US TOTAL,NATIONAL,,NOT SPECIFIED,"WINTER, WHITE, HARD",BU,US TOTAL,,,,,ALL PRODUCTION PRACTICES,9000,,,,99,"18,807,000",2017,ALL UTILIZATION PRACTICES,,US,TOTAL,,YEAR - AUG FORECAST,SURVEY,PRODUCTION,UNITED STATES,00,CROPS,"WHEAT, WINTER, WHITE, HARD - PRODUCTION, MEASURED IN BU"
2017-07-12 12:01:17.000,00,,,ANNUAL,WHEAT,00000000,FIELD CROPS,US TOTAL,NATIONAL,,NOT SPECIFIED,"WINTER, WHITE, HARD",BU,US TOTAL,,,,,ALL PRODUCTION PRACTICES,9000,,,,99,"18,546,000",2017,ALL UTILIZATION PRACTICES,,US,TOTAL,,YEAR - JUL FORECAST,SURVEY,PRODUCTION,UNITED STATES,00,CROPS,"WHEAT, WINTER, WHITE, HARD - PRODUCTION, MEASURED IN BU"
2017-06-09 12:01:40.000,00,,,ANNUAL,WHEAT,00000000,FIELD CROPS,US TOTAL,NATIONAL,,NOT SPECIFIED,"WINTER, WHITE, HARD",BU,US TOTAL,,,,,ALL PRODUCTION PRACTICES,9000,,,,99,"17,517,000",2017,ALL UTILIZATION PRACTICES,,US,TOTAL,,YEAR - JUN FORECAST,SURVEY,PRODUCTION,UNITED STATES,00,CROPS,"WHEAT, WINTER, WHITE, HARD - PRODUCTION, MEASURED IN BU"
2017-05-10 12:01:38.000,00,,,ANNUAL,WHEAT,00000000,FIELD CROPS,US TOTAL,NATIONAL,,NOT SPECIFIED,"WINTER, WHITE, HARD",BU,US TOTAL,,,,,ALL PRODUCTION PRACTICES,9000,,,,99,"16,834,000",2017,ALL UTILIZATION PRACTICES,,US,TOTAL,,YEAR - MAY FORECAST,SURVEY,PRODUCTION,UNITED STATES,00,CROPS,"WHEAT, WINTER, WHITE, HARD - PRODUCTION, MEASURED IN BU"
2019-02-06 15:00:06.000,00,,,ANNUAL,WHEAT,00000000,FIELD CROPS,US TOTAL,NATIONAL,,NOT SPECIFIED,"WINTER, WHITE, SOFT",BU,US TOTAL,,,,,ALL PRODUCTION PRACTICES,9000,,,,99,"203,204,000",2017,ALL UTILIZATION PRACTICES,,US,TOTAL,,YEAR,SURVEY,PRODUCTION,UNITED STATES,00,CROPS,"WHEAT, WINTER, WHITE, SOFT - PRODUCTION, MEASURED IN BU"
2017-08-10 12:08:28.000,00,,,ANNUAL,WHEAT,00000000,FIELD CROPS,US TOTAL,NATIONAL,,NOT SPECIFIED,"WINTER, WHITE, SOFT",BU,US TOTAL,,,,,ALL PRODUCTION PRACTICES,9000,,,,99,"203,836,000",2017,ALL UTILIZATION PRACTICES,,US,TOTAL,,YEAR - AUG FORECAST,SURVEY,PRODUCTION,UNITED STATES,00,CROPS,"WHEAT, WINTER, WHITE, SOFT - PRODUCTION, MEASURED IN BU"
2017-07-12 12:01:17.000,00,,,ANNUAL,WHEAT,00000000,FIELD CROPS,US TOTAL,NATIONAL,,NOT SPECIFIED,"WINTER, WHITE, SOFT",BU,US TOTAL,,,,,ALL PRODUCTION PRACTICES,9000,,,,99,"197,659,000",2017,ALL UTILIZATION PRACTICES,,US,TOTAL,,YEAR - JUL FORECAST,SURVEY,PRODUCTION,UNITED STATES,00,CROPS,"WHEAT, WINTER, WHITE, SOFT - PRODUCTION, MEASURED IN BU"
2017-06-09 12:01:40.000,00,,,ANNUAL,WHEAT,00000000,FIELD CROPS,US TOTAL,NATIONAL,,NOT SPECIFIED,"WINTER, WHITE, SOFT",BU,US TOTAL,,,,,ALL PRODUCTION PRACTICES,9000,,,,99,"191,463,000",2017,ALL UTILIZATION PRACTICES,,US,TOTAL,,YEAR - JUN FORECAST,SURVEY,PRODUCTION,UNITED STATES,00,CROPS,"WHEAT, WINTER, WHITE, SOFT - PRODUCTION, MEASURED IN BU"
2017-05-10 12:01:38.000,00,,,ANNUAL,WHEAT,00000000,FIELD CROPS,US TOTAL,NATIONAL,,NOT SPECIFIED,"WINTER, WHITE, SOFT",BU,US TOTAL,,,,,ALL PRODUCTION PRACTICES,9000,,,,99,"195,431,000",2017,ALL UTILIZATION PRACTICES,,US,TOTAL,,YEAR - MAY FORECAST,SURVEY,PRODUCTION,UNITED STATES,00,CROPS,"WHEAT, WINTER, WHITE, SOFT - PRODUCTION, MEASURED IN BU"
2024-01-09 15:00:00.000,00,,,ANNUAL,WHEAT,00000000,FIELD CROPS,US TOTAL,NATIONAL,,NOT SPECIFIED,ALL CLASSES,BU,US TOTAL,,,,,ALL PRODUCTION PRACTICES,9000,,,,99,"1,885,361,000",2018,ALL UTILIZATION PRACTICES,,US,TOTAL,,YEAR,SURVEY,PRODUCTION,UNITED STATES,00,CROPS,"WHEAT - PRODUCTION, MEASURED IN BU"
2018-08-10 12:01:40.000,00,,,ANNUAL,WHEAT,00000000,FIELD CROPS,US TOTAL,NATIONAL,,NOT SPECIFIED,ALL CLASSES,BU,US TOTAL,,,,,ALL PRODUCTION PRACTICES,9000,,,,99,"1,876,785,000",2018,ALL UTILIZATION PRACTICES,,US,TOTAL,,YEAR - AUG FORECAST,SURVEY,PRODUCTION,UNITED STATES,00,CROPS,"WHEAT - PRODUCTION, MEASURED IN BU"
2018-07-12 12:00:55.000,00,,,ANNUAL,WHEAT,00000000,FIELD CROPS,US TOTAL,NATIONAL,,NOT SPECIFIED,ALL CLASSES,BU,US TOTAL,,,,,ALL PRODUCTION PRACTICES,9000,,,,99,"1,881,447,000",2018,ALL UTILIZATION PRACTICES,,US,TOTAL,,YEAR - JUL FORECAST,SURVEY,PRODUCTION,UNITED STATES,00,CROPS,"WHEAT - PRODUCTION, MEASURED IN BU"
2024-01-09 15:00:00.000,00,,,ANNUAL,WHEAT,00000000,FIELD CROPS,US TOTAL,NATIONAL,,NOT SPECIFIED,"SPRING, (EXCL DURUM)",BU,US TOTAL,,,,,ALL PRODUCTION PRACTICES,9000,,,,99,"623,232,000",2018,ALL UTILIZATION PRACTICES,,US,TOTAL,,YEAR,SURVEY,PRODUCTION,UNITED STATES,00,CROPS,"WHEAT, SPRING, (EXCL DURUM) - PRODUCTION, MEASURED IN BU"
2018-08-10 12:01:40.000,00,,,ANNUAL,WHEAT,00000000,FIELD CROPS,US TOTAL,NATIONAL,,NOT SPECIFIED,"SPRING, (EXCL DURUM)",BU,US TOTAL,,,,,ALL PRODUCTION PRACTICES,9000,,,,99,"614,154,000",2018,ALL UTILIZATION PRACTICES,,US,TOTAL,,YEAR - AUG FORECAST,SURVEY,PRODUCTION,UNITED STATES,00,CROPS,"WHEAT, SPRING, (EXCL DURUM) - PRODUCTION, MEASURED IN BU"
2018-07-12 12:00:55.000,00,,,ANNUAL,WHEAT,00000000,FIELD CROPS,US TOTAL,NATIONAL,,NOT SPECIFIED,"SPRING, (EXCL DURUM)",BU,US TOTAL,,,,,ALL PRODUCTION PRACTICES,9000,,,,99,"613,970,000",2018,ALL UTILIZATION PRACTICES,,US,TOTAL,,YEAR - JUL FORECAST,SURVEY,PRODUCTION,UNITED STATES,00,CROPS,"WHEAT, SPRING, (EXCL DURUM) - PRODUCTION, MEASURED IN BU"
2024-01-09 15:00:00.000,00,,,ANNUAL,WHEAT,00000000,FIELD CROPS,US TOTAL,NATIONAL,,NOT SPECIFIED,"SPRING, DURUM",BU,US TOTAL,,,,,ALL PRODUCTION PRACTICES,9000,,,,99,"78,190,000",2018,ALL UTILIZATION PRACTICES,,US,TOTAL,,YEAR,SURVEY,PRODUCTION,UNITED STATES,00,CROPS,"WHEAT, SPRING, DURUM - PRODUCTION, MEASURED IN BU"
2018-08-10 12:01:40.000,00,,,ANNUAL,WHEAT,00000000,FIELD CROPS,US TOTAL,NATIONAL,,NOT SPECIFIED,"SPRING, DURUM",BU,US TOTAL,,,,,ALL PRODUCTION PRACTICES,9000,,,,99,"73,432,000",2018,ALL UTILIZATION PRACTICES,,US,TOTAL,,YEAR - AUG FORECAST,SURVEY,PRODUCTION,UNITED STATES,00,CROPS,"WHEAT, SPRING, DURUM - PRODUCTION, MEASURED IN BU"
2018-07-12 12:00:55.000,00,,,ANNUAL,WHEAT,00000000,FIELD CROPS,US TOTAL,NATIONAL,,NOT SPECIFIED,"SPRING, DURUM",BU,US TOTAL,,,,,ALL PRODUCTION PRACTICES,9000,,,,99,"74,892,000",2018,ALL UTILIZATION PRACTICES,,US,TOTAL,,YEAR - JUL FORECAST,SURVEY,PRODUCTION,UNITED STATES,00,CROPS,"WHEAT, SPRING, DURUM - PRODUCTION, MEASURED IN BU"
2024-01-09 15:00:00.000,00,,,ANNUAL,WHEAT,00000000,FIELD CROPS,US TOTAL,NATIONAL,,NOT SPECIFIED,"SPRING, RED, HARD",BU,US TOTAL,,,,,ALL PRODUCTION PRACTICES,9000,,,,99,"587,007,000",2018,ALL UTILIZATION PRACTICES,,US,TOTAL,,YEAR,SURVEY,PRODUCTION,UNITED STATES,00,CROPS,"WHEAT, SPRING, RED, HARD - PRODUCTION, MEASURED IN BU"
2018-08-10 12:01:40.000,00,,,ANNUAL,WHEAT,00000000,FIELD CROPS,US TOTAL,NATIONAL,,NOT SPECIFIED,"SPRING, RED, HARD",BU,US TOTAL,,,,,ALL PRODUCTION PRACTICES,9000,,,,99,"582,884,000",2018,ALL UTILIZATION PRACTICES,,US,TOTAL,,YEAR - AUG FORECAST,SURVEY,PRODUCTION,UNITED STATES,00,CROPS,"WHEAT, SPRING, RED, HARD - PRODUCTION, MEASURED IN BU"
2018-07-12 12:00:55.000,00,,,ANNUAL,WHEAT,00000000,FIELD CROPS,US TOTAL,NATIONAL,,NOT SPECIFIED,"SPRING, RED, HARD",BU,US TOTAL,,,,,ALL PRODUCTION PRACTICES,9000,,,,99,"583,949,000",2018,ALL UTILIZATION PRACTICES,,US,TOTAL,,YEAR - JUL FORECAST,SURVEY,PRODUCTION,UNITED STATES,00,CROPS,"WHEAT, SPRING, RED, HARD - PRODUCTION, MEASURED IN BU"
2024-01-09 15:00:00.000,00,,,ANNUAL,WHEAT,00000000,FIELD CROPS,US TOTAL,NATIONAL,,NOT SPECIFIED,"SPRING, WHITE",BU,US TOTAL,,,,,ALL PRODUCTION PRACTICES,9000,,,,99,"36,225,000",2018,ALL UTILIZATION PRACTICES,,US,TOTAL,,YEAR,SURVEY,PRODUCTION,UNITED STATES,00,CROPS,"WHEAT, SPRING, WHITE - PRODUCTION, MEASURED IN BU"
2024-01-09 15:00:00.000,00,,,ANNUAL,WHEAT,00000000,FIELD CROPS,US TOTAL,NATIONAL,,NOT SPECIFIED,"SPRING, WHITE, HARD",BU,US TOTAL,,,,,ALL PRODUCTION PRACTICES,9000,,,,99,"13,510,000",2018,ALL UTILIZATION PRACTICES,,US,TOTAL,,YEAR,SURVEY,PRODUCTION,UNITED STATES,00,CROPS,"WHEAT, SPRING, WHITE, HARD - PRODUCTION, MEASURED IN BU"
2018-08-10 12:01:40.000,00,,,ANNUAL,WHEAT,00000000,FIELD CROPS,US TOTAL,NATIONAL,,NOT SPECIFIED,"SPRING, WHITE, HARD",BU,US TOTAL,,,,,ALL PRODUCTION PRACTICES,9000,,,,99,"8,924,000",2018,ALL UTILIZATION PRACTICES,,US,TOTAL,,YEAR - AUG FORECAST,SURVEY,PRODUCTION,UNITED STATES,00,CROPS,"WHEAT, SPRING, WHITE, HARD - PRODUCTION, MEASURED IN BU"
2018-07-12 12:00:55.000,00,,,ANNUAL,WHEAT,00000000,FIELD CROPS,US TOTAL,NATIONAL,,NOT SPECIFIED,"SPRING, WHITE, HARD",BU,US TOTAL,,,,,ALL PRODUCTION PRACTICES,9000,,,,99,"8,724,000",2018,ALL UTILIZATION PRACTICES,,US,TOTAL,,YEAR - JUL FORECAST,SURVEY,PRODUCTION,UNITED STATES,00,CROPS,"WHEAT, SPRING, WHITE, HARD - PRODUCTION, MEASURED IN BU"
2024-01-09 15:00:00.000,00,,,ANNUAL,WHEAT,00000000,FIELD CROPS,US TOTAL,NATIONAL,,NOT SPECIFIED,"SPRING, WHITE, SOFT",BU,US TOTAL,,,,,ALL PRODUCTION PRACTICES,9000,,,,99,"22,715,000",2018,ALL UTILIZATION PRACTICES,,US,TOTAL,,YEAR,SURVEY,PRODUCTION,UNITED STATES,00,CROPS,"WHEAT, SPRING, WHITE, SOFT - PRODUCTION, MEASURED IN BU"
2018-08-10 12:01:40.000,00,,,ANNUAL,WHEAT,00000000,FIELD CROPS,US TOTAL,NATIONAL,,NOT SPECIFIED,"SPRING, WHITE, SOFT",BU,US TOTAL,,,,,ALL PRODUCTION PRACTICES,9000,,,,99,"22,346,000",2018,ALL UTILIZATION PRACTICES,,US,TOTAL,,YEAR - AUG FORECAST,SURVEY,PRODUCTION,UNITED STATES,00,CROPS,"WHEAT, SPRING, WHITE, SOFT - PRODUCTION, MEASURED IN BU"
2018-07-12 12:00:55.000,00,,,ANNUAL,WHEAT,00000000,FIELD CROPS,US TOTAL,NATIONAL,,NOT SPECIFIED,"SPRING, WHITE, SOFT",BU,US TOTAL,,,,,ALL PRODUCTION PRACTICES,9000,,,,99,"21,297,000",2018,ALL UTILIZATION PRACTICES,,US,TOTAL,,YEAR - JUL FORECAST,SURVEY,PRODUCTION,UNITED STATES,00,CROPS,"WHEAT, SPRING, WHITE, SOFT - PRODUCTION, MEASURED IN BU"
2024-01-09 15:00:00.000,00,,,ANNUAL,WHEAT,00000000,FIELD CROPS,US TOTAL,NATIONAL,,NOT SPECIFIED,WINTER,BU,US TOTAL,,,,,ALL PRODUCTION PRACTICES,9000,,,,99,"1,183,939,000",2018,ALL UTILIZATION PRACTICES,,US,TOTAL,,YEAR,SURVEY,PRODUCTION,UNITED STATES,00,CROPS,"WHEAT, WINTER - PRODUCTION, MEASURED IN BU"
2018-08-10 12:01:40.000,00,,,ANNUAL,WHEAT,00000000,FIELD CROPS,US TOTAL,NATIONAL,,NOT SPECIFIED,WINTER,BU,US TOTAL,,,,,ALL PRODUCTION PRACTICES,9000,,,,99,"1,189,199,000",2018,ALL UTILIZATION PRACTICES,,US,TOTAL,,YEAR - AUG FORECAST,SURVEY,PRODUCTION,UNITED STATES,00,CROPS,"WHEAT, WINTER - PRODUCTION, MEASURED IN BU"
2018-07-12 12:00:55.000,00,,,ANNUAL,WHEAT,00000000,FIELD CROPS,US TOTAL,NATIONAL,,NOT SPECIFIED,WINTER,BU,US TOTAL,,,,,ALL PRODUCTION PRACTICES,9000,,,,99,"1,192,585,000",2018,ALL UTILIZATION PRACTICES,,US,TOTAL,,YEAR - JUL FORECAST,SURVEY,PRODUCTION,UNITED STATES,00,CROPS,"WHEAT, WINTER - PRODUCTION, MEASURED IN BU"
2018-06-12 12:02:14.000,00,,,ANNUAL,WHEAT,00000000,FIELD CROPS,US TOTAL,NATIONAL,,NOT SPECIFIED,WINTER,BU,US TOTAL,,,,,ALL PRODUCTION PRACTICES,9000,,,,99,"1,197,716,000",2018,ALL UTILIZATION PRACTICES,,US,TOTAL,,YEAR - JUN FORECAST,SURVEY,PRODUCTION,UNITED STATES,00,CROPS,"WHEAT, WINTER - PRODUCTION, MEASURED IN BU"
2018-05-10 12:00:48.000,00,,,ANNUAL,WHEAT,00000000,FIELD CROPS,US TOTAL,NATIONAL,,NOT SPECIFIED,WINTER,BU,US TOTAL,,,,,ALL PRODUCTION PRACTICES,9000,,,,99,"1,191,542,000",2018,ALL UTILIZATION PRACTICES,,US,TOTAL,,YEAR - MAY FORECAST,SURVEY,PRODUCTION,UNITED STATES,00,CROPS,"WHEAT, WINTER - PRODUCTION, MEASURED IN BU"
2024-01-09 15:00:00.000,00,,,ANNUAL,WHEAT,00000000,FIELD CROPS,US TOTAL,NATIONAL,,NOT SPECIFIED,"WINTER, RED, HARD",BU,US TOTAL,,,,,ALL PRODUCTION PRACTICES,9000,,,,99,"662,249,000",2018,ALL UTILIZATION PRACTICES,,US,TOTAL,,YEAR,SURVEY,PRODUCTION,UNITED STATES,00,CROPS,"WHEAT, WINTER, RED, HARD - PRODUCTION, MEASURED IN BU"
2018-08-10 12:01:40.000,00,,,ANNUAL,WHEAT,00000000,FIELD CROPS,US TOTAL,NATIONAL,,NOT SPECIFIED,"WINTER, RED, HARD",BU,US TOTAL,,,,,ALL PRODUCTION PRACTICES,9000,,,,99,"661,228,000",2018,ALL UTILIZATION PRACTICES,,US,TOTAL,,YEAR - AUG FORECAST,SURVEY,PRODUCTION,UNITED STATES,00,CROPS,"WHEAT, WINTER, RED, HARD - PRODUCTION, MEASURED IN BU"
2018-07-12 12:00:55.000,00,,,ANNUAL,WHEAT,00000000,FIELD CROPS,US TOTAL,NATIONAL,,NOT SPECIFIED,"WINTER, RED, HARD",BU,US TOTAL,,,,,ALL PRODUCTION PRACTICES,9000,,,,99,"657,385,000",2018,ALL UTILIZATION PRACTICES,,US,TOTAL,,YEAR - JUL FORECAST,SURVEY,PRODUCTION,UNITED STATES,00,CROPS,"WHEAT, WINTER, RED, HARD - PRODUCTION, MEASURED IN BU"
2018-06-12 12:02:14.000,00,,,ANNUAL,WHEAT,00000000,FIELD CROPS,US TOTAL,NATIONAL,,NOT SPECIFIED,"WINTER, RED, HARD",BU,US TOTAL,,,,,ALL PRODUCTION PRACTICES,9000,,,,99,"650,373,000",2018,ALL UTILIZATION PRACTICES,,US,TOTAL,,YEAR - JUN FORECAST,SURVEY,PRODUCTION,UNITED STATES,00,CROPS,"WHEAT, WINTER, RED, HARD - PRODUCTION, MEASURED IN BU"
2018-05-10 12:00:48.000,00,,,ANNUAL,WHEAT,00000000,FIELD CROPS,US TOTAL,NATIONAL,,NOT SPECIFIED,"WINTER, RED, HARD",BU,US TOTAL,,,,,ALL PRODUCTION PRACTICES,9000,,,,99,"647,028,000",2018,ALL UTILIZATION PRACTICES,,US,TOTAL,,YEAR - MAY FORECAST,SURVEY,PRODUCTION,UNITED STATES,00,CROPS,"WHEAT, WINTER, RED, HARD - PRODUCTION, MEASURED IN BU"
2024-01-09 15:00:00.000,00,,,ANNUAL,WHEAT,00000000,FIELD CROPS,US TOTAL,NATIONAL,,NOT SPECIFIED,"WINTER, RED, SOFT",BU,US TOTAL,,,,,ALL PRODUCTION PRACTICES,9000,,,,99,"285,558,000",2018,ALL UTILIZATION PRACTICES,,US,TOTAL,,YEAR,SURVEY,PRODUCTION,UNITED STATES,00,CROPS,"WHEAT, WINTER, RED, SOFT - PRODUCTION, MEASURED IN BU"
2018-08-10 12:01:40.000,00,,,ANNUAL,WHEAT,00000000,FIELD CROPS,US TOTAL,NATIONAL,,NOT SPECIFIED,"WINTER, RED, SOFT",BU,US TOTAL,,,,,ALL PRODUCTION PRACTICES,9000,,,,99,"291,813,000",2018,ALL UTILIZATION PRACTICES,,US,TOTAL,,YEAR - AUG FORECAST,SURVEY,PRODUCTION,UNITED STATES,00,CROPS,"WHEAT, WINTER, RED, SOFT - PRODUCTION, MEASURED IN BU"
2018-07-12 12:00:55.000,00,,,ANNUAL,WHEAT,00000000,FIELD CROPS,US TOTAL,NATIONAL,,NOT SPECIFIED,"WINTER, RED, SOFT",BU,US TOTAL,,,,,ALL PRODUCTION PRACTICES,9000,,,,99,"302,815,000",2018,ALL UTILIZATION PRACTICES,,US,TOTAL,,YEAR - JUL FORECAST,SURVEY,PRODUCTION,UNITED STATES,00,CROPS,"WHEAT, WINTER, RED, SOFT - PRODUCTION, MEASURED IN BU"
2018-06-12 12:02:14.000,00,,,ANNUAL,WHEAT,00000000,FIELD CROPS,US TOTAL,NATIONAL,,NOT SPECIFIED,"WINTER, RED, SOFT",BU,US TOTAL,,,,,ALL PRODUCTION PRACTICES,9000,,,,99,"315,500,000",2018,ALL UTILIZATION PRACTICES,,US,TOTAL,,YEAR - JUN FORECAST,SURVEY,PRODUCTION,UNITED STATES,00,CROPS,"WHEAT, WINTER, RED, SOFT - PRODUCTION, MEASURED IN BU"
2018-05-10 12:00:48.000,00,,,ANNUAL,WHEAT,00000000,FIELD CROPS,US TOTAL,NATIONAL,,NOT SPECIFIED,"WINTER, RED, SOFT",BU,US TOTAL,,,,,ALL PRODUCTION PRACTICES,9000,,,,99,"315,194,000",2018,ALL UTILIZATION PRACTICES,,US,TOTAL,,YEAR - MAY FORECAST,SURVEY,PRODUCTION,UNITED STATES,00,CROPS,"WHEAT, WINTER, RED, SOFT - PRODUCTION, MEASURED IN BU"
2024-01-09 15:00:00.000,00,,,ANNUAL,WHEAT,00000000,FIELD CROPS,US TOTAL,NATIONAL,,NOT SPECIFIED,"WINTER, WHITE",BU,US TOTAL,,,,,ALL PRODUCTION PRACTICES,9000,,,,99,"236,132,000",2018,ALL UTILIZATION PRACTICES,,US,TOTAL,,YEAR,SURVEY,PRODUCTION,UNITED STATES,00,CROPS,"WHEAT, WINTER, WHITE - PRODUCTION, MEASURED IN BU"
2024-01-09 15:00:00.000,00,,,ANNUAL,WHEAT,00000000,FIELD CROPS,US TOTAL,NATIONAL,,NOT SPECIFIED,"WINTER, WHITE, HARD",BU,US TOTAL,,,,,ALL PRODUCTION PRACTICES,9000,,,,99,"19,347,000",2018,ALL UTILIZATION PRACTICES,,US,TOTAL,,YEAR,SURVEY,PRODUCTION,UNITED STATES,00,CROPS,"WHEAT, WINTER, WHITE, HARD - PRODUCTION, MEASURED IN BU"
2018-08-10 12:01:40.000,00,,,ANNUAL,WHEAT,00000000,FIELD CROPS,US TOTAL,NATIONAL,,NOT SPECIFIED,"WINTER, WHITE, HARD",BU,US TOTAL,,,,,ALL PRODUCTION PRACTICES,9000,,,,99,"21,012,000",2018,ALL UTILIZATION PRACTICES,,US,TOTAL,,YEAR - AUG FORECAST,SURVEY,PRODUCTION,UNITED STATES,00,CROPS,"WHEAT, WINTER, WHITE, HARD - PRODUCTION, MEASURED IN BU"
2018-07-12 12:00:55.000,00,,,ANNUAL,WHEAT,00000000,FIELD CROPS,US TOTAL,NATIONAL,,NOT SPECIFIED,"WINTER, WHITE, HARD",BU,US TOTAL,,,,,ALL PRODUCTION PRACTICES,9000,,,,99,"21,056,000",2018,ALL UTILIZATION PRACTICES,,US,TOTAL,,YEAR - JUL FORECAST,SURVEY,PRODUCTION,UNITED STATES,00,CROPS,"WHEAT, WINTER, WHITE, HARD - PRODUCTION, MEASURED IN BU"
2018-06-12 12:02:14.000,00,,,ANNUAL,WHEAT,00000000,FIELD CROPS,US TOTAL,NATIONAL,,NOT SPECIFIED,"WINTER, WHITE, HARD",BU,US TOTAL,,,,,ALL PRODUCTION PRACTICES,9000,,,,99,"21,829,000",2018,ALL UTILIZATION PRACTICES,,US,TOTAL,,YEAR - JUN FORECAST,SURVEY,PRODUCTION,UNITED STATES,00,CROPS,"WHEAT, WINTER, WHITE, HARD - PRODUCTION, MEASURED IN BU"
2018-05-10 12:00:48.000,00,,,ANNUAL,WHEAT,00000000,FIELD CROPS,US TOTAL,NATIONAL,,NOT SPECIFIED,"WINTER, WHITE, HARD",BU,US TOTAL,,,,,ALL PRODUCTION PRACTICES,9000,,,,99,"21,212,000",2018,ALL UTILIZATION PRACTICES,,US,TOTAL,,YEAR - MAY FORECAST,SURVEY,PRODUCTION,UNITED STATES,00,CROPS,"WHEAT, WINTER, WHITE, HARD - PRODUCTION, MEASURED IN BU"
2024-01-09 15:00:00.000,00,,,ANNUAL,WHEAT,00000000,FIELD CROPS,US TOTAL,NATIONAL,,NOT SPECIFIED,"WINTER, WHITE, SOFT",BU,US TOTAL,,,,,ALL PRODUCTION PRACTICES,9000,,,,99,"216,785,000",2018,ALL UTILIZATION PRACTICES,,US,TOTAL,,YEAR,SURVEY,PRODUCTION,UNITED STATES,00,CROPS,"WHEAT, WINTER, WHITE, SOFT - PRODUCTION, MEASURED IN BU"
2018-08-10 12:01:40.000,00,,,ANNUAL,WHEAT,00000000,FIELD CROPS,US TOTAL,NATIONAL,,NOT SPECIFIED,"WINTER, WHITE, SOFT",BU,US TOTAL,,,,,ALL PRODUCTION PRACTICES,9000,,,,99,"215,146,000",2018,ALL UTILIZATION PRACTICES,,US,TOTAL,,YEAR - AUG FORECAST,SURVEY,PRODUCTION,UNITED STATES,00,CROPS,"WHEAT, WINTER, WHITE, SOFT - PRODUCTION, MEASURED IN BU"
2018-07-12 12:00:55.000,00,,,ANNUAL,WHEAT,00000000,FIELD CROPS,US TOTAL,NATIONAL,,NOT SPECIFIED,"WINTER, WHITE, SOFT",BU,US TOTAL,,,,,ALL PRODUCTION PRACTICES,9000,,,,99,"211,329,000",2018,ALL UTILIZATION PRACTICES,,US,TOTAL,,YEAR - JUL FORECAST,SURVEY,PRODUCTION,UNITED STATES,00,CROPS,"WHEAT, WINTER, WHITE, SOFT - PRODUCTION, MEASURED IN BU"
2018-06-12 12:02:14.000,00,,,ANNUAL,WHEAT,00000000,FIELD CROPS,US TOTAL,NATIONAL,,NOT SPECIFIED,"WINTER, WHITE, SOFT",BU,US TOTAL,,,,,ALL PRODUCTION PRACTICES,9000,,,,99,"210,014,000",2018,ALL UTILIZATION PRACTICES,,US,TOTAL,,YEAR - JUN FORECAST,SURVEY,PRODUCTION,UNITED STATES,00,CROPS,"WHEAT, WINTER, WHITE, SOFT - PRODUCTION, MEASURED IN BU"
2018-05-10 12:00:48.000,00,,,ANNUAL,WHEAT,00000000,FIELD CROPS,US TOTAL,NATIONAL,,NOT SPECIFIED,"WINTER, WHITE, SOFT",BU,US TOTAL,,,,,ALL PRODUCTION PRACTICES,9000,,,,99,"208,108,000",2018,ALL UTILIZATION PRACTICES,,US,TOTAL,,YEAR - MAY FORECAST,SURVEY,PRODUCTION,UNITED STATES,00,CROPS,"WHEAT, WINTER, WHITE, SOFT - PRODUCTION, MEASURED IN BU"
2024-01-09 15:00:00.000,00,,,ANNUAL,WHEAT,00000000,FIELD CROPS,US TOTAL,NATIONAL,,NOT SPECIFIED,ALL CLASSES,BU,US TOTAL,,,,,ALL PRODUCTION PRACTICES,9000,,,,99,"1,932,017,000",2019,ALL UTILIZATION PRACTICES,,US,TOTAL,,YEAR,SURVEY,PRODUCTION,UNITED STATES,00,CROPS,"WHEAT - PRODUCTION, MEASURED IN BU"
2019-08-12 12:01:08.000,00,,,ANNUAL,WHEAT,00000000,FIELD CROPS,US TOTAL,NATIONAL,,NOT SPECIFIED,ALL CLASSES,BU,US TOTAL,,,,,ALL PRODUCTION PRACTICES,9000,,,,99,"1,980,209,000",2019,ALL UTILIZATION PRACTICES,,US,TOTAL,,YEAR - AUG FORECAST,SURVEY,PRODUCTION,UNITED STATES,00,CROPS,"WHEAT - PRODUCTION, MEASURED IN BU"
2019-07-11 12:01:03.000,00,,,ANNUAL,WHEAT,00000000,FIELD CROPS,US TOTAL,NATIONAL,,NOT SPECIFIED,ALL CLASSES,BU,US TOTAL,,,,,ALL PRODUCTION PRACTICES,9000,,,,99,"1,920,997,000",2019,ALL UTILIZATION PRACTICES,,US,TOTAL,,YEAR - JUL FORECAST,SURVEY,PRODUCTION,UNITED STATES,00,CROPS,"WHEAT - PRODUCTION, MEASURED IN BU"
2024-01-09 15:00:00.000,00,,,ANNUAL,WHEAT,00000000,FIELD CROPS,US TOTAL,NATIONAL,,NOT SPECIFIED,"SPRING, (EXCL DURUM)",BU,US TOTAL,,,,,ALL PRODUCTION PRACTICES,9000,,,,99,"561,095,000",2019,ALL UTILIZATION PRACTICES,,US,TOTAL,,YEAR,SURVEY,PRODUCTION,UNITED STATES,00,CROPS,"WHEAT, SPRING, (EXCL DURUM) - PRODUCTION, MEASURED IN BU"
2019-08-12 12:01:08.000,00,,,ANNUAL,WHEAT,00000000,FIELD CROPS,US TOTAL,NATIONAL,,NOT SPECIFIED,"SPRING, (EXCL DURUM)",BU,US TOTAL,,,,,ALL PRODUCTION PRACTICES,9000,,,,99,"596,660,000",2019,ALL UTILIZATION PRACTICES,,US,TOTAL,,YEAR - AUG FORECAST,SURVEY,PRODUCTION,UNITED STATES,00,CROPS,"WHEAT, SPRING, (EXCL DURUM) - PRODUCTION, MEASURED IN BU"
2019-07-11 12:01:03.000,00,,,ANNUAL,WHEAT,00000000,FIELD CROPS,US TOTAL,NATIONAL,,NOT SPECIFIED,"SPRING, (EXCL DURUM)",BU,US TOTAL,,,,,ALL PRODUCTION PRACTICES,9000,,,,99,"572,255,000",2019,ALL UTILIZATION PRACTICES,,US,TOTAL,,YEAR - JUL FORECAST,SURVEY,PRODUCTION,UNITED STATES,00,CROPS,"WHEAT, SPRING, (EXCL DURUM) - PRODUCTION, MEASURED IN BU"
2024-01-09 15:00:00.000,00,,,ANNUAL,WHEAT,00000000,FIELD CROPS,US TOTAL,NATIONAL,,NOT SPECIFIED,"SPRING, DURUM",BU,US TOTAL,,,,,ALL PRODUCTION PRACTICES,9000,,,,99,"53,959,000",2019,ALL UTILIZATION PRACTICES,,US,TOTAL,,YEAR,SURVEY,PRODUCTION,UNITED STATES,00,CROPS,"WHEAT, SPRING, DURUM - PRODUCTION, MEASURED IN BU"
2019-08-12 12:01:08.000,00,,,ANNUAL,WHEAT,00000000,FIELD CROPS,US TOTAL,NATIONAL,,NOT SPECIFIED,"SPRING, DURUM",BU,US TOTAL,,,,,ALL PRODUCTION PRACTICES,9000,,,,99,"57,326,000",2019,ALL UTILIZATION PRACTICES,,US,TOTAL,,YEAR - AUG FORECAST,SURVEY,PRODUCTION,UNITED STATES,00,CROPS,"WHEAT, SPRING, DURUM - PRODUCTION, MEASURED IN BU"
2019-07-11 12:01:03.000,00,,,ANNUAL,WHEAT,00000000,FIELD CROPS,US TOTAL,NATIONAL,,NOT SPECIFIED,"SPRING, DURUM",BU,US TOTAL,,,,,ALL PRODUCTION PRACTICES,9000,,,,99,"58,116,000",2019,ALL UTILIZATION PRACTICES,,US,TOTAL,,YEAR - JUL FORECAST,SURVEY,PRODUCTION,UNITED STATES,00,CROPS,"WHEAT, SPRING, DURUM - PRODUCTION, MEASURED IN BU"
2024-01-09 15:00:00.000,00,,,ANNUAL,WHEAT,00000000,FIELD CROPS,US TOTAL,NATIONAL,,NOT SPECIFIED,"SPRING, RED, HARD",BU,US TOTAL,,,,,ALL PRODUCTION PRACTICES,9000,,,,99,"519,929,000",2019,ALL UTILIZATION PRACTICES,,US,TOTAL,,YEAR,SURVEY,PRODUCTION,UNITED STATES,00,CROPS,"WHEAT, SPRING, RED, HARD - PRODUCTION, MEASURED IN BU"
2019-08-12 12:01:08.000,00,,,ANNUAL,WHEAT,00000000,FIELD CROPS,US TOTAL,NATIONAL,,NOT SPECIFIED,"SPRING, RED, HARD",BU,US TOTAL,,,,,ALL PRODUCTION PRACTICES,9000,,,,99,"565,753,000",2019,ALL UTILIZATION PRACTICES,,US,TOTAL,,YEAR - AUG FORECAST,SURVEY,PRODUCTION,UNITED STATES,00,CROPS,"WHEAT, SPRING, RED, HARD - PRODUCTION, MEASURED IN BU"
2019-07-11 12:01:03.000,00,,,ANNUAL,WHEAT,00000000,FIELD CROPS,US TOTAL,NATIONAL,,NOT SPECIFIED,"SPRING, RED, HARD",BU,US TOTAL,,,,,ALL PRODUCTION PRACTICES,9000,,,,99,"541,815,000",2019,ALL UTILIZATION PRACTICES,,US,TOTAL,,YEAR - JUL FORECAST,SURVEY,PRODUCTION,UNITED STATES,00,CROPS,"WHEAT, SPRING, RED, HARD - PRODUCTION, MEASURED IN BU"
2024-01-09 15:00:00.000,00,,,ANNUAL,WHEAT,00000000,FIELD CROPS,US TOTAL,NATIONAL,,NOT SPECIFIED,"SPRING, WHITE",BU,US TOTAL,,,,,ALL PRODUCTION PRACTICES,9000,,,,99,"41,166,000",2019,ALL UTILIZATION PRACTICES,,US,TOTAL,,YEAR,SURVEY,PRODUCTION,UNITED STATES,00,CROPS,"WHEAT, SPRING, WHITE - PRODUCTION, MEASURED IN BU"
2024-01-09 15:00:00.000,00,,,ANNUAL,WHEAT,00000000,FIELD CROPS,US TOTAL,NATIONAL,,NOT SPECIFIED,"SPRING, WHITE, HARD",BU,US TOTAL,,,,,ALL PRODUCTION PRACTICES,9000,,,,99,"11,841,000",2019,ALL UTILIZATION PRACTICES,,US,TOTAL,,YEAR,SURVEY,PRODUCTION,UNITED STATES,00,CROPS,"WHEAT, SPRING, WHITE, HARD - PRODUCTION, MEASURED IN BU"
2019-08-12 12:01:08.000,00,,,ANNUAL,WHEAT,00000000,FIELD CROPS,US TOTAL,NATIONAL,,NOT SPECIFIED,"SPRING, WHITE, HARD",BU,US TOTAL,,,,,ALL PRODUCTION PRACTICES,9000,,,,99,"12,643,000",2019,ALL UTILIZATION PRACTICES,,US,TOTAL,,YEAR - AUG FORECAST,SURVEY,PRODUCTION,UNITED STATES,00,CROPS,"WHEAT, SPRING, WHITE, HARD - PRODUCTION, MEASURED IN BU"
2019-07-11 12:01:03.000,00,,,ANNUAL,WHEAT,00000000,FIELD CROPS,US TOTAL,NATIONAL,,NOT SPECIFIED,"SPRING, WHITE, HARD",BU,US TOTAL,,,,,ALL PRODUCTION PRACTICES,9000,,,,99,"12,495,000",2019,ALL UTILIZATION PRACTICES,,US,TOTAL,,YEAR - JUL FORECAST,SURVEY,PRODUCTION,UNITED STATES,00,CROPS,"WHEAT, SPRING, WHITE, HARD - PRODUCTION, MEASURED IN BU"
2024-01-09 15:00:00.000,00,,,ANNUAL,WHEAT,00000000,FIELD CROPS,US TOTAL,NATIONAL,,NOT SPECIFIED,"SPRING, WHITE, SOFT",BU,US TOTAL,,,,,ALL PRODUCTION PRACTICES,9000,,,,99,"29,325,000",2019,ALL UTILIZATION PRACTICES,,US,TOTAL,,YEAR,SURVEY,PRODUCTION,UNITED STATES,00,CROPS,"WHEAT, SPRING, WHITE, SOFT - PRODUCTION, MEASURED IN BU"
2019-08-12 12:01:08.000,00,,,ANNUAL,WHEAT,00000000,FIELD CROPS,US TOTAL,NATIONAL,,NOT SPECIFIED,"SPRING, WHITE, SOFT",BU,US TOTAL,,,,,ALL PRODUCTION PRACTICES,9000,,,,99,"18,264,000",2019,ALL UTILIZATION PRACTICES,,US,TOTAL,,YEAR - AUG FORECAST,SURVEY,PRODUCTION,UNITED STATES,00,CROPS,"WHEAT, SPRING, WHITE, SOFT - PRODUCTION, MEASURED IN BU"
2019-07-11 12:01:03.000,00,,,ANNUAL,WHEAT,00000000,FIELD CROPS,US TOTAL,NATIONAL,,NOT SPECIFIED,"SPRING, WHITE, SOFT",BU,US TOTAL,,,,,ALL PRODUCTION PRACTICES,9000,,,,99,"17,945,000",2019,ALL UTILIZATION PRACTICES,,US,TOTAL,,YEAR - JUL FORECAST,SURVEY,PRODUCTION,UNITED STATES,00,CROPS,"WHEAT, SPRING, WHITE, SOFT - PRODUCTION, MEASURED IN BU"
2024-01-09 15:00:00.000,00,,,ANNUAL,WHEAT,00000000,FIELD CROPS,US TOTAL,NATIONAL,,NOT SPECIFIED,WINTER,BU,US TOTAL,,,,,ALL PRODUCTION PRACTICES,9000,,,,99,"1,316,963,000",2019,ALL UTILIZATION PRACTICES,,US,TOTAL,,YEAR,SURVEY,PRODUCTION,UNITED STATES,00,CROPS,"WHEAT, WINTER - PRODUCTION, MEASURED IN BU"
2019-08-12 12:01:08.000,00,,,ANNUAL,WHEAT,00000000,FIELD CROPS,US TOTAL,NATIONAL,,NOT SPECIFIED,WINTER,BU,US TOTAL,,,,,ALL PRODUCTION PRACTICES,9000,,,,99,"1,326,223,000",2019,ALL UTILIZATION PRACTICES,,US,TOTAL,,YEAR - AUG FORECAST,SURVEY,PRODUCTION,UNITED STATES,00,CROPS,"WHEAT, WINTER - PRODUCTION, MEASURED IN BU"
2019-07-11 12:01:03.000,00,,,ANNUAL,WHEAT,00000000,FIELD CROPS,US TOTAL,NATIONAL,,NOT SPECIFIED,WINTER,BU,US TOTAL,,,,,ALL PRODUCTION PRACTICES,9000,,,,99,"1,290,626,000",2019,ALL UTILIZATION PRACTICES,,US,TOTAL,,YEAR - JUL FORECAST,SURVEY,PRODUCTION,UNITED STATES,00,CROPS,"WHEAT, WINTER - PRODUCTION, MEASURED IN BU"
2019-06-11 12:01:17.000,00,,,ANNUAL,WHEAT,00000000,FIELD CROPS,US TOTAL,NATIONAL,,NOT SPECIFIED,WINTER,BU,US TOTAL,,,,,ALL PRODUCTION PRACTICES,9000,,,,99,"1,274,451,000",2019,ALL UTILIZATION PRACTICES,,US,TOTAL,,YEAR - JUN FORECAST,SURVEY,PRODUCTION,UNITED STATES,00,CROPS,"WHEAT, WINTER - PRODUCTION, MEASURED IN BU"
2019-05-10 12:01:35.000,00,,,ANNUAL,WHEAT,00000000,FIELD CROPS,US TOTAL,NATIONAL,,NOT SPECIFIED,WINTER,BU,US TOTAL,,,,,ALL PRODUCTION PRACTICES,9000,,,,99,"1,268,461,000",2019,ALL UTILIZATION PRACTICES,,US,TOTAL,,YEAR - MAY FORECAST,SURVEY,PRODUCTION,UNITED STATES,00,CROPS,"WHEAT, WINTER - PRODUCTION, MEASURED IN BU"
2024-01-09 15:00:00.000,00,,,ANNUAL,WHEAT,00000000,FIELD CROPS,US TOTAL,NATIONAL,,NOT SPECIFIED,"WINTER, RED, HARD",BU,US TOTAL,,,,,ALL PRODUCTION PRACTICES,9000,,,,99,"844,947,000",2019,ALL UTILIZATION PRACTICES,,US,TOTAL,,YEAR,SURVEY,PRODUCTION,UNITED STATES,00,CROPS,"WHEAT, WINTER, RED, HARD - PRODUCTION, MEASURED IN BU"
2019-08-12 12:01:08.000,00,,,ANNUAL,WHEAT,00000000,FIELD CROPS,US TOTAL,NATIONAL,,NOT SPECIFIED,"WINTER, RED, HARD",BU,US TOTAL,,,,,ALL PRODUCTION PRACTICES,9000,,,,99,"839,834,000",2019,ALL UTILIZATION PRACTICES,,US,TOTAL,,YEAR - AUG FORECAST,SURVEY,PRODUCTION,UNITED STATES,00,CROPS,"WHEAT, WINTER, RED, HARD - PRODUCTION, MEASURED IN BU"
2019-07-11 12:01:03.000,00,,,ANNUAL,WHEAT,00000000,FIELD CROPS,US TOTAL,NATIONAL,,NOT SPECIFIED,"WINTER, RED, HARD",BU,US TOTAL,,,,,ALL PRODUCTION PRACTICES,9000,,,,99,"804,477,000",2019,ALL UTILIZATION PRACTICES,,US,TOTAL,,YEAR - JUL FORECAST,SURVEY,PRODUCTION,UNITED STATES,00,CROPS,"WHEAT, WINTER, RED, HARD - PRODUCTION, MEASURED IN BU"
2019-06-11 12:01:17.000,00,,,ANNUAL,WHEAT,00000000,FIELD CROPS,US TOTAL,NATIONAL,,NOT SPECIFIED,"WINTER, RED, HARD",BU,US TOTAL,,,,,ALL PRODUCTION PRACTICES,9000,,,,99,"794,395,000",2019,ALL UTILIZATION PRACTICES,,US,TOTAL,,YEAR - JUN FORECAST,SURVEY,PRODUCTION,UNITED STATES,00,CROPS,"WHEAT, WINTER, RED, HARD - PRODUCTION, MEASURED IN BU"
2019-05-10 12:01:35.000,00,,,ANNUAL,WHEAT,00000000,FIELD CROPS,US TOTAL,NATIONAL,,NOT SPECIFIED,"WINTER, RED, HARD",BU,US TOTAL,,,,,ALL PRODUCTION PRACTICES,9000,,,,99,"780,375,000",2019,ALL UTILIZATION PRACTICES,,US,TOTAL,,YEAR - MAY FORECAST,SURVEY,PRODUCTION,UNITED STATES,00,CROPS,"WHEAT, WINTER, RED, HARD - PRODUCTION, MEASURED IN BU"
2024-01-09 15:00:00.000,00,,,ANNUAL,WHEAT,00000000,FIELD CROPS,US TOTAL,NATIONAL,,NOT SPECIFIED,"WINTER, RED, SOFT",BU,US TOTAL,,,,,ALL PRODUCTION PRACTICES,9000,,,,99,"239,771,000",2019,ALL UTILIZATION PRACTICES,,US,TOTAL,,YEAR,SURVEY,PRODUCTION,UNITED STATES,00,CROPS,"WHEAT, WINTER, RED, SOFT - PRODUCTION, MEASURED IN BU"
2019-08-12 12:01:08.000,00,,,ANNUAL,WHEAT,00000000,FIELD CROPS,US TOTAL,NATIONAL,,NOT SPECIFIED,"WINTER, RED, SOFT",BU,US TOTAL,,,,,ALL PRODUCTION PRACTICES,9000,,,,99,"257,489,000",2019,ALL UTILIZATION PRACTICES,,US,TOTAL,,YEAR - AUG FORECAST,SURVEY,PRODUCTION,UNITED STATES,00,CROPS,"WHEAT, WINTER, RED, SOFT - PRODUCTION, MEASURED IN BU"
2019-07-11 12:01:03.000,00,,,ANNUAL,WHEAT,00000000,FIELD CROPS,US TOTAL,NATIONAL,,NOT SPECIFIED,"WINTER, RED, SOFT",BU,US TOTAL,,,,,ALL PRODUCTION PRACTICES,9000,,,,99,"259,173,000",2019,ALL UTILIZATION PRACTICES,,US,TOTAL,,YEAR - JUL FORECAST,SURVEY,PRODUCTION,UNITED STATES,00,CROPS,"WHEAT, WINTER, RED, SOFT - PRODUCTION, MEASURED IN BU"
2019-06-11 12:01:17.000,00,,,ANNUAL,WHEAT,00000000,FIELD CROPS,US TOTAL,NATIONAL,,NOT SPECIFIED,"WINTER, RED, SOFT",BU,US TOTAL,,,,,ALL PRODUCTION PRACTICES,9000,,,,99,"258,302,000",2019,ALL UTILIZATION PRACTICES,,US,TOTAL,,YEAR - JUN FORECAST,SURVEY,PRODUCTION,UNITED STATES,00,CROPS,"WHEAT, WINTER, RED, SOFT - PRODUCTION, MEASURED IN BU"
2019-05-10 12:01:35.000,00,,,ANNUAL,WHEAT,00000000,FIELD CROPS,US TOTAL,NATIONAL,,NOT SPECIFIED,"WINTER, RED, SOFT",BU,US TOTAL,,,,,ALL PRODUCTION PRACTICES,9000,,,,99,"264,565,000",2019,ALL UTILIZATION PRACTICES,,US,TOTAL,,YEAR - MAY FORECAST,SURVEY,PRODUCTION,UNITED STATES,00,CROPS,"WHEAT, WINTER, RED, SOFT - PRODUCTION, MEASURED IN BU"
2024-01-09 15:00:00.000,00,,,ANNUAL,WHEAT,00000000,FIELD CROPS,US TOTAL,NATIONAL,,NOT SPECIFIED,"WINTER, WHITE",BU,US TOTAL,,,,,ALL PRODUCTION PRACTICES,9000,,,,99,"232,245,000",2019,ALL UTILIZATION PRACTICES,,US,TOTAL,,YEAR,SURVEY,PRODUCTION,UNITED STATES,00,CROPS,"WHEAT, WINTER, WHITE - PRODUCTION, MEASURED IN BU"
2024-01-09 15:00:00.000,00,,,ANNUAL,WHEAT,00000000,FIELD CROPS,US TOTAL,NATIONAL,,NOT SPECIFIED,"WINTER, WHITE, HARD",BU,US TOTAL,,,,,ALL PRODUCTION PRACTICES,9000,,,,99,"20,266,000",2019,ALL UTILIZATION PRACTICES,,US,TOTAL,,YEAR,SURVEY,PRODUCTION,UNITED STATES,00,CROPS,"WHEAT, WINTER, WHITE, HARD - PRODUCTION, MEASURED IN BU"
2019-08-12 12:01:08.000,00,,,ANNUAL,WHEAT,00000000,FIELD CROPS,US TOTAL,NATIONAL,,NOT SPECIFIED,"WINTER, WHITE, HARD",BU,US TOTAL,,,,,ALL PRODUCTION PRACTICES,9000,,,,99,"24,573,000",2019,ALL UTILIZATION PRACTICES,,US,TOTAL,,YEAR - AUG FORECAST,SURVEY,PRODUCTION,UNITED STATES,00,CROPS,"WHEAT, WINTER, WHITE, HARD - PRODUCTION, MEASURED IN BU"
2019-07-11 12:01:03.000,00,,,ANNUAL,WHEAT,00000000,FIELD CROPS,US TOTAL,NATIONAL,,NOT SPECIFIED,"WINTER, WHITE, HARD",BU,US TOTAL,,,,,ALL PRODUCTION PRACTICES,9000,,,,99,"23,219,000",2019,ALL UTILIZATION PRACTICES,,US,TOTAL,,YEAR - JUL FORECAST,SURVEY,PRODUCTION,UNITED STATES,00,CROPS,"WHEAT, WINTER, WHITE, HARD - PRODUCTION, MEASURED IN BU"
2019-06-11 12:01:17.000,00,,,ANNUAL,WHEAT,00000000,FIELD CROPS,US TOTAL,NATIONAL,,NOT SPECIFIED,"WINTER, WHITE, HARD",BU,US TOTAL,,,,,ALL PRODUCTION PRACTICES,9000,,,,99,"22,399,000",2019,ALL UTILIZATION PRACTICES,,US,TOTAL,,YEAR - JUN FORECAST,SURVEY,PRODUCTION,UNITED STATES,00,CROPS,"WHEAT, WINTER, WHITE, HARD - PRODUCTION, MEASURED IN BU"
2019-05-10 12:01:35.000,00,,,ANNUAL,WHEAT,00000000,FIELD CROPS,US TOTAL,NATIONAL,,NOT SPECIFIED,"WINTER, WHITE, HARD",BU,US TOTAL,,,,,ALL PRODUCTION PRACTICES,9000,,,,99,"22,260,000",2019,ALL UTILIZATION PRACTICES,,US,TOTAL,,YEAR - MAY FORECAST,SURVEY,PRODUCTION,UNITED STATES,00,CROPS,"WHEAT, WINTER, WHITE, HARD - PRODUCTION, MEASURED IN BU"
2024-01-09 15:00:00.000,00,,,ANNUAL,WHEAT,00000000,FIELD CROPS,US TOTAL,NATIONAL,,NOT SPECIFIED,"WINTER, WHITE, SOFT",BU,US TOTAL,,,,,ALL PRODUCTION PRACTICES,9000,,,,99,"211,979,000",2019,ALL UTILIZATION PRACTICES,,US,TOTAL,,YEAR,SURVEY,PRODUCTION,UNITED STATES,00,CROPS,"WHEAT, WINTER, WHITE, SOFT - PRODUCTION, MEASURED IN BU"
2019-08-12 12:01:08.000,00,,,ANNUAL,WHEAT,00000000,FIELD CROPS,US TOTAL,NATIONAL,,NOT SPECIFIED,"WINTER, WHITE, SOFT",BU,US TOTAL,,,,,ALL PRODUCTION PRACTICES,9000,,,,99,"204,327,000",2019,ALL UTILIZATION PRACTICES,,US,TOTAL,,YEAR - AUG FORECAST,SURVEY,PRODUCTION,UNITED STATES,00,CROPS,"WHEAT, WINTER, WHITE, SOFT - PRODUCTION, MEASURED IN BU"
2019-07-11 12:01:03.000,00,,,ANNUAL,WHEAT,00000000,FIELD CROPS,US TOTAL,NATIONAL,,NOT SPECIFIED,"WINTER, WHITE, SOFT",BU,US TOTAL,,,,,ALL PRODUCTION PRACTICES,9000,,,,99,"203,757,000",2019,ALL UTILIZATION PRACTICES,,US,TOTAL,,YEAR - JUL FORECAST,SURVEY,PRODUCTION,UNITED STATES,00,CROPS,"WHEAT, WINTER, WHITE, SOFT - PRODUCTION, MEASURED IN BU"
2019-06-11 12:01:17.000,00,,,ANNUAL,WHEAT,00000000,FIELD CROPS,US TOTAL,NATIONAL,,NOT SPECIFIED,"WINTER, WHITE, SOFT",BU,US TOTAL,,,,,ALL PRODUCTION PRACTICES,9000,,,,99,"199,355,000",2019,ALL UTILIZATION PRACTICES,,US,TOTAL,,YEAR - JUN FORECAST,SURVEY,PRODUCTION,UNITED STATES,00,CROPS,"WHEAT, WINTER, WHITE, SOFT - PRODUCTION, MEASURED IN BU"
2019-05-10 12:01:35.000,00,,,ANNUAL,WHEAT,00000000,FIELD CROPS,US TOTAL,NATIONAL,,NOT SPECIFIED,"WINTER, WHITE, SOFT",BU,US TOTAL,,,,,ALL PRODUCTION PRACTICES,9000,,,,99,"201,261,000",2019,ALL UTILIZATION PRACTICES,,US,TOTAL,,YEAR - MAY FORECAST,SURVEY,PRODUCTION,UNITED STATES,00,CROPS,"WHEAT, WINTER, WHITE, SOFT - PRODUCTION, MEASURED IN BU"
2024-01-09 15:00:00.000,00,,,ANNUAL,WHEAT,00000000,FIELD CROPS,US TOTAL,NATIONAL,,NOT SPECIFIED,ALL CLASSES,BU,US TOTAL,,,,,ALL PRODUCTION PRACTICES,9000,,,,99,"1,819,673,000",2020,ALL UTILIZATION PRACTICES,,US,TOTAL,,YEAR,SURVEY,PRODUCTION,UNITED STATES,00,CROPS,"WHEAT - PRODUCTION, MEASURED IN BU"
2020-08-12 12:04:12.000,00,,,ANNUAL,WHEAT,00000000,FIELD CROPS,US TOTAL,NATIONAL,,NOT SPECIFIED,ALL CLASSES,BU,US TOTAL,,,,,ALL PRODUCTION PRACTICES,9000,,,,99,"1,837,637,000",2020,ALL UTILIZATION PRACTICES,,US,TOTAL,,YEAR - AUG FORECAST,SURVEY,PRODUCTION,UNITED STATES,00,CROPS,"WHEAT - PRODUCTION, MEASURED IN BU"
2020-07-10 12:03:03.000,00,,,ANNUAL,WHEAT,00000000,FIELD CROPS,US TOTAL,NATIONAL,,NOT SPECIFIED,ALL CLASSES,BU,US TOTAL,,,,,ALL PRODUCTION PRACTICES,9000,,,,99,"1,823,589,000",2020,ALL UTILIZATION PRACTICES,,US,TOTAL,,YEAR - JUL FORECAST,SURVEY,PRODUCTION,UNITED STATES,00,CROPS,"WHEAT - PRODUCTION, MEASURED IN BU"
2024-01-09 15:00:00.000,00,,,ANNUAL,WHEAT,00000000,FIELD CROPS,US TOTAL,NATIONAL,,NOT SPECIFIED,"SPRING, (EXCL DURUM)",BU,US TOTAL,,,,,ALL PRODUCTION PRACTICES,9000,,,,99,"587,505,000",2020,ALL UTILIZATION PRACTICES,,US,TOTAL,,YEAR,SURVEY,PRODUCTION,UNITED STATES,00,CROPS,"WHEAT, SPRING, (EXCL DURUM) - PRODUCTION, MEASURED IN BU"
2020-08-12 12:04:12.000,00,,,ANNUAL,WHEAT,00000000,FIELD CROPS,US TOTAL,NATIONAL,,NOT SPECIFIED,"SPRING, (EXCL DURUM)",BU,US TOTAL,,,,,ALL PRODUCTION PRACTICES,9000,,,,99,"577,485,000",2020,ALL UTILIZATION PRACTICES,,US,TOTAL,,YEAR - AUG FORECAST,SURVEY,PRODUCTION,UNITED STATES,00,CROPS,"WHEAT, SPRING, (EXCL DURUM) - PRODUCTION, MEASURED IN BU"
2020-07-10 12:03:03.000,00,,,ANNUAL,WHEAT,00000000,FIELD CROPS,US TOTAL,NATIONAL,,NOT SPECIFIED,"SPRING, (EXCL DURUM)",BU,US TOTAL,,,,,ALL PRODUCTION PRACTICES,9000,,,,99,"550,225,000",2020,ALL UTILIZATION PRACTICES,,US,TOTAL,,YEAR - JUL FORECAST,SURVEY,PRODUCTION,UNITED STATES,00,CROPS,"WHEAT, SPRING, (EXCL DURUM) - PRODUCTION, MEASURED IN BU"
2024-01-09 15:00:00.000,00,,,ANNUAL,WHEAT,00000000,FIELD CROPS,US TOTAL,NATIONAL,,NOT SPECIFIED,"SPRING, DURUM",BU,US TOTAL,,,,,ALL PRODUCTION PRACTICES,9000,,,,99,"69,141,000",2020,ALL UTILIZATION PRACTICES,,US,TOTAL,,YEAR,SURVEY,PRODUCTION,UNITED STATES,00,CROPS,"WHEAT, SPRING, DURUM - PRODUCTION, MEASURED IN BU"
2020-08-12 12:04:12.000,00,,,ANNUAL,WHEAT,00000000,FIELD CROPS,US TOTAL,NATIONAL,,NOT SPECIFIED,"SPRING, DURUM",BU,US TOTAL,,,,,ALL PRODUCTION PRACTICES,9000,,,,99,"61,790,000",2020,ALL UTILIZATION PRACTICES,,US,TOTAL,,YEAR - AUG FORECAST,SURVEY,PRODUCTION,UNITED STATES,00,CROPS,"WHEAT, SPRING, DURUM - PRODUCTION, MEASURED IN BU"
2020-07-10 12:03:03.000,00,,,ANNUAL,WHEAT,00000000,FIELD CROPS,US TOTAL,NATIONAL,,NOT SPECIFIED,"SPRING, DURUM",BU,US TOTAL,,,,,ALL PRODUCTION PRACTICES,9000,,,,99,"55,580,000",2020,ALL UTILIZATION PRACTICES,,US,TOTAL,,YEAR - JUL FORECAST,SURVEY,PRODUCTION,UNITED STATES,00,CROPS,"WHEAT, SPRING, DURUM - PRODUCTION, MEASURED IN BU"
2024-01-09 15:00:00.000,00,,,ANNUAL,WHEAT,00000000,FIELD CROPS,US TOTAL,NATIONAL,,NOT SPECIFIED,"SPRING, RED, HARD",BU,US TOTAL,,,,,ALL PRODUCTION PRACTICES,9000,,,,99,"531,179,000",2020,ALL UTILIZATION PRACTICES,,US,TOTAL,,YEAR,SURVEY,PRODUCTION,UNITED STATES,00,CROPS,"WHEAT, SPRING, RED, HARD - PRODUCTION, MEASURED IN BU"
2020-08-12 12:04:12.000,00,,,ANNUAL,WHEAT,00000000,FIELD CROPS,US TOTAL,NATIONAL,,NOT SPECIFIED,"SPRING, RED, HARD",BU,US TOTAL,,,,,ALL PRODUCTION PRACTICES,9000,,,,99,"529,683,000",2020,ALL UTILIZATION PRACTICES,,US,TOTAL,,YEAR - AUG FORECAST,SURVEY,PRODUCTION,UNITED STATES,00,CROPS,"WHEAT, SPRING, RED, HARD - PRODUCTION, MEASURED IN BU"
2020-07-10 12:03:03.000,00,,,ANNUAL,WHEAT,00000000,FIELD CROPS,US TOTAL,NATIONAL,,NOT SPECIFIED,"SPRING, RED, HARD",BU,US TOTAL,,,,,ALL PRODUCTION PRACTICES,9000,,,,99,"502,183,000",2020,ALL UTILIZATION PRACTICES,,US,TOTAL,,YEAR - JUL FORECAST,SURVEY,PRODUCTION,UNITED STATES,00,CROPS,"WHEAT, SPRING, RED, HARD - PRODUCTION, MEASURED IN BU"
2024-01-09 15:00:00.000,00,,,ANNUAL,WHEAT,00000000,FIELD CROPS,US TOTAL,NATIONAL,,NOT SPECIFIED,"SPRING, WHITE",BU,US TOTAL,,,,,ALL PRODUCTION PRACTICES,9000,,,,99,"56,326,000",2020,ALL UTILIZATION PRACTICES,,US,TOTAL,,YEAR,SURVEY,PRODUCTION,UNITED STATES,00,CROPS,"WHEAT, SPRING, WHITE - PRODUCTION, MEASURED IN BU"
2024-01-09 15:00:00.000,00,,,ANNUAL,WHEAT,00000000,FIELD CROPS,US TOTAL,NATIONAL,,NOT SPECIFIED,"SPRING, WHITE, HARD",BU,US TOTAL,,,,,ALL PRODUCTION PRACTICES,9000,,,,99,"10,693,000",2020,ALL UTILIZATION PRACTICES,,US,TOTAL,,YEAR,SURVEY,PRODUCTION,UNITED STATES,00,CROPS,"WHEAT, SPRING, WHITE, HARD - PRODUCTION, MEASURED IN BU"
2020-08-12 12:04:12.000,00,,,ANNUAL,WHEAT,00000000,FIELD CROPS,US TOTAL,NATIONAL,,NOT SPECIFIED,"SPRING, WHITE, HARD",BU,US TOTAL,,,,,ALL PRODUCTION PRACTICES,9000,,,,99,"12,750,000",2020,ALL UTILIZATION PRACTICES,,US,TOTAL,,YEAR - AUG FORECAST,SURVEY,PRODUCTION,UNITED STATES,00,CROPS,"WHEAT, SPRING, WHITE, HARD - PRODUCTION, MEASURED IN BU"
2020-07-10 12:03:03.000,00,,,ANNUAL,WHEAT,00000000,FIELD CROPS,US TOTAL,NATIONAL,,NOT SPECIFIED,"SPRING, WHITE, HARD",BU,US TOTAL,,,,,ALL PRODUCTION PRACTICES,9000,,,,99,"13,036,000",2020,ALL UTILIZATION PRACTICES,,US,TOTAL,,YEAR - JUL FORECAST,SURVEY,PRODUCTION,UNITED STATES,00,CROPS,"WHEAT, SPRING, WHITE, HARD - PRODUCTION, MEASURED IN BU"
2024-01-09 15:00:00.000,00,,,ANNUAL,WHEAT,00000000,FIELD CROPS,US TOTAL,NATIONAL,,NOT SPECIFIED,"SPRING, WHITE, SOFT",BU,US TOTAL,,,,,ALL PRODUCTION PRACTICES,9000,,,,99,"45,633,000",2020,ALL UTILIZATION PRACTICES,,US,TOTAL,,YEAR,SURVEY,PRODUCTION,UNITED STATES,00,CROPS,"WHEAT, SPRING, WHITE, SOFT - PRODUCTION, MEASURED IN BU"
2020-08-12 12:04:12.000,00,,,ANNUAL,WHEAT,00000000,FIELD CROPS,US TOTAL,NATIONAL,,NOT SPECIFIED,"SPRING, WHITE, SOFT",BU,US TOTAL,,,,,ALL PRODUCTION PRACTICES,9000,,,,99,"35,052,000",2020,ALL UTILIZATION PRACTICES,,US,TOTAL,,YEAR - AUG FORECAST,SURVEY,PRODUCTION,UNITED STATES,00,CROPS,"WHEAT, SPRING, WHITE, SOFT - PRODUCTION, MEASURED IN BU"
2020-07-10 12:03:03.000,00,,,ANNUAL,WHEAT,00000000,FIELD CROPS,US TOTAL,NATIONAL,,NOT SPECIFIED,"SPRING, WHITE, SOFT",BU,US TOTAL,,,,,ALL PRODUCTION PRACTICES,9000,,,,99,"35,006,000",2020,ALL UTILIZATION PRACTICES,,US,TOTAL,,YEAR - JUL FORECAST,SURVEY,PRODUCTION,UNITED STATES,00,CROPS,"WHEAT, SPRING, WHITE, SOFT - PRODUCTION, MEASURED IN BU"
2024-01-09 15:00:00.000,00,,,ANNUAL,WHEAT,00000000,FIELD CROPS,US TOTAL,NATIONAL,,NOT SPECIFIED,WINTER,BU,US TOTAL,,,,,ALL PRODUCTION PRACTICES,9000,,,,99,"1,163,027,000",2020,ALL UTILIZATION PRACTICES,,US,TOTAL,,YEAR,SURVEY,PRODUCTION,UNITED STATES,00,CROPS,"WHEAT, WINTER - PRODUCTION, MEASURED IN BU"
2020-08-12 12:04:12.000,00,,,ANNUAL,WHEAT,00000000,FIELD CROPS,US TOTAL,NATIONAL,,NOT SPECIFIED,WINTER,BU,US TOTAL,,,,,ALL PRODUCTION PRACTICES,9000,,,,99,"1,198,362,000",2020,ALL UTILIZATION PRACTICES,,US,TOTAL,,YEAR - AUG FORECAST,SURVEY,PRODUCTION,UNITED STATES,00,CROPS,"WHEAT, WINTER - PRODUCTION, MEASURED IN BU"
2020-07-10 12:03:03.000,00,,,ANNUAL,WHEAT,00000000,FIELD CROPS,US TOTAL,NATIONAL,,NOT SPECIFIED,WINTER,BU,US TOTAL,,,,,ALL PRODUCTION PRACTICES,9000,,,,99,"1,217,784,000",2020,ALL UTILIZATION PRACTICES,,US,TOTAL,,YEAR - JUL FORECAST,SURVEY,PRODUCTION,UNITED STATES,00,CROPS,"WHEAT, WINTER - PRODUCTION, MEASURED IN BU"
2020-06-11 12:05:04.000,00,,,ANNUAL,WHEAT,00000000,FIELD CROPS,US TOTAL,NATIONAL,,NOT SPECIFIED,WINTER,BU,US TOTAL,,,,,ALL PRODUCTION PRACTICES,9000,,,,99,"1,265,700,000",2020,ALL UTILIZATION PRACTICES,,US,TOTAL,,YEAR - JUN FORECAST,SURVEY,PRODUCTION,UNITED STATES,00,CROPS,"WHEAT, WINTER - PRODUCTION, MEASURED IN BU"
2020-05-12 12:02:00.000,00,,,ANNUAL,WHEAT,00000000,FIELD CROPS,US TOTAL,NATIONAL,,NOT SPECIFIED,WINTER,BU,US TOTAL,,,,,ALL PRODUCTION PRACTICES,9000,,,,99,"1,254,600,000",2020,ALL UTILIZATION PRACTICES,,US,TOTAL,,YEAR - MAY FORECAST,SURVEY,PRODUCTION,UNITED STATES,00,CROPS,"WHEAT, WINTER - PRODUCTION, MEASURED IN BU"
2024-01-09 15:00:00.000,00,,,ANNUAL,WHEAT,00000000,FIELD CROPS,US TOTAL,NATIONAL,,NOT SPECIFIED,"WINTER, RED, HARD",BU,US TOTAL,,,,,ALL PRODUCTION PRACTICES,9000,,,,99,"653,551,000",2020,ALL UTILIZATION PRACTICES,,US,TOTAL,,YEAR,SURVEY,PRODUCTION,UNITED STATES,00,CROPS,"WHEAT, WINTER, RED, HARD - PRODUCTION, MEASURED IN BU"
2020-08-12 12:04:12.000,00,,,ANNUAL,WHEAT,00000000,FIELD CROPS,US TOTAL,NATIONAL,,NOT SPECIFIED,"WINTER, RED, HARD",BU,US TOTAL,,,,,ALL PRODUCTION PRACTICES,9000,,,,99,"695,365,000",2020,ALL UTILIZATION PRACTICES,,US,TOTAL,,YEAR - AUG FORECAST,SURVEY,PRODUCTION,UNITED STATES,00,CROPS,"WHEAT, WINTER, RED, HARD - PRODUCTION, MEASURED IN BU"
2020-07-10 12:03:03.000,00,,,ANNUAL,WHEAT,00000000,FIELD CROPS,US TOTAL,NATIONAL,,NOT SPECIFIED,"WINTER, RED, HARD",BU,US TOTAL,,,,,ALL PRODUCTION PRACTICES,9000,,,,99,"710,306,000",2020,ALL UTILIZATION PRACTICES,,US,TOTAL,,YEAR - JUL FORECAST,SURVEY,PRODUCTION,UNITED STATES,00,CROPS,"WHEAT, WINTER, RED, HARD - PRODUCTION, MEASURED IN BU"
2020-06-11 12:05:04.000,00,,,ANNUAL,WHEAT,00000000,FIELD CROPS,US TOTAL,NATIONAL,,NOT SPECIFIED,"WINTER, RED, HARD",BU,US TOTAL,,,,,ALL PRODUCTION PRACTICES,9000,,,,99,"742,939,000",2020,ALL UTILIZATION PRACTICES,,US,TOTAL,,YEAR - JUN FORECAST,SURVEY,PRODUCTION,UNITED STATES,00,CROPS,"WHEAT, WINTER, RED, HARD - PRODUCTION, MEASURED IN BU"
2020-05-12 12:02:00.000,00,,,ANNUAL,WHEAT,00000000,FIELD CROPS,US TOTAL,NATIONAL,,NOT SPECIFIED,"WINTER, RED, HARD",BU,US TOTAL,,,,,ALL PRODUCTION PRACTICES,9000,,,,99,"733,409,000",2020,ALL UTILIZATION PRACTICES,,US,TOTAL,,YEAR - MAY FORECAST,SURVEY,PRODUCTION,UNITED STATES,00,CROPS,"WHEAT, WINTER, RED, HARD - PRODUCTION, MEASURED IN BU"
2024-01-09 15:00:00.000,00,,,ANNUAL,WHEAT,00000000,FIELD CROPS,US TOTAL,NATIONAL,,NOT SPECIFIED,"WINTER, RED, SOFT",BU,US TOTAL,,,,,ALL PRODUCTION PRACTICES,9000,,,,99,"264,221,000",2020,ALL UTILIZATION PRACTICES,,US,TOTAL,,YEAR,SURVEY,PRODUCTION,UNITED STATES,00,CROPS,"WHEAT, WINTER, RED, SOFT - PRODUCTION, MEASURED IN BU"
2020-08-12 12:04:12.000,00,,,ANNUAL,WHEAT,00000000,FIELD CROPS,US TOTAL,NATIONAL,,NOT SPECIFIED,"WINTER, RED, SOFT",BU,US TOTAL,,,,,ALL PRODUCTION PRACTICES,9000,,,,99,"276,882,000",2020,ALL UTILIZATION PRACTICES,,US,TOTAL,,YEAR - AUG FORECAST,SURVEY,PRODUCTION,UNITED STATES,00,CROPS,"WHEAT, WINTER, RED, SOFT - PRODUCTION, MEASURED IN BU"
2020-07-10 12:03:03.000,00,,,ANNUAL,WHEAT,00000000,FIELD CROPS,US TOTAL,NATIONAL,,NOT SPECIFIED,"WINTER, RED, SOFT",BU,US TOTAL,,,,,ALL PRODUCTION PRACTICES,9000,,,,99,"280,309,000",2020,ALL UTILIZATION PRACTICES,,US,TOTAL,,YEAR - JUL FORECAST,SURVEY,PRODUCTION,UNITED STATES,00,CROPS,"WHEAT, WINTER, RED, SOFT - PRODUCTION, MEASURED IN BU"
2020-06-11 12:05:04.000,00,,,ANNUAL,WHEAT,00000000,FIELD CROPS,US TOTAL,NATIONAL,,NOT SPECIFIED,"WINTER, RED, SOFT",BU,US TOTAL,,,,,ALL PRODUCTION PRACTICES,9000,,,,99,"297,343,000",2020,ALL UTILIZATION PRACTICES,,US,TOTAL,,YEAR - JUN FORECAST,SURVEY,PRODUCTION,UNITED STATES,00,CROPS,"WHEAT, WINTER, RED, SOFT - PRODUCTION, MEASURED IN BU"
2020-05-12 12:02:00.000,00,,,ANNUAL,WHEAT,00000000,FIELD CROPS,US TOTAL,NATIONAL,,NOT SPECIFIED,"WINTER, RED, SOFT",BU,US TOTAL,,,,,ALL PRODUCTION PRACTICES,9000,,,,99,"297,527,000",2020,ALL UTILIZATION PRACTICES,,US,TOTAL,,YEAR - MAY FORECAST,SURVEY,PRODUCTION,UNITED STATES,00,CROPS,"WHEAT, WINTER, RED, SOFT - PRODUCTION, MEASURED IN BU"
2024-01-09 15:00:00.000,00,,,ANNUAL,WHEAT,00000000,FIELD CROPS,US TOTAL,NATIONAL,,NOT SPECIFIED,"WINTER, WHITE",BU,US TOTAL,,,,,ALL PRODUCTION PRACTICES,9000,,,,99,"245,255,000",2020,ALL UTILIZATION PRACTICES,,US,TOTAL,,YEAR,SURVEY,PRODUCTION,UNITED STATES,00,CROPS,"WHEAT, WINTER, WHITE - PRODUCTION, MEASURED IN BU"
2024-01-09 15:00:00.000,00,,,ANNUAL,WHEAT,00000000,FIELD CROPS,US TOTAL,NATIONAL,,NOT SPECIFIED,"WINTER, WHITE, HARD",BU,US TOTAL,,,,,ALL PRODUCTION PRACTICES,9000,,,,99,"12,137,000",2020,ALL UTILIZATION PRACTICES,,US,TOTAL,,YEAR,SURVEY,PRODUCTION,UNITED STATES,00,CROPS,"WHEAT, WINTER, WHITE, HARD - PRODUCTION, MEASURED IN BU"
2020-08-12 12:04:12.000,00,,,ANNUAL,WHEAT,00000000,FIELD CROPS,US TOTAL,NATIONAL,,NOT SPECIFIED,"WINTER, WHITE, HARD",BU,US TOTAL,,,,,ALL PRODUCTION PRACTICES,9000,,,,99,"14,558,000",2020,ALL UTILIZATION PRACTICES,,US,TOTAL,,YEAR - AUG FORECAST,SURVEY,PRODUCTION,UNITED STATES,00,CROPS,"WHEAT, WINTER, WHITE, HARD - PRODUCTION, MEASURED IN BU"
2020-07-10 12:03:03.000,00,,,ANNUAL,WHEAT,00000000,FIELD CROPS,US TOTAL,NATIONAL,,NOT SPECIFIED,"WINTER, WHITE, HARD",BU,US TOTAL,,,,,ALL PRODUCTION PRACTICES,9000,,,,99,"15,476,000",2020,ALL UTILIZATION PRACTICES,,US,TOTAL,,YEAR - JUL FORECAST,SURVEY,PRODUCTION,UNITED STATES,00,CROPS,"WHEAT, WINTER, WHITE, HARD - PRODUCTION, MEASURED IN BU"
2020-06-11 12:05:04.000,00,,,ANNUAL,WHEAT,00000000,FIELD CROPS,US TOTAL,NATIONAL,,NOT SPECIFIED,"WINTER, WHITE, HARD",BU,US TOTAL,,,,,ALL PRODUCTION PRACTICES,9000,,,,99,"16,584,000",2020,ALL UTILIZATION PRACTICES,,US,TOTAL,,YEAR - JUN FORECAST,SURVEY,PRODUCTION,UNITED STATES,00,CROPS,"WHEAT, WINTER, WHITE, HARD - PRODUCTION, MEASURED IN BU"
2020-05-12 12:02:00.000,00,,,ANNUAL,WHEAT,00000000,FIELD CROPS,US TOTAL,NATIONAL,,NOT SPECIFIED,"WINTER, WHITE, HARD",BU,US TOTAL,,,,,ALL PRODUCTION PRACTICES,9000,,,,99,"16,200,000",2020,ALL UTILIZATION PRACTICES,,US,TOTAL,,YEAR - MAY FORECAST,SURVEY,PRODUCTION,UNITED STATES,00,CROPS,"WHEAT, WINTER, WHITE, HARD - PRODUCTION, MEASURED IN BU"
2024-01-09 15:00:00.000,00,,,ANNUAL,WHEAT,00000000,FIELD CROPS,US TOTAL,NATIONAL,,NOT SPECIFIED,"WINTER, WHITE, SOFT",BU,US TOTAL,,,,,ALL PRODUCTION PRACTICES,9000,,,,99,"233,118,000",2020,ALL UTILIZATION PRACTICES,,US,TOTAL,,YEAR,SURVEY,PRODUCTION,UNITED STATES,00,CROPS,"WHEAT, WINTER, WHITE, SOFT - PRODUCTION, MEASURED IN BU"
2020-08-12 12:04:12.000,00,,,ANNUAL,WHEAT,00000000,FIELD CROPS,US TOTAL,NATIONAL,,NOT SPECIFIED,"WINTER, WHITE, SOFT",BU,US TOTAL,,,,,ALL PRODUCTION PRACTICES,9000,,,,99,"211,557,000",2020,ALL UTILIZATION PRACTICES,,US,TOTAL,,YEAR - AUG FORECAST,SURVEY,PRODUCTION,UNITED STATES,00,CROPS,"WHEAT, WINTER, WHITE, SOFT - PRODUCTION, MEASURED IN BU"
2020-07-10 12:03:03.000,00,,,ANNUAL,WHEAT,00000000,FIELD CROPS,US TOTAL,NATIONAL,,NOT SPECIFIED,"WINTER, WHITE, SOFT",BU,US TOTAL,,,,,ALL PRODUCTION PRACTICES,9000,,,,99,"211,693,000",2020,ALL UTILIZATION PRACTICES,,US,TOTAL,,YEAR - JUL FORECAST,SURVEY,PRODUCTION,UNITED STATES,00,CROPS,"WHEAT, WINTER, WHITE, SOFT - PRODUCTION, MEASURED IN BU"
2020-06-11 12:05:04.000,00,,,ANNUAL,WHEAT,00000000,FIELD CROPS,US TOTAL,NATIONAL,,NOT SPECIFIED,"WINTER, WHITE, SOFT",BU,US TOTAL,,,,,ALL PRODUCTION PRACTICES,9000,,,,99,"208,834,000",2020,ALL UTILIZATION PRACTICES,,US,TOTAL,,YEAR - JUN FORECAST,SURVEY,PRODUCTION,UNITED STATES,00,CROPS,"WHEAT, WINTER, WHITE, SOFT - PRODUCTION, MEASURED IN BU"
2020-05-12 12:02:00.000,00,,,ANNUAL,WHEAT,00000000,FIELD CROPS,US TOTAL,NATIONAL,,NOT SPECIFIED,"WINTER, WHITE, SOFT",BU,US TOTAL,,,,,ALL PRODUCTION PRACTICES,9000,,,,99,"207,464,000",2020,ALL UTILIZATION PRACTICES,,US,TOTAL,,YEAR - MAY FORECAST,SURVEY,PRODUCTION,UNITED STATES,00,CROPS,"WHEAT, WINTER, WHITE, SOFT - PRODUCTION, MEASURED IN BU"
2024-01-09 15:00:00.000,00,,,ANNUAL,WHEAT,00000000,FIELD CROPS,US TOTAL,NATIONAL,,NOT SPECIFIED,ALL CLASSES,BU,US TOTAL,,,,,ALL PRODUCTION PRACTICES,9000,,,,99,"1,646,254,000",2021,ALL UTILIZATION PRACTICES,,US,TOTAL,,YEAR,SURVEY,PRODUCTION,UNITED STATES,00,CROPS,"WHEAT - PRODUCTION, MEASURED IN BU"
2021-08-12 12:01:34.000,00,,,ANNUAL,WHEAT,00000000,FIELD CROPS,US TOTAL,NATIONAL,,NOT SPECIFIED,ALL CLASSES,BU,US TOTAL,,,,,ALL PRODUCTION PRACTICES,9000,,,,99,"1,696,805,000",2021,ALL UTILIZATION PRACTICES,,US,TOTAL,,YEAR - AUG FORECAST,SURVEY,PRODUCTION,UNITED STATES,00,CROPS,"WHEAT - PRODUCTION, MEASURED IN BU"
2021-07-12 12:00:27.000,00,,,ANNUAL,WHEAT,00000000,FIELD CROPS,US TOTAL,NATIONAL,,NOT SPECIFIED,ALL CLASSES,BU,US TOTAL,,,,,ALL PRODUCTION PRACTICES,9000,,,,99,"1,746,020,000",2021,ALL UTILIZATION PRACTICES,,US,TOTAL,,YEAR - JUL FORECAST,SURVEY,PRODUCTION,UNITED STATES,00,CROPS,"WHEAT - PRODUCTION, MEASURED IN BU"
2024-01-09 15:00:00.000,00,,,ANNUAL,WHEAT,00000000,FIELD CROPS,US TOTAL,NATIONAL,,NOT SPECIFIED,"SPRING, (EXCL DURUM)",BU,US TOTAL,,,,,ALL PRODUCTION PRACTICES,9000,,,,99,"330,850,000",2021,ALL UTILIZATION PRACTICES,,US,TOTAL,,YEAR,SURVEY,PRODUCTION,UNITED STATES,00,CROPS,"WHEAT, SPRING, (EXCL DURUM) - PRODUCTION, MEASURED IN BU"
2021-08-12 12:01:34.000,00,,,ANNUAL,WHEAT,00000000,FIELD CROPS,US TOTAL,NATIONAL,,NOT SPECIFIED,"SPRING, (EXCL DURUM)",BU,US TOTAL,,,,,ALL PRODUCTION PRACTICES,9000,,,,99,"343,410,000",2021,ALL UTILIZATION PRACTICES,,US,TOTAL,,YEAR - AUG FORECAST,SURVEY,PRODUCTION,UNITED STATES,00,CROPS,"WHEAT, SPRING, (EXCL DURUM) - PRODUCTION, MEASURED IN BU"
2021-07-12 12:00:27.000,00,,,ANNUAL,WHEAT,00000000,FIELD CROPS,US TOTAL,NATIONAL,,NOT SPECIFIED,"SPRING, (EXCL DURUM)",BU,US TOTAL,,,,,ALL PRODUCTION PRACTICES,9000,,,,99,"344,575,000",2021,ALL UTILIZATION PRACTICES,,US,TOTAL,,YEAR - JUL FORECAST,SURVEY,PRODUCTION,UNITED STATES,00,CROPS,"WHEAT, SPRING, (EXCL DURUM) - PRODUCTION, MEASURED IN BU"
2024-01-09 15:00:00.000,00,,,ANNUAL,WHEAT,00000000,FIELD CROPS,US TOTAL,NATIONAL,,NOT SPECIFIED,"SPRING, DURUM",BU,US TOTAL,,,,,ALL PRODUCTION PRACTICES,9000,,,,99,"37,649,000",2021,ALL UTILIZATION PRACTICES,,US,TOTAL,,YEAR,SURVEY,PRODUCTION,UNITED STATES,00,CROPS,"WHEAT, SPRING, DURUM - PRODUCTION, MEASURED IN BU"
2021-08-12 12:01:34.000,00,,,ANNUAL,WHEAT,00000000,FIELD CROPS,US TOTAL,NATIONAL,,NOT SPECIFIED,"SPRING, DURUM",BU,US TOTAL,,,,,ALL PRODUCTION PRACTICES,9000,,,,99,"34,660,000",2021,ALL UTILIZATION PRACTICES,,US,TOTAL,,YEAR - AUG FORECAST,SURVEY,PRODUCTION,UNITED STATES,00,CROPS,"WHEAT, SPRING, DURUM - PRODUCTION, MEASURED IN BU"
2021-07-12 12:00:27.000,00,,,ANNUAL,WHEAT,00000000,FIELD CROPS,US TOTAL,NATIONAL,,NOT SPECIFIED,"SPRING, DURUM",BU,US TOTAL,,,,,ALL PRODUCTION PRACTICES,9000,,,,99,"37,240,000",2021,ALL UTILIZATION PRACTICES,,US,TOTAL,,YEAR - JUL FORECAST,SURVEY,PRODUCTION,UNITED STATES,00,CROPS,"WHEAT, SPRING, DURUM - PRODUCTION, MEASURED IN BU"
2024-01-09 15:00:00.000,00,,,ANNUAL,WHEAT,00000000,FIELD CROPS,US TOTAL,NATIONAL,,NOT SPECIFIED,"SPRING, RED, HARD",BU,US TOTAL,,,,,ALL PRODUCTION PRACTICES,9000,,,,99,"297,076,000",2021,ALL UTILIZATION PRACTICES,,US,TOTAL,,YEAR,SURVEY,PRODUCTION,UNITED STATES,00,CROPS,"WHEAT, SPRING, RED, HARD - PRODUCTION, MEASURED IN BU"
2021-08-12 12:01:34.000,00,,,ANNUAL,WHEAT,00000000,FIELD CROPS,US TOTAL,NATIONAL,,NOT SPECIFIED,"SPRING, RED, HARD",BU,US TOTAL,,,,,ALL PRODUCTION PRACTICES,9000,,,,99,"305,421,000",2021,ALL UTILIZATION PRACTICES,,US,TOTAL,,YEAR - AUG FORECAST,SURVEY,PRODUCTION,UNITED STATES,00,CROPS,"WHEAT, SPRING, RED, HARD - PRODUCTION, MEASURED IN BU"
2021-07-12 12:00:27.000,00,,,ANNUAL,WHEAT,00000000,FIELD CROPS,US TOTAL,NATIONAL,,NOT SPECIFIED,"SPRING, RED, HARD",BU,US TOTAL,,,,,ALL PRODUCTION PRACTICES,9000,,,,99,"305,395,000",2021,ALL UTILIZATION PRACTICES,,US,TOTAL,,YEAR - JUL FORECAST,SURVEY,PRODUCTION,UNITED STATES,00,CROPS,"WHEAT, SPRING, RED, HARD - PRODUCTION, MEASURED IN BU"
2024-01-09 15:00:00.000,00,,,ANNUAL,WHEAT,00000000,FIELD CROPS,US TOTAL,NATIONAL,,NOT SPECIFIED,"SPRING, WHITE",BU,US TOTAL,,,,,ALL PRODUCTION PRACTICES,9000,,,,99,"33,774,000",2021,ALL UTILIZATION PRACTICES,,US,TOTAL,,YEAR,SURVEY,PRODUCTION,UNITED STATES,00,CROPS,"WHEAT, SPRING, WHITE - PRODUCTION, MEASURED IN BU"
2024-01-09 15:00:00.000,00,,,ANNUAL,WHEAT,00000000,FIELD CROPS,US TOTAL,NATIONAL,,NOT SPECIFIED,"SPRING, WHITE, HARD",BU,US TOTAL,,,,,ALL PRODUCTION PRACTICES,9000,,,,99,"5,662,000",2021,ALL UTILIZATION PRACTICES,,US,TOTAL,,YEAR,SURVEY,PRODUCTION,UNITED STATES,00,CROPS,"WHEAT, SPRING, WHITE, HARD - PRODUCTION, MEASURED IN BU"
2021-08-12 12:01:34.000,00,,,ANNUAL,WHEAT,00000000,FIELD CROPS,US TOTAL,NATIONAL,,NOT SPECIFIED,"SPRING, WHITE, HARD",BU,US TOTAL,,,,,ALL PRODUCTION PRACTICES,9000,,,,99,"8,159,000",2021,ALL UTILIZATION PRACTICES,,US,TOTAL,,YEAR - AUG FORECAST,SURVEY,PRODUCTION,UNITED STATES,00,CROPS,"WHEAT, SPRING, WHITE, HARD - PRODUCTION, MEASURED IN BU"
2021-07-12 12:00:27.000,00,,,ANNUAL,WHEAT,00000000,FIELD CROPS,US TOTAL,NATIONAL,,NOT SPECIFIED,"SPRING, WHITE, HARD",BU,US TOTAL,,,,,ALL PRODUCTION PRACTICES,9000,,,,99,"8,283,000",2021,ALL UTILIZATION PRACTICES,,US,TOTAL,,YEAR - JUL FORECAST,SURVEY,PRODUCTION,UNITED STATES,00,CROPS,"WHEAT, SPRING, WHITE, HARD - PRODUCTION, MEASURED IN BU"
2024-01-09 15:00:00.000,00,,,ANNUAL,WHEAT,00000000,FIELD CROPS,US TOTAL,NATIONAL,,NOT SPECIFIED,"SPRING, WHITE, SOFT",BU,US TOTAL,,,,,ALL PRODUCTION PRACTICES,9000,,,,99,"28,112,000",2021,ALL UTILIZATION PRACTICES,,US,TOTAL,,YEAR,SURVEY,PRODUCTION,UNITED STATES,00,CROPS,"WHEAT, SPRING, WHITE, SOFT - PRODUCTION, MEASURED IN BU"
2021-08-12 12:01:34.000,00,,,ANNUAL,WHEAT,00000000,FIELD CROPS,US TOTAL,NATIONAL,,NOT SPECIFIED,"SPRING, WHITE, SOFT",BU,US TOTAL,,,,,ALL PRODUCTION PRACTICES,9000,,,,99,"29,830,000",2021,ALL UTILIZATION PRACTICES,,US,TOTAL,,YEAR - AUG FORECAST,SURVEY,PRODUCTION,UNITED STATES,00,CROPS,"WHEAT, SPRING, WHITE, SOFT - PRODUCTION, MEASURED IN BU"
2021-07-12 12:00:27.000,00,,,ANNUAL,WHEAT,00000000,FIELD CROPS,US TOTAL,NATIONAL,,NOT SPECIFIED,"SPRING, WHITE, SOFT",BU,US TOTAL,,,,,ALL PRODUCTION PRACTICES,9000,,,,99,"30,897,000",2021,ALL UTILIZATION PRACTICES,,US,TOTAL,,YEAR - JUL FORECAST,SURVEY,PRODUCTION,UNITED STATES,00,CROPS,"WHEAT, SPRING, WHITE, SOFT - PRODUCTION, MEASURED IN BU"
2024-01-09 15:00:00.000,00,,,ANNUAL,WHEAT,00000000,FIELD CROPS,US TOTAL,NATIONAL,,NOT SPECIFIED,WINTER,BU,US TOTAL,,,,,ALL PRODUCTION PRACTICES,9000,,,,99,"1,277,755,000",2021,ALL UTILIZATION PRACTICES,,US,TOTAL,,YEAR,SURVEY,PRODUCTION,UNITED STATES,00,CROPS,"WHEAT, WINTER - PRODUCTION, MEASURED IN BU"
2021-08-12 12:01:34.000,00,,,ANNUAL,WHEAT,00000000,FIELD CROPS,US TOTAL,NATIONAL,,NOT SPECIFIED,WINTER,BU,US TOTAL,,,,,ALL PRODUCTION PRACTICES,9000,,,,99,"1,318,735,000",2021,ALL UTILIZATION PRACTICES,,US,TOTAL,,YEAR - AUG FORECAST,SURVEY,PRODUCTION,UNITED STATES,00,CROPS,"WHEAT, WINTER - PRODUCTION, MEASURED IN BU"
2021-07-12 12:00:27.000,00,,,ANNUAL,WHEAT,00000000,FIELD CROPS,US TOTAL,NATIONAL,,NOT SPECIFIED,WINTER,BU,US TOTAL,,,,,ALL PRODUCTION PRACTICES,9000,,,,99,"1,364,205,000",2021,ALL UTILIZATION PRACTICES,,US,TOTAL,,YEAR - JUL FORECAST,SURVEY,PRODUCTION,UNITED STATES,00,CROPS,"WHEAT, WINTER - PRODUCTION, MEASURED IN BU"
2021-06-10 12:01:10.000,00,,,ANNUAL,WHEAT,00000000,FIELD CROPS,US TOTAL,NATIONAL,,NOT SPECIFIED,WINTER,BU,US TOTAL,,,,,ALL PRODUCTION PRACTICES,9000,,,,99,"1,309,000,000",2021,ALL UTILIZATION PRACTICES,,US,TOTAL,,YEAR - JUN FORECAST,SURVEY,PRODUCTION,UNITED STATES,00,CROPS,"WHEAT, WINTER - PRODUCTION, MEASURED IN BU"
2021-05-12 12:01:31.000,00,,,ANNUAL,WHEAT,00000000,FIELD CROPS,US TOTAL,NATIONAL,,NOT SPECIFIED,WINTER,BU,US TOTAL,,,,,ALL PRODUCTION PRACTICES,9000,,,,99,"1,282,925,000",2021,ALL UTILIZATION PRACTICES,,US,TOTAL,,YEAR - MAY FORECAST,SURVEY,PRODUCTION,UNITED STATES,00,CROPS,"WHEAT, WINTER - PRODUCTION, MEASURED IN BU"
2024-01-09 15:00:00.000,00,,,ANNUAL,WHEAT,00000000,FIELD CROPS,US TOTAL,NATIONAL,,NOT SPECIFIED,"WINTER, RED, HARD",BU,US TOTAL,,,,,ALL PRODUCTION PRACTICES,9000,,,,99,"749,878,000",2021,ALL UTILIZATION PRACTICES,,US,TOTAL,,YEAR,SURVEY,PRODUCTION,UNITED STATES,00,CROPS,"WHEAT, WINTER, RED, HARD - PRODUCTION, MEASURED IN BU"
2021-08-12 12:01:34.000,00,,,ANNUAL,WHEAT,00000000,FIELD CROPS,US TOTAL,NATIONAL,,NOT SPECIFIED,"WINTER, RED, HARD",BU,US TOTAL,,,,,ALL PRODUCTION PRACTICES,9000,,,,99,"776,855,000",2021,ALL UTILIZATION PRACTICES,,US,TOTAL,,YEAR - AUG FORECAST,SURVEY,PRODUCTION,UNITED STATES,00,CROPS,"WHEAT, WINTER, RED, HARD - PRODUCTION, MEASURED IN BU"
2021-07-12 12:00:27.000,00,,,ANNUAL,WHEAT,00000000,FIELD CROPS,US TOTAL,NATIONAL,,NOT SPECIFIED,"WINTER, RED, HARD",BU,US TOTAL,,,,,ALL PRODUCTION PRACTICES,9000,,,,99,"804,600,000",2021,ALL UTILIZATION PRACTICES,,US,TOTAL,,YEAR - JUL FORECAST,SURVEY,PRODUCTION,UNITED STATES,00,CROPS,"WHEAT, WINTER, RED, HARD - PRODUCTION, MEASURED IN BU"
2021-06-10 12:01:10.000,00,,,ANNUAL,WHEAT,00000000,FIELD CROPS,US TOTAL,NATIONAL,,NOT SPECIFIED,"WINTER, RED, HARD",BU,US TOTAL,,,,,ALL PRODUCTION PRACTICES,9000,,,,99,"771,467,000",2021,ALL UTILIZATION PRACTICES,,US,TOTAL,,YEAR - JUN FORECAST,SURVEY,PRODUCTION,UNITED STATES,00,CROPS,"WHEAT, WINTER, RED, HARD - PRODUCTION, MEASURED IN BU"
2021-05-12 12:01:31.000,00,,,ANNUAL,WHEAT,00000000,FIELD CROPS,US TOTAL,NATIONAL,,NOT SPECIFIED,"WINTER, RED, HARD",BU,US TOTAL,,,,,ALL PRODUCTION PRACTICES,9000,,,,99,"730,833,000",2021,ALL UTILIZATION PRACTICES,,US,TOTAL,,YEAR - MAY FORECAST,SURVEY,PRODUCTION,UNITED STATES,00,CROPS,"WHEAT, WINTER, RED, HARD - PRODUCTION, MEASURED IN BU"
2024-01-09 15:00:00.000,00,,,ANNUAL,WHEAT,00000000,FIELD CROPS,US TOTAL,NATIONAL,,NOT SPECIFIED,"WINTER, RED, SOFT",BU,US TOTAL,,,,,ALL PRODUCTION PRACTICES,9000,,,,99,"360,697,000",2021,ALL UTILIZATION PRACTICES,,US,TOTAL,,YEAR,SURVEY,PRODUCTION,UNITED STATES,00,CROPS,"WHEAT, WINTER, RED, SOFT - PRODUCTION, MEASURED IN BU"
2021-08-12 12:01:34.000,00,,,ANNUAL,WHEAT,00000000,FIELD CROPS,US TOTAL,NATIONAL,,NOT SPECIFIED,"WINTER, RED, SOFT",BU,US TOTAL,,,,,ALL PRODUCTION PRACTICES,9000,,,,99,"365,508,000",2021,ALL UTILIZATION PRACTICES,,US,TOTAL,,YEAR - AUG FORECAST,SURVEY,PRODUCTION,UNITED STATES,00,CROPS,"WHEAT, WINTER, RED, SOFT - PRODUCTION, MEASURED IN BU"
2021-07-12 12:00:27.000,00,,,ANNUAL,WHEAT,00000000,FIELD CROPS,US TOTAL,NATIONAL,,NOT SPECIFIED,"WINTER, RED, SOFT",BU,US TOTAL,,,,,ALL PRODUCTION PRACTICES,9000,,,,99,"362,017,000",2021,ALL UTILIZATION PRACTICES,,US,TOTAL,,YEAR - JUL FORECAST,SURVEY,PRODUCTION,UNITED STATES,00,CROPS,"WHEAT, WINTER, RED, SOFT - PRODUCTION, MEASURED IN BU"
2021-06-10 12:01:10.000,00,,,ANNUAL,WHEAT,00000000,FIELD CROPS,US TOTAL,NATIONAL,,NOT SPECIFIED,"WINTER, RED, SOFT",BU,US TOTAL,,,,,ALL PRODUCTION PRACTICES,9000,,,,99,"335,451,000",2021,ALL UTILIZATION PRACTICES,,US,TOTAL,,YEAR - JUN FORECAST,SURVEY,PRODUCTION,UNITED STATES,00,CROPS,"WHEAT, WINTER, RED, SOFT - PRODUCTION, MEASURED IN BU"
2021-05-12 12:01:31.000,00,,,ANNUAL,WHEAT,00000000,FIELD CROPS,US TOTAL,NATIONAL,,NOT SPECIFIED,"WINTER, RED, SOFT",BU,US TOTAL,,,,,ALL PRODUCTION PRACTICES,9000,,,,99,"331,594,000",2021,ALL UTILIZATION PRACTICES,,US,TOTAL,,YEAR - MAY FORECAST,SURVEY,PRODUCTION,UNITED STATES,00,CROPS,"WHEAT, WINTER, RED, SOFT - PRODUCTION, MEASURED IN BU"
2024-01-09 15:00:00.000,00,,,ANNUAL,WHEAT,00000000,FIELD CROPS,US TOTAL,NATIONAL,,NOT SPECIFIED,"WINTER, WHITE",BU,US TOTAL,,,,,ALL PRODUCTION PRACTICES,9000,,,,99,"167,180,000",2021,ALL UTILIZATION PRACTICES,,US,TOTAL,,YEAR,SURVEY,PRODUCTION,UNITED STATES,00,CROPS,"WHEAT, WINTER, WHITE - PRODUCTION, MEASURED IN BU"
2024-01-09 15:00:00.000,00,,,ANNUAL,WHEAT,00000000,FIELD CROPS,US TOTAL,NATIONAL,,NOT SPECIFIED,"WINTER, WHITE, HARD",BU,US TOTAL,,,,,ALL PRODUCTION PRACTICES,9000,,,,99,"20,303,000",2021,ALL UTILIZATION PRACTICES,,US,TOTAL,,YEAR,SURVEY,PRODUCTION,UNITED STATES,00,CROPS,"WHEAT, WINTER, WHITE, HARD - PRODUCTION, MEASURED IN BU"
2021-08-12 12:01:34.000,00,,,ANNUAL,WHEAT,00000000,FIELD CROPS,US TOTAL,NATIONAL,,NOT SPECIFIED,"WINTER, WHITE, HARD",BU,US TOTAL,,,,,ALL PRODUCTION PRACTICES,9000,,,,99,"16,131,000",2021,ALL UTILIZATION PRACTICES,,US,TOTAL,,YEAR - AUG FORECAST,SURVEY,PRODUCTION,UNITED STATES,00,CROPS,"WHEAT, WINTER, WHITE, HARD - PRODUCTION, MEASURED IN BU"
2021-07-12 12:00:27.000,00,,,ANNUAL,WHEAT,00000000,FIELD CROPS,US TOTAL,NATIONAL,,NOT SPECIFIED,"WINTER, WHITE, HARD",BU,US TOTAL,,,,,ALL PRODUCTION PRACTICES,9000,,,,99,"16,386,000",2021,ALL UTILIZATION PRACTICES,,US,TOTAL,,YEAR - JUL FORECAST,SURVEY,PRODUCTION,UNITED STATES,00,CROPS,"WHEAT, WINTER, WHITE, HARD - PRODUCTION, MEASURED IN BU"
2021-06-10 12:01:10.000,00,,,ANNUAL,WHEAT,00000000,FIELD CROPS,US TOTAL,NATIONAL,,NOT SPECIFIED,"WINTER, WHITE, HARD",BU,US TOTAL,,,,,ALL PRODUCTION PRACTICES,9000,,,,99,"15,399,000",2021,ALL UTILIZATION PRACTICES,,US,TOTAL,,YEAR - JUN FORECAST,SURVEY,PRODUCTION,UNITED STATES,00,CROPS,"WHEAT, WINTER, WHITE, HARD - PRODUCTION, MEASURED IN BU"
2021-05-12 12:01:31.000,00,,,ANNUAL,WHEAT,00000000,FIELD CROPS,US TOTAL,NATIONAL,,NOT SPECIFIED,"WINTER, WHITE, HARD",BU,US TOTAL,,,,,ALL PRODUCTION PRACTICES,9000,,,,99,"14,239,000",2021,ALL UTILIZATION PRACTICES,,US,TOTAL,,YEAR - MAY FORECAST,SURVEY,PRODUCTION,UNITED STATES,00,CROPS,"WHEAT, WINTER, WHITE, HARD - PRODUCTION, MEASURED IN BU"
2024-01-09 15:00:00.000,00,,,ANNUAL,WHEAT,00000000,FIELD CROPS,US TOTAL,NATIONAL,,NOT SPECIFIED,"WINTER, WHITE, SOFT",BU,US TOTAL,,,,,ALL PRODUCTION PRACTICES,9000,,,,99,"146,877,000",2021,ALL UTILIZATION PRACTICES,,US,TOTAL,,YEAR,SURVEY,PRODUCTION,UNITED STATES,00,CROPS,"WHEAT, WINTER, WHITE, SOFT - PRODUCTION, MEASURED IN BU"
2021-08-12 12:01:34.000,00,,,ANNUAL,WHEAT,00000000,FIELD CROPS,US TOTAL,NATIONAL,,NOT SPECIFIED,"WINTER, WHITE, SOFT",BU,US TOTAL,,,,,ALL PRODUCTION PRACTICES,9000,,,,99,"160,241,000",2021,ALL UTILIZATION PRACTICES,,US,TOTAL,,YEAR - AUG FORECAST,SURVEY,PRODUCTION,UNITED STATES,00,CROPS,"WHEAT, WINTER, WHITE, SOFT - PRODUCTION, MEASURED IN BU"
2021-07-12 12:00:27.000,00,,,ANNUAL,WHEAT,00000000,FIELD CROPS,US TOTAL,NATIONAL,,NOT SPECIFIED,"WINTER, WHITE, SOFT",BU,US TOTAL,,,,,ALL PRODUCTION PRACTICES,9000,,,,99,"181,202,000",2021,ALL UTILIZATION PRACTICES,,US,TOTAL,,YEAR - JUL FORECAST,SURVEY,PRODUCTION,UNITED STATES,00,CROPS,"WHEAT, WINTER, WHITE, SOFT - PRODUCTION, MEASURED IN BU"
2021-06-10 12:01:10.000,00,,,ANNUAL,WHEAT,00000000,FIELD CROPS,US TOTAL,NATIONAL,,NOT SPECIFIED,"WINTER, WHITE, SOFT",BU,US TOTAL,,,,,ALL PRODUCTION PRACTICES,9000,,,,99,"186,683,000",2021,ALL UTILIZATION PRACTICES,,US,TOTAL,,YEAR - JUN FORECAST,SURVEY,PRODUCTION,UNITED STATES,00,CROPS,"WHEAT, WINTER, WHITE, SOFT - PRODUCTION, MEASURED IN BU"
2021-05-12 12:01:31.000,00,,,ANNUAL,WHEAT,00000000,FIELD CROPS,US TOTAL,NATIONAL,,NOT SPECIFIED,"WINTER, WHITE, SOFT",BU,US TOTAL,,,,,ALL PRODUCTION PRACTICES,9000,,,,99,"206,259,000",2021,ALL UTILIZATION PRACTICES,,US,TOTAL,,YEAR - MAY FORECAST,SURVEY,PRODUCTION,UNITED STATES,00,CROPS,"WHEAT, WINTER, WHITE, SOFT - PRODUCTION, MEASURED IN BU"
2024-01-09 15:00:00.000,00,,,ANNUAL,WHEAT,00000000,FIELD CROPS,US TOTAL,NATIONAL,,NOT SPECIFIED,ALL CLASSES,BU,US TOTAL,,,,,ALL PRODUCTION PRACTICES,9000,,,,99,"1,649,713,000",2022,ALL UTILIZATION PRACTICES,,US,TOTAL,,YEAR,SURVEY,PRODUCTION,UNITED STATES,00,CROPS,"WHEAT - PRODUCTION, MEASURED IN BU"
2022-08-12 12:00:52.000,00,,,ANNUAL,WHEAT,00000000,FIELD CROPS,US TOTAL,NATIONAL,,NOT SPECIFIED,ALL CLASSES,BU,US TOTAL,,,,,ALL PRODUCTION PRACTICES,9000,,,,99,"1,782,898,000",2022,ALL UTILIZATION PRACTICES,,US,TOTAL,,YEAR - AUG FORECAST,SURVEY,PRODUCTION,UNITED STATES,00,CROPS,"WHEAT - PRODUCTION, MEASURED IN BU"
2022-07-12 12:00:38.000,00,,,ANNUAL,WHEAT,00000000,FIELD CROPS,US TOTAL,NATIONAL,,NOT SPECIFIED,ALL CLASSES,BU,US TOTAL,,,,,ALL PRODUCTION PRACTICES,9000,,,,99,"1,780,819,000",2022,ALL UTILIZATION PRACTICES,,US,TOTAL,,YEAR - JUL FORECAST,SURVEY,PRODUCTION,UNITED STATES,00,CROPS,"WHEAT - PRODUCTION, MEASURED IN BU"
2024-01-09 15:00:00.000,00,,,ANNUAL,WHEAT,00000000,FIELD CROPS,US TOTAL,NATIONAL,,NOT SPECIFIED,"SPRING, (EXCL DURUM)",BU,US TOTAL,,,,,ALL PRODUCTION PRACTICES,9000,,,,99,"482,670,000",2022,ALL UTILIZATION PRACTICES,,US,TOTAL,,YEAR,SURVEY,PRODUCTION,UNITED STATES,00,CROPS,"WHEAT, SPRING, (EXCL DURUM) - PRODUCTION, MEASURED IN BU"
2022-08-12 12:00:52.000,00,,,ANNUAL,WHEAT,00000000,FIELD CROPS,US TOTAL,NATIONAL,,NOT SPECIFIED,"SPRING, (EXCL DURUM)",BU,US TOTAL,,,,,ALL PRODUCTION PRACTICES,9000,,,,99,"511,690,000",2022,ALL UTILIZATION PRACTICES,,US,TOTAL,,YEAR - AUG FORECAST,SURVEY,PRODUCTION,UNITED STATES,00,CROPS,"WHEAT, SPRING, (EXCL DURUM) - PRODUCTION, MEASURED IN BU"
2022-07-12 12:00:38.000,00,,,ANNUAL,WHEAT,00000000,FIELD CROPS,US TOTAL,NATIONAL,,NOT SPECIFIED,"SPRING, (EXCL DURUM)",BU,US TOTAL,,,,,ALL PRODUCTION PRACTICES,9000,,,,99,"502,920,000",2022,ALL UTILIZATION PRACTICES,,US,TOTAL,,YEAR - JUL FORECAST,SURVEY,PRODUCTION,UNITED STATES,00,CROPS,"WHEAT, SPRING, (EXCL DURUM) - PRODUCTION, MEASURED IN BU"
2024-01-09 15:00:00.000,00,,,ANNUAL,WHEAT,00000000,FIELD CROPS,US TOTAL,NATIONAL,,NOT SPECIFIED,"SPRING, DURUM",BU,US TOTAL,,,,,ALL PRODUCTION PRACTICES,9000,,,,99,"63,981,000",2022,ALL UTILIZATION PRACTICES,,US,TOTAL,,YEAR,SURVEY,PRODUCTION,UNITED STATES,00,CROPS,"WHEAT, SPRING, DURUM - PRODUCTION, MEASURED IN BU"
2022-08-12 12:00:52.000,00,,,ANNUAL,WHEAT,00000000,FIELD CROPS,US TOTAL,NATIONAL,,NOT SPECIFIED,"SPRING, DURUM",BU,US TOTAL,,,,,ALL PRODUCTION PRACTICES,9000,,,,99,"73,558,000",2022,ALL UTILIZATION PRACTICES,,US,TOTAL,,YEAR - AUG FORECAST,SURVEY,PRODUCTION,UNITED STATES,00,CROPS,"WHEAT, SPRING, DURUM - PRODUCTION, MEASURED IN BU"
2022-07-12 12:00:38.000,00,,,ANNUAL,WHEAT,00000000,FIELD CROPS,US TOTAL,NATIONAL,,NOT SPECIFIED,"SPRING, DURUM",BU,US TOTAL,,,,,ALL PRODUCTION PRACTICES,9000,,,,99,"77,208,000",2022,ALL UTILIZATION PRACTICES,,US,TOTAL,,YEAR - JUL FORECAST,SURVEY,PRODUCTION,UNITED STATES,00,CROPS,"WHEAT, SPRING, DURUM - PRODUCTION, MEASURED IN BU"
2024-01-09 15:00:00.000,00,,,ANNUAL,WHEAT,00000000,FIELD CROPS,US TOTAL,NATIONAL,,NOT SPECIFIED,"SPRING, RED, HARD",BU,US TOTAL,,,,,ALL PRODUCTION PRACTICES,9000,,,,99,"446,495,000",2022,ALL UTILIZATION PRACTICES,,US,TOTAL,,YEAR,SURVEY,PRODUCTION,UNITED STATES,00,CROPS,"WHEAT, SPRING, RED, HARD - PRODUCTION, MEASURED IN BU"
2022-08-12 12:00:52.000,00,,,ANNUAL,WHEAT,00000000,FIELD CROPS,US TOTAL,NATIONAL,,NOT SPECIFIED,"SPRING, RED, HARD",BU,US TOTAL,,,,,ALL PRODUCTION PRACTICES,9000,,,,99,"462,680,000",2022,ALL UTILIZATION PRACTICES,,US,TOTAL,,YEAR - AUG FORECAST,SURVEY,PRODUCTION,UNITED STATES,00,CROPS,"WHEAT, SPRING, RED, HARD - PRODUCTION, MEASURED IN BU"
2022-07-12 12:00:38.000,00,,,ANNUAL,WHEAT,00000000,FIELD CROPS,US TOTAL,NATIONAL,,NOT SPECIFIED,"SPRING, RED, HARD",BU,US TOTAL,,,,,ALL PRODUCTION PRACTICES,9000,,,,99,"456,847,000",2022,ALL UTILIZATION PRACTICES,,US,TOTAL,,YEAR - JUL FORECAST,SURVEY,PRODUCTION,UNITED STATES,00,CROPS,"WHEAT, SPRING, RED, HARD - PRODUCTION, MEASURED IN BU"
2024-01-09 15:00:00.000,00,,,ANNUAL,WHEAT,00000000,FIELD CROPS,US TOTAL,NATIONAL,,NOT SPECIFIED,"SPRING, WHITE, HARD",BU,US TOTAL,,,,,ALL PRODUCTION PRACTICES,9000,,,,99,"6,707,000",2022,ALL UTILIZATION PRACTICES,,US,TOTAL,,YEAR,SURVEY,PRODUCTION,UNITED STATES,00,CROPS,"WHEAT, SPRING, WHITE, HARD - PRODUCTION, MEASURED IN BU"
2022-08-12 12:00:52.000,00,,,ANNUAL,WHEAT,00000000,FIELD CROPS,US TOTAL,NATIONAL,,NOT SPECIFIED,"SPRING, WHITE, HARD",BU,US TOTAL,,,,,ALL PRODUCTION PRACTICES,9000,,,,99,"7,865,000",2022,ALL UTILIZATION PRACTICES,,US,TOTAL,,YEAR - AUG FORECAST,SURVEY,PRODUCTION,UNITED STATES,00,CROPS,"WHEAT, SPRING, WHITE, HARD - PRODUCTION, MEASURED IN BU"
2022-07-12 12:00:38.000,00,,,ANNUAL,WHEAT,00000000,FIELD CROPS,US TOTAL,NATIONAL,,NOT SPECIFIED,"SPRING, WHITE, HARD",BU,US TOTAL,,,,,ALL PRODUCTION PRACTICES,9000,,,,99,"7,675,000",2022,ALL UTILIZATION PRACTICES,,US,TOTAL,,YEAR - JUL FORECAST,SURVEY,PRODUCTION,UNITED STATES,00,CROPS,"WHEAT, SPRING, WHITE, HARD - PRODUCTION, MEASURED IN BU"
2024-01-09 15:00:00.000,00,,,ANNUAL,WHEAT,00000000,FIELD CROPS,US TOTAL,NATIONAL,,NOT SPECIFIED,"SPRING, WHITE, SOFT",BU,US TOTAL,,,,,ALL PRODUCTION PRACTICES,9000,,,,99,"29,468,000",2022,ALL UTILIZATION PRACTICES,,US,TOTAL,,YEAR,SURVEY,PRODUCTION,UNITED STATES,00,CROPS,"WHEAT, SPRING, WHITE, SOFT - PRODUCTION, MEASURED IN BU"
2022-08-12 12:00:52.000,00,,,ANNUAL,WHEAT,00000000,FIELD CROPS,US TOTAL,NATIONAL,,NOT SPECIFIED,"SPRING, WHITE, SOFT",BU,US TOTAL,,,,,ALL PRODUCTION PRACTICES,9000,,,,99,"41,145,000",2022,ALL UTILIZATION PRACTICES,,US,TOTAL,,YEAR - AUG FORECAST,SURVEY,PRODUCTION,UNITED STATES,00,CROPS,"WHEAT, SPRING, WHITE, SOFT - PRODUCTION, MEASURED IN BU"
2022-07-12 12:00:38.000,00,,,ANNUAL,WHEAT,00000000,FIELD CROPS,US TOTAL,NATIONAL,,NOT SPECIFIED,"SPRING, WHITE, SOFT",BU,US TOTAL,,,,,ALL PRODUCTION PRACTICES,9000,,,,99,"38,398,000",2022,ALL UTILIZATION PRACTICES,,US,TOTAL,,YEAR - JUL FORECAST,SURVEY,PRODUCTION,UNITED STATES,00,CROPS,"WHEAT, SPRING, WHITE, SOFT - PRODUCTION, MEASURED IN BU"
2024-01-09 15:00:00.000,00,,,ANNUAL,WHEAT,00000000,FIELD CROPS,US TOTAL,NATIONAL,,NOT SPECIFIED,WINTER,BU,US TOTAL,,,,,ALL PRODUCTION PRACTICES,9000,,,,99,"1,103,062,000",2022,ALL UTILIZATION PRACTICES,,US,TOTAL,,YEAR,SURVEY,PRODUCTION,UNITED STATES,00,CROPS,"WHEAT, WINTER - PRODUCTION, MEASURED IN BU"
2022-08-12 12:00:52.000,00,,,ANNUAL,WHEAT,00000000,FIELD CROPS,US TOTAL,NATIONAL,,NOT SPECIFIED,WINTER,BU,US TOTAL,,,,,ALL PRODUCTION PRACTICES,9000,,,,99,"1,197,650,000",2022,ALL UTILIZATION PRACTICES,,US,TOTAL,,YEAR - AUG FORECAST,SURVEY,PRODUCTION,UNITED STATES,00,CROPS,"WHEAT, WINTER - PRODUCTION, MEASURED IN BU"
2022-07-12 12:00:38.000,00,,,ANNUAL,WHEAT,00000000,FIELD CROPS,US TOTAL,NATIONAL,,NOT SPECIFIED,WINTER,BU,US TOTAL,,,,,ALL PRODUCTION PRACTICES,9000,,,,99,"1,200,691,000",2022,ALL UTILIZATION PRACTICES,,US,TOTAL,,YEAR - JUL FORECAST,SURVEY,PRODUCTION,UNITED STATES,00,CROPS,"WHEAT, WINTER - PRODUCTION, MEASURED IN BU"
2022-06-10 12:01:13.000,00,,,ANNUAL,WHEAT,00000000,FIELD CROPS,US TOTAL,NATIONAL,,NOT SPECIFIED,WINTER,BU,US TOTAL,,,,,ALL PRODUCTION PRACTICES,9000,,,,99,"1,181,632,000",2022,ALL UTILIZATION PRACTICES,,US,TOTAL,,YEAR - JUN FORECAST,SURVEY,PRODUCTION,UNITED STATES,00,CROPS,"WHEAT, WINTER - PRODUCTION, MEASURED IN BU"
2022-05-12 12:00:26.000,00,,,ANNUAL,WHEAT,00000000,FIELD CROPS,US TOTAL,NATIONAL,,NOT SPECIFIED,WINTER,BU,US TOTAL,,,,,ALL PRODUCTION PRACTICES,9000,,,,99,"1,173,547,000",2022,ALL UTILIZATION PRACTICES,,US,TOTAL,,YEAR - MAY FORECAST,SURVEY,PRODUCTION,UNITED STATES,00,CROPS,"WHEAT, WINTER - PRODUCTION, MEASURED IN BU"
2024-01-09 15:00:00.000,00,,,ANNUAL,WHEAT,00000000,FIELD CROPS,US TOTAL,NATIONAL,,NOT SPECIFIED,"WINTER, RED, HARD",BU,US TOTAL,,,,,ALL PRODUCTION PRACTICES,9000,,,,99,"530,966,000",2022,ALL UTILIZATION PRACTICES,,US,TOTAL,,YEAR,SURVEY,PRODUCTION,UNITED STATES,00,CROPS,"WHEAT, WINTER, RED, HARD - PRODUCTION, MEASURED IN BU"
2022-08-12 12:00:52.000,00,,,ANNUAL,WHEAT,00000000,FIELD CROPS,US TOTAL,NATIONAL,,NOT SPECIFIED,"WINTER, RED, HARD",BU,US TOTAL,,,,,ALL PRODUCTION PRACTICES,9000,,,,99,"576,173,000",2022,ALL UTILIZATION PRACTICES,,US,TOTAL,,YEAR - AUG FORECAST,SURVEY,PRODUCTION,UNITED STATES,00,CROPS,"WHEAT, WINTER, RED, HARD - PRODUCTION, MEASURED IN BU"
2022-07-12 12:00:38.000,00,,,ANNUAL,WHEAT,00000000,FIELD CROPS,US TOTAL,NATIONAL,,NOT SPECIFIED,"WINTER, RED, HARD",BU,US TOTAL,,,,,ALL PRODUCTION PRACTICES,9000,,,,99,"585,123,000",2022,ALL UTILIZATION PRACTICES,,US,TOTAL,,YEAR - JUL FORECAST,SURVEY,PRODUCTION,UNITED STATES,00,CROPS,"WHEAT, WINTER, RED, HARD - PRODUCTION, MEASURED IN BU"
2022-06-10 12:01:13.000,00,,,ANNUAL,WHEAT,00000000,FIELD CROPS,US TOTAL,NATIONAL,,NOT SPECIFIED,"WINTER, RED, HARD",BU,US TOTAL,,,,,ALL PRODUCTION PRACTICES,9000,,,,99,"581,801,000",2022,ALL UTILIZATION PRACTICES,,US,TOTAL,,YEAR - JUN FORECAST,SURVEY,PRODUCTION,UNITED STATES,00,CROPS,"WHEAT, WINTER, RED, HARD - PRODUCTION, MEASURED IN BU"
2022-05-12 12:00:26.000,00,,,ANNUAL,WHEAT,00000000,FIELD CROPS,US TOTAL,NATIONAL,,NOT SPECIFIED,"WINTER, RED, HARD",BU,US TOTAL,,,,,ALL PRODUCTION PRACTICES,9000,,,,99,"590,037,000",2022,ALL UTILIZATION PRACTICES,,US,TOTAL,,YEAR - MAY FORECAST,SURVEY,PRODUCTION,UNITED STATES,00,CROPS,"WHEAT, WINTER, RED, HARD - PRODUCTION, MEASURED IN BU"
2024-01-09 15:00:00.000,00,,,ANNUAL,WHEAT,00000000,FIELD CROPS,US TOTAL,NATIONAL,,NOT SPECIFIED,"WINTER, RED, SOFT",BU,US TOTAL,,,,,ALL PRODUCTION PRACTICES,9000,,,,99,"336,146,000",2022,ALL UTILIZATION PRACTICES,,US,TOTAL,,YEAR,SURVEY,PRODUCTION,UNITED STATES,00,CROPS,"WHEAT, WINTER, RED, SOFT - PRODUCTION, MEASURED IN BU"
2022-08-12 12:00:52.000,00,,,ANNUAL,WHEAT,00000000,FIELD CROPS,US TOTAL,NATIONAL,,NOT SPECIFIED,"WINTER, RED, SOFT",BU,US TOTAL,,,,,ALL PRODUCTION PRACTICES,9000,,,,99,"381,326,000",2022,ALL UTILIZATION PRACTICES,,US,TOTAL,,YEAR - AUG FORECAST,SURVEY,PRODUCTION,UNITED STATES,00,CROPS,"WHEAT, WINTER, RED, SOFT - PRODUCTION, MEASURED IN BU"
2022-07-12 12:00:38.000,00,,,ANNUAL,WHEAT,00000000,FIELD CROPS,US TOTAL,NATIONAL,,NOT SPECIFIED,"WINTER, RED, SOFT",BU,US TOTAL,,,,,ALL PRODUCTION PRACTICES,9000,,,,99,"375,626,000",2022,ALL UTILIZATION PRACTICES,,US,TOTAL,,YEAR - JUL FORECAST,SURVEY,PRODUCTION,UNITED STATES,00,CROPS,"WHEAT, WINTER, RED, SOFT - PRODUCTION, MEASURED IN BU"
2022-06-10 12:01:13.000,00,,,ANNUAL,WHEAT,00000000,FIELD CROPS,US TOTAL,NATIONAL,,NOT SPECIFIED,"WINTER, RED, SOFT",BU,US TOTAL,,,,,ALL PRODUCTION PRACTICES,9000,,,,99,"357,953,000",2022,ALL UTILIZATION PRACTICES,,US,TOTAL,,YEAR - JUN FORECAST,SURVEY,PRODUCTION,UNITED STATES,00,CROPS,"WHEAT, WINTER, RED, SOFT - PRODUCTION, MEASURED IN BU"
2022-05-12 12:00:26.000,00,,,ANNUAL,WHEAT,00000000,FIELD CROPS,US TOTAL,NATIONAL,,NOT SPECIFIED,"WINTER, RED, SOFT",BU,US TOTAL,,,,,ALL PRODUCTION PRACTICES,9000,,,,99,"353,503,000",2022,ALL UTILIZATION PRACTICES,,US,TOTAL,,YEAR - MAY FORECAST,SURVEY,PRODUCTION,UNITED STATES,00,CROPS,"WHEAT, WINTER, RED, SOFT - PRODUCTION, MEASURED IN BU"
2024-01-09 15:00:00.000,00,,,ANNUAL,WHEAT,00000000,FIELD CROPS,US TOTAL,NATIONAL,,NOT SPECIFIED,"WINTER, WHITE, HARD",BU,US TOTAL,,,,,ALL PRODUCTION PRACTICES,9000,,,,99,"10,647,000",2022,ALL UTILIZATION PRACTICES,,US,TOTAL,,YEAR,SURVEY,PRODUCTION,UNITED STATES,00,CROPS,"WHEAT, WINTER, WHITE, HARD - PRODUCTION, MEASURED IN BU"
2022-08-12 12:00:52.000,00,,,ANNUAL,WHEAT,00000000,FIELD CROPS,US TOTAL,NATIONAL,,NOT SPECIFIED,"WINTER, WHITE, HARD",BU,US TOTAL,,,,,ALL PRODUCTION PRACTICES,9000,,,,99,"14,632,000",2022,ALL UTILIZATION PRACTICES,,US,TOTAL,,YEAR - AUG FORECAST,SURVEY,PRODUCTION,UNITED STATES,00,CROPS,"WHEAT, WINTER, WHITE, HARD - PRODUCTION, MEASURED IN BU"
2022-07-12 12:00:38.000,00,,,ANNUAL,WHEAT,00000000,FIELD CROPS,US TOTAL,NATIONAL,,NOT SPECIFIED,"WINTER, WHITE, HARD",BU,US TOTAL,,,,,ALL PRODUCTION PRACTICES,9000,,,,99,"15,108,000",2022,ALL UTILIZATION PRACTICES,,US,TOTAL,,YEAR - JUL FORECAST,SURVEY,PRODUCTION,UNITED STATES,00,CROPS,"WHEAT, WINTER, WHITE, HARD - PRODUCTION, MEASURED IN BU"
2022-06-10 12:01:13.000,00,,,ANNUAL,WHEAT,00000000,FIELD CROPS,US TOTAL,NATIONAL,,NOT SPECIFIED,"WINTER, WHITE, HARD",BU,US TOTAL,,,,,ALL PRODUCTION PRACTICES,9000,,,,99,"15,554,000",2022,ALL UTILIZATION PRACTICES,,US,TOTAL,,YEAR - JUN FORECAST,SURVEY,PRODUCTION,UNITED STATES,00,CROPS,"WHEAT, WINTER, WHITE, HARD - PRODUCTION, MEASURED IN BU"
2022-05-12 12:00:26.000,00,,,ANNUAL,WHEAT,00000000,FIELD CROPS,US TOTAL,NATIONAL,,NOT SPECIFIED,"WINTER, WHITE, HARD",BU,US TOTAL,,,,,ALL PRODUCTION PRACTICES,9000,,,,99,"15,690,000",2022,ALL UTILIZATION PRACTICES,,US,TOTAL,,YEAR - MAY FORECAST,SURVEY,PRODUCTION,UNITED STATES,00,CROPS,"WHEAT, WINTER, WHITE, HARD - PRODUCTION, MEASURED IN BU"
2024-01-09 15:00:00.000,00,,,ANNUAL,WHEAT,00000000,FIELD CROPS,US TOTAL,NATIONAL,,NOT SPECIFIED,"WINTER, WHITE, SOFT",BU,US TOTAL,,,,,ALL PRODUCTION PRACTICES,9000,,,,99,"225,303,000",2022,ALL UTILIZATION PRACTICES,,US,TOTAL,,YEAR,SURVEY,PRODUCTION,UNITED STATES,00,CROPS,"WHEAT, WINTER, WHITE, SOFT - PRODUCTION, MEASURED IN BU"
2022-08-12 12:00:52.000,00,,,ANNUAL,WHEAT,00000000,FIELD CROPS,US TOTAL,NATIONAL,,NOT SPECIFIED,"WINTER, WHITE, SOFT",BU,US TOTAL,,,,,ALL PRODUCTION PRACTICES,9000,,,,99,"225,519,000",2022,ALL UTILIZATION PRACTICES,,US,TOTAL,,YEAR - AUG FORECAST,SURVEY,PRODUCTION,UNITED STATES,00,CROPS,"WHEAT, WINTER, WHITE, SOFT - PRODUCTION, MEASURED IN BU"
2022-07-12 12:00:38.000,00,,,ANNUAL,WHEAT,00000000,FIELD CROPS,US TOTAL,NATIONAL,,NOT SPECIFIED,"WINTER, WHITE, SOFT",BU,US TOTAL,,,,,ALL PRODUCTION PRACTICES,9000,,,,99,"224,834,000",2022,ALL UTILIZATION PRACTICES,,US,TOTAL,,YEAR - JUL FORECAST,SURVEY,PRODUCTION,UNITED STATES,00,CROPS,"WHEAT, WINTER, WHITE, SOFT - PRODUCTION, MEASURED IN BU"
2022-06-10 12:01:13.000,00,,,ANNUAL,WHEAT,00000000,FIELD CROPS,US TOTAL,NATIONAL,,NOT SPECIFIED,"WINTER, WHITE, SOFT",BU,US TOTAL,,,,,ALL PRODUCTION PRACTICES,9000,,,,99,"226,324,000",2022,ALL UTILIZATION PRACTICES,,US,TOTAL,,YEAR - JUN FORECAST,SURVEY,PRODUCTION,UNITED STATES,00,CROPS,"WHEAT, WINTER, WHITE, SOFT - PRODUCTION, MEASURED IN BU"
2022-05-12 12:00:26.000,00,,,ANNUAL,WHEAT,00000000,FIELD CROPS,US TOTAL,NATIONAL,,NOT SPECIFIED,"WINTER, WHITE, SOFT",BU,US TOTAL,,,,,ALL PRODUCTION PRACTICES,9000,,,,99,"214,317,000",2022,ALL UTILIZATION PRACTICES,,US,TOTAL,,YEAR - MAY FORECAST,SURVEY,PRODUCTION,UNITED STATES,00,CROPS,"WHEAT, WINTER, WHITE, SOFT - PRODUCTION, MEASURED IN BU"
2024-09-30 12:00:00.000,00,,,ANNUAL,WHEAT,00000000,FIELD CROPS,US TOTAL,NATIONAL,,NOT SPECIFIED,ALL CLASSES,BU,US TOTAL,,,,,ALL PRODUCTION PRACTICES,9000,,,,99,"1,803,942,000",2023,ALL UTILIZATION PRACTICES,,US,TOTAL,,YEAR,SURVEY,PRODUCTION,UNITED STATES,00,CROPS,"WHEAT - PRODUCTION, MEASURED IN BU"
2023-08-11 12:00:00.000,00,,,ANNUAL,WHEAT,00000000,FIELD CROPS,US TOTAL,NATIONAL,,NOT SPECIFIED,ALL CLASSES,BU,US TOTAL,,,,,ALL PRODUCTION PRACTICES,9000,,,,99,"1,734,187,000",2023,ALL UTILIZATION PRACTICES,,US,TOTAL,,YEAR - AUG FORECAST,SURVEY,PRODUCTION,UNITED STATES,00,CROPS,"WHEAT - PRODUCTION, MEASURED IN BU"
2023-07-12 12:00:00.000,00,,,ANNUAL,WHEAT,00000000,FIELD CROPS,US TOTAL,NATIONAL,,NOT SPECIFIED,ALL CLASSES,BU,US TOTAL,,,,,ALL PRODUCTION PRACTICES,9000,,,,99,"1,739,077,000",2023,ALL UTILIZATION PRACTICES,,US,TOTAL,,YEAR - JUL FORECAST,SURVEY,PRODUCTION,UNITED STATES,00,CROPS,"WHEAT - PRODUCTION, MEASURED IN BU"
2024-09-30 12:00:00.000,00,,,ANNUAL,WHEAT,00000000,FIELD CROPS,US TOTAL,NATIONAL,,NOT SPECIFIED,"SPRING, (EXCL DURUM)",BU,US TOTAL,,,,,ALL PRODUCTION PRACTICES,9000,,,,99,"502,245,000",2023,ALL UTILIZATION PRACTICES,,US,TOTAL,,YEAR,SURVEY,PRODUCTION,UNITED STATES,00,CROPS,"WHEAT, SPRING, (EXCL DURUM) - PRODUCTION, MEASURED IN BU"
2023-08-11 12:00:00.000,00,,,ANNUAL,WHEAT,00000000,FIELD CROPS,US TOTAL,NATIONAL,,NOT SPECIFIED,"SPRING, (EXCL DURUM)",BU,US TOTAL,,,,,ALL PRODUCTION PRACTICES,9000,,,,99,"449,575,000",2023,ALL UTILIZATION PRACTICES,,US,TOTAL,,YEAR - AUG FORECAST,SURVEY,PRODUCTION,UNITED STATES,00,CROPS,"WHEAT, SPRING, (EXCL DURUM) - PRODUCTION, MEASURED IN BU"
2023-07-12 12:00:00.000,00,,,ANNUAL,WHEAT,00000000,FIELD CROPS,US TOTAL,NATIONAL,,NOT SPECIFIED,"SPRING, (EXCL DURUM)",BU,US TOTAL,,,,,ALL PRODUCTION PRACTICES,9000,,,,99,"478,610,000",2023,ALL UTILIZATION PRACTICES,,US,TOTAL,,YEAR - JUL FORECAST,SURVEY,PRODUCTION,UNITED STATES,00,CROPS,"WHEAT, SPRING, (EXCL DURUM) - PRODUCTION, MEASURED IN BU"
2024-09-30 12:00:00.000,00,,,ANNUAL,WHEAT,00000000,FIELD CROPS,US TOTAL,NATIONAL,,NOT SPECIFIED,"SPRING, DURUM",BU,US TOTAL,,,,,ALL PRODUCTION PRACTICES,9000,,,,99,"59,329,000",2023,ALL UTILIZATION PRACTICES,,US,TOTAL,,YEAR,SURVEY,PRODUCTION,UNITED STATES,00,CROPS,"WHEAT, SPRING, DURUM - PRODUCTION, MEASURED IN BU"
2023-08-11 12:00:00.000,00,,,ANNUAL,WHEAT,00000000,FIELD CROPS,US TOTAL,NATIONAL,,NOT SPECIFIED,"SPRING, DURUM",BU,US TOTAL,,,,,ALL PRODUCTION PRACTICES,9000,,,,99,"57,377,000",2023,ALL UTILIZATION PRACTICES,,US,TOTAL,,YEAR - AUG FORECAST,SURVEY,PRODUCTION,UNITED STATES,00,CROPS,"WHEAT, SPRING, DURUM - PRODUCTION, MEASURED IN BU"
2023-07-12 12:00:00.000,00,,,ANNUAL,WHEAT,00000000,FIELD CROPS,US TOTAL,NATIONAL,,NOT SPECIFIED,"SPRING, DURUM",BU,US TOTAL,,,,,ALL PRODUCTION PRACTICES,9000,,,,99,"54,032,000",2023,ALL UTILIZATION PRACTICES,,US,TOTAL,,YEAR - JUL FORECAST,SURVEY,PRODUCTION,UNITED STATES,00,CROPS,"WHEAT, SPRING, DURUM - PRODUCTION, MEASURED IN BU"
2024-09-30 12:00:00.000,00,,,ANNUAL,WHEAT,00000000,FIELD CROPS,US TOTAL,NATIONAL,,NOT SPECIFIED,"SPRING, RED, HARD",BU,US TOTAL,,,,,ALL PRODUCTION PRACTICES,9000,,,,99,"465,413,000",2023,ALL UTILIZATION PRACTICES,,US,TOTAL,,YEAR,SURVEY,PRODUCTION,UNITED STATES,00,CROPS,"WHEAT, SPRING, RED, HARD - PRODUCTION, MEASURED IN BU"
2023-08-11 12:00:00.000,00,,,ANNUAL,WHEAT,00000000,FIELD CROPS,US TOTAL,NATIONAL,,NOT SPECIFIED,"SPRING, RED, HARD",BU,US TOTAL,,,,,ALL PRODUCTION PRACTICES,9000,,,,99,"412,697,000",2023,ALL UTILIZATION PRACTICES,,US,TOTAL,,YEAR - AUG FORECAST,SURVEY,PRODUCTION,UNITED STATES,00,CROPS,"WHEAT, SPRING, RED, HARD - PRODUCTION, MEASURED IN BU"
2023-07-12 12:00:00.000,00,,,ANNUAL,WHEAT,00000000,FIELD CROPS,US TOTAL,NATIONAL,,NOT SPECIFIED,"SPRING, RED, HARD",BU,US TOTAL,,,,,ALL PRODUCTION PRACTICES,9000,,,,99,"440,630,000",2023,ALL UTILIZATION PRACTICES,,US,TOTAL,,YEAR - JUL FORECAST,SURVEY,PRODUCTION,UNITED STATES,00,CROPS,"WHEAT, SPRING, RED, HARD - PRODUCTION, MEASURED IN BU"
2024-09-30 12:00:00.000,00,,,ANNUAL,WHEAT,00000000,FIELD CROPS,US TOTAL,NATIONAL,,NOT SPECIFIED,"SPRING, WHITE, HARD",BU,US TOTAL,,,,,ALL PRODUCTION PRACTICES,9000,,,,99,"8,745,000",2023,ALL UTILIZATION PRACTICES,,US,TOTAL,,YEAR,SURVEY,PRODUCTION,UNITED STATES,00,CROPS,"WHEAT, SPRING, WHITE, HARD - PRODUCTION, MEASURED IN BU"
2023-08-11 12:00:00.000,00,,,ANNUAL,WHEAT,00000000,FIELD CROPS,US TOTAL,NATIONAL,,NOT SPECIFIED,"SPRING, WHITE, HARD",BU,US TOTAL,,,,,ALL PRODUCTION PRACTICES,9000,,,,99,"6,900,000",2023,ALL UTILIZATION PRACTICES,,US,TOTAL,,YEAR - AUG FORECAST,SURVEY,PRODUCTION,UNITED STATES,00,CROPS,"WHEAT, SPRING, WHITE, HARD - PRODUCTION, MEASURED IN BU"
2023-07-12 12:00:00.000,00,,,ANNUAL,WHEAT,00000000,FIELD CROPS,US TOTAL,NATIONAL,,NOT SPECIFIED,"SPRING, WHITE, HARD",BU,US TOTAL,,,,,ALL PRODUCTION PRACTICES,9000,,,,99,"7,245,000",2023,ALL UTILIZATION PRACTICES,,US,TOTAL,,YEAR - JUL FORECAST,SURVEY,PRODUCTION,UNITED STATES,00,CROPS,"WHEAT, SPRING, WHITE, HARD - PRODUCTION, MEASURED IN BU"
2024-09-30 12:00:00.000,00,,,ANNUAL,WHEAT,00000000,FIELD CROPS,US TOTAL,NATIONAL,,NOT SPECIFIED,"SPRING, WHITE, SOFT",BU,US TOTAL,,,,,ALL PRODUCTION PRACTICES,9000,,,,99,"28,087,000",2023,ALL UTILIZATION PRACTICES,,US,TOTAL,,YEAR,SURVEY,PRODUCTION,UNITED STATES,00,CROPS,"WHEAT, SPRING, WHITE, SOFT - PRODUCTION, MEASURED IN BU"
2023-08-11 12:00:00.000,00,,,ANNUAL,WHEAT,00000000,FIELD CROPS,US TOTAL,NATIONAL,,NOT SPECIFIED,"SPRING, WHITE, SOFT",BU,US TOTAL,,,,,ALL PRODUCTION PRACTICES,9000,,,,99,"29,978,000",2023,ALL UTILIZATION PRACTICES,,US,TOTAL,,YEAR - AUG FORECAST,SURVEY,PRODUCTION,UNITED STATES,00,CROPS,"WHEAT, SPRING, WHITE, SOFT - PRODUCTION, MEASURED IN BU"
2023-07-12 12:00:00.000,00,,,ANNUAL,WHEAT,00000000,FIELD CROPS,US TOTAL,NATIONAL,,NOT SPECIFIED,"SPRING, WHITE, SOFT",BU,US TOTAL,,,,,ALL PRODUCTION PRACTICES,9000,,,,99,"30,735,000",2023,ALL UTILIZATION PRACTICES,,US,TOTAL,,YEAR - JUL FORECAST,SURVEY,PRODUCTION,UNITED STATES,00,CROPS,"WHEAT, SPRING, WHITE, SOFT - PRODUCTION, MEASURED IN BU"
2024-09-30 12:00:00.000,00,,,ANNUAL,WHEAT,00000000,FIELD CROPS,US TOTAL,NATIONAL,,NOT SPECIFIED,WINTER,BU,US TOTAL,,,,,ALL PRODUCTION PRACTICES,9000,,,,99,"1,242,368,000",2023,ALL UTILIZATION PRACTICES,,US,TOTAL,,YEAR,SURVEY,PRODUCTION,UNITED STATES,00,CROPS,"WHEAT, WINTER - PRODUCTION, MEASURED IN BU"
2023-08-11 12:00:00.000,00,,,ANNUAL,WHEAT,00000000,FIELD CROPS,US TOTAL,NATIONAL,,NOT SPECIFIED,WINTER,BU,US TOTAL,,,,,ALL PRODUCTION PRACTICES,9000,,,,99,"1,227,235,000",2023,ALL UTILIZATION PRACTICES,,US,TOTAL,,YEAR - AUG FORECAST,SURVEY,PRODUCTION,UNITED STATES,00,CROPS,"WHEAT, WINTER - PRODUCTION, MEASURED IN BU"
2023-07-12 12:00:00.000,00,,,ANNUAL,WHEAT,00000000,FIELD CROPS,US TOTAL,NATIONAL,,NOT SPECIFIED,WINTER,BU,US TOTAL,,,,,ALL PRODUCTION PRACTICES,9000,,,,99,"1,206,435,000",2023,ALL UTILIZATION PRACTICES,,US,TOTAL,,YEAR - JUL FORECAST,SURVEY,PRODUCTION,UNITED STATES,00,CROPS,"WHEAT, WINTER - PRODUCTION, MEASURED IN BU"
2023-06-09 12:00:00.000,00,,,ANNUAL,WHEAT,00000000,FIELD CROPS,US TOTAL,NATIONAL,,NOT SPECIFIED,WINTER,BU,US TOTAL,,,,,ALL PRODUCTION PRACTICES,9000,,,,99,"1,136,465,000",2023,ALL UTILIZATION PRACTICES,,US,TOTAL,,YEAR - JUN FORECAST,SURVEY,PRODUCTION,UNITED STATES,00,CROPS,"WHEAT, WINTER - PRODUCTION, MEASURED IN BU"
2023-05-12 12:00:00.000,00,,,ANNUAL,WHEAT,00000000,FIELD CROPS,US TOTAL,NATIONAL,,NOT SPECIFIED,WINTER,BU,US TOTAL,,,,,ALL PRODUCTION PRACTICES,9000,,,,99,"1,130,415,000",2023,ALL UTILIZATION PRACTICES,,US,TOTAL,,YEAR - MAY FORECAST,SURVEY,PRODUCTION,UNITED STATES,00,CROPS,"WHEAT, WINTER - PRODUCTION, MEASURED IN BU"
2024-09-30 12:00:00.000,00,,,ANNUAL,WHEAT,00000000,FIELD CROPS,US TOTAL,NATIONAL,,NOT SPECIFIED,"WINTER, RED, HARD",BU,US TOTAL,,,,,ALL PRODUCTION PRACTICES,9000,,,,99,"596,047,000",2023,ALL UTILIZATION PRACTICES,,US,TOTAL,,YEAR,SURVEY,PRODUCTION,UNITED STATES,00,CROPS,"WHEAT, WINTER, RED, HARD - PRODUCTION, MEASURED IN BU"
2023-08-11 12:00:00.000,00,,,ANNUAL,WHEAT,00000000,FIELD CROPS,US TOTAL,NATIONAL,,NOT SPECIFIED,"WINTER, RED, HARD",BU,US TOTAL,,,,,ALL PRODUCTION PRACTICES,9000,,,,99,"585,321,000",2023,ALL UTILIZATION PRACTICES,,US,TOTAL,,YEAR - AUG FORECAST,SURVEY,PRODUCTION,UNITED STATES,00,CROPS,"WHEAT, WINTER, RED, HARD - PRODUCTION, MEASURED IN BU"
2023-07-12 12:00:00.000,00,,,ANNUAL,WHEAT,00000000,FIELD CROPS,US TOTAL,NATIONAL,,NOT SPECIFIED,"WINTER, RED, HARD",BU,US TOTAL,,,,,ALL PRODUCTION PRACTICES,9000,,,,99,"577,215,000",2023,ALL UTILIZATION PRACTICES,,US,TOTAL,,YEAR - JUL FORECAST,SURVEY,PRODUCTION,UNITED STATES,00,CROPS,"WHEAT, WINTER, RED, HARD - PRODUCTION, MEASURED IN BU"
2023-06-09 12:00:00.000,00,,,ANNUAL,WHEAT,00000000,FIELD CROPS,US TOTAL,NATIONAL,,NOT SPECIFIED,"WINTER, RED, HARD",BU,US TOTAL,,,,,ALL PRODUCTION PRACTICES,9000,,,,99,"525,387,000",2023,ALL UTILIZATION PRACTICES,,US,TOTAL,,YEAR - JUN FORECAST,SURVEY,PRODUCTION,UNITED STATES,00,CROPS,"WHEAT, WINTER, RED, HARD - PRODUCTION, MEASURED IN BU"
2023-05-12 12:00:00.000,00,,,ANNUAL,WHEAT,00000000,FIELD CROPS,US TOTAL,NATIONAL,,NOT SPECIFIED,"WINTER, RED, HARD",BU,US TOTAL,,,,,ALL PRODUCTION PRACTICES,9000,,,,99,"514,297,000",2023,ALL UTILIZATION PRACTICES,,US,TOTAL,,YEAR - MAY FORECAST,SURVEY,PRODUCTION,UNITED STATES,00,CROPS,"WHEAT, WINTER, RED, HARD - PRODUCTION, MEASURED IN BU"
2024-09-30 12:00:00.000,00,,,ANNUAL,WHEAT,00000000,FIELD CROPS,US TOTAL,NATIONAL,,NOT SPECIFIED,"WINTER, RED, SOFT",BU,US TOTAL,,,,,ALL PRODUCTION PRACTICES,9000,,,,99,"449,017,000",2023,ALL UTILIZATION PRACTICES,,US,TOTAL,,YEAR,SURVEY,PRODUCTION,UNITED STATES,00,CROPS,"WHEAT, WINTER, RED, SOFT - PRODUCTION, MEASURED IN BU"
2023-08-11 12:00:00.000,00,,,ANNUAL,WHEAT,00000000,FIELD CROPS,US TOTAL,NATIONAL,,NOT SPECIFIED,"WINTER, RED, SOFT",BU,US TOTAL,,,,,ALL PRODUCTION PRACTICES,9000,,,,99,"440,105,000",2023,ALL UTILIZATION PRACTICES,,US,TOTAL,,YEAR - AUG FORECAST,SURVEY,PRODUCTION,UNITED STATES,00,CROPS,"WHEAT, WINTER, RED, SOFT - PRODUCTION, MEASURED IN BU"
2023-07-12 12:00:00.000,00,,,ANNUAL,WHEAT,00000000,FIELD CROPS,US TOTAL,NATIONAL,,NOT SPECIFIED,"WINTER, RED, SOFT",BU,US TOTAL,,,,,ALL PRODUCTION PRACTICES,9000,,,,99,"422,275,000",2023,ALL UTILIZATION PRACTICES,,US,TOTAL,,YEAR - JUL FORECAST,SURVEY,PRODUCTION,UNITED STATES,00,CROPS,"WHEAT, WINTER, RED, SOFT - PRODUCTION, MEASURED IN BU"
2023-06-09 12:00:00.000,00,,,ANNUAL,WHEAT,00000000,FIELD CROPS,US TOTAL,NATIONAL,,NOT SPECIFIED,"WINTER, RED, SOFT",BU,US TOTAL,,,,,ALL PRODUCTION PRACTICES,9000,,,,99,"401,830,000",2023,ALL UTILIZATION PRACTICES,,US,TOTAL,,YEAR - JUN FORECAST,SURVEY,PRODUCTION,UNITED STATES,00,CROPS,"WHEAT, WINTER, RED, SOFT - PRODUCTION, MEASURED IN BU"
2023-05-12 12:00:00.000,00,,,ANNUAL,WHEAT,00000000,FIELD CROPS,US TOTAL,NATIONAL,,NOT SPECIFIED,"WINTER, RED, SOFT",BU,US TOTAL,,,,,ALL PRODUCTION PRACTICES,9000,,,,99,"405,754,000",2023,ALL UTILIZATION PRACTICES,,US,TOTAL,,YEAR - MAY FORECAST,SURVEY,PRODUCTION,UNITED STATES,00,CROPS,"WHEAT, WINTER, RED, SOFT - PRODUCTION, MEASURED IN BU"
2024-09-30 12:00:00.000,00,,,ANNUAL,WHEAT,00000000,FIELD CROPS,US TOTAL,NATIONAL,,NOT SPECIFIED,"WINTER, WHITE, HARD",BU,US TOTAL,,,,,ALL PRODUCTION PRACTICES,9000,,,,99,"13,995,000",2023,ALL UTILIZATION PRACTICES,,US,TOTAL,,YEAR,SURVEY,PRODUCTION,UNITED STATES,00,CROPS,"WHEAT, WINTER, WHITE, HARD - PRODUCTION, MEASURED IN BU"
2023-08-11 12:00:00.000,00,,,ANNUAL,WHEAT,00000000,FIELD CROPS,US TOTAL,NATIONAL,,NOT SPECIFIED,"WINTER, WHITE, HARD",BU,US TOTAL,,,,,ALL PRODUCTION PRACTICES,9000,,,,99,"11,931,000",2023,ALL UTILIZATION PRACTICES,,US,TOTAL,,YEAR - AUG FORECAST,SURVEY,PRODUCTION,UNITED STATES,00,CROPS,"WHEAT, WINTER, WHITE, HARD - PRODUCTION, MEASURED IN BU"
2023-07-12 12:00:00.000,00,,,ANNUAL,WHEAT,00000000,FIELD CROPS,US TOTAL,NATIONAL,,NOT SPECIFIED,"WINTER, WHITE, HARD",BU,US TOTAL,,,,,ALL PRODUCTION PRACTICES,9000,,,,99,"11,444,000",2023,ALL UTILIZATION PRACTICES,,US,TOTAL,,YEAR - JUL FORECAST,SURVEY,PRODUCTION,UNITED STATES,00,CROPS,"WHEAT, WINTER, WHITE, HARD - PRODUCTION, MEASURED IN BU"
2023-06-09 12:00:00.000,00,,,ANNUAL,WHEAT,00000000,FIELD CROPS,US TOTAL,NATIONAL,,NOT SPECIFIED,"WINTER, WHITE, HARD",BU,US TOTAL,,,,,ALL PRODUCTION PRACTICES,9000,,,,99,"10,317,000",2023,ALL UTILIZATION PRACTICES,,US,TOTAL,,YEAR - JUN FORECAST,SURVEY,PRODUCTION,UNITED STATES,00,CROPS,"WHEAT, WINTER, WHITE, HARD - PRODUCTION, MEASURED IN BU"
2023-05-12 12:00:00.000,00,,,ANNUAL,WHEAT,00000000,FIELD CROPS,US TOTAL,NATIONAL,,NOT SPECIFIED,"WINTER, WHITE, HARD",BU,US TOTAL,,,,,ALL PRODUCTION PRACTICES,9000,,,,99,"10,185,000",2023,ALL UTILIZATION PRACTICES,,US,TOTAL,,YEAR - MAY FORECAST,SURVEY,PRODUCTION,UNITED STATES,00,CROPS,"WHEAT, WINTER, WHITE, HARD - PRODUCTION, MEASURED IN BU"
2024-09-30 12:00:00.000,00,,,ANNUAL,WHEAT,00000000,FIELD CROPS,US TOTAL,NATIONAL,,NOT SPECIFIED,"WINTER, WHITE, SOFT",BU,US TOTAL,,,,,ALL PRODUCTION PRACTICES,9000,,,,99,"183,309,000",2023,ALL UTILIZATION PRACTICES,,US,TOTAL,,YEAR,SURVEY,PRODUCTION,UNITED STATES,00,CROPS,"WHEAT, WINTER, WHITE, SOFT - PRODUCTION, MEASURED IN BU"
2023-08-11 12:00:00.000,00,,,ANNUAL,WHEAT,00000000,FIELD CROPS,US TOTAL,NATIONAL,,NOT SPECIFIED,"WINTER, WHITE, SOFT",BU,US TOTAL,,,,,ALL PRODUCTION PRACTICES,9000,,,,99,"189,878,000",2023,ALL UTILIZATION PRACTICES,,US,TOTAL,,YEAR - AUG FORECAST,SURVEY,PRODUCTION,UNITED STATES,00,CROPS,"WHEAT, WINTER, WHITE, SOFT - PRODUCTION, MEASURED IN BU"
2023-07-12 12:00:00.000,00,,,ANNUAL,WHEAT,00000000,FIELD CROPS,US TOTAL,NATIONAL,,NOT SPECIFIED,"WINTER, WHITE, SOFT",BU,US TOTAL,,,,,ALL PRODUCTION PRACTICES,9000,,,,99,"195,501,000",2023,ALL UTILIZATION PRACTICES,,US,TOTAL,,YEAR - JUL FORECAST,SURVEY,PRODUCTION,UNITED STATES,00,CROPS,"WHEAT, WINTER, WHITE, SOFT - PRODUCTION, MEASURED IN BU"
2023-06-09 12:00:00.000,00,,,ANNUAL,WHEAT,00000000,FIELD CROPS,US TOTAL,NATIONAL,,NOT SPECIFIED,"WINTER, WHITE, SOFT",BU,US TOTAL,,,,,ALL PRODUCTION PRACTICES,9000,,,,99,"198,931,000",2023,ALL UTILIZATION PRACTICES,,US,TOTAL,,YEAR - JUN FORECAST,SURVEY,PRODUCTION,UNITED STATES,00,CROPS,"WHEAT, WINTER, WHITE, SOFT - PRODUCTION, MEASURED IN BU"
2023-05-12 12:00:00.000,00,,,ANNUAL,WHEAT,00000000,FIELD CROPS,US TOTAL,NATIONAL,,NOT SPECIFIED,"WINTER, WHITE, SOFT",BU,US TOTAL,,,,,ALL PRODUCTION PRACTICES,9000,,,,99,"200,179,000",2023,ALL UTILIZATION PRACTICES,,US,TOTAL,,YEAR - MAY FORECAST,SURVEY,PRODUCTION,UNITED STATES,00,CROPS,"WHEAT, WINTER, WHITE, SOFT - PRODUCTION, MEASURED IN BU"
2012-01-01 00:00:00.000,00,,,ANNUAL,WHEAT,00000000,FIELD CROPS,US TOTAL,NATIONAL,,"AREA HARVESTED: (1,000 OR MORE ACRES)",ALL CLASSES,BU,US TOTAL,,,,,ALL PRODUCTION PRACTICES,9000,,,,99,"827,616,334",1997,ALL UTILIZATION PRACTICES,,US,AREA HARVESTED,,YEAR,CENSUS,PRODUCTION,UNITED STATES,00,CROPS,"WHEAT - PRODUCTION, MEASURED IN BU"
2012-01-01 00:00:00.000,00,,,ANNUAL,WHEAT,00000000,FIELD CROPS,US TOTAL,NATIONAL,,"AREA HARVESTED: (1,000 TO 1,999 ACRES)",ALL CLASSES,BU,US TOTAL,,,,,ALL PRODUCTION PRACTICES,9000,,,,99,"515,456,333",1997,ALL UTILIZATION PRACTICES,,US,AREA HARVESTED,,YEAR,CENSUS,PRODUCTION,UNITED STATES,00,CROPS,"WHEAT - PRODUCTION, MEASURED IN BU"
2012-01-01 00:00:00.000,00,,,ANNUAL,WHEAT,00000000,FIELD CROPS,US TOTAL,NATIONAL,,AREA HARVESTED: (1.0 TO 14.9 ACRES),ALL CLASSES,BU,US TOTAL,,,,,ALL PRODUCTION PRACTICES,9000,,,,99,"11,974,662",1997,ALL UTILIZATION PRACTICES,,US,AREA HARVESTED,,YEAR,CENSUS,PRODUCTION,UNITED STATES,00,CROPS,"WHEAT - PRODUCTION, MEASURED IN BU"
2012-01-01 00:00:00.000,00,,,ANNUAL,WHEAT,00000000,FIELD CROPS,US TOTAL,NATIONAL,,AREA HARVESTED: (100 TO 249 ACRES),ALL CLASSES,BU,US TOTAL,,,,,ALL PRODUCTION PRACTICES,9000,,,,99,"323,829,884",1997,ALL UTILIZATION PRACTICES,,US,AREA HARVESTED,,YEAR,CENSUS,PRODUCTION,UNITED STATES,00,CROPS,"WHEAT - PRODUCTION, MEASURED IN BU"
2012-01-01 00:00:00.000,00,,,ANNUAL,WHEAT,00000000,FIELD CROPS,US TOTAL,NATIONAL,,AREA HARVESTED: (15.0 TO 24.9 ACRES),ALL CLASSES,BU,US TOTAL,,,,,ALL PRODUCTION PRACTICES,9000,,,,99,"22,542,316",1997,ALL UTILIZATION PRACTICES,,US,AREA HARVESTED,,YEAR,CENSUS,PRODUCTION,UNITED STATES,00,CROPS,"WHEAT - PRODUCTION, MEASURED IN BU"
2012-01-01 00:00:00.000,00,,,ANNUAL,WHEAT,00000000,FIELD CROPS,US TOTAL,NATIONAL,,"AREA HARVESTED: (2,000 TO 2,999 ACRES)",ALL CLASSES,BU,US TOTAL,,,,,ALL PRODUCTION PRACTICES,9000,,,,99,"160,281,627",1997,ALL UTILIZATION PRACTICES,,US,AREA HARVESTED,,YEAR,CENSUS,PRODUCTION,UNITED STATES,00,CROPS,"WHEAT - PRODUCTION, MEASURED IN BU"
2012-01-01 00:00:00.000,00,,,ANNUAL,WHEAT,00000000,FIELD CROPS,US TOTAL,NATIONAL,,AREA HARVESTED: (25.0 TO 49.9 ACRES),ALL CLASSES,BU,US TOTAL,,,,,ALL PRODUCTION PRACTICES,9000,,,,99,"63,268,683",1997,ALL UTILIZATION PRACTICES,,US,AREA HARVESTED,,YEAR,CENSUS,PRODUCTION,UNITED STATES,00,CROPS,"WHEAT - PRODUCTION, MEASURED IN BU"
2012-01-01 00:00:00.000,00,,,ANNUAL,WHEAT,00000000,FIELD CROPS,US TOTAL,NATIONAL,,AREA HARVESTED: (250 TO 499 ACRES),ALL CLASSES,BU,US TOTAL,,,,,ALL PRODUCTION PRACTICES,9000,,,,99,"400,843,407",1997,ALL UTILIZATION PRACTICES,,US,AREA HARVESTED,,YEAR,CENSUS,PRODUCTION,UNITED STATES,00,CROPS,"WHEAT - PRODUCTION, MEASURED IN BU"
2012-01-01 00:00:00.000,00,,,ANNUAL,WHEAT,00000000,FIELD CROPS,US TOTAL,NATIONAL,,"AREA HARVESTED: (3,000 TO 4,999 ACRES)",ALL CLASSES,BU,US TOTAL,,,,,ALL PRODUCTION PRACTICES,9000,,,,99,"98,929,026",1997,ALL UTILIZATION PRACTICES,,US,AREA HARVESTED,,YEAR,CENSUS,PRODUCTION,UNITED STATES,00,CROPS,"WHEAT - PRODUCTION, MEASURED IN BU"
2012-01-01 00:00:00.000,00,,,ANNUAL,WHEAT,00000000,FIELD CROPS,US TOTAL,NATIONAL,,"AREA HARVESTED: (5,000 OR MORE ACRES)",ALL CLASSES,BU,US TOTAL,,,,,ALL PRODUCTION PRACTICES,9000,,,,99,"52,949,348",1997,ALL UTILIZATION PRACTICES,,US,AREA HARVESTED,,YEAR,CENSUS,PRODUCTION,UNITED STATES,00,CROPS,"WHEAT - PRODUCTION, MEASURED IN BU"
2012-01-01 00:00:00.000,00,,,ANNUAL,WHEAT,00000000,FIELD CROPS,US TOTAL,NATIONAL,,AREA HARVESTED: (50.0 TO 99.9 ACRES),ALL CLASSES,BU,US TOTAL,,,,,ALL PRODUCTION PRACTICES,9000,,,,99,"124,906,782",1997,ALL UTILIZATION PRACTICES,,US,AREA HARVESTED,,YEAR,CENSUS,PRODUCTION,UNITED STATES,00,CROPS,"WHEAT - PRODUCTION, MEASURED IN BU"
2012-01-01 00:00:00.000,00,,,ANNUAL,WHEAT,00000000,FIELD CROPS,US TOTAL,NATIONAL,,AREA HARVESTED: (500 TO 999 ACRES),ALL CLASSES,BU,US TOTAL,,,,,ALL PRODUCTION PRACTICES,9000,,,,99,"554,825,747",1997,ALL UTILIZATION PRACTICES,,US,AREA HARVESTED,,YEAR,CENSUS,PRODUCTION,UNITED STATES,00,CROPS,"WHEAT - PRODUCTION, MEASURED IN BU"
2012-01-01 00:00:00.000,00,,,ANNUAL,WHEAT,00000000,FIELD CROPS,US TOTAL,NATIONAL,,NOT SPECIFIED,ALL CLASSES,BU,US TOTAL,,,,,ALL PRODUCTION PRACTICES,9000,,,,99,"2,329,807,815",1997,ALL UTILIZATION PRACTICES,,US,TOTAL,,YEAR,CENSUS,PRODUCTION,UNITED STATES,00,CROPS,"WHEAT - PRODUCTION, MEASURED IN BU"
2012-01-01 00:00:00.000,00,,,ANNUAL,WHEAT,00000000,FIELD CROPS,US TOTAL,NATIONAL,,NOT SPECIFIED,"SPRING, (EXCL DURUM)",BU,US TOTAL,,,,,ALL PRODUCTION PRACTICES,9000,,,,99,"537,892,213",1997,ALL UTILIZATION PRACTICES,,US,TOTAL,,YEAR,CENSUS,PRODUCTION,UNITED STATES,00,CROPS,"WHEAT, SPRING, (EXCL DURUM) - PRODUCTION, MEASURED IN BU"
2012-01-01 00:00:00.000,00,,,ANNUAL,WHEAT,00000000,FIELD CROPS,US TOTAL,NATIONAL,,NOT SPECIFIED,"SPRING, DURUM",BU,US TOTAL,,,,,ALL PRODUCTION PRACTICES,9000,,,,99,"88,251,199",1997,ALL UTILIZATION PRACTICES,,US,TOTAL,,YEAR,CENSUS,PRODUCTION,UNITED STATES,00,CROPS,"WHEAT, SPRING, DURUM - PRODUCTION, MEASURED IN BU"
2012-01-01 00:00:00.000,00,,,ANNUAL,WHEAT,00000000,FIELD CROPS,US TOTAL,NATIONAL,,"AREA HARVESTED: (1,000 OR MORE ACRES)",ALL CLASSES,BU,US TOTAL,,,,,ALL PRODUCTION PRACTICES,9000,,,,99,"591,401,649",2002,ALL UTILIZATION PRACTICES,,US,AREA HARVESTED,,YEAR,CENSUS,PRODUCTION,UNITED STATES,00,CROPS,"WHEAT - PRODUCTION, MEASURED IN BU"
2012-01-01 00:00:00.000,00,,,ANNUAL,WHEAT,00000000,FIELD CROPS,US TOTAL,NATIONAL,,"AREA HARVESTED: (1,000 TO 1,999 ACRES)",ALL CLASSES,BU,US TOTAL,,,,,ALL PRODUCTION PRACTICES,9000,,,,99,"355,768,931",2002,ALL UTILIZATION PRACTICES,,US,AREA HARVESTED,,YEAR,CENSUS,PRODUCTION,UNITED STATES,00,CROPS,"WHEAT - PRODUCTION, MEASURED IN BU"
2012-01-01 00:00:00.000,00,,,ANNUAL,WHEAT,00000000,FIELD CROPS,US TOTAL,NATIONAL,,AREA HARVESTED: (1.0 TO 14.9 ACRES),ALL CLASSES,BU,US TOTAL,,,,,ALL PRODUCTION PRACTICES,9000,,,,99,"7,471,665",2002,ALL UTILIZATION PRACTICES,,US,AREA HARVESTED,,YEAR,CENSUS,PRODUCTION,UNITED STATES,00,CROPS,"WHEAT - PRODUCTION, MEASURED IN BU"
2012-01-01 00:00:00.000,00,,,ANNUAL,WHEAT,00000000,FIELD CROPS,US TOTAL,NATIONAL,,AREA HARVESTED: (100 TO 249 ACRES),ALL CLASSES,BU,US TOTAL,,,,,ALL PRODUCTION PRACTICES,9000,,,,99,"214,381,675",2002,ALL UTILIZATION PRACTICES,,US,AREA HARVESTED,,YEAR,CENSUS,PRODUCTION,UNITED STATES,00,CROPS,"WHEAT - PRODUCTION, MEASURED IN BU"
2012-01-01 00:00:00.000,00,,,ANNUAL,WHEAT,00000000,FIELD CROPS,US TOTAL,NATIONAL,,AREA HARVESTED: (15.0 TO 24.9 ACRES),ALL CLASSES,BU,US TOTAL,,,,,ALL PRODUCTION PRACTICES,9000,,,,99,"14,223,702",2002,ALL UTILIZATION PRACTICES,,US,AREA HARVESTED,,YEAR,CENSUS,PRODUCTION,UNITED STATES,00,CROPS,"WHEAT - PRODUCTION, MEASURED IN BU"
2012-01-01 00:00:00.000,00,,,ANNUAL,WHEAT,00000000,FIELD CROPS,US TOTAL,NATIONAL,,"AREA HARVESTED: (2,000 TO 2,999 ACRES)",ALL CLASSES,BU,US TOTAL,,,,,ALL PRODUCTION PRACTICES,9000,,,,99,"119,302,451",2002,ALL UTILIZATION PRACTICES,,US,AREA HARVESTED,,YEAR,CENSUS,PRODUCTION,UNITED STATES,00,CROPS,"WHEAT - PRODUCTION, MEASURED IN BU"
2012-01-01 00:00:00.000,00,,,ANNUAL,WHEAT,00000000,FIELD CROPS,US TOTAL,NATIONAL,,AREA HARVESTED: (25.0 TO 49.9 ACRES),ALL CLASSES,BU,US TOTAL,,,,,ALL PRODUCTION PRACTICES,9000,,,,99,"40,923,128",2002,ALL UTILIZATION PRACTICES,,US,AREA HARVESTED,,YEAR,CENSUS,PRODUCTION,UNITED STATES,00,CROPS,"WHEAT - PRODUCTION, MEASURED IN BU"
2012-01-01 00:00:00.000,00,,,ANNUAL,WHEAT,00000000,FIELD CROPS,US TOTAL,NATIONAL,,AREA HARVESTED: (250 TO 499 ACRES),ALL CLASSES,BU,US TOTAL,,,,,ALL PRODUCTION PRACTICES,9000,,,,99,"264,661,912",2002,ALL UTILIZATION PRACTICES,,US,AREA HARVESTED,,YEAR,CENSUS,PRODUCTION,UNITED STATES,00,CROPS,"WHEAT - PRODUCTION, MEASURED IN BU"
2012-01-01 00:00:00.000,00,,,ANNUAL,WHEAT,00000000,FIELD CROPS,US TOTAL,NATIONAL,,"AREA HARVESTED: (3,000 TO 4,999 ACRES)",ALL CLASSES,BU,US TOTAL,,,,,ALL PRODUCTION PRACTICES,9000,,,,99,"81,182,031",2002,ALL UTILIZATION PRACTICES,,US,AREA HARVESTED,,YEAR,CENSUS,PRODUCTION,UNITED STATES,00,CROPS,"WHEAT - PRODUCTION, MEASURED IN BU"
2012-01-01 00:00:00.000,00,,,ANNUAL,WHEAT,00000000,FIELD CROPS,US TOTAL,NATIONAL,,"AREA HARVESTED: (5,000 OR MORE ACRES)",ALL CLASSES,BU,US TOTAL,,,,,ALL PRODUCTION PRACTICES,9000,,,,99,"35,148,236",2002,ALL UTILIZATION PRACTICES,,US,AREA HARVESTED,,YEAR,CENSUS,PRODUCTION,UNITED STATES,00,CROPS,"WHEAT - PRODUCTION, MEASURED IN BU"
2012-01-01 00:00:00.000,00,,,ANNUAL,WHEAT,00000000,FIELD CROPS,US TOTAL,NATIONAL,,AREA HARVESTED: (50.0 TO 99.9 ACRES),ALL CLASSES,BU,US TOTAL,,,,,ALL PRODUCTION PRACTICES,9000,,,,99,"82,690,685",2002,ALL UTILIZATION PRACTICES,,US,AREA HARVESTED,,YEAR,CENSUS,PRODUCTION,UNITED STATES,00,CROPS,"WHEAT - PRODUCTION, MEASURED IN BU"
2012-01-01 00:00:00.000,00,,,ANNUAL,WHEAT,00000000,FIELD CROPS,US TOTAL,NATIONAL,,AREA HARVESTED: (500 TO 999 ACRES),ALL CLASSES,BU,US TOTAL,,,,,ALL PRODUCTION PRACTICES,9000,,,,99,"361,250,724",2002,ALL UTILIZATION PRACTICES,,US,AREA HARVESTED,,YEAR,CENSUS,PRODUCTION,UNITED STATES,00,CROPS,"WHEAT - PRODUCTION, MEASURED IN BU"
2012-01-01 00:00:00.000,00,,,ANNUAL,WHEAT,00000000,FIELD CROPS,US TOTAL,NATIONAL,,NOT SPECIFIED,ALL CLASSES,BU,US TOTAL,,,,,ALL PRODUCTION PRACTICES,9000,,,,99,"1,577,005,140",2002,ALL UTILIZATION PRACTICES,,US,TOTAL,,YEAR,CENSUS,PRODUCTION,UNITED STATES,00,CROPS,"WHEAT - PRODUCTION, MEASURED IN BU"
2012-01-01 00:00:00.000,00,,,ANNUAL,WHEAT,00000000,FIELD CROPS,US TOTAL,NATIONAL,,"AREA HARVESTED: (1,000 OR MORE ACRES)","SPRING, (EXCL DURUM)",BU,US TOTAL,,,,,ALL PRODUCTION PRACTICES,9000,,,,99,"173,579,248",2002,ALL UTILIZATION PRACTICES,,US,AREA HARVESTED,,YEAR,CENSUS,PRODUCTION,UNITED STATES,00,CROPS,"WHEAT, SPRING, (EXCL DURUM) - PRODUCTION, MEASURED IN BU"
2012-01-01 00:00:00.000,00,,,ANNUAL,WHEAT,00000000,FIELD CROPS,US TOTAL,NATIONAL,,"AREA HARVESTED: (1,000 TO 1,999 ACRES)","SPRING, (EXCL DURUM)",BU,US TOTAL,,,,,ALL PRODUCTION PRACTICES,9000,,,,99,"104,210,357",2002,ALL UTILIZATION PRACTICES,,US,AREA HARVESTED,,YEAR,CENSUS,PRODUCTION,UNITED STATES,00,CROPS,"WHEAT, SPRING, (EXCL DURUM) - PRODUCTION, MEASURED IN BU"
2012-01-01 00:00:00.000,00,,,ANNUAL,WHEAT,00000000,FIELD CROPS,US TOTAL,NATIONAL,,AREA HARVESTED: (1.0 TO 14.9 ACRES),"SPRING, (EXCL DURUM)",BU,US TOTAL,,,,,ALL PRODUCTION PRACTICES,9000,,,,99,"357,993",2002,ALL UTILIZATION PRACTICES,,US,AREA HARVESTED,,YEAR,CENSUS,PRODUCTION,UNITED STATES,00,CROPS,"WHEAT, SPRING, (EXCL DURUM) - PRODUCTION, MEASURED IN BU"
2012-01-01 00:00:00.000,00,,,ANNUAL,WHEAT,00000000,FIELD CROPS,US TOTAL,NATIONAL,,AREA HARVESTED: (100 TO 249 ACRES),"SPRING, (EXCL DURUM)",BU,US TOTAL,,,,,ALL PRODUCTION PRACTICES,9000,,,,99,"37,252,579",2002,ALL UTILIZATION PRACTICES,,US,AREA HARVESTED,,YEAR,CENSUS,PRODUCTION,UNITED STATES,00,CROPS,"WHEAT, SPRING, (EXCL DURUM) - PRODUCTION, MEASURED IN BU"
2012-01-01 00:00:00.000,00,,,ANNUAL,WHEAT,00000000,FIELD CROPS,US TOTAL,NATIONAL,,AREA HARVESTED: (15.0 TO 24.9 ACRES),"SPRING, (EXCL DURUM)",BU,US TOTAL,,,,,ALL PRODUCTION PRACTICES,9000,,,,99,"856,185",2002,ALL UTILIZATION PRACTICES,,US,AREA HARVESTED,,YEAR,CENSUS,PRODUCTION,UNITED STATES,00,CROPS,"WHEAT, SPRING, (EXCL DURUM) - PRODUCTION, MEASURED IN BU"
2012-01-01 00:00:00.000,00,,,ANNUAL,WHEAT,00000000,FIELD CROPS,US TOTAL,NATIONAL,,"AREA HARVESTED: (2,000 TO 2,999 ACRES)","SPRING, (EXCL DURUM)",BU,US TOTAL,,,,,ALL PRODUCTION PRACTICES,9000,,,,99,"37,350,108",2002,ALL UTILIZATION PRACTICES,,US,AREA HARVESTED,,YEAR,CENSUS,PRODUCTION,UNITED STATES,00,CROPS,"WHEAT, SPRING, (EXCL DURUM) - PRODUCTION, MEASURED IN BU"
2012-01-01 00:00:00.000,00,,,ANNUAL,WHEAT,00000000,FIELD CROPS,US TOTAL,NATIONAL,,AREA HARVESTED: (25.0 TO 49.9 ACRES),"SPRING, (EXCL DURUM)",BU,US TOTAL,,,,,ALL PRODUCTION PRACTICES,9000,,,,99,"3,216,229",2002,ALL UTILIZATION PRACTICES,,US,AREA HARVESTED,,YEAR,CENSUS,PRODUCTION,UNITED STATES,00,CROPS,"WHEAT, SPRING, (EXCL DURUM) - PRODUCTION, MEASURED IN BU"
2012-01-01 00:00:00.000,00,,,ANNUAL,WHEAT,00000000,FIELD CROPS,US TOTAL,NATIONAL,,AREA HARVESTED: (250 TO 499 ACRES),"SPRING, (EXCL DURUM)",BU,US TOTAL,,,,,ALL PRODUCTION PRACTICES,9000,,,,99,"62,641,108",2002,ALL UTILIZATION PRACTICES,,US,AREA HARVESTED,,YEAR,CENSUS,PRODUCTION,UNITED STATES,00,CROPS,"WHEAT, SPRING, (EXCL DURUM) - PRODUCTION, MEASURED IN BU"
2012-01-01 00:00:00.000,00,,,ANNUAL,WHEAT,00000000,FIELD CROPS,US TOTAL,NATIONAL,,"AREA HARVESTED: (3,000 TO 4,999 ACRES)","SPRING, (EXCL DURUM)",BU,US TOTAL,,,,,ALL PRODUCTION PRACTICES,9000,,,,99,"23,384,332",2002,ALL UTILIZATION PRACTICES,,US,AREA HARVESTED,,YEAR,CENSUS,PRODUCTION,UNITED STATES,00,CROPS,"WHEAT, SPRING, (EXCL DURUM) - PRODUCTION, MEASURED IN BU"
2012-01-01 00:00:00.000,00,,,ANNUAL,WHEAT,00000000,FIELD CROPS,US TOTAL,NATIONAL,,"AREA HARVESTED: (5,000 OR MORE ACRES)","SPRING, (EXCL DURUM)",BU,US TOTAL,,,,,ALL PRODUCTION PRACTICES,9000,,,,99,"8,634,451",2002,ALL UTILIZATION PRACTICES,,US,AREA HARVESTED,,YEAR,CENSUS,PRODUCTION,UNITED STATES,00,CROPS,"WHEAT, SPRING, (EXCL DURUM) - PRODUCTION, MEASURED IN BU"
2012-01-01 00:00:00.000,00,,,ANNUAL,WHEAT,00000000,FIELD CROPS,US TOTAL,NATIONAL,,AREA HARVESTED: (50.0 TO 99.9 ACRES),"SPRING, (EXCL DURUM)",BU,US TOTAL,,,,,ALL PRODUCTION PRACTICES,9000,,,,99,"9,486,598",2002,ALL UTILIZATION PRACTICES,,US,AREA HARVESTED,,YEAR,CENSUS,PRODUCTION,UNITED STATES,00,CROPS,"WHEAT, SPRING, (EXCL DURUM) - PRODUCTION, MEASURED IN BU"
2012-01-01 00:00:00.000,00,,,ANNUAL,WHEAT,00000000,FIELD CROPS,US TOTAL,NATIONAL,,AREA HARVESTED: (500 TO 999 ACRES),"SPRING, (EXCL DURUM)",BU,US TOTAL,,,,,ALL PRODUCTION PRACTICES,9000,,,,99,"104,110,732",2002,ALL UTILIZATION PRACTICES,,US,AREA HARVESTED,,YEAR,CENSUS,PRODUCTION,UNITED STATES,00,CROPS,"WHEAT, SPRING, (EXCL DURUM) - PRODUCTION, MEASURED IN BU"
2012-01-01 00:00:00.000,00,,,ANNUAL,WHEAT,00000000,FIELD CROPS,US TOTAL,NATIONAL,,NOT SPECIFIED,"SPRING, (EXCL DURUM)",BU,US TOTAL,,,,,ALL PRODUCTION PRACTICES,9000,,,,99,"391,500,672",2002,ALL UTILIZATION PRACTICES,,US,TOTAL,,YEAR,CENSUS,PRODUCTION,UNITED STATES,00,CROPS,"WHEAT, SPRING, (EXCL DURUM) - PRODUCTION, MEASURED IN BU"
2012-01-01 00:00:00.000,00,,,ANNUAL,WHEAT,00000000,FIELD CROPS,US TOTAL,NATIONAL,,"AREA HARVESTED: (1,000 OR MORE ACRES)","SPRING, DURUM",BU,US TOTAL,,,,,ALL PRODUCTION PRACTICES,9000,,,,99,"36,966,599",2002,ALL UTILIZATION PRACTICES,,US,AREA HARVESTED,,YEAR,CENSUS,PRODUCTION,UNITED STATES,00,CROPS,"WHEAT, SPRING, DURUM - PRODUCTION, MEASURED IN BU"
2012-01-01 00:00:00.000,00,,,ANNUAL,WHEAT,00000000,FIELD CROPS,US TOTAL,NATIONAL,,"AREA HARVESTED: (1,000 TO 1,999 ACRES)","SPRING, DURUM",BU,US TOTAL,,,,,ALL PRODUCTION PRACTICES,9000,,,,99,"21,581,303",2002,ALL UTILIZATION PRACTICES,,US,AREA HARVESTED,,YEAR,CENSUS,PRODUCTION,UNITED STATES,00,CROPS,"WHEAT, SPRING, DURUM - PRODUCTION, MEASURED IN BU"
2012-01-01 00:00:00.000,00,,,ANNUAL,WHEAT,00000000,FIELD CROPS,US TOTAL,NATIONAL,,AREA HARVESTED: (1.0 TO 14.9 ACRES),"SPRING, DURUM",BU,US TOTAL,,,,,ALL PRODUCTION PRACTICES,9000,,,,99,"20,335",2002,ALL UTILIZATION PRACTICES,,US,AREA HARVESTED,,YEAR,CENSUS,PRODUCTION,UNITED STATES,00,CROPS,"WHEAT, SPRING, DURUM - PRODUCTION, MEASURED IN BU"
2012-01-01 00:00:00.000,00,,,ANNUAL,WHEAT,00000000,FIELD CROPS,US TOTAL,NATIONAL,,AREA HARVESTED: (100 TO 249 ACRES),"SPRING, DURUM",BU,US TOTAL,,,,,ALL PRODUCTION PRACTICES,9000,,,,99,"8,287,325",2002,ALL UTILIZATION PRACTICES,,US,AREA HARVESTED,,YEAR,CENSUS,PRODUCTION,UNITED STATES,00,CROPS,"WHEAT, SPRING, DURUM - PRODUCTION, MEASURED IN BU"
2012-01-01 00:00:00.000,00,,,ANNUAL,WHEAT,00000000,FIELD CROPS,US TOTAL,NATIONAL,,AREA HARVESTED: (15.0 TO 24.9 ACRES),"SPRING, DURUM",BU,US TOTAL,,,,,ALL PRODUCTION PRACTICES,9000,,,,99,"29,438",2002,ALL UTILIZATION PRACTICES,,US,AREA HARVESTED,,YEAR,CENSUS,PRODUCTION,UNITED STATES,00,CROPS,"WHEAT, SPRING, DURUM - PRODUCTION, MEASURED IN BU"
2012-01-01 00:00:00.000,00,,,ANNUAL,WHEAT,00000000,FIELD CROPS,US TOTAL,NATIONAL,,"AREA HARVESTED: (2,000 TO 2,999 ACRES)","SPRING, DURUM",BU,US TOTAL,,,,,ALL PRODUCTION PRACTICES,9000,,,,99,"8,420,832",2002,ALL UTILIZATION PRACTICES,,US,AREA HARVESTED,,YEAR,CENSUS,PRODUCTION,UNITED STATES,00,CROPS,"WHEAT, SPRING, DURUM - PRODUCTION, MEASURED IN BU"
2012-01-01 00:00:00.000,00,,,ANNUAL,WHEAT,00000000,FIELD CROPS,US TOTAL,NATIONAL,,AREA HARVESTED: (25.0 TO 49.9 ACRES),"SPRING, DURUM",BU,US TOTAL,,,,,ALL PRODUCTION PRACTICES,9000,,,,99,"268,454",2002,ALL UTILIZATION PRACTICES,,US,AREA HARVESTED,,YEAR,CENSUS,PRODUCTION,UNITED STATES,00,CROPS,"WHEAT, SPRING, DURUM - PRODUCTION, MEASURED IN BU"
2012-01-01 00:00:00.000,00,,,ANNUAL,WHEAT,00000000,FIELD CROPS,US TOTAL,NATIONAL,,AREA HARVESTED: (250 TO 499 ACRES),"SPRING, DURUM",BU,US TOTAL,,,,,ALL PRODUCTION PRACTICES,9000,,,,99,"14,176,954",2002,ALL UTILIZATION PRACTICES,,US,AREA HARVESTED,,YEAR,CENSUS,PRODUCTION,UNITED STATES,00,CROPS,"WHEAT, SPRING, DURUM - PRODUCTION, MEASURED IN BU"
2012-01-01 00:00:00.000,00,,,ANNUAL,WHEAT,00000000,FIELD CROPS,US TOTAL,NATIONAL,,"AREA HARVESTED: (3,000 TO 4,999 ACRES)","SPRING, DURUM",BU,US TOTAL,,,,,ALL PRODUCTION PRACTICES,9000,,,,99,"5,341,962",2002,ALL UTILIZATION PRACTICES,,US,AREA HARVESTED,,YEAR,CENSUS,PRODUCTION,UNITED STATES,00,CROPS,"WHEAT, SPRING, DURUM - PRODUCTION, MEASURED IN BU"
2012-01-01 00:00:00.000,00,,,ANNUAL,WHEAT,00000000,FIELD CROPS,US TOTAL,NATIONAL,,"AREA HARVESTED: (5,000 OR MORE ACRES)","SPRING, DURUM",BU,US TOTAL,,,,,ALL PRODUCTION PRACTICES,9000,,,,99,"1,622,502",2002,ALL UTILIZATION PRACTICES,,US,AREA HARVESTED,,YEAR,CENSUS,PRODUCTION,UNITED STATES,00,CROPS,"WHEAT, SPRING, DURUM - PRODUCTION, MEASURED IN BU"
2012-01-01 00:00:00.000,00,,,ANNUAL,WHEAT,00000000,FIELD CROPS,US TOTAL,NATIONAL,,AREA HARVESTED: (50.0 TO 99.9 ACRES),"SPRING, DURUM",BU,US TOTAL,,,,,ALL PRODUCTION PRACTICES,9000,,,,99,"1,438,315",2002,ALL UTILIZATION PRACTICES,,US,AREA HARVESTED,,YEAR,CENSUS,PRODUCTION,UNITED STATES,00,CROPS,"WHEAT, SPRING, DURUM - PRODUCTION, MEASURED IN BU"
2012-01-01 00:00:00.000,00,,,ANNUAL,WHEAT,00000000,FIELD CROPS,US TOTAL,NATIONAL,,AREA HARVESTED: (500 TO 999 ACRES),"SPRING, DURUM",BU,US TOTAL,,,,,ALL PRODUCTION PRACTICES,9000,,,,99,"19,982,657",2002,ALL UTILIZATION PRACTICES,,US,AREA HARVESTED,,YEAR,CENSUS,PRODUCTION,UNITED STATES,00,CROPS,"WHEAT, SPRING, DURUM - PRODUCTION, MEASURED IN BU"
2012-01-01 00:00:00.000,00,,,ANNUAL,WHEAT,00000000,FIELD CROPS,US TOTAL,NATIONAL,,NOT SPECIFIED,"SPRING, DURUM",BU,US TOTAL,,,,,ALL PRODUCTION PRACTICES,9000,,,,99,"81,170,077",2002,ALL UTILIZATION PRACTICES,,US,TOTAL,,YEAR,CENSUS,PRODUCTION,UNITED STATES,00,CROPS,"WHEAT, SPRING, DURUM - PRODUCTION, MEASURED IN BU"
2012-01-01 00:00:00.000,00,,,ANNUAL,WHEAT,00000000,FIELD CROPS,US TOTAL,NATIONAL,,"AREA HARVESTED: (1,000 OR MORE ACRES)",WINTER,BU,US TOTAL,,,,,ALL PRODUCTION PRACTICES,9000,,,,99,"325,042,338",2002,ALL UTILIZATION PRACTICES,,US,AREA HARVESTED,,YEAR,CENSUS,PRODUCTION,UNITED STATES,00,CROPS,"WHEAT, WINTER - PRODUCTION, MEASURED IN BU"
2012-01-01 00:00:00.000,00,,,ANNUAL,WHEAT,00000000,FIELD CROPS,US TOTAL,NATIONAL,,"AREA HARVESTED: (1,000 TO 1,999 ACRES)",WINTER,BU,US TOTAL,,,,,ALL PRODUCTION PRACTICES,9000,,,,99,"214,592,308",2002,ALL UTILIZATION PRACTICES,,US,AREA HARVESTED,,YEAR,CENSUS,PRODUCTION,UNITED STATES,00,CROPS,"WHEAT, WINTER - PRODUCTION, MEASURED IN BU"
2012-01-01 00:00:00.000,00,,,ANNUAL,WHEAT,00000000,FIELD CROPS,US TOTAL,NATIONAL,,AREA HARVESTED: (1.0 TO 14.9 ACRES),WINTER,BU,US TOTAL,,,,,ALL PRODUCTION PRACTICES,9000,,,,99,"7,203,358",2002,ALL UTILIZATION PRACTICES,,US,AREA HARVESTED,,YEAR,CENSUS,PRODUCTION,UNITED STATES,00,CROPS,"WHEAT, WINTER - PRODUCTION, MEASURED IN BU"
2012-01-01 00:00:00.000,00,,,ANNUAL,WHEAT,00000000,FIELD CROPS,US TOTAL,NATIONAL,,AREA HARVESTED: (100 TO 249 ACRES),WINTER,BU,US TOTAL,,,,,ALL PRODUCTION PRACTICES,9000,,,,99,"184,929,317",2002,ALL UTILIZATION PRACTICES,,US,AREA HARVESTED,,YEAR,CENSUS,PRODUCTION,UNITED STATES,00,CROPS,"WHEAT, WINTER - PRODUCTION, MEASURED IN BU"
2012-01-01 00:00:00.000,00,,,ANNUAL,WHEAT,00000000,FIELD CROPS,US TOTAL,NATIONAL,,AREA HARVESTED: (15.0 TO 24.9 ACRES),WINTER,BU,US TOTAL,,,,,ALL PRODUCTION PRACTICES,9000,,,,99,"13,597,948",2002,ALL UTILIZATION PRACTICES,,US,AREA HARVESTED,,YEAR,CENSUS,PRODUCTION,UNITED STATES,00,CROPS,"WHEAT, WINTER - PRODUCTION, MEASURED IN BU"
2012-01-01 00:00:00.000,00,,,ANNUAL,WHEAT,00000000,FIELD CROPS,US TOTAL,NATIONAL,,"AREA HARVESTED: (2,000 TO 2,999 ACRES)",WINTER,BU,US TOTAL,,,,,ALL PRODUCTION PRACTICES,9000,,,,99,"58,338,389",2002,ALL UTILIZATION PRACTICES,,US,AREA HARVESTED,,YEAR,CENSUS,PRODUCTION,UNITED STATES,00,CROPS,"WHEAT, WINTER - PRODUCTION, MEASURED IN BU"
2012-01-01 00:00:00.000,00,,,ANNUAL,WHEAT,00000000,FIELD CROPS,US TOTAL,NATIONAL,,AREA HARVESTED: (25.0 TO 49.9 ACRES),WINTER,BU,US TOTAL,,,,,ALL PRODUCTION PRACTICES,9000,,,,99,"38,518,819",2002,ALL UTILIZATION PRACTICES,,US,AREA HARVESTED,,YEAR,CENSUS,PRODUCTION,UNITED STATES,00,CROPS,"WHEAT, WINTER - PRODUCTION, MEASURED IN BU"
2012-01-01 00:00:00.000,00,,,ANNUAL,WHEAT,00000000,FIELD CROPS,US TOTAL,NATIONAL,,AREA HARVESTED: (250 TO 499 ACRES),WINTER,BU,US TOTAL,,,,,ALL PRODUCTION PRACTICES,9000,,,,99,"208,213,349",2002,ALL UTILIZATION PRACTICES,,US,AREA HARVESTED,,YEAR,CENSUS,PRODUCTION,UNITED STATES,00,CROPS,"WHEAT, WINTER - PRODUCTION, MEASURED IN BU"
2012-01-01 00:00:00.000,00,,,ANNUAL,WHEAT,00000000,FIELD CROPS,US TOTAL,NATIONAL,,"AREA HARVESTED: (3,000 TO 4,999 ACRES)",WINTER,BU,US TOTAL,,,,,ALL PRODUCTION PRACTICES,9000,,,,99,"36,608,474",2002,ALL UTILIZATION PRACTICES,,US,AREA HARVESTED,,YEAR,CENSUS,PRODUCTION,UNITED STATES,00,CROPS,"WHEAT, WINTER - PRODUCTION, MEASURED IN BU"
2012-01-01 00:00:00.000,00,,,ANNUAL,WHEAT,00000000,FIELD CROPS,US TOTAL,NATIONAL,,"AREA HARVESTED: (5,000 OR MORE ACRES)",WINTER,BU,US TOTAL,,,,,ALL PRODUCTION PRACTICES,9000,,,,99,"15,503,167",2002,ALL UTILIZATION PRACTICES,,US,AREA HARVESTED,,YEAR,CENSUS,PRODUCTION,UNITED STATES,00,CROPS,"WHEAT, WINTER - PRODUCTION, MEASURED IN BU"
2012-01-01 00:00:00.000,00,,,ANNUAL,WHEAT,00000000,FIELD CROPS,US TOTAL,NATIONAL,,AREA HARVESTED: (50.0 TO 99.9 ACRES),WINTER,BU,US TOTAL,,,,,ALL PRODUCTION PRACTICES,9000,,,,99,"75,135,928",2002,ALL UTILIZATION PRACTICES,,US,AREA HARVESTED,,YEAR,CENSUS,PRODUCTION,UNITED STATES,00,CROPS,"WHEAT, WINTER - PRODUCTION, MEASURED IN BU"
2012-01-01 00:00:00.000,00,,,ANNUAL,WHEAT,00000000,FIELD CROPS,US TOTAL,NATIONAL,,AREA HARVESTED: (500 TO 999 ACRES),WINTER,BU,US TOTAL,,,,,ALL PRODUCTION PRACTICES,9000,,,,99,"251,693,334",2002,ALL UTILIZATION PRACTICES,,US,AREA HARVESTED,,YEAR,CENSUS,PRODUCTION,UNITED STATES,00,CROPS,"WHEAT, WINTER - PRODUCTION, MEASURED IN BU"
2012-01-01 00:00:00.000,00,,,ANNUAL,WHEAT,00000000,FIELD CROPS,US TOTAL,NATIONAL,,NOT SPECIFIED,WINTER,BU,US TOTAL,,,,,ALL PRODUCTION PRACTICES,9000,,,,99,"1,104,334,391",2002,ALL UTILIZATION PRACTICES,,US,TOTAL,,YEAR,CENSUS,PRODUCTION,UNITED STATES,00,CROPS,"WHEAT, WINTER - PRODUCTION, MEASURED IN BU"
2012-01-01 00:00:00.000,00,,,ANNUAL,WHEAT,00000000,FIELD CROPS,US TOTAL,NATIONAL,,"AREA HARVESTED: (1,000 OR MORE ACRES)",ALL CLASSES,BU,US TOTAL,,,,,ALL PRODUCTION PRACTICES,9000,,,,99,"920,866,014",2007,ALL UTILIZATION PRACTICES,,US,AREA HARVESTED,,YEAR,CENSUS,PRODUCTION,UNITED STATES,00,CROPS,"WHEAT - PRODUCTION, MEASURED IN BU"
2012-01-01 00:00:00.000,00,,,ANNUAL,WHEAT,00000000,FIELD CROPS,US TOTAL,NATIONAL,,"AREA HARVESTED: (1,000 TO 1,999 ACRES)",ALL CLASSES,BU,US TOTAL,,,,,ALL PRODUCTION PRACTICES,9000,,,,99,"472,504,501",2007,ALL UTILIZATION PRACTICES,,US,AREA HARVESTED,,YEAR,CENSUS,PRODUCTION,UNITED STATES,00,CROPS,"WHEAT - PRODUCTION, MEASURED IN BU"
2012-01-01 00:00:00.000,00,,,ANNUAL,WHEAT,00000000,FIELD CROPS,US TOTAL,NATIONAL,,AREA HARVESTED: (1.0 TO 14.9 ACRES),ALL CLASSES,BU,US TOTAL,,,,,ALL PRODUCTION PRACTICES,9000,,,,99,"5,569,894",2007,ALL UTILIZATION PRACTICES,,US,AREA HARVESTED,,YEAR,CENSUS,PRODUCTION,UNITED STATES,00,CROPS,"WHEAT - PRODUCTION, MEASURED IN BU"
2012-01-01 00:00:00.000,00,,,ANNUAL,WHEAT,00000000,FIELD CROPS,US TOTAL,NATIONAL,,AREA HARVESTED: (100 TO 249 ACRES),ALL CLASSES,BU,US TOTAL,,,,,ALL PRODUCTION PRACTICES,9000,,,,99,"228,595,995",2007,ALL UTILIZATION PRACTICES,,US,AREA HARVESTED,,YEAR,CENSUS,PRODUCTION,UNITED STATES,00,CROPS,"WHEAT - PRODUCTION, MEASURED IN BU"
2012-01-01 00:00:00.000,00,,,ANNUAL,WHEAT,00000000,FIELD CROPS,US TOTAL,NATIONAL,,AREA HARVESTED: (15.0 TO 24.9 ACRES),ALL CLASSES,BU,US TOTAL,,,,,ALL PRODUCTION PRACTICES,9000,,,,99,"11,721,223",2007,ALL UTILIZATION PRACTICES,,US,AREA HARVESTED,,YEAR,CENSUS,PRODUCTION,UNITED STATES,00,CROPS,"WHEAT - PRODUCTION, MEASURED IN BU"
2012-01-01 00:00:00.000,00,,,ANNUAL,WHEAT,00000000,FIELD CROPS,US TOTAL,NATIONAL,,"AREA HARVESTED: (2,000 TO 2,999 ACRES)",ALL CLASSES,BU,US TOTAL,,,,,ALL PRODUCTION PRACTICES,9000,,,,99,"213,983,781",2007,ALL UTILIZATION PRACTICES,,US,AREA HARVESTED,,YEAR,CENSUS,PRODUCTION,UNITED STATES,00,CROPS,"WHEAT - PRODUCTION, MEASURED IN BU"
2012-01-01 00:00:00.000,00,,,ANNUAL,WHEAT,00000000,FIELD CROPS,US TOTAL,NATIONAL,,AREA HARVESTED: (25.0 TO 49.9 ACRES),ALL CLASSES,BU,US TOTAL,,,,,ALL PRODUCTION PRACTICES,9000,,,,99,"37,195,636",2007,ALL UTILIZATION PRACTICES,,US,AREA HARVESTED,,YEAR,CENSUS,PRODUCTION,UNITED STATES,00,CROPS,"WHEAT - PRODUCTION, MEASURED IN BU"
2012-01-01 00:00:00.000,00,,,ANNUAL,WHEAT,00000000,FIELD CROPS,US TOTAL,NATIONAL,,AREA HARVESTED: (250 TO 499 ACRES),ALL CLASSES,BU,US TOTAL,,,,,ALL PRODUCTION PRACTICES,9000,,,,99,"291,347,790",2007,ALL UTILIZATION PRACTICES,,US,AREA HARVESTED,,YEAR,CENSUS,PRODUCTION,UNITED STATES,00,CROPS,"WHEAT - PRODUCTION, MEASURED IN BU"
2012-01-01 00:00:00.000,00,,,ANNUAL,WHEAT,00000000,FIELD CROPS,US TOTAL,NATIONAL,,"AREA HARVESTED: (3,000 TO 4,999 ACRES)",ALL CLASSES,BU,US TOTAL,,,,,ALL PRODUCTION PRACTICES,9000,,,,99,"148,576,472",2007,ALL UTILIZATION PRACTICES,,US,AREA HARVESTED,,YEAR,CENSUS,PRODUCTION,UNITED STATES,00,CROPS,"WHEAT - PRODUCTION, MEASURED IN BU"
2012-01-01 00:00:00.000,00,,,ANNUAL,WHEAT,00000000,FIELD CROPS,US TOTAL,NATIONAL,,"AREA HARVESTED: (5,000 OR MORE ACRES)",ALL CLASSES,BU,US TOTAL,,,,,ALL PRODUCTION PRACTICES,9000,,,,99,"85,801,260",2007,ALL UTILIZATION PRACTICES,,US,AREA HARVESTED,,YEAR,CENSUS,PRODUCTION,UNITED STATES,00,CROPS,"WHEAT - PRODUCTION, MEASURED IN BU"
2012-01-01 00:00:00.000,00,,,ANNUAL,WHEAT,00000000,FIELD CROPS,US TOTAL,NATIONAL,,AREA HARVESTED: (50.0 TO 99.9 ACRES),ALL CLASSES,BU,US TOTAL,,,,,ALL PRODUCTION PRACTICES,9000,,,,99,"83,681,696",2007,ALL UTILIZATION PRACTICES,,US,AREA HARVESTED,,YEAR,CENSUS,PRODUCTION,UNITED STATES,00,CROPS,"WHEAT - PRODUCTION, MEASURED IN BU"
2012-01-01 00:00:00.000,00,,,ANNUAL,WHEAT,00000000,FIELD CROPS,US TOTAL,NATIONAL,,AREA HARVESTED: (500 TO 999 ACRES),ALL CLASSES,BU,US TOTAL,,,,,ALL PRODUCTION PRACTICES,9000,,,,99,"414,670,130",2007,ALL UTILIZATION PRACTICES,,US,AREA HARVESTED,,YEAR,CENSUS,PRODUCTION,UNITED STATES,00,CROPS,"WHEAT - PRODUCTION, MEASURED IN BU"
2012-01-01 00:00:00.000,00,,,ANNUAL,WHEAT,00000000,FIELD CROPS,US TOTAL,NATIONAL,,NOT SPECIFIED,ALL CLASSES,BU,US TOTAL,,,,,ALL PRODUCTION PRACTICES,9000,,,,99,"1,993,648,378",2007,ALL UTILIZATION PRACTICES,,US,TOTAL,,YEAR,CENSUS,PRODUCTION,UNITED STATES,00,CROPS,"WHEAT - PRODUCTION, MEASURED IN BU"
2012-01-01 00:00:00.000,00,,,ANNUAL,WHEAT,00000000,FIELD CROPS,US TOTAL,NATIONAL,,"AREA HARVESTED: (1,000 OR MORE ACRES)","SPRING, (EXCL DURUM)",BU,US TOTAL,,,,,ALL PRODUCTION PRACTICES,9000,,,,99,"220,669,503",2007,ALL UTILIZATION PRACTICES,,US,AREA HARVESTED,,YEAR,CENSUS,PRODUCTION,UNITED STATES,00,CROPS,"WHEAT, SPRING, (EXCL DURUM) - PRODUCTION, MEASURED IN BU"
2012-01-01 00:00:00.000,00,,,ANNUAL,WHEAT,00000000,FIELD CROPS,US TOTAL,NATIONAL,,"AREA HARVESTED: (1,000 TO 1,999 ACRES)","SPRING, (EXCL DURUM)",BU,US TOTAL,,,,,ALL PRODUCTION PRACTICES,9000,,,,99,"126,303,436",2007,ALL UTILIZATION PRACTICES,,US,AREA HARVESTED,,YEAR,CENSUS,PRODUCTION,UNITED STATES,00,CROPS,"WHEAT, SPRING, (EXCL DURUM) - PRODUCTION, MEASURED IN BU"
2012-01-01 00:00:00.000,00,,,ANNUAL,WHEAT,00000000,FIELD CROPS,US TOTAL,NATIONAL,,AREA HARVESTED: (1.0 TO 14.9 ACRES),"SPRING, (EXCL DURUM)",BU,US TOTAL,,,,,ALL PRODUCTION PRACTICES,9000,,,,99,"418,095",2007,ALL UTILIZATION PRACTICES,,US,AREA HARVESTED,,YEAR,CENSUS,PRODUCTION,UNITED STATES,00,CROPS,"WHEAT, SPRING, (EXCL DURUM) - PRODUCTION, MEASURED IN BU"
2012-01-01 00:00:00.000,00,,,ANNUAL,WHEAT,00000000,FIELD CROPS,US TOTAL,NATIONAL,,AREA HARVESTED: (100 TO 249 ACRES),"SPRING, (EXCL DURUM)",BU,US TOTAL,,,,,ALL PRODUCTION PRACTICES,9000,,,,99,"42,628,242",2007,ALL UTILIZATION PRACTICES,,US,AREA HARVESTED,,YEAR,CENSUS,PRODUCTION,UNITED STATES,00,CROPS,"WHEAT, SPRING, (EXCL DURUM) - PRODUCTION, MEASURED IN BU"
2012-01-01 00:00:00.000,00,,,ANNUAL,WHEAT,00000000,FIELD CROPS,US TOTAL,NATIONAL,,AREA HARVESTED: (15.0 TO 24.9 ACRES),"SPRING, (EXCL DURUM)",BU,US TOTAL,,,,,ALL PRODUCTION PRACTICES,9000,,,,99,"914,204",2007,ALL UTILIZATION PRACTICES,,US,AREA HARVESTED,,YEAR,CENSUS,PRODUCTION,UNITED STATES,00,CROPS,"WHEAT, SPRING, (EXCL DURUM) - PRODUCTION, MEASURED IN BU"
2012-01-01 00:00:00.000,00,,,ANNUAL,WHEAT,00000000,FIELD CROPS,US TOTAL,NATIONAL,,"AREA HARVESTED: (2,000 TO 2,999 ACRES)","SPRING, (EXCL DURUM)",BU,US TOTAL,,,,,ALL PRODUCTION PRACTICES,9000,,,,99,"51,043,379",2007,ALL UTILIZATION PRACTICES,,US,AREA HARVESTED,,YEAR,CENSUS,PRODUCTION,UNITED STATES,00,CROPS,"WHEAT, SPRING, (EXCL DURUM) - PRODUCTION, MEASURED IN BU"
2012-01-01 00:00:00.000,00,,,ANNUAL,WHEAT,00000000,FIELD CROPS,US TOTAL,NATIONAL,,AREA HARVESTED: (25.0 TO 49.9 ACRES),"SPRING, (EXCL DURUM)",BU,US TOTAL,,,,,ALL PRODUCTION PRACTICES,9000,,,,99,"3,454,899",2007,ALL UTILIZATION PRACTICES,,US,AREA HARVESTED,,YEAR,CENSUS,PRODUCTION,UNITED STATES,00,CROPS,"WHEAT, SPRING, (EXCL DURUM) - PRODUCTION, MEASURED IN BU"
2012-01-01 00:00:00.000,00,,,ANNUAL,WHEAT,00000000,FIELD CROPS,US TOTAL,NATIONAL,,AREA HARVESTED: (250 TO 499 ACRES),"SPRING, (EXCL DURUM)",BU,US TOTAL,,,,,ALL PRODUCTION PRACTICES,9000,,,,99,"72,526,455",2007,ALL UTILIZATION PRACTICES,,US,AREA HARVESTED,,YEAR,CENSUS,PRODUCTION,UNITED STATES,00,CROPS,"WHEAT, SPRING, (EXCL DURUM) - PRODUCTION, MEASURED IN BU"
2012-01-01 00:00:00.000,00,,,ANNUAL,WHEAT,00000000,FIELD CROPS,US TOTAL,NATIONAL,,"AREA HARVESTED: (3,000 TO 4,999 ACRES)","SPRING, (EXCL DURUM)",BU,US TOTAL,,,,,ALL PRODUCTION PRACTICES,9000,,,,99,"29,870,851",2007,ALL UTILIZATION PRACTICES,,US,AREA HARVESTED,,YEAR,CENSUS,PRODUCTION,UNITED STATES,00,CROPS,"WHEAT, SPRING, (EXCL DURUM) - PRODUCTION, MEASURED IN BU"
2012-01-01 00:00:00.000,00,,,ANNUAL,WHEAT,00000000,FIELD CROPS,US TOTAL,NATIONAL,,"AREA HARVESTED: (5,000 OR MORE ACRES)","SPRING, (EXCL DURUM)",BU,US TOTAL,,,,,ALL PRODUCTION PRACTICES,9000,,,,99,"13,451,837",2007,ALL UTILIZATION PRACTICES,,US,AREA HARVESTED,,YEAR,CENSUS,PRODUCTION,UNITED STATES,00,CROPS,"WHEAT, SPRING, (EXCL DURUM) - PRODUCTION, MEASURED IN BU"
2012-01-01 00:00:00.000,00,,,ANNUAL,WHEAT,00000000,FIELD CROPS,US TOTAL,NATIONAL,,AREA HARVESTED: (50.0 TO 99.9 ACRES),"SPRING, (EXCL DURUM)",BU,US TOTAL,,,,,ALL PRODUCTION PRACTICES,9000,,,,99,"11,148,646",2007,ALL UTILIZATION PRACTICES,,US,AREA HARVESTED,,YEAR,CENSUS,PRODUCTION,UNITED STATES,00,CROPS,"WHEAT, SPRING, (EXCL DURUM) - PRODUCTION, MEASURED IN BU"
2012-01-01 00:00:00.000,00,,,ANNUAL,WHEAT,00000000,FIELD CROPS,US TOTAL,NATIONAL,,AREA HARVESTED: (500 TO 999 ACRES),"SPRING, (EXCL DURUM)",BU,US TOTAL,,,,,ALL PRODUCTION PRACTICES,9000,,,,99,"124,146,593",2007,ALL UTILIZATION PRACTICES,,US,AREA HARVESTED,,YEAR,CENSUS,PRODUCTION,UNITED STATES,00,CROPS,"WHEAT, SPRING, (EXCL DURUM) - PRODUCTION, MEASURED IN BU"
2012-01-01 00:00:00.000,00,,,ANNUAL,WHEAT,00000000,FIELD CROPS,US TOTAL,NATIONAL,,NOT SPECIFIED,"SPRING, (EXCL DURUM)",BU,US TOTAL,,,,,ALL PRODUCTION PRACTICES,9000,,,,99,"475,906,637",2007,ALL UTILIZATION PRACTICES,,US,TOTAL,,YEAR,CENSUS,PRODUCTION,UNITED STATES,00,CROPS,"WHEAT, SPRING, (EXCL DURUM) - PRODUCTION, MEASURED IN BU"
2012-01-01 00:00:00.000,00,,,ANNUAL,WHEAT,00000000,FIELD CROPS,US TOTAL,NATIONAL,,"AREA HARVESTED: (1,000 OR MORE ACRES)","SPRING, DURUM",BU,US TOTAL,,,,,ALL PRODUCTION PRACTICES,9000,,,,99,"36,832,069",2007,ALL UTILIZATION PRACTICES,,US,AREA HARVESTED,,YEAR,CENSUS,PRODUCTION,UNITED STATES,00,CROPS,"WHEAT, SPRING, DURUM - PRODUCTION, MEASURED IN BU"
2012-01-01 00:00:00.000,00,,,ANNUAL,WHEAT,00000000,FIELD CROPS,US TOTAL,NATIONAL,,"AREA HARVESTED: (1,000 TO 1,999 ACRES)","SPRING, DURUM",BU,US TOTAL,,,,,ALL PRODUCTION PRACTICES,9000,,,,99,"20,152,371",2007,ALL UTILIZATION PRACTICES,,US,AREA HARVESTED,,YEAR,CENSUS,PRODUCTION,UNITED STATES,00,CROPS,"WHEAT, SPRING, DURUM - PRODUCTION, MEASURED IN BU"
2012-01-01 00:00:00.000,00,,,ANNUAL,WHEAT,00000000,FIELD CROPS,US TOTAL,NATIONAL,,AREA HARVESTED: (1.0 TO 14.9 ACRES),"SPRING, DURUM",BU,US TOTAL,,,,,ALL PRODUCTION PRACTICES,9000,,,,99,"14,027",2007,ALL UTILIZATION PRACTICES,,US,AREA HARVESTED,,YEAR,CENSUS,PRODUCTION,UNITED STATES,00,CROPS,"WHEAT, SPRING, DURUM - PRODUCTION, MEASURED IN BU"
2012-01-01 00:00:00.000,00,,,ANNUAL,WHEAT,00000000,FIELD CROPS,US TOTAL,NATIONAL,,AREA HARVESTED: (100 TO 249 ACRES),"SPRING, DURUM",BU,US TOTAL,,,,,ALL PRODUCTION PRACTICES,9000,,,,99,"6,475,693",2007,ALL UTILIZATION PRACTICES,,US,AREA HARVESTED,,YEAR,CENSUS,PRODUCTION,UNITED STATES,00,CROPS,"WHEAT, SPRING, DURUM - PRODUCTION, MEASURED IN BU"
2012-01-01 00:00:00.000,00,,,ANNUAL,WHEAT,00000000,FIELD CROPS,US TOTAL,NATIONAL,,AREA HARVESTED: (15.0 TO 24.9 ACRES),"SPRING, DURUM",BU,US TOTAL,,,,,ALL PRODUCTION PRACTICES,9000,,,,99,"24,708",2007,ALL UTILIZATION PRACTICES,,US,AREA HARVESTED,,YEAR,CENSUS,PRODUCTION,UNITED STATES,00,CROPS,"WHEAT, SPRING, DURUM - PRODUCTION, MEASURED IN BU"
2012-01-01 00:00:00.000,00,,,ANNUAL,WHEAT,00000000,FIELD CROPS,US TOTAL,NATIONAL,,"AREA HARVESTED: (2,000 TO 2,999 ACRES)","SPRING, DURUM",BU,US TOTAL,,,,,ALL PRODUCTION PRACTICES,9000,,,,99,"9,302,929",2007,ALL UTILIZATION PRACTICES,,US,AREA HARVESTED,,YEAR,CENSUS,PRODUCTION,UNITED STATES,00,CROPS,"WHEAT, SPRING, DURUM - PRODUCTION, MEASURED IN BU"
2012-01-01 00:00:00.000,00,,,ANNUAL,WHEAT,00000000,FIELD CROPS,US TOTAL,NATIONAL,,AREA HARVESTED: (25.0 TO 49.9 ACRES),"SPRING, DURUM",BU,US TOTAL,,,,,ALL PRODUCTION PRACTICES,9000,,,,99,"217,768",2007,ALL UTILIZATION PRACTICES,,US,AREA HARVESTED,,YEAR,CENSUS,PRODUCTION,UNITED STATES,00,CROPS,"WHEAT, SPRING, DURUM - PRODUCTION, MEASURED IN BU"
2012-01-01 00:00:00.000,00,,,ANNUAL,WHEAT,00000000,FIELD CROPS,US TOTAL,NATIONAL,,AREA HARVESTED: (250 TO 499 ACRES),"SPRING, DURUM",BU,US TOTAL,,,,,ALL PRODUCTION PRACTICES,9000,,,,99,"10,835,280",2007,ALL UTILIZATION PRACTICES,,US,AREA HARVESTED,,YEAR,CENSUS,PRODUCTION,UNITED STATES,00,CROPS,"WHEAT, SPRING, DURUM - PRODUCTION, MEASURED IN BU"
2012-01-01 00:00:00.000,00,,,ANNUAL,WHEAT,00000000,FIELD CROPS,US TOTAL,NATIONAL,,"AREA HARVESTED: (3,000 TO 4,999 ACRES)","SPRING, DURUM",BU,US TOTAL,,,,,ALL PRODUCTION PRACTICES,9000,,,,99,"6,036,755",2007,ALL UTILIZATION PRACTICES,,US,AREA HARVESTED,,YEAR,CENSUS,PRODUCTION,UNITED STATES,00,CROPS,"WHEAT, SPRING, DURUM - PRODUCTION, MEASURED IN BU"
2012-01-01 00:00:00.000,00,,,ANNUAL,WHEAT,00000000,FIELD CROPS,US TOTAL,NATIONAL,,"AREA HARVESTED: (5,000 OR MORE ACRES)","SPRING, DURUM",BU,US TOTAL,,,,,ALL PRODUCTION PRACTICES,9000,,,,99,"1,340,014",2007,ALL UTILIZATION PRACTICES,,US,AREA HARVESTED,,YEAR,CENSUS,PRODUCTION,UNITED STATES,00,CROPS,"WHEAT, SPRING, DURUM - PRODUCTION, MEASURED IN BU"
2012-01-01 00:00:00.000,00,,,ANNUAL,WHEAT,00000000,FIELD CROPS,US TOTAL,NATIONAL,,AREA HARVESTED: (50.0 TO 99.9 ACRES),"SPRING, DURUM",BU,US TOTAL,,,,,ALL PRODUCTION PRACTICES,9000,,,,99,"875,139",2007,ALL UTILIZATION PRACTICES,,US,AREA HARVESTED,,YEAR,CENSUS,PRODUCTION,UNITED STATES,00,CROPS,"WHEAT, SPRING, DURUM - PRODUCTION, MEASURED IN BU"
2012-01-01 00:00:00.000,00,,,ANNUAL,WHEAT,00000000,FIELD CROPS,US TOTAL,NATIONAL,,AREA HARVESTED: (500 TO 999 ACRES),"SPRING, DURUM",BU,US TOTAL,,,,,ALL PRODUCTION PRACTICES,9000,,,,99,"17,926,619",2007,ALL UTILIZATION PRACTICES,,US,AREA HARVESTED,,YEAR,CENSUS,PRODUCTION,UNITED STATES,00,CROPS,"WHEAT, SPRING, DURUM - PRODUCTION, MEASURED IN BU"
2012-01-01 00:00:00.000,00,,,ANNUAL,WHEAT,00000000,FIELD CROPS,US TOTAL,NATIONAL,,NOT SPECIFIED,"SPRING, DURUM",BU,US TOTAL,,,,,ALL PRODUCTION PRACTICES,9000,,,,99,"73,201,303",2007,ALL UTILIZATION PRACTICES,,US,TOTAL,,YEAR,CENSUS,PRODUCTION,UNITED STATES,00,CROPS,"WHEAT, SPRING, DURUM - PRODUCTION, MEASURED IN BU"
2012-01-01 00:00:00.000,00,,,ANNUAL,WHEAT,00000000,FIELD CROPS,US TOTAL,NATIONAL,,"AREA HARVESTED: (1,000 OR MORE ACRES)",WINTER,BU,US TOTAL,,,,,ALL PRODUCTION PRACTICES,9000,,,,99,"581,265,773",2007,ALL UTILIZATION PRACTICES,,US,AREA HARVESTED,,YEAR,CENSUS,PRODUCTION,UNITED STATES,00,CROPS,"WHEAT, WINTER - PRODUCTION, MEASURED IN BU"
2012-01-01 00:00:00.000,00,,,ANNUAL,WHEAT,00000000,FIELD CROPS,US TOTAL,NATIONAL,,"AREA HARVESTED: (1,000 TO 1,999 ACRES)",WINTER,BU,US TOTAL,,,,,ALL PRODUCTION PRACTICES,9000,,,,99,"317,363,189",2007,ALL UTILIZATION PRACTICES,,US,AREA HARVESTED,,YEAR,CENSUS,PRODUCTION,UNITED STATES,00,CROPS,"WHEAT, WINTER - PRODUCTION, MEASURED IN BU"
2012-01-01 00:00:00.000,00,,,ANNUAL,WHEAT,00000000,FIELD CROPS,US TOTAL,NATIONAL,,AREA HARVESTED: (1.0 TO 14.9 ACRES),WINTER,BU,US TOTAL,,,,,ALL PRODUCTION PRACTICES,9000,,,,99,"5,240,347",2007,ALL UTILIZATION PRACTICES,,US,AREA HARVESTED,,YEAR,CENSUS,PRODUCTION,UNITED STATES,00,CROPS,"WHEAT, WINTER - PRODUCTION, MEASURED IN BU"
2012-01-01 00:00:00.000,00,,,ANNUAL,WHEAT,00000000,FIELD CROPS,US TOTAL,NATIONAL,,AREA HARVESTED: (100 TO 249 ACRES),WINTER,BU,US TOTAL,,,,,ALL PRODUCTION PRACTICES,9000,,,,99,"197,895,038",2007,ALL UTILIZATION PRACTICES,,US,AREA HARVESTED,,YEAR,CENSUS,PRODUCTION,UNITED STATES,00,CROPS,"WHEAT, WINTER - PRODUCTION, MEASURED IN BU"
2012-01-01 00:00:00.000,00,,,ANNUAL,WHEAT,00000000,FIELD CROPS,US TOTAL,NATIONAL,,AREA HARVESTED: (15.0 TO 24.9 ACRES),WINTER,BU,US TOTAL,,,,,ALL PRODUCTION PRACTICES,9000,,,,99,"11,047,292",2007,ALL UTILIZATION PRACTICES,,US,AREA HARVESTED,,YEAR,CENSUS,PRODUCTION,UNITED STATES,00,CROPS,"WHEAT, WINTER - PRODUCTION, MEASURED IN BU"
2012-01-01 00:00:00.000,00,,,ANNUAL,WHEAT,00000000,FIELD CROPS,US TOTAL,NATIONAL,,"AREA HARVESTED: (2,000 TO 2,999 ACRES)",WINTER,BU,US TOTAL,,,,,ALL PRODUCTION PRACTICES,9000,,,,99,"131,838,799",2007,ALL UTILIZATION PRACTICES,,US,AREA HARVESTED,,YEAR,CENSUS,PRODUCTION,UNITED STATES,00,CROPS,"WHEAT, WINTER - PRODUCTION, MEASURED IN BU"
2012-01-01 00:00:00.000,00,,,ANNUAL,WHEAT,00000000,FIELD CROPS,US TOTAL,NATIONAL,,AREA HARVESTED: (25.0 TO 49.9 ACRES),WINTER,BU,US TOTAL,,,,,ALL PRODUCTION PRACTICES,9000,,,,99,"34,494,781",2007,ALL UTILIZATION PRACTICES,,US,AREA HARVESTED,,YEAR,CENSUS,PRODUCTION,UNITED STATES,00,CROPS,"WHEAT, WINTER - PRODUCTION, MEASURED IN BU"
2012-01-01 00:00:00.000,00,,,ANNUAL,WHEAT,00000000,FIELD CROPS,US TOTAL,NATIONAL,,AREA HARVESTED: (250 TO 499 ACRES),WINTER,BU,US TOTAL,,,,,ALL PRODUCTION PRACTICES,9000,,,,99,"236,900,350",2007,ALL UTILIZATION PRACTICES,,US,AREA HARVESTED,,YEAR,CENSUS,PRODUCTION,UNITED STATES,00,CROPS,"WHEAT, WINTER - PRODUCTION, MEASURED IN BU"
2012-01-01 00:00:00.000,00,,,ANNUAL,WHEAT,00000000,FIELD CROPS,US TOTAL,NATIONAL,,"AREA HARVESTED: (3,000 TO 4,999 ACRES)",WINTER,BU,US TOTAL,,,,,ALL PRODUCTION PRACTICES,9000,,,,99,"82,019,791",2007,ALL UTILIZATION PRACTICES,,US,AREA HARVESTED,,YEAR,CENSUS,PRODUCTION,UNITED STATES,00,CROPS,"WHEAT, WINTER - PRODUCTION, MEASURED IN BU"
2012-01-01 00:00:00.000,00,,,ANNUAL,WHEAT,00000000,FIELD CROPS,US TOTAL,NATIONAL,,"AREA HARVESTED: (5,000 OR MORE ACRES)",WINTER,BU,US TOTAL,,,,,ALL PRODUCTION PRACTICES,9000,,,,99,"50,043,994",2007,ALL UTILIZATION PRACTICES,,US,AREA HARVESTED,,YEAR,CENSUS,PRODUCTION,UNITED STATES,00,CROPS,"WHEAT, WINTER - PRODUCTION, MEASURED IN BU"
2012-01-01 00:00:00.000,00,,,ANNUAL,WHEAT,00000000,FIELD CROPS,US TOTAL,NATIONAL,,AREA HARVESTED: (50.0 TO 99.9 ACRES),WINTER,BU,US TOTAL,,,,,ALL PRODUCTION PRACTICES,9000,,,,99,"75,239,559",2007,ALL UTILIZATION PRACTICES,,US,AREA HARVESTED,,YEAR,CENSUS,PRODUCTION,UNITED STATES,00,CROPS,"WHEAT, WINTER - PRODUCTION, MEASURED IN BU"
2012-01-01 00:00:00.000,00,,,ANNUAL,WHEAT,00000000,FIELD CROPS,US TOTAL,NATIONAL,,AREA HARVESTED: (500 TO 999 ACRES),WINTER,BU,US TOTAL,,,,,ALL PRODUCTION PRACTICES,9000,,,,99,"302,457,298",2007,ALL UTILIZATION PRACTICES,,US,AREA HARVESTED,,YEAR,CENSUS,PRODUCTION,UNITED STATES,00,CROPS,"WHEAT, WINTER - PRODUCTION, MEASURED IN BU"
2012-01-01 00:00:00.000,00,,,ANNUAL,WHEAT,00000000,FIELD CROPS,US TOTAL,NATIONAL,,NOT SPECIFIED,WINTER,BU,US TOTAL,,,,,ALL PRODUCTION PRACTICES,9000,,,,99,"1,444,540,438",2007,ALL UTILIZATION PRACTICES,,US,TOTAL,,YEAR,CENSUS,PRODUCTION,UNITED STATES,00,CROPS,"WHEAT, WINTER - PRODUCTION, MEASURED IN BU"
2012-01-01 00:00:00.000,00,,,ANNUAL,WHEAT,00000000,FIELD CROPS,US TOTAL,NATIONAL,,ORGANIC STATUS: (NOP USDA CERTIFIED & EXEMPT),"SPRING, (EXCL DURUM)",BU,US TOTAL,,,,,ORGANIC,9000,,,,99,"2,501,076",2008,ALL UTILIZATION PRACTICES,,US,ORGANIC STATUS,,YEAR,CENSUS,PRODUCTION,UNITED STATES,00,CROPS,"WHEAT, SPRING, (EXCL DURUM), ORGANIC - PRODUCTION, MEASURED IN BU"
2012-01-01 00:00:00.000,00,,,ANNUAL,WHEAT,00000000,FIELD CROPS,US TOTAL,NATIONAL,,ORGANIC STATUS: (NOP USDA CERTIFIED),"SPRING, (EXCL DURUM)",BU,US TOTAL,,,,,ORGANIC,9000,,,,99,"2,495,365",2008,ALL UTILIZATION PRACTICES,,US,ORGANIC STATUS,,YEAR,CENSUS,PRODUCTION,UNITED STATES,00,CROPS,"WHEAT, SPRING, (EXCL DURUM), ORGANIC - PRODUCTION, MEASURED IN BU"
2012-01-01 00:00:00.000,00,,,ANNUAL,WHEAT,00000000,FIELD CROPS,US TOTAL,NATIONAL,,ORGANIC STATUS: (NOP USDA EXEMPT),"SPRING, (EXCL DURUM)",BU,US TOTAL,,,,,ORGANIC,9000,,,,99,"5,711",2008,ALL UTILIZATION PRACTICES,,US,ORGANIC STATUS,,YEAR,CENSUS,PRODUCTION,UNITED STATES,00,CROPS,"WHEAT, SPRING, (EXCL DURUM), ORGANIC - PRODUCTION, MEASURED IN BU"
2012-01-01 00:00:00.000,00,,,ANNUAL,WHEAT,00000000,FIELD CROPS,US TOTAL,NATIONAL,,ORGANIC STATUS: (NOP USDA CERTIFIED & EXEMPT),"SPRING, DURUM",BU,US TOTAL,,,,,ORGANIC,9000,,,,99,"423,649",2008,ALL UTILIZATION PRACTICES,,US,ORGANIC STATUS,,YEAR,CENSUS,PRODUCTION,UNITED STATES,00,CROPS,"WHEAT, SPRING, DURUM, ORGANIC - PRODUCTION, MEASURED IN BU"
2012-01-01 00:00:00.000,00,,,ANNUAL,WHEAT,00000000,FIELD CROPS,US TOTAL,NATIONAL,,ORGANIC STATUS: (NOP USDA CERTIFIED),"SPRING, DURUM",BU,US TOTAL,,,,,ORGANIC,9000,,,,99,                 (D),2008,ALL UTILIZATION PRACTICES,,US,ORGANIC STATUS,,YEAR,CENSUS,PRODUCTION,UNITED STATES,00,CROPS,"WHEAT, SPRING, DURUM, ORGANIC - PRODUCTION, MEASURED IN BU"
2012-01-01 00:00:00.000,00,,,ANNUAL,WHEAT,00000000,FIELD CROPS,US TOTAL,NATIONAL,,ORGANIC STATUS: (NOP USDA EXEMPT),"SPRING, DURUM",BU,US TOTAL,,,,,ORGANIC,9000,,,,99,                 (D),2008,ALL UTILIZATION PRACTICES,,US,ORGANIC STATUS,,YEAR,CENSUS,PRODUCTION,UNITED STATES,00,CROPS,"WHEAT, SPRING, DURUM, ORGANIC - PRODUCTION, MEASURED IN BU"
2012-01-01 00:00:00.000,00,,,ANNUAL,WHEAT,00000000,FIELD CROPS,US TOTAL,NATIONAL,,ORGANIC STATUS: (NOP USDA CERTIFIED & EXEMPT),WINTER,BU,US TOTAL,,,,,ORGANIC,9000,,,,99,"5,757,762",2008,ALL UTILIZATION PRACTICES,,US,ORGANIC STATUS,,YEAR,CENSUS,PRODUCTION,UNITED STATES,00,CROPS,"WHEAT, WINTER, ORGANIC - PRODUCTION, MEASURED IN BU"
2012-01-01 00:00:00.000,00,,,ANNUAL,WHEAT,00000000,FIELD CROPS,US TOTAL,NATIONAL,,ORGANIC STATUS: (NOP USDA CERTIFIED),WINTER,BU,US TOTAL,,,,,ORGANIC,9000,,,,99,"5,753,853",2008,ALL UTILIZATION PRACTICES,,US,ORGANIC STATUS,,YEAR,CENSUS,PRODUCTION,UNITED STATES,00,CROPS,"WHEAT, WINTER, ORGANIC - PRODUCTION, MEASURED IN BU"
2012-01-01 00:00:00.000,00,,,ANNUAL,WHEAT,00000000,FIELD CROPS,US TOTAL,NATIONAL,,ORGANIC STATUS: (NOP USDA EXEMPT),WINTER,BU,US TOTAL,,,,,ORGANIC,9000,,,,99,"3,909",2008,ALL UTILIZATION PRACTICES,,US,ORGANIC STATUS,,YEAR,CENSUS,PRODUCTION,UNITED STATES,00,CROPS,"WHEAT, WINTER, ORGANIC - PRODUCTION, MEASURED IN BU"
2012-12-31 00:00:00.000,00,,,ANNUAL,WHEAT,00000000,FIELD CROPS,US TOTAL,NATIONAL,,ORGANIC STATUS: (NOP USDA CERTIFIED),"SPRING, (EXCL DURUM)",BU,US TOTAL,,,,,ORGANIC,9000,,,,99,"2,347,729",2011,ALL UTILIZATION PRACTICES,,US,ORGANIC STATUS,,YEAR,CENSUS,PRODUCTION,UNITED STATES,00,CROPS,"WHEAT, SPRING, (EXCL DURUM), ORGANIC - PRODUCTION, MEASURED IN BU"
2012-12-31 00:00:00.000,00,,,ANNUAL,WHEAT,00000000,FIELD CROPS,US TOTAL,NATIONAL,,ORGANIC STATUS: (NOP USDA CERTIFIED),"SPRING, DURUM",BU,US TOTAL,,,,,ORGANIC,9000,,,,99,"548,350",2011,ALL UTILIZATION PRACTICES,,US,ORGANIC STATUS,,YEAR,CENSUS,PRODUCTION,UNITED STATES,00,CROPS,"WHEAT, SPRING, DURUM, ORGANIC - PRODUCTION, MEASURED IN BU"
2012-12-31 00:00:00.000,00,,,ANNUAL,WHEAT,00000000,FIELD CROPS,US TOTAL,NATIONAL,,ORGANIC STATUS: (NOP USDA CERTIFIED),WINTER,BU,US TOTAL,,,,,ORGANIC,9000,,,,99,"6,687,512",2011,ALL UTILIZATION PRACTICES,,US,ORGANIC STATUS,,YEAR,CENSUS,PRODUCTION,UNITED STATES,00,CROPS,"WHEAT, WINTER, ORGANIC - PRODUCTION, MEASURED IN BU"
2012-12-31 00:00:00.000,00,,,ANNUAL,WHEAT,00000000,FIELD CROPS,US TOTAL,NATIONAL,,"AREA HARVESTED: (1,000 OR MORE ACRES)",ALL CLASSES,BU,US TOTAL,,,,3.5,ALL PRODUCTION PRACTICES,9000,,,,99,"1,034,036,464",2012,ALL UTILIZATION PRACTICES,,US,AREA HARVESTED,,YEAR,CENSUS,PRODUCTION,UNITED STATES,00,CROPS,"WHEAT - PRODUCTION, MEASURED IN BU"
2012-12-31 00:00:00.000,00,,,ANNUAL,WHEAT,00000000,FIELD CROPS,US TOTAL,NATIONAL,,"AREA HARVESTED: (1,000 TO 1,999 ACRES)",ALL CLASSES,BU,US TOTAL,,,,2.7,ALL PRODUCTION PRACTICES,9000,,,,99,"502,793,995",2012,ALL UTILIZATION PRACTICES,,US,AREA HARVESTED,,YEAR,CENSUS,PRODUCTION,UNITED STATES,00,CROPS,"WHEAT - PRODUCTION, MEASURED IN BU"
2012-12-31 00:00:00.000,00,,,ANNUAL,WHEAT,00000000,FIELD CROPS,US TOTAL,NATIONAL,,AREA HARVESTED: (1.0 TO 14.9 ACRES),ALL CLASSES,BU,US TOTAL,,,,1.9,ALL PRODUCTION PRACTICES,9000,,,,99,"6,413,354",2012,ALL UTILIZATION PRACTICES,,US,AREA HARVESTED,,YEAR,CENSUS,PRODUCTION,UNITED STATES,00,CROPS,"WHEAT - PRODUCTION, MEASURED IN BU"
2012-12-31 00:00:00.000,00,,,ANNUAL,WHEAT,00000000,FIELD CROPS,US TOTAL,NATIONAL,,AREA HARVESTED: (100 TO 249 ACRES),ALL CLASSES,BU,US TOTAL,,,,2.0,ALL PRODUCTION PRACTICES,9000,,,,99,"236,044,001",2012,ALL UTILIZATION PRACTICES,,US,AREA HARVESTED,,YEAR,CENSUS,PRODUCTION,UNITED STATES,00,CROPS,"WHEAT - PRODUCTION, MEASURED IN BU"
2012-12-31 00:00:00.000,00,,,ANNUAL,WHEAT,00000000,FIELD CROPS,US TOTAL,NATIONAL,,AREA HARVESTED: (15.0 TO 24.9 ACRES),ALL CLASSES,BU,US TOTAL,,,,2.7,ALL PRODUCTION PRACTICES,9000,,,,99,"12,303,615",2012,ALL UTILIZATION PRACTICES,,US,AREA HARVESTED,,YEAR,CENSUS,PRODUCTION,UNITED STATES,00,CROPS,"WHEAT - PRODUCTION, MEASURED IN BU"
2012-12-31 00:00:00.000,00,,,ANNUAL,WHEAT,00000000,FIELD CROPS,US TOTAL,NATIONAL,,"AREA HARVESTED: (2,000 TO 2,999 ACRES)",ALL CLASSES,BU,US TOTAL,,,,3.8,ALL PRODUCTION PRACTICES,9000,,,,99,"239,484,951",2012,ALL UTILIZATION PRACTICES,,US,AREA HARVESTED,,YEAR,CENSUS,PRODUCTION,UNITED STATES,00,CROPS,"WHEAT - PRODUCTION, MEASURED IN BU"
2012-12-31 00:00:00.000,00,,,ANNUAL,WHEAT,00000000,FIELD CROPS,US TOTAL,NATIONAL,,AREA HARVESTED: (25.0 TO 49.9 ACRES),ALL CLASSES,BU,US TOTAL,,,,2.3,ALL PRODUCTION PRACTICES,9000,,,,99,"39,518,010",2012,ALL UTILIZATION PRACTICES,,US,AREA HARVESTED,,YEAR,CENSUS,PRODUCTION,UNITED STATES,00,CROPS,"WHEAT - PRODUCTION, MEASURED IN BU"
2012-12-31 00:00:00.000,00,,,ANNUAL,WHEAT,00000000,FIELD CROPS,US TOTAL,NATIONAL,,AREA HARVESTED: (250 TO 499 ACRES),ALL CLASSES,BU,US TOTAL,,,,2.4,ALL PRODUCTION PRACTICES,9000,,,,99,"314,298,996",2012,ALL UTILIZATION PRACTICES,,US,AREA HARVESTED,,YEAR,CENSUS,PRODUCTION,UNITED STATES,00,CROPS,"WHEAT - PRODUCTION, MEASURED IN BU"
2012-12-31 00:00:00.000,00,,,ANNUAL,WHEAT,00000000,FIELD CROPS,US TOTAL,NATIONAL,,"AREA HARVESTED: (3,000 TO 4,999 ACRES)",ALL CLASSES,BU,US TOTAL,,,,6.5,ALL PRODUCTION PRACTICES,9000,,,,99,"180,817,271",2012,ALL UTILIZATION PRACTICES,,US,AREA HARVESTED,,YEAR,CENSUS,PRODUCTION,UNITED STATES,00,CROPS,"WHEAT - PRODUCTION, MEASURED IN BU"
2012-12-31 00:00:00.000,00,,,ANNUAL,WHEAT,00000000,FIELD CROPS,US TOTAL,NATIONAL,,"AREA HARVESTED: (5,000 OR MORE ACRES)",ALL CLASSES,BU,US TOTAL,,,,4.5,ALL PRODUCTION PRACTICES,9000,,,,99,"110,940,247",2012,ALL UTILIZATION PRACTICES,,US,AREA HARVESTED,,YEAR,CENSUS,PRODUCTION,UNITED STATES,00,CROPS,"WHEAT - PRODUCTION, MEASURED IN BU"
2012-12-31 00:00:00.000,00,,,ANNUAL,WHEAT,00000000,FIELD CROPS,US TOTAL,NATIONAL,,AREA HARVESTED: (50.0 TO 99.9 ACRES),ALL CLASSES,BU,US TOTAL,,,,1.5,ALL PRODUCTION PRACTICES,9000,,,,99,"85,465,782",2012,ALL UTILIZATION PRACTICES,,US,AREA HARVESTED,,YEAR,CENSUS,PRODUCTION,UNITED STATES,00,CROPS,"WHEAT - PRODUCTION, MEASURED IN BU"
2012-12-31 00:00:00.000,00,,,ANNUAL,WHEAT,00000000,FIELD CROPS,US TOTAL,NATIONAL,,AREA HARVESTED: (500 TO 999 ACRES),ALL CLASSES,BU,US TOTAL,,,,1.5,ALL PRODUCTION PRACTICES,9000,,,,99,"457,027,892",2012,ALL UTILIZATION PRACTICES,,US,AREA HARVESTED,,YEAR,CENSUS,PRODUCTION,UNITED STATES,00,CROPS,"WHEAT - PRODUCTION, MEASURED IN BU"
2012-12-31 00:00:00.000,00,,,ANNUAL,WHEAT,00000000,FIELD CROPS,US TOTAL,NATIONAL,,"AREA OPERATED: (1,000 TO 1,999 ACRES)",ALL CLASSES,BU,US TOTAL,,,,2.3,ALL PRODUCTION PRACTICES,9000,,,,99,"412,313,236",2012,ALL UTILIZATION PRACTICES,,US,AREA OPERATED,,YEAR,CENSUS,PRODUCTION,UNITED STATES,00,CROPS,"WHEAT - PRODUCTION, MEASURED IN BU"
2012-12-31 00:00:00.000,00,,,ANNUAL,WHEAT,00000000,FIELD CROPS,US TOTAL,NATIONAL,,AREA OPERATED: (1.0 TO 9.9 ACRES),ALL CLASSES,BU,US TOTAL,,,,8.7,ALL PRODUCTION PRACTICES,9000,,,,99,"104,943",2012,ALL UTILIZATION PRACTICES,,US,AREA OPERATED,,YEAR,CENSUS,PRODUCTION,UNITED STATES,00,CROPS,"WHEAT - PRODUCTION, MEASURED IN BU"
2012-12-31 00:00:00.000,00,,,ANNUAL,WHEAT,00000000,FIELD CROPS,US TOTAL,NATIONAL,,AREA OPERATED: (10.0 TO 49.9 ACRES),ALL CLASSES,BU,US TOTAL,,,,5.3,ALL PRODUCTION PRACTICES,9000,,,,99,"4,063,407",2012,ALL UTILIZATION PRACTICES,,US,AREA OPERATED,,YEAR,CENSUS,PRODUCTION,UNITED STATES,00,CROPS,"WHEAT - PRODUCTION, MEASURED IN BU"
2012-12-31 00:00:00.000,00,,,ANNUAL,WHEAT,00000000,FIELD CROPS,US TOTAL,NATIONAL,,AREA OPERATED: (100 TO 139 ACRES),ALL CLASSES,BU,US TOTAL,,,,5.1,ALL PRODUCTION PRACTICES,9000,,,,99,"10,953,708",2012,ALL UTILIZATION PRACTICES,,US,AREA OPERATED,,YEAR,CENSUS,PRODUCTION,UNITED STATES,00,CROPS,"WHEAT - PRODUCTION, MEASURED IN BU"
2012-12-31 00:00:00.000,00,,,ANNUAL,WHEAT,00000000,FIELD CROPS,US TOTAL,NATIONAL,,AREA OPERATED: (140 TO 179 ACRES),ALL CLASSES,BU,US TOTAL,,,,7.0,ALL PRODUCTION PRACTICES,9000,,,,99,"16,729,173",2012,ALL UTILIZATION PRACTICES,,US,AREA OPERATED,,YEAR,CENSUS,PRODUCTION,UNITED STATES,00,CROPS,"WHEAT - PRODUCTION, MEASURED IN BU"
2012-12-31 00:00:00.000,00,,,ANNUAL,WHEAT,00000000,FIELD CROPS,US TOTAL,NATIONAL,,AREA OPERATED: (180 TO 219 ACRES),ALL CLASSES,BU,US TOTAL,,,,6.8,ALL PRODUCTION PRACTICES,9000,,,,99,"13,236,064",2012,ALL UTILIZATION PRACTICES,,US,AREA OPERATED,,YEAR,CENSUS,PRODUCTION,UNITED STATES,00,CROPS,"WHEAT - PRODUCTION, MEASURED IN BU"
2012-12-31 00:00:00.000,00,,,ANNUAL,WHEAT,00000000,FIELD CROPS,US TOTAL,NATIONAL,,"AREA OPERATED: (2,000 OR MORE ACRES)",ALL CLASSES,BU,US TOTAL,,,,1.8,ALL PRODUCTION PRACTICES,9000,,,,99,"1,399,656,717",2012,ALL UTILIZATION PRACTICES,,US,AREA OPERATED,,YEAR,CENSUS,PRODUCTION,UNITED STATES,00,CROPS,"WHEAT - PRODUCTION, MEASURED IN BU"
2012-12-31 00:00:00.000,00,,,ANNUAL,WHEAT,00000000,FIELD CROPS,US TOTAL,NATIONAL,,AREA OPERATED: (220 TO 259 ACRES),ALL CLASSES,BU,US TOTAL,,,,4.9,ALL PRODUCTION PRACTICES,9000,,,,99,"14,590,583",2012,ALL UTILIZATION PRACTICES,,US,AREA OPERATED,,YEAR,CENSUS,PRODUCTION,UNITED STATES,00,CROPS,"WHEAT - PRODUCTION, MEASURED IN BU"
2012-12-31 00:00:00.000,00,,,ANNUAL,WHEAT,00000000,FIELD CROPS,US TOTAL,NATIONAL,,AREA OPERATED: (260 TO 499 ACRES),ALL CLASSES,BU,US TOTAL,,,,5.0,ALL PRODUCTION PRACTICES,9000,,,,99,"95,365,711",2012,ALL UTILIZATION PRACTICES,,US,AREA OPERATED,,YEAR,CENSUS,PRODUCTION,UNITED STATES,00,CROPS,"WHEAT - PRODUCTION, MEASURED IN BU"
2012-12-31 00:00:00.000,00,,,ANNUAL,WHEAT,00000000,FIELD CROPS,US TOTAL,NATIONAL,,AREA OPERATED: (50.0 TO 69.9 ACRES),ALL CLASSES,BU,US TOTAL,,,,6.4,ALL PRODUCTION PRACTICES,9000,,,,99,"3,417,559",2012,ALL UTILIZATION PRACTICES,,US,AREA OPERATED,,YEAR,CENSUS,PRODUCTION,UNITED STATES,00,CROPS,"WHEAT - PRODUCTION, MEASURED IN BU"
2012-12-31 00:00:00.000,00,,,ANNUAL,WHEAT,00000000,FIELD CROPS,US TOTAL,NATIONAL,,AREA OPERATED: (500 TO 999 ACRES),ALL CLASSES,BU,US TOTAL,,,,1.4,ALL PRODUCTION PRACTICES,9000,,,,99,"207,089,557",2012,ALL UTILIZATION PRACTICES,,US,AREA OPERATED,,YEAR,CENSUS,PRODUCTION,UNITED STATES,00,CROPS,"WHEAT - PRODUCTION, MEASURED IN BU"
2012-12-31 00:00:00.000,00,,,ANNUAL,WHEAT,00000000,FIELD CROPS,US TOTAL,NATIONAL,,AREA OPERATED: (70.0 TO 99.9 ACRES),ALL CLASSES,BU,US TOTAL,,,,6.7,ALL PRODUCTION PRACTICES,9000,,,,99,"7,587,456",2012,ALL UTILIZATION PRACTICES,,US,AREA OPERATED,,YEAR,CENSUS,PRODUCTION,UNITED STATES,00,CROPS,"WHEAT - PRODUCTION, MEASURED IN BU"
2012-12-31 00:00:00.000,00,,,ANNUAL,WHEAT,00000000,FIELD CROPS,US TOTAL,NATIONAL,,"ECONOMIC CLASS: (1,000 TO 2,499 $)",ALL CLASSES,BU,US TOTAL,,,,22.0,ALL PRODUCTION PRACTICES,9000,,,,99,"333,598",2012,ALL UTILIZATION PRACTICES,,US,ECONOMIC CLASS,,YEAR,CENSUS,PRODUCTION,UNITED STATES,00,CROPS,"WHEAT - PRODUCTION, MEASURED IN BU"
2012-12-31 00:00:00.000,00,,,ANNUAL,WHEAT,00000000,FIELD CROPS,US TOTAL,NATIONAL,,"ECONOMIC CLASS: (1,000,000 OR MORE $)",ALL CLASSES,BU,US TOTAL,,,,4.1,ALL PRODUCTION PRACTICES,9000,,,,99,"1,011,686,779",2012,ALL UTILIZATION PRACTICES,,US,ECONOMIC CLASS,,YEAR,CENSUS,PRODUCTION,UNITED STATES,00,CROPS,"WHEAT - PRODUCTION, MEASURED IN BU"
2012-12-31 00:00:00.000,00,,,ANNUAL,WHEAT,00000000,FIELD CROPS,US TOTAL,NATIONAL,,"ECONOMIC CLASS: (10,000 TO 24,999 $)",ALL CLASSES,BU,US TOTAL,,,,8.0,ALL PRODUCTION PRACTICES,9000,,,,99,"13,708,725",2012,ALL UTILIZATION PRACTICES,,US,ECONOMIC CLASS,,YEAR,CENSUS,PRODUCTION,UNITED STATES,00,CROPS,"WHEAT - PRODUCTION, MEASURED IN BU"
2012-12-31 00:00:00.000,00,,,ANNUAL,WHEAT,00000000,FIELD CROPS,US TOTAL,NATIONAL,,"ECONOMIC CLASS: (100,000 TO 249,999 $)",ALL CLASSES,BU,US TOTAL,,,,6.3,ALL PRODUCTION PRACTICES,9000,,,,99,"216,278,257",2012,ALL UTILIZATION PRACTICES,,US,ECONOMIC CLASS,,YEAR,CENSUS,PRODUCTION,UNITED STATES,00,CROPS,"WHEAT - PRODUCTION, MEASURED IN BU"
2012-12-31 00:00:00.000,00,,,ANNUAL,WHEAT,00000000,FIELD CROPS,US TOTAL,NATIONAL,,"ECONOMIC CLASS: (2,500 TO 4,999 $)",ALL CLASSES,BU,US TOTAL,,,,6.2,ALL PRODUCTION PRACTICES,9000,,,,99,"751,748",2012,ALL UTILIZATION PRACTICES,,US,ECONOMIC CLASS,,YEAR,CENSUS,PRODUCTION,UNITED STATES,00,CROPS,"WHEAT - PRODUCTION, MEASURED IN BU"
2012-12-31 00:00:00.000,00,,,ANNUAL,WHEAT,00000000,FIELD CROPS,US TOTAL,NATIONAL,,"ECONOMIC CLASS: (25,000 TO 49,999 $)",ALL CLASSES,BU,US TOTAL,,,,9.0,ALL PRODUCTION PRACTICES,9000,,,,99,"31,930,507",2012,ALL UTILIZATION PRACTICES,,US,ECONOMIC CLASS,,YEAR,CENSUS,PRODUCTION,UNITED STATES,00,CROPS,"WHEAT - PRODUCTION, MEASURED IN BU"
2012-12-31 00:00:00.000,00,,,ANNUAL,WHEAT,00000000,FIELD CROPS,US TOTAL,NATIONAL,,"ECONOMIC CLASS: (250,000 TO 499,999 $)",ALL CLASSES,BU,US TOTAL,,,,1.5,ALL PRODUCTION PRACTICES,9000,,,,99,"338,867,142",2012,ALL UTILIZATION PRACTICES,,US,ECONOMIC CLASS,,YEAR,CENSUS,PRODUCTION,UNITED STATES,00,CROPS,"WHEAT - PRODUCTION, MEASURED IN BU"
2012-12-31 00:00:00.000,00,,,ANNUAL,WHEAT,00000000,FIELD CROPS,US TOTAL,NATIONAL,,"ECONOMIC CLASS: (5,000 TO 9,999 $)",ALL CLASSES,BU,US TOTAL,,,,5.6,ALL PRODUCTION PRACTICES,9000,,,,99,"2,927,480",2012,ALL UTILIZATION PRACTICES,,US,ECONOMIC CLASS,,YEAR,CENSUS,PRODUCTION,UNITED STATES,00,CROPS,"WHEAT - PRODUCTION, MEASURED IN BU"
2012-12-31 00:00:00.000,00,,,ANNUAL,WHEAT,00000000,FIELD CROPS,US TOTAL,NATIONAL,,"ECONOMIC CLASS: (50,000 TO 99,999 $)",ALL CLASSES,BU,US TOTAL,,,,10.0,ALL PRODUCTION PRACTICES,9000,,,,99,"75,588,270",2012,ALL UTILIZATION PRACTICES,,US,ECONOMIC CLASS,,YEAR,CENSUS,PRODUCTION,UNITED STATES,00,CROPS,"WHEAT - PRODUCTION, MEASURED IN BU"
2012-12-31 00:00:00.000,00,,,ANNUAL,WHEAT,00000000,FIELD CROPS,US TOTAL,NATIONAL,,"ECONOMIC CLASS: (500,000 TO 999,999 $)",ALL CLASSES,BU,US TOTAL,,,,3.8,ALL PRODUCTION PRACTICES,9000,,,,99,"492,996,407",2012,ALL UTILIZATION PRACTICES,,US,ECONOMIC CLASS,,YEAR,CENSUS,PRODUCTION,UNITED STATES,00,CROPS,"WHEAT - PRODUCTION, MEASURED IN BU"
2012-12-31 00:00:00.000,00,,,ANNUAL,WHEAT,00000000,FIELD CROPS,US TOTAL,NATIONAL,,"ECONOMIC CLASS: (LESS THAN 1,000 $)",ALL CLASSES,BU,US TOTAL,,,,17.0,ALL PRODUCTION PRACTICES,9000,,,,99,"39,201",2012,ALL UTILIZATION PRACTICES,,US,ECONOMIC CLASS,,YEAR,CENSUS,PRODUCTION,UNITED STATES,00,CROPS,"WHEAT - PRODUCTION, MEASURED IN BU"
2012-12-31 00:00:00.000,00,,,ANNUAL,WHEAT,00000000,FIELD CROPS,US TOTAL,NATIONAL,,"FARM SALES: (1,000 TO 2,499 $)",ALL CLASSES,BU,US TOTAL,,,,7.0,ALL PRODUCTION PRACTICES,9000,,,,99,"266,968",2012,ALL UTILIZATION PRACTICES,,US,FARM SALES,,YEAR,CENSUS,PRODUCTION,UNITED STATES,00,CROPS,"WHEAT - PRODUCTION, MEASURED IN BU"
2012-12-31 00:00:00.000,00,,,ANNUAL,WHEAT,00000000,FIELD CROPS,US TOTAL,NATIONAL,,"FARM SALES: (1,000,000 OR MORE $)",ALL CLASSES,BU,US TOTAL,,,,4.2,ALL PRODUCTION PRACTICES,9000,,,,99,"976,118,427",2012,ALL UTILIZATION PRACTICES,,US,FARM SALES,,YEAR,CENSUS,PRODUCTION,UNITED STATES,00,CROPS,"WHEAT - PRODUCTION, MEASURED IN BU"
2012-12-31 00:00:00.000,00,,,ANNUAL,WHEAT,00000000,FIELD CROPS,US TOTAL,NATIONAL,,"FARM SALES: (10,000 TO 24,999 $)",ALL CLASSES,BU,US TOTAL,,,,7.2,ALL PRODUCTION PRACTICES,9000,,,,99,"16,081,089",2012,ALL UTILIZATION PRACTICES,,US,FARM SALES,,YEAR,CENSUS,PRODUCTION,UNITED STATES,00,CROPS,"WHEAT - PRODUCTION, MEASURED IN BU"
2012-12-31 00:00:00.000,00,,,ANNUAL,WHEAT,00000000,FIELD CROPS,US TOTAL,NATIONAL,,"FARM SALES: (100,000 TO 249,999 $)",ALL CLASSES,BU,US TOTAL,,,,7.4,ALL PRODUCTION PRACTICES,9000,,,,99,"232,116,674",2012,ALL UTILIZATION PRACTICES,,US,FARM SALES,,YEAR,CENSUS,PRODUCTION,UNITED STATES,00,CROPS,"WHEAT - PRODUCTION, MEASURED IN BU"
2012-12-31 00:00:00.000,00,,,ANNUAL,WHEAT,00000000,FIELD CROPS,US TOTAL,NATIONAL,,"FARM SALES: (2,500 TO 4,999 $)",ALL CLASSES,BU,US TOTAL,,,,5.1,ALL PRODUCTION PRACTICES,9000,,,,99,"1,035,911",2012,ALL UTILIZATION PRACTICES,,US,FARM SALES,,YEAR,CENSUS,PRODUCTION,UNITED STATES,00,CROPS,"WHEAT - PRODUCTION, MEASURED IN BU"
2012-12-31 00:00:00.000,00,,,ANNUAL,WHEAT,00000000,FIELD CROPS,US TOTAL,NATIONAL,,"FARM SALES: (25,000 TO 49,999 $)",ALL CLASSES,BU,US TOTAL,,,,9.5,ALL PRODUCTION PRACTICES,9000,,,,99,"36,399,937",2012,ALL UTILIZATION PRACTICES,,US,FARM SALES,,YEAR,CENSUS,PRODUCTION,UNITED STATES,00,CROPS,"WHEAT - PRODUCTION, MEASURED IN BU"
2012-12-31 00:00:00.000,00,,,ANNUAL,WHEAT,00000000,FIELD CROPS,US TOTAL,NATIONAL,,"FARM SALES: (250,000 TO 499,999 $)",ALL CLASSES,BU,US TOTAL,,,,1.9,ALL PRODUCTION PRACTICES,9000,,,,99,"350,312,032",2012,ALL UTILIZATION PRACTICES,,US,FARM SALES,,YEAR,CENSUS,PRODUCTION,UNITED STATES,00,CROPS,"WHEAT - PRODUCTION, MEASURED IN BU"
2012-12-31 00:00:00.000,00,,,ANNUAL,WHEAT,00000000,FIELD CROPS,US TOTAL,NATIONAL,,"FARM SALES: (5,000 TO 9,999 $)",ALL CLASSES,BU,US TOTAL,,,,5.7,ALL PRODUCTION PRACTICES,9000,,,,99,"3,618,288",2012,ALL UTILIZATION PRACTICES,,US,FARM SALES,,YEAR,CENSUS,PRODUCTION,UNITED STATES,00,CROPS,"WHEAT - PRODUCTION, MEASURED IN BU"
2012-12-31 00:00:00.000,00,,,ANNUAL,WHEAT,00000000,FIELD CROPS,US TOTAL,NATIONAL,,"FARM SALES: (50,000 TO 99,999 $)",ALL CLASSES,BU,US TOTAL,,,,12.2,ALL PRODUCTION PRACTICES,9000,,,,99,"82,196,355",2012,ALL UTILIZATION PRACTICES,,US,FARM SALES,,YEAR,CENSUS,PRODUCTION,UNITED STATES,00,CROPS,"WHEAT - PRODUCTION, MEASURED IN BU"
2012-12-31 00:00:00.000,00,,,ANNUAL,WHEAT,00000000,FIELD CROPS,US TOTAL,NATIONAL,,"FARM SALES: (500,000 TO 999,999 $)",ALL CLASSES,BU,US TOTAL,,,,4.4,ALL PRODUCTION PRACTICES,9000,,,,99,"486,298,536",2012,ALL UTILIZATION PRACTICES,,US,FARM SALES,,YEAR,CENSUS,PRODUCTION,UNITED STATES,00,CROPS,"WHEAT - PRODUCTION, MEASURED IN BU"
2012-12-31 00:00:00.000,00,,,ANNUAL,WHEAT,00000000,FIELD CROPS,US TOTAL,NATIONAL,,"FARM SALES: (LESS THAN 1,000 $)",ALL CLASSES,BU,US TOTAL,,,,27.4,ALL PRODUCTION PRACTICES,9000,,,,99,"663,897",2012,ALL UTILIZATION PRACTICES,,US,FARM SALES,,YEAR,CENSUS,PRODUCTION,UNITED STATES,00,CROPS,"WHEAT - PRODUCTION, MEASURED IN BU"
2012-12-31 00:00:00.000,00,,,ANNUAL,WHEAT,00000000,FIELD CROPS,US TOTAL,NATIONAL,,NAICS CLASSIFICATION: (1111),ALL CLASSES,BU,US TOTAL,,,,1.3,ALL PRODUCTION PRACTICES,9000,,,,99,"1,816,650,752",2012,ALL UTILIZATION PRACTICES,,US,NAICS CLASSIFICATION,,YEAR,CENSUS,PRODUCTION,UNITED STATES,00,CROPS,"WHEAT - PRODUCTION, MEASURED IN BU"
2012-12-31 00:00:00.000,00,,,ANNUAL,WHEAT,00000000,FIELD CROPS,US TOTAL,NATIONAL,,NAICS CLASSIFICATION: (1112),ALL CLASSES,BU,US TOTAL,,,,2.7,ALL PRODUCTION PRACTICES,9000,,,,99,"61,420,130",2012,ALL UTILIZATION PRACTICES,,US,NAICS CLASSIFICATION,,YEAR,CENSUS,PRODUCTION,UNITED STATES,00,CROPS,"WHEAT - PRODUCTION, MEASURED IN BU"
2012-12-31 00:00:00.000,00,,,ANNUAL,WHEAT,00000000,FIELD CROPS,US TOTAL,NATIONAL,,NAICS CLASSIFICATION: (1113),ALL CLASSES,BU,US TOTAL,,,,3.7,ALL PRODUCTION PRACTICES,9000,,,,99,"5,627,961",2012,ALL UTILIZATION PRACTICES,,US,NAICS CLASSIFICATION,,YEAR,CENSUS,PRODUCTION,UNITED STATES,00,CROPS,"WHEAT - PRODUCTION, MEASURED IN BU"
2012-12-31 00:00:00.000,00,,,ANNUAL,WHEAT,00000000,FIELD CROPS,US TOTAL,NATIONAL,,NAICS CLASSIFICATION: (1114),ALL CLASSES,BU,US TOTAL,,,,21.4,ALL PRODUCTION PRACTICES,9000,,,,99,"1,387,201",2012,ALL UTILIZATION PRACTICES,,US,NAICS CLASSIFICATION,,YEAR,CENSUS,PRODUCTION,UNITED STATES,00,CROPS,"WHEAT - PRODUCTION, MEASURED IN BU"
2012-12-31 00:00:00.000,00,,,ANNUAL,WHEAT,00000000,FIELD CROPS,US TOTAL,NATIONAL,,NAICS CLASSIFICATION: (1119),ALL CLASSES,BU,US TOTAL,,,,1.6,ALL PRODUCTION PRACTICES,9000,,,,99,"147,151,700",2012,ALL UTILIZATION PRACTICES,,US,NAICS CLASSIFICATION,,YEAR,CENSUS,PRODUCTION,UNITED STATES,00,CROPS,"WHEAT - PRODUCTION, MEASURED IN BU"
2012-12-31 00:00:00.000,00,,,ANNUAL,WHEAT,00000000,FIELD CROPS,US TOTAL,NATIONAL,,NAICS CLASSIFICATION: (11191),ALL CLASSES,BU,US TOTAL,,,,13.7,ALL PRODUCTION PRACTICES,9000,,,,99,"5,465,175",2012,ALL UTILIZATION PRACTICES,,US,NAICS CLASSIFICATION,,YEAR,CENSUS,PRODUCTION,UNITED STATES,00,CROPS,"WHEAT - PRODUCTION, MEASURED IN BU"
2012-12-31 00:00:00.000,00,,,ANNUAL,WHEAT,00000000,FIELD CROPS,US TOTAL,NATIONAL,,NAICS CLASSIFICATION: (11192),ALL CLASSES,BU,US TOTAL,,,,5.3,ALL PRODUCTION PRACTICES,9000,,,,99,"17,824,035",2012,ALL UTILIZATION PRACTICES,,US,NAICS CLASSIFICATION,,YEAR,CENSUS,PRODUCTION,UNITED STATES,00,CROPS,"WHEAT - PRODUCTION, MEASURED IN BU"
2012-12-31 00:00:00.000,00,,,ANNUAL,WHEAT,00000000,FIELD CROPS,US TOTAL,NATIONAL,,NAICS CLASSIFICATION: (11193 & 11194 & 11199),ALL CLASSES,BU,US TOTAL,,,,1.9,ALL PRODUCTION PRACTICES,9000,,,,99,"123,862,490",2012,ALL UTILIZATION PRACTICES,,US,NAICS CLASSIFICATION,,YEAR,CENSUS,PRODUCTION,UNITED STATES,00,CROPS,"WHEAT - PRODUCTION, MEASURED IN BU"
2012-12-31 00:00:00.000,00,,,ANNUAL,WHEAT,00000000,FIELD CROPS,US TOTAL,NATIONAL,,NAICS CLASSIFICATION: (112111),ALL CLASSES,BU,US TOTAL,,,,4.4,ALL PRODUCTION PRACTICES,9000,,,,99,"93,438,332",2012,ALL UTILIZATION PRACTICES,,US,NAICS CLASSIFICATION,,YEAR,CENSUS,PRODUCTION,UNITED STATES,00,CROPS,"WHEAT - PRODUCTION, MEASURED IN BU"
2012-12-31 00:00:00.000,00,,,ANNUAL,WHEAT,00000000,FIELD CROPS,US TOTAL,NATIONAL,,NAICS CLASSIFICATION: (112112),ALL CLASSES,BU,US TOTAL,,,,5.6,ALL PRODUCTION PRACTICES,9000,,,,99,"10,843,120",2012,ALL UTILIZATION PRACTICES,,US,NAICS CLASSIFICATION,,YEAR,CENSUS,PRODUCTION,UNITED STATES,00,CROPS,"WHEAT - PRODUCTION, MEASURED IN BU"
2012-12-31 00:00:00.000,00,,,ANNUAL,WHEAT,00000000,FIELD CROPS,US TOTAL,NATIONAL,,NAICS CLASSIFICATION: (11212),ALL CLASSES,BU,US TOTAL,,,,2.8,ALL PRODUCTION PRACTICES,9000,,,,99,"23,391,773",2012,ALL UTILIZATION PRACTICES,,US,NAICS CLASSIFICATION,,YEAR,CENSUS,PRODUCTION,UNITED STATES,00,CROPS,"WHEAT - PRODUCTION, MEASURED IN BU"
2012-12-31 00:00:00.000,00,,,ANNUAL,WHEAT,00000000,FIELD CROPS,US TOTAL,NATIONAL,,NAICS CLASSIFICATION: (1122),ALL CLASSES,BU,US TOTAL,,,,9.8,ALL PRODUCTION PRACTICES,9000,,,,99,"8,654,055",2012,ALL UTILIZATION PRACTICES,,US,NAICS CLASSIFICATION,,YEAR,CENSUS,PRODUCTION,UNITED STATES,00,CROPS,"WHEAT - PRODUCTION, MEASURED IN BU"
2012-12-31 00:00:00.000,00,,,ANNUAL,WHEAT,00000000,FIELD CROPS,US TOTAL,NATIONAL,,NAICS CLASSIFICATION: (1123),ALL CLASSES,BU,US TOTAL,,,,5.4,ALL PRODUCTION PRACTICES,9000,,,,99,"9,595,103",2012,ALL UTILIZATION PRACTICES,,US,NAICS CLASSIFICATION,,YEAR,CENSUS,PRODUCTION,UNITED STATES,00,CROPS,"WHEAT - PRODUCTION, MEASURED IN BU"
2012-12-31 00:00:00.000,00,,,ANNUAL,WHEAT,00000000,FIELD CROPS,US TOTAL,NATIONAL,,NAICS CLASSIFICATION: (1124),ALL CLASSES,BU,US TOTAL,,,,23.9,ALL PRODUCTION PRACTICES,9000,,,,99,"398,291",2012,ALL UTILIZATION PRACTICES,,US,NAICS CLASSIFICATION,,YEAR,CENSUS,PRODUCTION,UNITED STATES,00,CROPS,"WHEAT - PRODUCTION, MEASURED IN BU"
2012-12-31 00:00:00.000,00,,,ANNUAL,WHEAT,00000000,FIELD CROPS,US TOTAL,NATIONAL,,NAICS CLASSIFICATION: (1125 & 1129),ALL CLASSES,BU,US TOTAL,,,,4.4,ALL PRODUCTION PRACTICES,9000,,,,99,"6,549,696",2012,ALL UTILIZATION PRACTICES,,US,NAICS CLASSIFICATION,,YEAR,CENSUS,PRODUCTION,UNITED STATES,00,CROPS,"WHEAT - PRODUCTION, MEASURED IN BU"
2012-12-31 00:00:00.000,00,,,ANNUAL,WHEAT,00000000,FIELD CROPS,US TOTAL,NATIONAL,,NOT SPECIFIED,ALL CLASSES,BU,US TOTAL,,,,1.1,ALL PRODUCTION PRACTICES,9000,,,,99,"2,185,108,114",2012,ALL UTILIZATION PRACTICES,,US,TOTAL,,YEAR,CENSUS,PRODUCTION,UNITED STATES,00,CROPS,"WHEAT - PRODUCTION, MEASURED IN BU"
2012-12-31 00:00:00.000,00,,,ANNUAL,WHEAT,00000000,FIELD CROPS,US TOTAL,NATIONAL,,"AREA HARVESTED: (1,000 OR MORE ACRES)","SPRING, (EXCL DURUM)",BU,US TOTAL,,,,4.5,ALL PRODUCTION PRACTICES,9000,,,,99,"260,182,687",2012,ALL UTILIZATION PRACTICES,,US,AREA HARVESTED,,YEAR,CENSUS,PRODUCTION,UNITED STATES,00,CROPS,"WHEAT, SPRING, (EXCL DURUM) - PRODUCTION, MEASURED IN BU"
2012-12-31 00:00:00.000,00,,,ANNUAL,WHEAT,00000000,FIELD CROPS,US TOTAL,NATIONAL,,"AREA HARVESTED: (1,000 TO 1,999 ACRES)","SPRING, (EXCL DURUM)",BU,US TOTAL,,,,3.1,ALL PRODUCTION PRACTICES,9000,,,,99,"136,535,636",2012,ALL UTILIZATION PRACTICES,,US,AREA HARVESTED,,YEAR,CENSUS,PRODUCTION,UNITED STATES,00,CROPS,"WHEAT, SPRING, (EXCL DURUM) - PRODUCTION, MEASURED IN BU"
2012-12-31 00:00:00.000,00,,,ANNUAL,WHEAT,00000000,FIELD CROPS,US TOTAL,NATIONAL,,AREA HARVESTED: (1.0 TO 14.9 ACRES),"SPRING, (EXCL DURUM)",BU,US TOTAL,,,,2.7,ALL PRODUCTION PRACTICES,9000,,,,99,"468,093",2012,ALL UTILIZATION PRACTICES,,US,AREA HARVESTED,,YEAR,CENSUS,PRODUCTION,UNITED STATES,00,CROPS,"WHEAT, SPRING, (EXCL DURUM) - PRODUCTION, MEASURED IN BU"
2012-12-31 00:00:00.000,00,,,ANNUAL,WHEAT,00000000,FIELD CROPS,US TOTAL,NATIONAL,,AREA HARVESTED: (100 TO 249 ACRES),"SPRING, (EXCL DURUM)",BU,US TOTAL,,,,3.2,ALL PRODUCTION PRACTICES,9000,,,,99,"42,824,857",2012,ALL UTILIZATION PRACTICES,,US,AREA HARVESTED,,YEAR,CENSUS,PRODUCTION,UNITED STATES,00,CROPS,"WHEAT, SPRING, (EXCL DURUM) - PRODUCTION, MEASURED IN BU"
2012-12-31 00:00:00.000,00,,,ANNUAL,WHEAT,00000000,FIELD CROPS,US TOTAL,NATIONAL,,AREA HARVESTED: (15.0 TO 24.9 ACRES),"SPRING, (EXCL DURUM)",BU,US TOTAL,,,,4.4,ALL PRODUCTION PRACTICES,9000,,,,99,"965,821",2012,ALL UTILIZATION PRACTICES,,US,AREA HARVESTED,,YEAR,CENSUS,PRODUCTION,UNITED STATES,00,CROPS,"WHEAT, SPRING, (EXCL DURUM) - PRODUCTION, MEASURED IN BU"
2012-12-31 00:00:00.000,00,,,ANNUAL,WHEAT,00000000,FIELD CROPS,US TOTAL,NATIONAL,,"AREA HARVESTED: (2,000 TO 2,999 ACRES)","SPRING, (EXCL DURUM)",BU,US TOTAL,,,,8.0,ALL PRODUCTION PRACTICES,9000,,,,99,"60,393,746",2012,ALL UTILIZATION PRACTICES,,US,AREA HARVESTED,,YEAR,CENSUS,PRODUCTION,UNITED STATES,00,CROPS,"WHEAT, SPRING, (EXCL DURUM) - PRODUCTION, MEASURED IN BU"
2012-12-31 00:00:00.000,00,,,ANNUAL,WHEAT,00000000,FIELD CROPS,US TOTAL,NATIONAL,,AREA HARVESTED: (25.0 TO 49.9 ACRES),"SPRING, (EXCL DURUM)",BU,US TOTAL,,,,6.0,ALL PRODUCTION PRACTICES,9000,,,,99,"3,654,619",2012,ALL UTILIZATION PRACTICES,,US,AREA HARVESTED,,YEAR,CENSUS,PRODUCTION,UNITED STATES,00,CROPS,"WHEAT, SPRING, (EXCL DURUM) - PRODUCTION, MEASURED IN BU"
2012-12-31 00:00:00.000,00,,,ANNUAL,WHEAT,00000000,FIELD CROPS,US TOTAL,NATIONAL,,AREA HARVESTED: (250 TO 499 ACRES),"SPRING, (EXCL DURUM)",BU,US TOTAL,,,,3.2,ALL PRODUCTION PRACTICES,9000,,,,99,"71,320,058",2012,ALL UTILIZATION PRACTICES,,US,AREA HARVESTED,,YEAR,CENSUS,PRODUCTION,UNITED STATES,00,CROPS,"WHEAT, SPRING, (EXCL DURUM) - PRODUCTION, MEASURED IN BU"
2012-12-31 00:00:00.000,00,,,ANNUAL,WHEAT,00000000,FIELD CROPS,US TOTAL,NATIONAL,,"AREA HARVESTED: (3,000 TO 4,999 ACRES)","SPRING, (EXCL DURUM)",BU,US TOTAL,,,,6.7,ALL PRODUCTION PRACTICES,9000,,,,99,"44,077,418",2012,ALL UTILIZATION PRACTICES,,US,AREA HARVESTED,,YEAR,CENSUS,PRODUCTION,UNITED STATES,00,CROPS,"WHEAT, SPRING, (EXCL DURUM) - PRODUCTION, MEASURED IN BU"
2012-12-31 00:00:00.000,00,,,ANNUAL,WHEAT,00000000,FIELD CROPS,US TOTAL,NATIONAL,,"AREA HARVESTED: (5,000 OR MORE ACRES)","SPRING, (EXCL DURUM)",BU,US TOTAL,,,,7.1,ALL PRODUCTION PRACTICES,9000,,,,99,"19,175,887",2012,ALL UTILIZATION PRACTICES,,US,AREA HARVESTED,,YEAR,CENSUS,PRODUCTION,UNITED STATES,00,CROPS,"WHEAT, SPRING, (EXCL DURUM) - PRODUCTION, MEASURED IN BU"
2012-12-31 00:00:00.000,00,,,ANNUAL,WHEAT,00000000,FIELD CROPS,US TOTAL,NATIONAL,,AREA HARVESTED: (50.0 TO 99.9 ACRES),"SPRING, (EXCL DURUM)",BU,US TOTAL,,,,2.8,ALL PRODUCTION PRACTICES,9000,,,,99,"10,726,771",2012,ALL UTILIZATION PRACTICES,,US,AREA HARVESTED,,YEAR,CENSUS,PRODUCTION,UNITED STATES,00,CROPS,"WHEAT, SPRING, (EXCL DURUM) - PRODUCTION, MEASURED IN BU"
2012-12-31 00:00:00.000,00,,,ANNUAL,WHEAT,00000000,FIELD CROPS,US TOTAL,NATIONAL,,AREA HARVESTED: (500 TO 999 ACRES),"SPRING, (EXCL DURUM)",BU,US TOTAL,,,,3.2,ALL PRODUCTION PRACTICES,9000,,,,99,"131,761,353",2012,ALL UTILIZATION PRACTICES,,US,AREA HARVESTED,,YEAR,CENSUS,PRODUCTION,UNITED STATES,00,CROPS,"WHEAT, SPRING, (EXCL DURUM) - PRODUCTION, MEASURED IN BU"
2012-12-31 00:00:00.000,00,,,ANNUAL,WHEAT,00000000,FIELD CROPS,US TOTAL,NATIONAL,,NOT SPECIFIED,"SPRING, (EXCL DURUM)",BU,US TOTAL,,,,2.5,ALL PRODUCTION PRACTICES,9000,,,,99,"521,904,259",2012,ALL UTILIZATION PRACTICES,,US,TOTAL,,YEAR,CENSUS,PRODUCTION,UNITED STATES,00,CROPS,"WHEAT, SPRING, (EXCL DURUM) - PRODUCTION, MEASURED IN BU"
2012-12-31 00:00:00.000,00,,,ANNUAL,WHEAT,00000000,FIELD CROPS,US TOTAL,NATIONAL,,"AREA HARVESTED: (1,000 OR MORE ACRES)","SPRING, DURUM",BU,US TOTAL,,,,4.8,ALL PRODUCTION PRACTICES,9000,,,,99,"48,434,747",2012,ALL UTILIZATION PRACTICES,,US,AREA HARVESTED,,YEAR,CENSUS,PRODUCTION,UNITED STATES,00,CROPS,"WHEAT, SPRING, DURUM - PRODUCTION, MEASURED IN BU"
2012-12-31 00:00:00.000,00,,,ANNUAL,WHEAT,00000000,FIELD CROPS,US TOTAL,NATIONAL,,"AREA HARVESTED: (1,000 TO 1,999 ACRES)","SPRING, DURUM",BU,US TOTAL,,,,8.6,ALL PRODUCTION PRACTICES,9000,,,,99,"25,761,482",2012,ALL UTILIZATION PRACTICES,,US,AREA HARVESTED,,YEAR,CENSUS,PRODUCTION,UNITED STATES,00,CROPS,"WHEAT, SPRING, DURUM - PRODUCTION, MEASURED IN BU"
2012-12-31 00:00:00.000,00,,,ANNUAL,WHEAT,00000000,FIELD CROPS,US TOTAL,NATIONAL,,AREA HARVESTED: (1.0 TO 14.9 ACRES),"SPRING, DURUM",BU,US TOTAL,,,,20.4,ALL PRODUCTION PRACTICES,9000,,,,99,"22,552",2012,ALL UTILIZATION PRACTICES,,US,AREA HARVESTED,,YEAR,CENSUS,PRODUCTION,UNITED STATES,00,CROPS,"WHEAT, SPRING, DURUM - PRODUCTION, MEASURED IN BU"
2012-12-31 00:00:00.000,00,,,ANNUAL,WHEAT,00000000,FIELD CROPS,US TOTAL,NATIONAL,,AREA HARVESTED: (100 TO 249 ACRES),"SPRING, DURUM",BU,US TOTAL,,,,13.9,ALL PRODUCTION PRACTICES,9000,,,,99,"6,569,864",2012,ALL UTILIZATION PRACTICES,,US,AREA HARVESTED,,YEAR,CENSUS,PRODUCTION,UNITED STATES,00,CROPS,"WHEAT, SPRING, DURUM - PRODUCTION, MEASURED IN BU"
2012-12-31 00:00:00.000,00,,,ANNUAL,WHEAT,00000000,FIELD CROPS,US TOTAL,NATIONAL,,AREA HARVESTED: (15.0 TO 24.9 ACRES),"SPRING, DURUM",BU,US TOTAL,,,,12.1,ALL PRODUCTION PRACTICES,9000,,,,99,"29,289",2012,ALL UTILIZATION PRACTICES,,US,AREA HARVESTED,,YEAR,CENSUS,PRODUCTION,UNITED STATES,00,CROPS,"WHEAT, SPRING, DURUM - PRODUCTION, MEASURED IN BU"
2012-12-31 00:00:00.000,00,,,ANNUAL,WHEAT,00000000,FIELD CROPS,US TOTAL,NATIONAL,,"AREA HARVESTED: (2,000 TO 2,999 ACRES)","SPRING, DURUM",BU,US TOTAL,,,,4.4,ALL PRODUCTION PRACTICES,9000,,,,99,"9,999,156",2012,ALL UTILIZATION PRACTICES,,US,AREA HARVESTED,,YEAR,CENSUS,PRODUCTION,UNITED STATES,00,CROPS,"WHEAT, SPRING, DURUM - PRODUCTION, MEASURED IN BU"
2012-12-31 00:00:00.000,00,,,ANNUAL,WHEAT,00000000,FIELD CROPS,US TOTAL,NATIONAL,,AREA HARVESTED: (25.0 TO 49.9 ACRES),"SPRING, DURUM",BU,US TOTAL,,,,21.1,ALL PRODUCTION PRACTICES,9000,,,,99,"246,439",2012,ALL UTILIZATION PRACTICES,,US,AREA HARVESTED,,YEAR,CENSUS,PRODUCTION,UNITED STATES,00,CROPS,"WHEAT, SPRING, DURUM - PRODUCTION, MEASURED IN BU"
2012-12-31 00:00:00.000,00,,,ANNUAL,WHEAT,00000000,FIELD CROPS,US TOTAL,NATIONAL,,AREA HARVESTED: (250 TO 499 ACRES),"SPRING, DURUM",BU,US TOTAL,,,,9.7,ALL PRODUCTION PRACTICES,9000,,,,99,"10,991,559",2012,ALL UTILIZATION PRACTICES,,US,AREA HARVESTED,,YEAR,CENSUS,PRODUCTION,UNITED STATES,00,CROPS,"WHEAT, SPRING, DURUM - PRODUCTION, MEASURED IN BU"
2012-12-31 00:00:00.000,00,,,ANNUAL,WHEAT,00000000,FIELD CROPS,US TOTAL,NATIONAL,,"AREA HARVESTED: (3,000 TO 4,999 ACRES)","SPRING, DURUM",BU,US TOTAL,,,,4.4,ALL PRODUCTION PRACTICES,9000,,,,99,"11,219,066",2012,ALL UTILIZATION PRACTICES,,US,AREA HARVESTED,,YEAR,CENSUS,PRODUCTION,UNITED STATES,00,CROPS,"WHEAT, SPRING, DURUM - PRODUCTION, MEASURED IN BU"
2012-12-31 00:00:00.000,00,,,ANNUAL,WHEAT,00000000,FIELD CROPS,US TOTAL,NATIONAL,,"AREA HARVESTED: (5,000 OR MORE ACRES)","SPRING, DURUM",BU,US TOTAL,,,,0.3,ALL PRODUCTION PRACTICES,9000,,,,99,"1,455,043",2012,ALL UTILIZATION PRACTICES,,US,AREA HARVESTED,,YEAR,CENSUS,PRODUCTION,UNITED STATES,00,CROPS,"WHEAT, SPRING, DURUM - PRODUCTION, MEASURED IN BU"
2012-12-31 00:00:00.000,00,,,ANNUAL,WHEAT,00000000,FIELD CROPS,US TOTAL,NATIONAL,,AREA HARVESTED: (50.0 TO 99.9 ACRES),"SPRING, DURUM",BU,US TOTAL,,,,8.7,ALL PRODUCTION PRACTICES,9000,,,,99,"1,365,544",2012,ALL UTILIZATION PRACTICES,,US,AREA HARVESTED,,YEAR,CENSUS,PRODUCTION,UNITED STATES,00,CROPS,"WHEAT, SPRING, DURUM - PRODUCTION, MEASURED IN BU"
2012-12-31 00:00:00.000,00,,,ANNUAL,WHEAT,00000000,FIELD CROPS,US TOTAL,NATIONAL,,AREA HARVESTED: (500 TO 999 ACRES),"SPRING, DURUM",BU,US TOTAL,,,,13.4,ALL PRODUCTION PRACTICES,9000,,,,99,"18,450,224",2012,ALL UTILIZATION PRACTICES,,US,AREA HARVESTED,,YEAR,CENSUS,PRODUCTION,UNITED STATES,00,CROPS,"WHEAT, SPRING, DURUM - PRODUCTION, MEASURED IN BU"
2012-12-31 00:00:00.000,00,,,ANNUAL,WHEAT,00000000,FIELD CROPS,US TOTAL,NATIONAL,,NOT SPECIFIED,"SPRING, DURUM",BU,US TOTAL,,,,7.7,ALL PRODUCTION PRACTICES,9000,,,,99,"86,110,218",2012,ALL UTILIZATION PRACTICES,,US,TOTAL,,YEAR,CENSUS,PRODUCTION,UNITED STATES,00,CROPS,"WHEAT, SPRING, DURUM - PRODUCTION, MEASURED IN BU"
2012-12-31 00:00:00.000,00,,,ANNUAL,WHEAT,00000000,FIELD CROPS,US TOTAL,NATIONAL,,"AREA HARVESTED: (1,000 OR MORE ACRES)",WINTER,BU,US TOTAL,,,,6.0,ALL PRODUCTION PRACTICES,9000,,,,99,"622,938,372",2012,ALL UTILIZATION PRACTICES,,US,AREA HARVESTED,,YEAR,CENSUS,PRODUCTION,UNITED STATES,00,CROPS,"WHEAT, WINTER - PRODUCTION, MEASURED IN BU"
2012-12-31 00:00:00.000,00,,,ANNUAL,WHEAT,00000000,FIELD CROPS,US TOTAL,NATIONAL,,"AREA HARVESTED: (1,000 TO 1,999 ACRES)",WINTER,BU,US TOTAL,,,,4.6,ALL PRODUCTION PRACTICES,9000,,,,99,"329,643,638",2012,ALL UTILIZATION PRACTICES,,US,AREA HARVESTED,,YEAR,CENSUS,PRODUCTION,UNITED STATES,00,CROPS,"WHEAT, WINTER - PRODUCTION, MEASURED IN BU"
2012-12-31 00:00:00.000,00,,,ANNUAL,WHEAT,00000000,FIELD CROPS,US TOTAL,NATIONAL,,AREA HARVESTED: (1.0 TO 14.9 ACRES),WINTER,BU,US TOTAL,,,,1.8,ALL PRODUCTION PRACTICES,9000,,,,99,"6,066,766",2012,ALL UTILIZATION PRACTICES,,US,AREA HARVESTED,,YEAR,CENSUS,PRODUCTION,UNITED STATES,00,CROPS,"WHEAT, WINTER - PRODUCTION, MEASURED IN BU"
2012-12-31 00:00:00.000,00,,,ANNUAL,WHEAT,00000000,FIELD CROPS,US TOTAL,NATIONAL,,AREA HARVESTED: (100 TO 249 ACRES),WINTER,BU,US TOTAL,,,,2.1,ALL PRODUCTION PRACTICES,9000,,,,99,"206,732,415",2012,ALL UTILIZATION PRACTICES,,US,AREA HARVESTED,,YEAR,CENSUS,PRODUCTION,UNITED STATES,00,CROPS,"WHEAT, WINTER - PRODUCTION, MEASURED IN BU"
2012-12-31 00:00:00.000,00,,,ANNUAL,WHEAT,00000000,FIELD CROPS,US TOTAL,NATIONAL,,AREA HARVESTED: (15.0 TO 24.9 ACRES),WINTER,BU,US TOTAL,,,,2.9,ALL PRODUCTION PRACTICES,9000,,,,99,"11,593,433",2012,ALL UTILIZATION PRACTICES,,US,AREA HARVESTED,,YEAR,CENSUS,PRODUCTION,UNITED STATES,00,CROPS,"WHEAT, WINTER - PRODUCTION, MEASURED IN BU"
2012-12-31 00:00:00.000,00,,,ANNUAL,WHEAT,00000000,FIELD CROPS,US TOTAL,NATIONAL,,"AREA HARVESTED: (2,000 TO 2,999 ACRES)",WINTER,BU,US TOTAL,,,,6.1,ALL PRODUCTION PRACTICES,9000,,,,99,"139,881,604",2012,ALL UTILIZATION PRACTICES,,US,AREA HARVESTED,,YEAR,CENSUS,PRODUCTION,UNITED STATES,00,CROPS,"WHEAT, WINTER - PRODUCTION, MEASURED IN BU"
2012-12-31 00:00:00.000,00,,,ANNUAL,WHEAT,00000000,FIELD CROPS,US TOTAL,NATIONAL,,AREA HARVESTED: (25.0 TO 49.9 ACRES),WINTER,BU,US TOTAL,,,,1.6,ALL PRODUCTION PRACTICES,9000,,,,99,"36,611,005",2012,ALL UTILIZATION PRACTICES,,US,AREA HARVESTED,,YEAR,CENSUS,PRODUCTION,UNITED STATES,00,CROPS,"WHEAT, WINTER - PRODUCTION, MEASURED IN BU"
2012-12-31 00:00:00.000,00,,,ANNUAL,WHEAT,00000000,FIELD CROPS,US TOTAL,NATIONAL,,AREA HARVESTED: (250 TO 499 ACRES),WINTER,BU,US TOTAL,,,,1.8,ALL PRODUCTION PRACTICES,9000,,,,99,"264,775,631",2012,ALL UTILIZATION PRACTICES,,US,AREA HARVESTED,,YEAR,CENSUS,PRODUCTION,UNITED STATES,00,CROPS,"WHEAT, WINTER - PRODUCTION, MEASURED IN BU"
2012-12-31 00:00:00.000,00,,,ANNUAL,WHEAT,00000000,FIELD CROPS,US TOTAL,NATIONAL,,"AREA HARVESTED: (3,000 TO 4,999 ACRES)",WINTER,BU,US TOTAL,,,,11.7,ALL PRODUCTION PRACTICES,9000,,,,99,"96,959,173",2012,ALL UTILIZATION PRACTICES,,US,AREA HARVESTED,,YEAR,CENSUS,PRODUCTION,UNITED STATES,00,CROPS,"WHEAT, WINTER - PRODUCTION, MEASURED IN BU"
2012-12-31 00:00:00.000,00,,,ANNUAL,WHEAT,00000000,FIELD CROPS,US TOTAL,NATIONAL,,"AREA HARVESTED: (5,000 OR MORE ACRES)",WINTER,BU,US TOTAL,,,,6.7,ALL PRODUCTION PRACTICES,9000,,,,99,"56,453,957",2012,ALL UTILIZATION PRACTICES,,US,AREA HARVESTED,,YEAR,CENSUS,PRODUCTION,UNITED STATES,00,CROPS,"WHEAT, WINTER - PRODUCTION, MEASURED IN BU"
2012-12-31 00:00:00.000,00,,,ANNUAL,WHEAT,00000000,FIELD CROPS,US TOTAL,NATIONAL,,AREA HARVESTED: (50.0 TO 99.9 ACRES),WINTER,BU,US TOTAL,,,,1.5,ALL PRODUCTION PRACTICES,9000,,,,99,"76,940,091",2012,ALL UTILIZATION PRACTICES,,US,AREA HARVESTED,,YEAR,CENSUS,PRODUCTION,UNITED STATES,00,CROPS,"WHEAT, WINTER - PRODUCTION, MEASURED IN BU"
2012-12-31 00:00:00.000,00,,,ANNUAL,WHEAT,00000000,FIELD CROPS,US TOTAL,NATIONAL,,AREA HARVESTED: (500 TO 999 ACRES),WINTER,BU,US TOTAL,,,,1.9,ALL PRODUCTION PRACTICES,9000,,,,99,"351,435,924",2012,ALL UTILIZATION PRACTICES,,US,AREA HARVESTED,,YEAR,CENSUS,PRODUCTION,UNITED STATES,00,CROPS,"WHEAT, WINTER - PRODUCTION, MEASURED IN BU"
2012-12-31 00:00:00.000,00,,,ANNUAL,WHEAT,00000000,FIELD CROPS,US TOTAL,NATIONAL,,NOT SPECIFIED,WINTER,BU,US TOTAL,,,,2.2,ALL PRODUCTION PRACTICES,9000,,,,99,"1,577,093,637",2012,ALL UTILIZATION PRACTICES,,US,TOTAL,,YEAR,CENSUS,PRODUCTION,UNITED STATES,00,CROPS,"WHEAT, WINTER - PRODUCTION, MEASURED IN BU"
2015-01-31 00:00:00.000,00,,,ANNUAL,WHEAT,00000000,FIELD CROPS,US TOTAL,NATIONAL,,ORGANIC STATUS: (NOP USDA CERTIFIED & EXEMPT),ALL CLASSES,BU,US TOTAL,,,,7.2,ORGANIC,9000,,,,99,"8,067,046",2014,ALL UTILIZATION PRACTICES,,US,ORGANIC STATUS,,YEAR,CENSUS,PRODUCTION,UNITED STATES,00,CROPS,"WHEAT, ORGANIC - PRODUCTION, MEASURED IN BU"
2015-01-31 00:00:00.000,00,,,ANNUAL,WHEAT,00000000,FIELD CROPS,US TOTAL,NATIONAL,,ORGANIC STATUS: (NOP USDA CERTIFIED),ALL CLASSES,BU,US TOTAL,,,,7.2,ORGANIC,9000,,,,99,"8,065,260",2014,ALL UTILIZATION PRACTICES,,US,ORGANIC STATUS,,YEAR,CENSUS,PRODUCTION,UNITED STATES,00,CROPS,"WHEAT, ORGANIC - PRODUCTION, MEASURED IN BU"
2015-01-31 00:00:00.000,00,,,ANNUAL,WHEAT,00000000,FIELD CROPS,US TOTAL,NATIONAL,,ORGANIC STATUS: (NOP USDA EXEMPT),ALL CLASSES,BU,US TOTAL,,,,(H),ORGANIC,9000,,,,99,"1,786",2014,ALL UTILIZATION PRACTICES,,US,ORGANIC STATUS,,YEAR,CENSUS,PRODUCTION,UNITED STATES,00,CROPS,"WHEAT, ORGANIC - PRODUCTION, MEASURED IN BU"
2015-01-31 00:00:00.000,00,,,ANNUAL,WHEAT,00000000,FIELD CROPS,US TOTAL,NATIONAL,,ORGANIC STATUS: (NOP USDA CERTIFIED & EXEMPT),"SPRING, (EXCL DURUM)",BU,US TOTAL,,,,14.5,ORGANIC,9000,,,,99,"2,479,743",2014,ALL UTILIZATION PRACTICES,,US,ORGANIC STATUS,,YEAR,CENSUS,PRODUCTION,UNITED STATES,00,CROPS,"WHEAT, SPRING, (EXCL DURUM), ORGANIC - PRODUCTION, MEASURED IN BU"
2015-01-31 00:00:00.000,00,,,ANNUAL,WHEAT,00000000,FIELD CROPS,US TOTAL,NATIONAL,,ORGANIC STATUS: (NOP USDA CERTIFIED),"SPRING, (EXCL DURUM)",BU,US TOTAL,,,,14.5,ORGANIC,9000,,,,99,"2,479,743",2014,ALL UTILIZATION PRACTICES,,US,ORGANIC STATUS,,YEAR,CENSUS,PRODUCTION,UNITED STATES,00,CROPS,"WHEAT, SPRING, (EXCL DURUM), ORGANIC - PRODUCTION, MEASURED IN BU"
2015-01-31 00:00:00.000,00,,,ANNUAL,WHEAT,00000000,FIELD CROPS,US TOTAL,NATIONAL,,ORGANIC STATUS: (NOP USDA CERTIFIED & EXEMPT),"SPRING, DURUM",BU,US TOTAL,,,,39.3,ORGANIC,9000,,,,99,"344,558",2014,ALL UTILIZATION PRACTICES,,US,ORGANIC STATUS,,YEAR,CENSUS,PRODUCTION,UNITED STATES,00,CROPS,"WHEAT, SPRING, DURUM, ORGANIC - PRODUCTION, MEASURED IN BU"
2015-01-31 00:00:00.000,00,,,ANNUAL,WHEAT,00000000,FIELD CROPS,US TOTAL,NATIONAL,,ORGANIC STATUS: (NOP USDA CERTIFIED),"SPRING, DURUM",BU,US TOTAL,,,,39.3,ORGANIC,9000,,,,99,"344,558",2014,ALL UTILIZATION PRACTICES,,US,ORGANIC STATUS,,YEAR,CENSUS,PRODUCTION,UNITED STATES,00,CROPS,"WHEAT, SPRING, DURUM, ORGANIC - PRODUCTION, MEASURED IN BU"
2015-01-31 00:00:00.000,00,,,ANNUAL,WHEAT,00000000,FIELD CROPS,US TOTAL,NATIONAL,,ORGANIC STATUS: (NOP USDA CERTIFIED & EXEMPT),WINTER,BU,US TOTAL,,,,7.0,ORGANIC,9000,,,,99,"5,242,745",2014,ALL UTILIZATION PRACTICES,,US,ORGANIC STATUS,,YEAR,CENSUS,PRODUCTION,UNITED STATES,00,CROPS,"WHEAT, WINTER, ORGANIC - PRODUCTION, MEASURED IN BU"
2015-01-31 00:00:00.000,00,,,ANNUAL,WHEAT,00000000,FIELD CROPS,US TOTAL,NATIONAL,,ORGANIC STATUS: (NOP USDA CERTIFIED),WINTER,BU,US TOTAL,,,,7.0,ORGANIC,9000,,,,99,"5,240,959",2014,ALL UTILIZATION PRACTICES,,US,ORGANIC STATUS,,YEAR,CENSUS,PRODUCTION,UNITED STATES,00,CROPS,"WHEAT, WINTER, ORGANIC - PRODUCTION, MEASURED IN BU"
2015-01-31 00:00:00.000,00,,,ANNUAL,WHEAT,00000000,FIELD CROPS,US TOTAL,NATIONAL,,ORGANIC STATUS: (NOP USDA EXEMPT),WINTER,BU,US TOTAL,,,,(H),ORGANIC,9000,,,,99,"1,786",2014,ALL UTILIZATION PRACTICES,,US,ORGANIC STATUS,,YEAR,CENSUS,PRODUCTION,UNITED STATES,00,CROPS,"WHEAT, WINTER, ORGANIC - PRODUCTION, MEASURED IN BU"
2015-01-31 00:00:00.000,00,,,ANNUAL,WHEAT,00000000,FIELD CROPS,US TOTAL,NATIONAL,,ORGANIC STATUS: (NOP USDA CERTIFIED),ALL CLASSES,BU,US TOTAL,,,,6.6,ORGANIC,9000,,,,99,"9,016,548",2015,ALL UTILIZATION PRACTICES,,US,ORGANIC STATUS,,YEAR,CENSUS,PRODUCTION,UNITED STATES,00,CROPS,"WHEAT, ORGANIC - PRODUCTION, MEASURED IN BU"
2015-01-31 00:00:00.000,00,,,ANNUAL,WHEAT,00000000,FIELD CROPS,US TOTAL,NATIONAL,,ORGANIC STATUS: (NOP USDA CERTIFIED),"SPRING, (EXCL DURUM)",BU,US TOTAL,,,,13.8,ORGANIC,9000,,,,99,"2,226,377",2015,ALL UTILIZATION PRACTICES,,US,ORGANIC STATUS,,YEAR,CENSUS,PRODUCTION,UNITED STATES,00,CROPS,"WHEAT, SPRING, (EXCL DURUM), ORGANIC - PRODUCTION, MEASURED IN BU"
2015-01-31 00:00:00.000,00,,,ANNUAL,WHEAT,00000000,FIELD CROPS,US TOTAL,NATIONAL,,ORGANIC STATUS: (NOP USDA CERTIFIED),"SPRING, DURUM",BU,US TOTAL,,,,41.2,ORGANIC,9000,,,,99,"349,529",2015,ALL UTILIZATION PRACTICES,,US,ORGANIC STATUS,,YEAR,CENSUS,PRODUCTION,UNITED STATES,00,CROPS,"WHEAT, SPRING, DURUM, ORGANIC - PRODUCTION, MEASURED IN BU"
2015-01-31 00:00:00.000,00,,,ANNUAL,WHEAT,00000000,FIELD CROPS,US TOTAL,NATIONAL,,ORGANIC STATUS: (NOP USDA CERTIFIED),WINTER,BU,US TOTAL,,,,6.2,ORGANIC,9000,,,,99,"6,440,642",2015,ALL UTILIZATION PRACTICES,,US,ORGANIC STATUS,,YEAR,CENSUS,PRODUCTION,UNITED STATES,00,CROPS,"WHEAT, WINTER, ORGANIC - PRODUCTION, MEASURED IN BU"
2016-01-31 00:00:00.000,00,,,ANNUAL,WHEAT,00000000,FIELD CROPS,US TOTAL,NATIONAL,,ORGANIC STATUS: (NOP USDA CERTIFIED),ALL CLASSES,BU,US TOTAL,,,,4.5,ORGANIC,9000,,,,99,"10,551,643",2016,ALL UTILIZATION PRACTICES,,US,ORGANIC STATUS,,YEAR,CENSUS,PRODUCTION,UNITED STATES,00,CROPS,"WHEAT, ORGANIC - PRODUCTION, MEASURED IN BU"
2016-01-31 00:00:00.000,00,,,ANNUAL,WHEAT,00000000,FIELD CROPS,US TOTAL,NATIONAL,,ORGANIC STATUS: (NOP USDA CERTIFIED),"SPRING, (EXCL DURUM)",BU,US TOTAL,,,,7.9,ORGANIC,9000,,,,99,"2,720,374",2016,ALL UTILIZATION PRACTICES,,US,ORGANIC STATUS,,YEAR,CENSUS,PRODUCTION,UNITED STATES,00,CROPS,"WHEAT, SPRING, (EXCL DURUM), ORGANIC - PRODUCTION, MEASURED IN BU"
2016-01-31 00:00:00.000,00,,,ANNUAL,WHEAT,00000000,FIELD CROPS,US TOTAL,NATIONAL,,ORGANIC STATUS: (NOP USDA CERTIFIED),"SPRING, DURUM",BU,US TOTAL,,,,11.9,ORGANIC,9000,,,,99,"481,093",2016,ALL UTILIZATION PRACTICES,,US,ORGANIC STATUS,,YEAR,CENSUS,PRODUCTION,UNITED STATES,00,CROPS,"WHEAT, SPRING, DURUM, ORGANIC - PRODUCTION, MEASURED IN BU"
2016-01-31 00:00:00.000,00,,,ANNUAL,WHEAT,00000000,FIELD CROPS,US TOTAL,NATIONAL,,ORGANIC STATUS: (NOP USDA CERTIFIED),WINTER,BU,US TOTAL,,,,4.4,ORGANIC,9000,,,,99,"7,350,176",2016,ALL UTILIZATION PRACTICES,,US,ORGANIC STATUS,,YEAR,CENSUS,PRODUCTION,UNITED STATES,00,CROPS,"WHEAT, WINTER, ORGANIC - PRODUCTION, MEASURED IN BU"
2018-02-01 00:00:00.000,00,,,ANNUAL,WHEAT,00000000,FIELD CROPS,US TOTAL,NATIONAL,,"AREA HARVESTED: (1,000 OR MORE ACRES)",ALL CLASSES,BU,US TOTAL,,,,1.9,ALL PRODUCTION PRACTICES,9000,,,,99,"888,480,631",2017,ALL UTILIZATION PRACTICES,,US,AREA HARVESTED,,YEAR,CENSUS,PRODUCTION,UNITED STATES,00,CROPS,"WHEAT - PRODUCTION, MEASURED IN BU"
2018-02-01 00:00:00.000,00,,,ANNUAL,WHEAT,00000000,FIELD CROPS,US TOTAL,NATIONAL,,"AREA HARVESTED: (1,000 TO 1,999 ACRES)",ALL CLASSES,BU,US TOTAL,,,,3.0,ALL PRODUCTION PRACTICES,9000,,,,99,"443,173,652",2017,ALL UTILIZATION PRACTICES,,US,AREA HARVESTED,,YEAR,CENSUS,PRODUCTION,UNITED STATES,00,CROPS,"WHEAT - PRODUCTION, MEASURED IN BU"
2018-02-01 00:00:00.000,00,,,ANNUAL,WHEAT,00000000,FIELD CROPS,US TOTAL,NATIONAL,,AREA HARVESTED: (1.0 TO 14.9 ACRES),ALL CLASSES,BU,US TOTAL,,,,7.5,ALL PRODUCTION PRACTICES,9000,,,,99,"4,062,124",2017,ALL UTILIZATION PRACTICES,,US,AREA HARVESTED,,YEAR,CENSUS,PRODUCTION,UNITED STATES,00,CROPS,"WHEAT - PRODUCTION, MEASURED IN BU"
2018-02-01 00:00:00.000,00,,,ANNUAL,WHEAT,00000000,FIELD CROPS,US TOTAL,NATIONAL,,AREA HARVESTED: (100 TO 249 ACRES),ALL CLASSES,BU,US TOTAL,,,,4.2,ALL PRODUCTION PRACTICES,9000,,,,99,"183,699,158",2017,ALL UTILIZATION PRACTICES,,US,AREA HARVESTED,,YEAR,CENSUS,PRODUCTION,UNITED STATES,00,CROPS,"WHEAT - PRODUCTION, MEASURED IN BU"
2018-02-01 00:00:00.000,00,,,ANNUAL,WHEAT,00000000,FIELD CROPS,US TOTAL,NATIONAL,,AREA HARVESTED: (15.0 TO 24.9 ACRES),ALL CLASSES,BU,US TOTAL,,,,5.5,ALL PRODUCTION PRACTICES,9000,,,,99,"8,740,442",2017,ALL UTILIZATION PRACTICES,,US,AREA HARVESTED,,YEAR,CENSUS,PRODUCTION,UNITED STATES,00,CROPS,"WHEAT - PRODUCTION, MEASURED IN BU"
2018-02-01 00:00:00.000,00,,,ANNUAL,WHEAT,00000000,FIELD CROPS,US TOTAL,NATIONAL,,"AREA HARVESTED: (2,000 TO 2,999 ACRES)",ALL CLASSES,BU,US TOTAL,,,,1.9,ALL PRODUCTION PRACTICES,9000,,,,99,"215,725,825",2017,ALL UTILIZATION PRACTICES,,US,AREA HARVESTED,,YEAR,CENSUS,PRODUCTION,UNITED STATES,00,CROPS,"WHEAT - PRODUCTION, MEASURED IN BU"
2018-02-01 00:00:00.000,00,,,ANNUAL,WHEAT,00000000,FIELD CROPS,US TOTAL,NATIONAL,,AREA HARVESTED: (25.0 TO 49.9 ACRES),ALL CLASSES,BU,US TOTAL,,,,3.0,ALL PRODUCTION PRACTICES,9000,,,,99,"28,939,555",2017,ALL UTILIZATION PRACTICES,,US,AREA HARVESTED,,YEAR,CENSUS,PRODUCTION,UNITED STATES,00,CROPS,"WHEAT - PRODUCTION, MEASURED IN BU"
2018-02-01 00:00:00.000,00,,,ANNUAL,WHEAT,00000000,FIELD CROPS,US TOTAL,NATIONAL,,AREA HARVESTED: (250 TO 499 ACRES),ALL CLASSES,BU,US TOTAL,,,,2.4,ALL PRODUCTION PRACTICES,9000,,,,99,"243,316,341",2017,ALL UTILIZATION PRACTICES,,US,AREA HARVESTED,,YEAR,CENSUS,PRODUCTION,UNITED STATES,00,CROPS,"WHEAT - PRODUCTION, MEASURED IN BU"
2018-02-01 00:00:00.000,00,,,ANNUAL,WHEAT,00000000,FIELD CROPS,US TOTAL,NATIONAL,,"AREA HARVESTED: (3,000 TO 4,999 ACRES)",ALL CLASSES,BU,US TOTAL,,,,2.2,ALL PRODUCTION PRACTICES,9000,,,,99,"143,128,610",2017,ALL UTILIZATION PRACTICES,,US,AREA HARVESTED,,YEAR,CENSUS,PRODUCTION,UNITED STATES,00,CROPS,"WHEAT - PRODUCTION, MEASURED IN BU"
2018-02-01 00:00:00.000,00,,,ANNUAL,WHEAT,00000000,FIELD CROPS,US TOTAL,NATIONAL,,"AREA HARVESTED: (5,000 OR MORE ACRES)",ALL CLASSES,BU,US TOTAL,,,,2.7,ALL PRODUCTION PRACTICES,9000,,,,99,"86,452,544",2017,ALL UTILIZATION PRACTICES,,US,AREA HARVESTED,,YEAR,CENSUS,PRODUCTION,UNITED STATES,00,CROPS,"WHEAT - PRODUCTION, MEASURED IN BU"
2018-02-01 00:00:00.000,00,,,ANNUAL,WHEAT,00000000,FIELD CROPS,US TOTAL,NATIONAL,,AREA HARVESTED: (50.0 TO 99.9 ACRES),ALL CLASSES,BU,US TOTAL,,,,3.1,ALL PRODUCTION PRACTICES,9000,,,,99,"63,997,784",2017,ALL UTILIZATION PRACTICES,,US,AREA HARVESTED,,YEAR,CENSUS,PRODUCTION,UNITED STATES,00,CROPS,"WHEAT - PRODUCTION, MEASURED IN BU"
2018-02-01 00:00:00.000,00,,,ANNUAL,WHEAT,00000000,FIELD CROPS,US TOTAL,NATIONAL,,AREA HARVESTED: (500 TO 999 ACRES),ALL CLASSES,BU,US TOTAL,,,,3.5,ALL PRODUCTION PRACTICES,9000,,,,99,"367,220,558",2017,ALL UTILIZATION PRACTICES,,US,AREA HARVESTED,,YEAR,CENSUS,PRODUCTION,UNITED STATES,00,CROPS,"WHEAT - PRODUCTION, MEASURED IN BU"
2018-02-01 00:00:00.000,00,,,ANNUAL,WHEAT,00000000,FIELD CROPS,US TOTAL,NATIONAL,,"AREA OPERATED: (1,000 TO 1,999 ACRES)",ALL CLASSES,BU,US TOTAL,,,,2.8,ALL PRODUCTION PRACTICES,9000,,,,99,"293,893,159",2017,ALL UTILIZATION PRACTICES,,US,AREA OPERATED,,YEAR,CENSUS,PRODUCTION,UNITED STATES,00,CROPS,"WHEAT - PRODUCTION, MEASURED IN BU"
2018-02-01 00:00:00.000,00,,,ANNUAL,WHEAT,00000000,FIELD CROPS,US TOTAL,NATIONAL,,AREA OPERATED: (1.0 TO 9.9 ACRES),ALL CLASSES,BU,US TOTAL,,,,62.2,ALL PRODUCTION PRACTICES,9000,,,,99,"83,653",2017,ALL UTILIZATION PRACTICES,,US,AREA OPERATED,,YEAR,CENSUS,PRODUCTION,UNITED STATES,00,CROPS,"WHEAT - PRODUCTION, MEASURED IN BU"
2018-02-01 00:00:00.000,00,,,ANNUAL,WHEAT,00000000,FIELD CROPS,US TOTAL,NATIONAL,,AREA OPERATED: (10.0 TO 49.9 ACRES),ALL CLASSES,BU,US TOTAL,,,,13.2,ALL PRODUCTION PRACTICES,9000,,,,99,"2,513,845",2017,ALL UTILIZATION PRACTICES,,US,AREA OPERATED,,YEAR,CENSUS,PRODUCTION,UNITED STATES,00,CROPS,"WHEAT - PRODUCTION, MEASURED IN BU"
2018-02-01 00:00:00.000,00,,,ANNUAL,WHEAT,00000000,FIELD CROPS,US TOTAL,NATIONAL,,AREA OPERATED: (100 TO 139 ACRES),ALL CLASSES,BU,US TOTAL,,,,9.5,ALL PRODUCTION PRACTICES,9000,,,,99,"6,567,348",2017,ALL UTILIZATION PRACTICES,,US,AREA OPERATED,,YEAR,CENSUS,PRODUCTION,UNITED STATES,00,CROPS,"WHEAT - PRODUCTION, MEASURED IN BU"
2018-02-01 00:00:00.000,00,,,ANNUAL,WHEAT,00000000,FIELD CROPS,US TOTAL,NATIONAL,,AREA OPERATED: (140 TO 179 ACRES),ALL CLASSES,BU,US TOTAL,,,,12.8,ALL PRODUCTION PRACTICES,9000,,,,99,"11,023,586",2017,ALL UTILIZATION PRACTICES,,US,AREA OPERATED,,YEAR,CENSUS,PRODUCTION,UNITED STATES,00,CROPS,"WHEAT - PRODUCTION, MEASURED IN BU"
2018-02-01 00:00:00.000,00,,,ANNUAL,WHEAT,00000000,FIELD CROPS,US TOTAL,NATIONAL,,AREA OPERATED: (180 TO 219 ACRES),ALL CLASSES,BU,US TOTAL,,,,7.3,ALL PRODUCTION PRACTICES,9000,,,,99,"8,446,678",2017,ALL UTILIZATION PRACTICES,,US,AREA OPERATED,,YEAR,CENSUS,PRODUCTION,UNITED STATES,00,CROPS,"WHEAT - PRODUCTION, MEASURED IN BU"
2018-02-01 00:00:00.000,00,,,ANNUAL,WHEAT,00000000,FIELD CROPS,US TOTAL,NATIONAL,,"AREA OPERATED: (2,000 OR MORE ACRES)",ALL CLASSES,BU,US TOTAL,,,,2.1,ALL PRODUCTION PRACTICES,9000,,,,99,"1,244,104,838",2017,ALL UTILIZATION PRACTICES,,US,AREA OPERATED,,YEAR,CENSUS,PRODUCTION,UNITED STATES,00,CROPS,"WHEAT - PRODUCTION, MEASURED IN BU"
2018-02-01 00:00:00.000,00,,,ANNUAL,WHEAT,00000000,FIELD CROPS,US TOTAL,NATIONAL,,AREA OPERATED: (220 TO 259 ACRES),ALL CLASSES,BU,US TOTAL,,,,5.1,ALL PRODUCTION PRACTICES,9000,,,,99,"9,608,274",2017,ALL UTILIZATION PRACTICES,,US,AREA OPERATED,,YEAR,CENSUS,PRODUCTION,UNITED STATES,00,CROPS,"WHEAT - PRODUCTION, MEASURED IN BU"
2018-02-01 00:00:00.000,00,,,ANNUAL,WHEAT,00000000,FIELD CROPS,US TOTAL,NATIONAL,,AREA OPERATED: (260 TO 499 ACRES),ALL CLASSES,BU,US TOTAL,,,,3.6,ALL PRODUCTION PRACTICES,9000,,,,99,"63,173,772",2017,ALL UTILIZATION PRACTICES,,US,AREA OPERATED,,YEAR,CENSUS,PRODUCTION,UNITED STATES,00,CROPS,"WHEAT - PRODUCTION, MEASURED IN BU"
2018-02-01 00:00:00.000,00,,,ANNUAL,WHEAT,00000000,FIELD CROPS,US TOTAL,NATIONAL,,AREA OPERATED: (50.0 TO 69.9 ACRES),ALL CLASSES,BU,US TOTAL,,,,10.2,ALL PRODUCTION PRACTICES,9000,,,,99,"1,859,574",2017,ALL UTILIZATION PRACTICES,,US,AREA OPERATED,,YEAR,CENSUS,PRODUCTION,UNITED STATES,00,CROPS,"WHEAT - PRODUCTION, MEASURED IN BU"
2018-02-01 00:00:00.000,00,,,ANNUAL,WHEAT,00000000,FIELD CROPS,US TOTAL,NATIONAL,,AREA OPERATED: (500 TO 999 ACRES),ALL CLASSES,BU,US TOTAL,,,,2.9,ALL PRODUCTION PRACTICES,9000,,,,99,"142,273,324",2017,ALL UTILIZATION PRACTICES,,US,AREA OPERATED,,YEAR,CENSUS,PRODUCTION,UNITED STATES,00,CROPS,"WHEAT - PRODUCTION, MEASURED IN BU"
2018-02-01 00:00:00.000,00,,,ANNUAL,WHEAT,00000000,FIELD CROPS,US TOTAL,NATIONAL,,AREA OPERATED: (70.0 TO 99.9 ACRES),ALL CLASSES,BU,US TOTAL,,,,7.0,ALL PRODUCTION PRACTICES,9000,,,,99,"4,908,542",2017,ALL UTILIZATION PRACTICES,,US,AREA OPERATED,,YEAR,CENSUS,PRODUCTION,UNITED STATES,00,CROPS,"WHEAT - PRODUCTION, MEASURED IN BU"
2018-02-01 00:00:00.000,00,,,ANNUAL,WHEAT,00000000,FIELD CROPS,US TOTAL,NATIONAL,,"ECONOMIC CLASS: (1,000 TO 2,499 $)",ALL CLASSES,BU,US TOTAL,,,,27.2,ALL PRODUCTION PRACTICES,9000,,,,99,"280,758",2017,ALL UTILIZATION PRACTICES,,US,ECONOMIC CLASS,,YEAR,CENSUS,PRODUCTION,UNITED STATES,00,CROPS,"WHEAT - PRODUCTION, MEASURED IN BU"
2018-02-01 00:00:00.000,00,,,ANNUAL,WHEAT,00000000,FIELD CROPS,US TOTAL,NATIONAL,,"ECONOMIC CLASS: (1,000,000 OR MORE $)",ALL CLASSES,BU,US TOTAL,,,,2.1,ALL PRODUCTION PRACTICES,9000,,,,99,"763,234,166",2017,ALL UTILIZATION PRACTICES,,US,ECONOMIC CLASS,,YEAR,CENSUS,PRODUCTION,UNITED STATES,00,CROPS,"WHEAT - PRODUCTION, MEASURED IN BU"
2018-02-01 00:00:00.000,00,,,ANNUAL,WHEAT,00000000,FIELD CROPS,US TOTAL,NATIONAL,,"ECONOMIC CLASS: (10,000 TO 24,999 $)",ALL CLASSES,BU,US TOTAL,,,,6.7,ALL PRODUCTION PRACTICES,9000,,,,99,"11,484,278",2017,ALL UTILIZATION PRACTICES,,US,ECONOMIC CLASS,,YEAR,CENSUS,PRODUCTION,UNITED STATES,00,CROPS,"WHEAT - PRODUCTION, MEASURED IN BU"
2018-02-01 00:00:00.000,00,,,ANNUAL,WHEAT,00000000,FIELD CROPS,US TOTAL,NATIONAL,,"ECONOMIC CLASS: (100,000 TO 249,999 $)",ALL CLASSES,BU,US TOTAL,,,,1.7,ALL PRODUCTION PRACTICES,9000,,,,99,"179,745,085",2017,ALL UTILIZATION PRACTICES,,US,ECONOMIC CLASS,,YEAR,CENSUS,PRODUCTION,UNITED STATES,00,CROPS,"WHEAT - PRODUCTION, MEASURED IN BU"
2018-02-01 00:00:00.000,00,,,ANNUAL,WHEAT,00000000,FIELD CROPS,US TOTAL,NATIONAL,,"ECONOMIC CLASS: (2,500 TO 4,999 $)",ALL CLASSES,BU,US TOTAL,,,,6.6,ALL PRODUCTION PRACTICES,9000,,,,99,"774,552",2017,ALL UTILIZATION PRACTICES,,US,ECONOMIC CLASS,,YEAR,CENSUS,PRODUCTION,UNITED STATES,00,CROPS,"WHEAT - PRODUCTION, MEASURED IN BU"
2018-02-01 00:00:00.000,00,,,ANNUAL,WHEAT,00000000,FIELD CROPS,US TOTAL,NATIONAL,,"ECONOMIC CLASS: (25,000 TO 49,999 $)",ALL CLASSES,BU,US TOTAL,,,,4.0,ALL PRODUCTION PRACTICES,9000,,,,99,"25,368,308",2017,ALL UTILIZATION PRACTICES,,US,ECONOMIC CLASS,,YEAR,CENSUS,PRODUCTION,UNITED STATES,00,CROPS,"WHEAT - PRODUCTION, MEASURED IN BU"
2018-02-01 00:00:00.000,00,,,ANNUAL,WHEAT,00000000,FIELD CROPS,US TOTAL,NATIONAL,,"ECONOMIC CLASS: (250,000 TO 499,999 $)",ALL CLASSES,BU,US TOTAL,,,,2.4,ALL PRODUCTION PRACTICES,9000,,,,99,"301,569,207",2017,ALL UTILIZATION PRACTICES,,US,ECONOMIC CLASS,,YEAR,CENSUS,PRODUCTION,UNITED STATES,00,CROPS,"WHEAT - PRODUCTION, MEASURED IN BU"
2018-02-01 00:00:00.000,00,,,ANNUAL,WHEAT,00000000,FIELD CROPS,US TOTAL,NATIONAL,,"ECONOMIC CLASS: (5,000 TO 9,999 $)",ALL CLASSES,BU,US TOTAL,,,,17.2,ALL PRODUCTION PRACTICES,9000,,,,99,"2,641,929",2017,ALL UTILIZATION PRACTICES,,US,ECONOMIC CLASS,,YEAR,CENSUS,PRODUCTION,UNITED STATES,00,CROPS,"WHEAT - PRODUCTION, MEASURED IN BU"
2018-02-01 00:00:00.000,00,,,ANNUAL,WHEAT,00000000,FIELD CROPS,US TOTAL,NATIONAL,,"ECONOMIC CLASS: (50,000 TO 99,999 $)",ALL CLASSES,BU,US TOTAL,,,,2.9,ALL PRODUCTION PRACTICES,9000,,,,99,"55,909,116",2017,ALL UTILIZATION PRACTICES,,US,ECONOMIC CLASS,,YEAR,CENSUS,PRODUCTION,UNITED STATES,00,CROPS,"WHEAT - PRODUCTION, MEASURED IN BU"
2018-02-01 00:00:00.000,00,,,ANNUAL,WHEAT,00000000,FIELD CROPS,US TOTAL,NATIONAL,,"ECONOMIC CLASS: (500,000 TO 999,999 $)",ALL CLASSES,BU,US TOTAL,,,,2.5,ALL PRODUCTION PRACTICES,9000,,,,99,"447,357,282",2017,ALL UTILIZATION PRACTICES,,US,ECONOMIC CLASS,,YEAR,CENSUS,PRODUCTION,UNITED STATES,00,CROPS,"WHEAT - PRODUCTION, MEASURED IN BU"
2018-02-01 00:00:00.000,00,,,ANNUAL,WHEAT,00000000,FIELD CROPS,US TOTAL,NATIONAL,,"ECONOMIC CLASS: (LESS THAN 1,000 $)",ALL CLASSES,BU,US TOTAL,,,,55.5,ALL PRODUCTION PRACTICES,9000,,,,99,"91,912",2017,ALL UTILIZATION PRACTICES,,US,ECONOMIC CLASS,,YEAR,CENSUS,PRODUCTION,UNITED STATES,00,CROPS,"WHEAT - PRODUCTION, MEASURED IN BU"
2018-02-01 00:00:00.000,00,,,ANNUAL,WHEAT,00000000,FIELD CROPS,US TOTAL,NATIONAL,,"FARM SALES: (1,000 TO 2,499 $)",ALL CLASSES,BU,US TOTAL,,,,24.0,ALL PRODUCTION PRACTICES,9000,,,,99,"388,374",2017,ALL UTILIZATION PRACTICES,,US,FARM SALES,,YEAR,CENSUS,PRODUCTION,UNITED STATES,00,CROPS,"WHEAT - PRODUCTION, MEASURED IN BU"
2018-02-01 00:00:00.000,00,,,ANNUAL,WHEAT,00000000,FIELD CROPS,US TOTAL,NATIONAL,,"FARM SALES: (1,000,000 OR MORE $)",ALL CLASSES,BU,US TOTAL,,,,2.3,ALL PRODUCTION PRACTICES,9000,,,,99,"722,593,336",2017,ALL UTILIZATION PRACTICES,,US,FARM SALES,,YEAR,CENSUS,PRODUCTION,UNITED STATES,00,CROPS,"WHEAT - PRODUCTION, MEASURED IN BU"
2018-02-01 00:00:00.000,00,,,ANNUAL,WHEAT,00000000,FIELD CROPS,US TOTAL,NATIONAL,,"FARM SALES: (10,000 TO 24,999 $)",ALL CLASSES,BU,US TOTAL,,,,5.3,ALL PRODUCTION PRACTICES,9000,,,,99,"14,231,042",2017,ALL UTILIZATION PRACTICES,,US,FARM SALES,,YEAR,CENSUS,PRODUCTION,UNITED STATES,00,CROPS,"WHEAT - PRODUCTION, MEASURED IN BU"
2018-02-01 00:00:00.000,00,,,ANNUAL,WHEAT,00000000,FIELD CROPS,US TOTAL,NATIONAL,,"FARM SALES: (100,000 TO 249,999 $)",ALL CLASSES,BU,US TOTAL,,,,2.2,ALL PRODUCTION PRACTICES,9000,,,,99,"198,227,187",2017,ALL UTILIZATION PRACTICES,,US,FARM SALES,,YEAR,CENSUS,PRODUCTION,UNITED STATES,00,CROPS,"WHEAT - PRODUCTION, MEASURED IN BU"
2018-02-01 00:00:00.000,00,,,ANNUAL,WHEAT,00000000,FIELD CROPS,US TOTAL,NATIONAL,,"FARM SALES: (2,500 TO 4,999 $)",ALL CLASSES,BU,US TOTAL,,,,7.3,ALL PRODUCTION PRACTICES,9000,,,,99,"1,090,802",2017,ALL UTILIZATION PRACTICES,,US,FARM SALES,,YEAR,CENSUS,PRODUCTION,UNITED STATES,00,CROPS,"WHEAT - PRODUCTION, MEASURED IN BU"
2018-02-01 00:00:00.000,00,,,ANNUAL,WHEAT,00000000,FIELD CROPS,US TOTAL,NATIONAL,,"FARM SALES: (25,000 TO 49,999 $)",ALL CLASSES,BU,US TOTAL,,,,7.2,ALL PRODUCTION PRACTICES,9000,,,,99,"30,621,746",2017,ALL UTILIZATION PRACTICES,,US,FARM SALES,,YEAR,CENSUS,PRODUCTION,UNITED STATES,00,CROPS,"WHEAT - PRODUCTION, MEASURED IN BU"
2018-02-01 00:00:00.000,00,,,ANNUAL,WHEAT,00000000,FIELD CROPS,US TOTAL,NATIONAL,,"FARM SALES: (250,000 TO 499,999 $)",ALL CLASSES,BU,US TOTAL,,,,3.8,ALL PRODUCTION PRACTICES,9000,,,,99,"321,594,172",2017,ALL UTILIZATION PRACTICES,,US,FARM SALES,,YEAR,CENSUS,PRODUCTION,UNITED STATES,00,CROPS,"WHEAT - PRODUCTION, MEASURED IN BU"
2018-02-01 00:00:00.000,00,,,ANNUAL,WHEAT,00000000,FIELD CROPS,US TOTAL,NATIONAL,,"FARM SALES: (5,000 TO 9,999 $)",ALL CLASSES,BU,US TOTAL,,,,14.0,ALL PRODUCTION PRACTICES,9000,,,,99,"3,545,097",2017,ALL UTILIZATION PRACTICES,,US,FARM SALES,,YEAR,CENSUS,PRODUCTION,UNITED STATES,00,CROPS,"WHEAT - PRODUCTION, MEASURED IN BU"
2018-02-01 00:00:00.000,00,,,ANNUAL,WHEAT,00000000,FIELD CROPS,US TOTAL,NATIONAL,,"FARM SALES: (50,000 TO 99,999 $)",ALL CLASSES,BU,US TOTAL,,,,3.9,ALL PRODUCTION PRACTICES,9000,,,,99,"62,468,238",2017,ALL UTILIZATION PRACTICES,,US,FARM SALES,,YEAR,CENSUS,PRODUCTION,UNITED STATES,00,CROPS,"WHEAT - PRODUCTION, MEASURED IN BU"
2018-02-01 00:00:00.000,00,,,ANNUAL,WHEAT,00000000,FIELD CROPS,US TOTAL,NATIONAL,,"FARM SALES: (500,000 TO 999,999 $)",ALL CLASSES,BU,US TOTAL,,,,2.2,ALL PRODUCTION PRACTICES,9000,,,,99,"433,442,028",2017,ALL UTILIZATION PRACTICES,,US,FARM SALES,,YEAR,CENSUS,PRODUCTION,UNITED STATES,00,CROPS,"WHEAT - PRODUCTION, MEASURED IN BU"
2018-02-01 00:00:00.000,00,,,ANNUAL,WHEAT,00000000,FIELD CROPS,US TOTAL,NATIONAL,,"FARM SALES: (LESS THAN 1,000 $)",ALL CLASSES,BU,US TOTAL,,,,20.4,ALL PRODUCTION PRACTICES,9000,,,,99,"254,571",2017,ALL UTILIZATION PRACTICES,,US,FARM SALES,,YEAR,CENSUS,PRODUCTION,UNITED STATES,00,CROPS,"WHEAT - PRODUCTION, MEASURED IN BU"
2018-02-01 00:00:00.000,00,,,ANNUAL,WHEAT,00000000,FIELD CROPS,US TOTAL,NATIONAL,,NAICS CLASSIFICATION: (1111),ALL CLASSES,BU,US TOTAL,,,,1.9,ALL PRODUCTION PRACTICES,9000,,,,99,"1,439,211,188",2017,ALL UTILIZATION PRACTICES,,US,NAICS CLASSIFICATION,,YEAR,CENSUS,PRODUCTION,UNITED STATES,00,CROPS,"WHEAT - PRODUCTION, MEASURED IN BU"
2018-02-01 00:00:00.000,00,,,ANNUAL,WHEAT,00000000,FIELD CROPS,US TOTAL,NATIONAL,,NAICS CLASSIFICATION: (1112),ALL CLASSES,BU,US TOTAL,,,,7.4,ALL PRODUCTION PRACTICES,9000,,,,99,"68,710,420",2017,ALL UTILIZATION PRACTICES,,US,NAICS CLASSIFICATION,,YEAR,CENSUS,PRODUCTION,UNITED STATES,00,CROPS,"WHEAT - PRODUCTION, MEASURED IN BU"
2018-02-01 00:00:00.000,00,,,ANNUAL,WHEAT,00000000,FIELD CROPS,US TOTAL,NATIONAL,,NAICS CLASSIFICATION: (1113),ALL CLASSES,BU,US TOTAL,,,,4.4,ALL PRODUCTION PRACTICES,9000,,,,99,"3,506,533",2017,ALL UTILIZATION PRACTICES,,US,NAICS CLASSIFICATION,,YEAR,CENSUS,PRODUCTION,UNITED STATES,00,CROPS,"WHEAT - PRODUCTION, MEASURED IN BU"
2018-02-01 00:00:00.000,00,,,ANNUAL,WHEAT,00000000,FIELD CROPS,US TOTAL,NATIONAL,,NAICS CLASSIFICATION: (1114),ALL CLASSES,BU,US TOTAL,,,,21.6,ALL PRODUCTION PRACTICES,9000,,,,99,"910,160",2017,ALL UTILIZATION PRACTICES,,US,NAICS CLASSIFICATION,,YEAR,CENSUS,PRODUCTION,UNITED STATES,00,CROPS,"WHEAT - PRODUCTION, MEASURED IN BU"
2018-02-01 00:00:00.000,00,,,ANNUAL,WHEAT,00000000,FIELD CROPS,US TOTAL,NATIONAL,,NAICS CLASSIFICATION: (1119),ALL CLASSES,BU,US TOTAL,,,,3.7,ALL PRODUCTION PRACTICES,9000,,,,99,"116,560,103",2017,ALL UTILIZATION PRACTICES,,US,NAICS CLASSIFICATION,,YEAR,CENSUS,PRODUCTION,UNITED STATES,00,CROPS,"WHEAT - PRODUCTION, MEASURED IN BU"
2018-02-01 00:00:00.000,00,,,ANNUAL,WHEAT,00000000,FIELD CROPS,US TOTAL,NATIONAL,,NAICS CLASSIFICATION: (11191),ALL CLASSES,BU,US TOTAL,,,,12.0,ALL PRODUCTION PRACTICES,9000,,,,99,"3,900,083",2017,ALL UTILIZATION PRACTICES,,US,NAICS CLASSIFICATION,,YEAR,CENSUS,PRODUCTION,UNITED STATES,00,CROPS,"WHEAT - PRODUCTION, MEASURED IN BU"
2018-02-01 00:00:00.000,00,,,ANNUAL,WHEAT,00000000,FIELD CROPS,US TOTAL,NATIONAL,,NAICS CLASSIFICATION: (11192),ALL CLASSES,BU,US TOTAL,,,,6.5,ALL PRODUCTION PRACTICES,9000,,,,99,"25,592,161",2017,ALL UTILIZATION PRACTICES,,US,NAICS CLASSIFICATION,,YEAR,CENSUS,PRODUCTION,UNITED STATES,00,CROPS,"WHEAT - PRODUCTION, MEASURED IN BU"
2018-02-01 00:00:00.000,00,,,ANNUAL,WHEAT,00000000,FIELD CROPS,US TOTAL,NATIONAL,,NAICS CLASSIFICATION: (11193 & 11194 & 11199),ALL CLASSES,BU,US TOTAL,,,,3.9,ALL PRODUCTION PRACTICES,9000,,,,99,"87,067,859",2017,ALL UTILIZATION PRACTICES,,US,NAICS CLASSIFICATION,,YEAR,CENSUS,PRODUCTION,UNITED STATES,00,CROPS,"WHEAT - PRODUCTION, MEASURED IN BU"
2018-02-01 00:00:00.000,00,,,ANNUAL,WHEAT,00000000,FIELD CROPS,US TOTAL,NATIONAL,,NAICS CLASSIFICATION: (112111),ALL CLASSES,BU,US TOTAL,,,,5.3,ALL PRODUCTION PRACTICES,9000,,,,99,"103,494,550",2017,ALL UTILIZATION PRACTICES,,US,NAICS CLASSIFICATION,,YEAR,CENSUS,PRODUCTION,UNITED STATES,00,CROPS,"WHEAT - PRODUCTION, MEASURED IN BU"
2018-02-01 00:00:00.000,00,,,ANNUAL,WHEAT,00000000,FIELD CROPS,US TOTAL,NATIONAL,,NAICS CLASSIFICATION: (112112),ALL CLASSES,BU,US TOTAL,,,,5.6,ALL PRODUCTION PRACTICES,9000,,,,99,"12,581,079",2017,ALL UTILIZATION PRACTICES,,US,NAICS CLASSIFICATION,,YEAR,CENSUS,PRODUCTION,UNITED STATES,00,CROPS,"WHEAT - PRODUCTION, MEASURED IN BU"
2018-02-01 00:00:00.000,00,,,ANNUAL,WHEAT,00000000,FIELD CROPS,US TOTAL,NATIONAL,,NAICS CLASSIFICATION: (11212),ALL CLASSES,BU,US TOTAL,,,,4.2,ALL PRODUCTION PRACTICES,9000,,,,99,"19,811,670",2017,ALL UTILIZATION PRACTICES,,US,NAICS CLASSIFICATION,,YEAR,CENSUS,PRODUCTION,UNITED STATES,00,CROPS,"WHEAT - PRODUCTION, MEASURED IN BU"
2018-02-01 00:00:00.000,00,,,ANNUAL,WHEAT,00000000,FIELD CROPS,US TOTAL,NATIONAL,,NAICS CLASSIFICATION: (1122),ALL CLASSES,BU,US TOTAL,,,,5.0,ALL PRODUCTION PRACTICES,9000,,,,99,"7,542,011",2017,ALL UTILIZATION PRACTICES,,US,NAICS CLASSIFICATION,,YEAR,CENSUS,PRODUCTION,UNITED STATES,00,CROPS,"WHEAT - PRODUCTION, MEASURED IN BU"
2018-02-01 00:00:00.000,00,,,ANNUAL,WHEAT,00000000,FIELD CROPS,US TOTAL,NATIONAL,,NAICS CLASSIFICATION: (1123),ALL CLASSES,BU,US TOTAL,,,,4.3,ALL PRODUCTION PRACTICES,9000,,,,99,"6,642,926",2017,ALL UTILIZATION PRACTICES,,US,NAICS CLASSIFICATION,,YEAR,CENSUS,PRODUCTION,UNITED STATES,00,CROPS,"WHEAT - PRODUCTION, MEASURED IN BU"
2018-02-01 00:00:00.000,00,,,ANNUAL,WHEAT,00000000,FIELD CROPS,US TOTAL,NATIONAL,,NAICS CLASSIFICATION: (1124),ALL CLASSES,BU,US TOTAL,,,,10.6,ALL PRODUCTION PRACTICES,9000,,,,99,"767,934",2017,ALL UTILIZATION PRACTICES,,US,NAICS CLASSIFICATION,,YEAR,CENSUS,PRODUCTION,UNITED STATES,00,CROPS,"WHEAT - PRODUCTION, MEASURED IN BU"
2018-02-01 00:00:00.000,00,,,ANNUAL,WHEAT,00000000,FIELD CROPS,US TOTAL,NATIONAL,,NAICS CLASSIFICATION: (1125 & 1129),ALL CLASSES,BU,US TOTAL,,,,4.1,ALL PRODUCTION PRACTICES,9000,,,,99,"8,718,019",2017,ALL UTILIZATION PRACTICES,,US,NAICS CLASSIFICATION,,YEAR,CENSUS,PRODUCTION,UNITED STATES,00,CROPS,"WHEAT - PRODUCTION, MEASURED IN BU"
2018-02-01 00:00:00.000,00,,,ANNUAL,WHEAT,00000000,FIELD CROPS,US TOTAL,NATIONAL,,NOT SPECIFIED,ALL CLASSES,BU,US TOTAL,,,,1.6,ALL PRODUCTION PRACTICES,9000,,,,99,"1,788,456,593",2017,ALL UTILIZATION PRACTICES,,US,TOTAL,,YEAR,CENSUS,PRODUCTION,UNITED STATES,00,CROPS,"WHEAT - PRODUCTION, MEASURED IN BU"
2018-02-01 00:00:00.000,00,,,ANNUAL,WHEAT,00000000,FIELD CROPS,US TOTAL,NATIONAL,,"AREA HARVESTED: (1,000 OR MORE ACRES)","SPRING, (EXCL DURUM)",BU,US TOTAL,,,,6.9,ALL PRODUCTION PRACTICES,9000,,,,99,"215,716,894",2017,ALL UTILIZATION PRACTICES,,US,AREA HARVESTED,,YEAR,CENSUS,PRODUCTION,UNITED STATES,00,CROPS,"WHEAT, SPRING, (EXCL DURUM) - PRODUCTION, MEASURED IN BU"
2018-02-01 00:00:00.000,00,,,ANNUAL,WHEAT,00000000,FIELD CROPS,US TOTAL,NATIONAL,,"AREA HARVESTED: (1,000 TO 1,999 ACRES)","SPRING, (EXCL DURUM)",BU,US TOTAL,,,,10.0,ALL PRODUCTION PRACTICES,9000,,,,99,"127,720,359",2017,ALL UTILIZATION PRACTICES,,US,AREA HARVESTED,,YEAR,CENSUS,PRODUCTION,UNITED STATES,00,CROPS,"WHEAT, SPRING, (EXCL DURUM) - PRODUCTION, MEASURED IN BU"
2018-02-01 00:00:00.000,00,,,ANNUAL,WHEAT,00000000,FIELD CROPS,US TOTAL,NATIONAL,,AREA HARVESTED: (1.0 TO 14.9 ACRES),"SPRING, (EXCL DURUM)",BU,US TOTAL,,,,5.6,ALL PRODUCTION PRACTICES,9000,,,,99,"303,245",2017,ALL UTILIZATION PRACTICES,,US,AREA HARVESTED,,YEAR,CENSUS,PRODUCTION,UNITED STATES,00,CROPS,"WHEAT, SPRING, (EXCL DURUM) - PRODUCTION, MEASURED IN BU"
2018-02-01 00:00:00.000,00,,,ANNUAL,WHEAT,00000000,FIELD CROPS,US TOTAL,NATIONAL,,AREA HARVESTED: (100 TO 249 ACRES),"SPRING, (EXCL DURUM)",BU,US TOTAL,,,,8.7,ALL PRODUCTION PRACTICES,9000,,,,99,"34,996,266",2017,ALL UTILIZATION PRACTICES,,US,AREA HARVESTED,,YEAR,CENSUS,PRODUCTION,UNITED STATES,00,CROPS,"WHEAT, SPRING, (EXCL DURUM) - PRODUCTION, MEASURED IN BU"
2018-02-01 00:00:00.000,00,,,ANNUAL,WHEAT,00000000,FIELD CROPS,US TOTAL,NATIONAL,,AREA HARVESTED: (15.0 TO 24.9 ACRES),"SPRING, (EXCL DURUM)",BU,US TOTAL,,,,23.0,ALL PRODUCTION PRACTICES,9000,,,,99,"682,796",2017,ALL UTILIZATION PRACTICES,,US,AREA HARVESTED,,YEAR,CENSUS,PRODUCTION,UNITED STATES,00,CROPS,"WHEAT, SPRING, (EXCL DURUM) - PRODUCTION, MEASURED IN BU"
2018-02-01 00:00:00.000,00,,,ANNUAL,WHEAT,00000000,FIELD CROPS,US TOTAL,NATIONAL,,"AREA HARVESTED: (2,000 TO 2,999 ACRES)","SPRING, (EXCL DURUM)",BU,US TOTAL,,,,5.2,ALL PRODUCTION PRACTICES,9000,,,,99,"50,529,917",2017,ALL UTILIZATION PRACTICES,,US,AREA HARVESTED,,YEAR,CENSUS,PRODUCTION,UNITED STATES,00,CROPS,"WHEAT, SPRING, (EXCL DURUM) - PRODUCTION, MEASURED IN BU"
2018-02-01 00:00:00.000,00,,,ANNUAL,WHEAT,00000000,FIELD CROPS,US TOTAL,NATIONAL,,AREA HARVESTED: (25.0 TO 49.9 ACRES),"SPRING, (EXCL DURUM)",BU,US TOTAL,,,,10.1,ALL PRODUCTION PRACTICES,9000,,,,99,"2,738,522",2017,ALL UTILIZATION PRACTICES,,US,AREA HARVESTED,,YEAR,CENSUS,PRODUCTION,UNITED STATES,00,CROPS,"WHEAT, SPRING, (EXCL DURUM) - PRODUCTION, MEASURED IN BU"
2018-02-01 00:00:00.000,00,,,ANNUAL,WHEAT,00000000,FIELD CROPS,US TOTAL,NATIONAL,,AREA HARVESTED: (250 TO 499 ACRES),"SPRING, (EXCL DURUM)",BU,US TOTAL,,,,4.1,ALL PRODUCTION PRACTICES,9000,,,,99,"66,826,169",2017,ALL UTILIZATION PRACTICES,,US,AREA HARVESTED,,YEAR,CENSUS,PRODUCTION,UNITED STATES,00,CROPS,"WHEAT, SPRING, (EXCL DURUM) - PRODUCTION, MEASURED IN BU"
2018-02-01 00:00:00.000,00,,,ANNUAL,WHEAT,00000000,FIELD CROPS,US TOTAL,NATIONAL,,"AREA HARVESTED: (3,000 TO 4,999 ACRES)","SPRING, (EXCL DURUM)",BU,US TOTAL,,,,8.1,ALL PRODUCTION PRACTICES,9000,,,,99,"26,592,470",2017,ALL UTILIZATION PRACTICES,,US,AREA HARVESTED,,YEAR,CENSUS,PRODUCTION,UNITED STATES,00,CROPS,"WHEAT, SPRING, (EXCL DURUM) - PRODUCTION, MEASURED IN BU"
2018-02-01 00:00:00.000,00,,,ANNUAL,WHEAT,00000000,FIELD CROPS,US TOTAL,NATIONAL,,"AREA HARVESTED: (5,000 OR MORE ACRES)","SPRING, (EXCL DURUM)",BU,US TOTAL,,,,4.2,ALL PRODUCTION PRACTICES,9000,,,,99,"10,874,148",2017,ALL UTILIZATION PRACTICES,,US,AREA HARVESTED,,YEAR,CENSUS,PRODUCTION,UNITED STATES,00,CROPS,"WHEAT, SPRING, (EXCL DURUM) - PRODUCTION, MEASURED IN BU"
2018-02-01 00:00:00.000,00,,,ANNUAL,WHEAT,00000000,FIELD CROPS,US TOTAL,NATIONAL,,AREA HARVESTED: (50.0 TO 99.9 ACRES),"SPRING, (EXCL DURUM)",BU,US TOTAL,,,,8.3,ALL PRODUCTION PRACTICES,9000,,,,99,"8,351,367",2017,ALL UTILIZATION PRACTICES,,US,AREA HARVESTED,,YEAR,CENSUS,PRODUCTION,UNITED STATES,00,CROPS,"WHEAT, SPRING, (EXCL DURUM) - PRODUCTION, MEASURED IN BU"
2018-02-01 00:00:00.000,00,,,ANNUAL,WHEAT,00000000,FIELD CROPS,US TOTAL,NATIONAL,,AREA HARVESTED: (500 TO 999 ACRES),"SPRING, (EXCL DURUM)",BU,US TOTAL,,,,6.5,ALL PRODUCTION PRACTICES,9000,,,,99,"111,155,060",2017,ALL UTILIZATION PRACTICES,,US,AREA HARVESTED,,YEAR,CENSUS,PRODUCTION,UNITED STATES,00,CROPS,"WHEAT, SPRING, (EXCL DURUM) - PRODUCTION, MEASURED IN BU"
2018-02-01 00:00:00.000,00,,,ANNUAL,WHEAT,00000000,FIELD CROPS,US TOTAL,NATIONAL,,NOT SPECIFIED,"SPRING, (EXCL DURUM)",BU,US TOTAL,,,,4.6,ALL PRODUCTION PRACTICES,9000,,,,99,"440,770,319",2017,ALL UTILIZATION PRACTICES,,US,TOTAL,,YEAR,CENSUS,PRODUCTION,UNITED STATES,00,CROPS,"WHEAT, SPRING, (EXCL DURUM) - PRODUCTION, MEASURED IN BU"
2018-02-01 00:00:00.000,00,,,ANNUAL,WHEAT,00000000,FIELD CROPS,US TOTAL,NATIONAL,,"AREA HARVESTED: (1,000 OR MORE ACRES)","SPRING, DURUM",BU,US TOTAL,,,,5.9,ALL PRODUCTION PRACTICES,9000,,,,99,"33,740,389",2017,ALL UTILIZATION PRACTICES,,US,AREA HARVESTED,,YEAR,CENSUS,PRODUCTION,UNITED STATES,00,CROPS,"WHEAT, SPRING, DURUM - PRODUCTION, MEASURED IN BU"
2018-02-01 00:00:00.000,00,,,ANNUAL,WHEAT,00000000,FIELD CROPS,US TOTAL,NATIONAL,,"AREA HARVESTED: (1,000 TO 1,999 ACRES)","SPRING, DURUM",BU,US TOTAL,,,,9.2,ALL PRODUCTION PRACTICES,9000,,,,99,"17,940,159",2017,ALL UTILIZATION PRACTICES,,US,AREA HARVESTED,,YEAR,CENSUS,PRODUCTION,UNITED STATES,00,CROPS,"WHEAT, SPRING, DURUM - PRODUCTION, MEASURED IN BU"
2018-02-01 00:00:00.000,00,,,ANNUAL,WHEAT,00000000,FIELD CROPS,US TOTAL,NATIONAL,,AREA HARVESTED: (1.0 TO 14.9 ACRES),"SPRING, DURUM",BU,US TOTAL,,,,35.5,ALL PRODUCTION PRACTICES,9000,,,,99,"27,283",2017,ALL UTILIZATION PRACTICES,,US,AREA HARVESTED,,YEAR,CENSUS,PRODUCTION,UNITED STATES,00,CROPS,"WHEAT, SPRING, DURUM - PRODUCTION, MEASURED IN BU"
2018-02-01 00:00:00.000,00,,,ANNUAL,WHEAT,00000000,FIELD CROPS,US TOTAL,NATIONAL,,AREA HARVESTED: (100 TO 249 ACRES),"SPRING, DURUM",BU,US TOTAL,,,,18.1,ALL PRODUCTION PRACTICES,9000,,,,99,"4,918,867",2017,ALL UTILIZATION PRACTICES,,US,AREA HARVESTED,,YEAR,CENSUS,PRODUCTION,UNITED STATES,00,CROPS,"WHEAT, SPRING, DURUM - PRODUCTION, MEASURED IN BU"
2018-02-01 00:00:00.000,00,,,ANNUAL,WHEAT,00000000,FIELD CROPS,US TOTAL,NATIONAL,,AREA HARVESTED: (15.0 TO 24.9 ACRES),"SPRING, DURUM",BU,US TOTAL,,,,59.6,ALL PRODUCTION PRACTICES,9000,,,,99,"31,569",2017,ALL UTILIZATION PRACTICES,,US,AREA HARVESTED,,YEAR,CENSUS,PRODUCTION,UNITED STATES,00,CROPS,"WHEAT, SPRING, DURUM - PRODUCTION, MEASURED IN BU"
2018-02-01 00:00:00.000,00,,,ANNUAL,WHEAT,00000000,FIELD CROPS,US TOTAL,NATIONAL,,"AREA HARVESTED: (2,000 TO 2,999 ACRES)","SPRING, DURUM",BU,US TOTAL,,,,12.8,ALL PRODUCTION PRACTICES,9000,,,,99,"8,449,405",2017,ALL UTILIZATION PRACTICES,,US,AREA HARVESTED,,YEAR,CENSUS,PRODUCTION,UNITED STATES,00,CROPS,"WHEAT, SPRING, DURUM - PRODUCTION, MEASURED IN BU"
2018-02-01 00:00:00.000,00,,,ANNUAL,WHEAT,00000000,FIELD CROPS,US TOTAL,NATIONAL,,AREA HARVESTED: (25.0 TO 49.9 ACRES),"SPRING, DURUM",BU,US TOTAL,,,,11.9,ALL PRODUCTION PRACTICES,9000,,,,99,"168,485",2017,ALL UTILIZATION PRACTICES,,US,AREA HARVESTED,,YEAR,CENSUS,PRODUCTION,UNITED STATES,00,CROPS,"WHEAT, SPRING, DURUM - PRODUCTION, MEASURED IN BU"
2018-02-01 00:00:00.000,00,,,ANNUAL,WHEAT,00000000,FIELD CROPS,US TOTAL,NATIONAL,,AREA HARVESTED: (250 TO 499 ACRES),"SPRING, DURUM",BU,US TOTAL,,,,8.7,ALL PRODUCTION PRACTICES,9000,,,,99,"8,235,653",2017,ALL UTILIZATION PRACTICES,,US,AREA HARVESTED,,YEAR,CENSUS,PRODUCTION,UNITED STATES,00,CROPS,"WHEAT, SPRING, DURUM - PRODUCTION, MEASURED IN BU"
2018-02-01 00:00:00.000,00,,,ANNUAL,WHEAT,00000000,FIELD CROPS,US TOTAL,NATIONAL,,"AREA HARVESTED: (3,000 TO 4,999 ACRES)","SPRING, DURUM",BU,US TOTAL,,,,5.8,ALL PRODUCTION PRACTICES,9000,,,,99,"6,480,955",2017,ALL UTILIZATION PRACTICES,,US,AREA HARVESTED,,YEAR,CENSUS,PRODUCTION,UNITED STATES,00,CROPS,"WHEAT, SPRING, DURUM - PRODUCTION, MEASURED IN BU"
2018-02-01 00:00:00.000,00,,,ANNUAL,WHEAT,00000000,FIELD CROPS,US TOTAL,NATIONAL,,"AREA HARVESTED: (5,000 OR MORE ACRES)","SPRING, DURUM",BU,US TOTAL,,,,1.3,ALL PRODUCTION PRACTICES,9000,,,,99,"869,870",2017,ALL UTILIZATION PRACTICES,,US,AREA HARVESTED,,YEAR,CENSUS,PRODUCTION,UNITED STATES,00,CROPS,"WHEAT, SPRING, DURUM - PRODUCTION, MEASURED IN BU"
2018-02-01 00:00:00.000,00,,,ANNUAL,WHEAT,00000000,FIELD CROPS,US TOTAL,NATIONAL,,AREA HARVESTED: (50.0 TO 99.9 ACRES),"SPRING, DURUM",BU,US TOTAL,,,,19.6,ALL PRODUCTION PRACTICES,9000,,,,99,"751,978",2017,ALL UTILIZATION PRACTICES,,US,AREA HARVESTED,,YEAR,CENSUS,PRODUCTION,UNITED STATES,00,CROPS,"WHEAT, SPRING, DURUM - PRODUCTION, MEASURED IN BU"
2018-02-01 00:00:00.000,00,,,ANNUAL,WHEAT,00000000,FIELD CROPS,US TOTAL,NATIONAL,,AREA HARVESTED: (500 TO 999 ACRES),"SPRING, DURUM",BU,US TOTAL,,,,6.8,ALL PRODUCTION PRACTICES,9000,,,,99,"15,399,423",2017,ALL UTILIZATION PRACTICES,,US,AREA HARVESTED,,YEAR,CENSUS,PRODUCTION,UNITED STATES,00,CROPS,"WHEAT, SPRING, DURUM - PRODUCTION, MEASURED IN BU"
2018-02-01 00:00:00.000,00,,,ANNUAL,WHEAT,00000000,FIELD CROPS,US TOTAL,NATIONAL,,NOT SPECIFIED,"SPRING, DURUM",BU,US TOTAL,,,,3.8,ALL PRODUCTION PRACTICES,9000,,,,99,"63,273,647",2017,ALL UTILIZATION PRACTICES,,US,TOTAL,,YEAR,CENSUS,PRODUCTION,UNITED STATES,00,CROPS,"WHEAT, SPRING, DURUM - PRODUCTION, MEASURED IN BU"
2018-02-01 00:00:00.000,00,,,ANNUAL,WHEAT,00000000,FIELD CROPS,US TOTAL,NATIONAL,,"AREA HARVESTED: (1,000 OR MORE ACRES)",WINTER,BU,US TOTAL,,,,1.7,ALL PRODUCTION PRACTICES,9000,,,,99,"573,370,976",2017,ALL UTILIZATION PRACTICES,,US,AREA HARVESTED,,YEAR,CENSUS,PRODUCTION,UNITED STATES,00,CROPS,"WHEAT, WINTER - PRODUCTION, MEASURED IN BU"
2018-02-01 00:00:00.000,00,,,ANNUAL,WHEAT,00000000,FIELD CROPS,US TOTAL,NATIONAL,,"AREA HARVESTED: (1,000 TO 1,999 ACRES)",WINTER,BU,US TOTAL,,,,2.4,ALL PRODUCTION PRACTICES,9000,,,,99,"298,377,456",2017,ALL UTILIZATION PRACTICES,,US,AREA HARVESTED,,YEAR,CENSUS,PRODUCTION,UNITED STATES,00,CROPS,"WHEAT, WINTER - PRODUCTION, MEASURED IN BU"
2018-02-01 00:00:00.000,00,,,ANNUAL,WHEAT,00000000,FIELD CROPS,US TOTAL,NATIONAL,,AREA HARVESTED: (1.0 TO 14.9 ACRES),WINTER,BU,US TOTAL,,,,8.2,ALL PRODUCTION PRACTICES,9000,,,,99,"3,785,892",2017,ALL UTILIZATION PRACTICES,,US,AREA HARVESTED,,YEAR,CENSUS,PRODUCTION,UNITED STATES,00,CROPS,"WHEAT, WINTER - PRODUCTION, MEASURED IN BU"
2018-02-01 00:00:00.000,00,,,ANNUAL,WHEAT,00000000,FIELD CROPS,US TOTAL,NATIONAL,,AREA HARVESTED: (100 TO 249 ACRES),WINTER,BU,US TOTAL,,,,5.8,ALL PRODUCTION PRACTICES,9000,,,,99,"154,225,812",2017,ALL UTILIZATION PRACTICES,,US,AREA HARVESTED,,YEAR,CENSUS,PRODUCTION,UNITED STATES,00,CROPS,"WHEAT, WINTER - PRODUCTION, MEASURED IN BU"
2018-02-01 00:00:00.000,00,,,ANNUAL,WHEAT,00000000,FIELD CROPS,US TOTAL,NATIONAL,,AREA HARVESTED: (15.0 TO 24.9 ACRES),WINTER,BU,US TOTAL,,,,5.1,ALL PRODUCTION PRACTICES,9000,,,,99,"8,175,051",2017,ALL UTILIZATION PRACTICES,,US,AREA HARVESTED,,YEAR,CENSUS,PRODUCTION,UNITED STATES,00,CROPS,"WHEAT, WINTER - PRODUCTION, MEASURED IN BU"
2018-02-01 00:00:00.000,00,,,ANNUAL,WHEAT,00000000,FIELD CROPS,US TOTAL,NATIONAL,,"AREA HARVESTED: (2,000 TO 2,999 ACRES)",WINTER,BU,US TOTAL,,,,4.9,ALL PRODUCTION PRACTICES,9000,,,,99,"140,463,176",2017,ALL UTILIZATION PRACTICES,,US,AREA HARVESTED,,YEAR,CENSUS,PRODUCTION,UNITED STATES,00,CROPS,"WHEAT, WINTER - PRODUCTION, MEASURED IN BU"
2018-02-01 00:00:00.000,00,,,ANNUAL,WHEAT,00000000,FIELD CROPS,US TOTAL,NATIONAL,,AREA HARVESTED: (25.0 TO 49.9 ACRES),WINTER,BU,US TOTAL,,,,2.9,ALL PRODUCTION PRACTICES,9000,,,,99,"26,643,961",2017,ALL UTILIZATION PRACTICES,,US,AREA HARVESTED,,YEAR,CENSUS,PRODUCTION,UNITED STATES,00,CROPS,"WHEAT, WINTER - PRODUCTION, MEASURED IN BU"
2018-02-01 00:00:00.000,00,,,ANNUAL,WHEAT,00000000,FIELD CROPS,US TOTAL,NATIONAL,,AREA HARVESTED: (250 TO 499 ACRES),WINTER,BU,US TOTAL,,,,2.7,ALL PRODUCTION PRACTICES,9000,,,,99,"189,950,706",2017,ALL UTILIZATION PRACTICES,,US,AREA HARVESTED,,YEAR,CENSUS,PRODUCTION,UNITED STATES,00,CROPS,"WHEAT, WINTER - PRODUCTION, MEASURED IN BU"
2018-02-01 00:00:00.000,00,,,ANNUAL,WHEAT,00000000,FIELD CROPS,US TOTAL,NATIONAL,,"AREA HARVESTED: (3,000 TO 4,999 ACRES)",WINTER,BU,US TOTAL,,,,4.2,ALL PRODUCTION PRACTICES,9000,,,,99,"83,453,373",2017,ALL UTILIZATION PRACTICES,,US,AREA HARVESTED,,YEAR,CENSUS,PRODUCTION,UNITED STATES,00,CROPS,"WHEAT, WINTER - PRODUCTION, MEASURED IN BU"
2018-02-01 00:00:00.000,00,,,ANNUAL,WHEAT,00000000,FIELD CROPS,US TOTAL,NATIONAL,,"AREA HARVESTED: (5,000 OR MORE ACRES)",WINTER,BU,US TOTAL,,,,3.1,ALL PRODUCTION PRACTICES,9000,,,,99,"51,076,971",2017,ALL UTILIZATION PRACTICES,,US,AREA HARVESTED,,YEAR,CENSUS,PRODUCTION,UNITED STATES,00,CROPS,"WHEAT, WINTER - PRODUCTION, MEASURED IN BU"
2018-02-01 00:00:00.000,00,,,ANNUAL,WHEAT,00000000,FIELD CROPS,US TOTAL,NATIONAL,,AREA HARVESTED: (50.0 TO 99.9 ACRES),WINTER,BU,US TOTAL,,,,3.2,ALL PRODUCTION PRACTICES,9000,,,,99,"57,400,866",2017,ALL UTILIZATION PRACTICES,,US,AREA HARVESTED,,YEAR,CENSUS,PRODUCTION,UNITED STATES,00,CROPS,"WHEAT, WINTER - PRODUCTION, MEASURED IN BU"
2018-02-01 00:00:00.000,00,,,ANNUAL,WHEAT,00000000,FIELD CROPS,US TOTAL,NATIONAL,,AREA HARVESTED: (500 TO 999 ACRES),WINTER,BU,US TOTAL,,,,2.2,ALL PRODUCTION PRACTICES,9000,,,,99,"270,859,364",2017,ALL UTILIZATION PRACTICES,,US,AREA HARVESTED,,YEAR,CENSUS,PRODUCTION,UNITED STATES,00,CROPS,"WHEAT, WINTER - PRODUCTION, MEASURED IN BU"
2018-02-01 00:00:00.000,00,,,ANNUAL,WHEAT,00000000,FIELD CROPS,US TOTAL,NATIONAL,,NOT SPECIFIED,WINTER,BU,US TOTAL,,,,0.9,ALL PRODUCTION PRACTICES,9000,,,,99,"1,284,412,628",2017,ALL UTILIZATION PRACTICES,,US,TOTAL,,YEAR,CENSUS,PRODUCTION,UNITED STATES,00,CROPS,"WHEAT, WINTER - PRODUCTION, MEASURED IN BU"
2018-02-01 00:00:00.000,00,,,ANNUAL,WHEAT,00000000,FIELD CROPS,US TOTAL,NATIONAL,,ORGANIC STATUS: (NOP USDA CERTIFIED),ALL CLASSES,BU,US TOTAL,,,,7.9,ORGANIC,9000,,,,99,"14,192,924",2019,ALL UTILIZATION PRACTICES,,US,ORGANIC STATUS,,YEAR,CENSUS,PRODUCTION,UNITED STATES,00,CROPS,"WHEAT, ORGANIC - PRODUCTION, MEASURED IN BU"
2018-02-01 00:00:00.000,00,,,ANNUAL,WHEAT,00000000,FIELD CROPS,US TOTAL,NATIONAL,,ORGANIC STATUS: (NOP USDA CERTIFIED),"SPRING, (EXCL DURUM)",BU,US TOTAL,,,,10.8,ORGANIC,9000,,,,99,"4,079,899",2019,ALL UTILIZATION PRACTICES,,US,ORGANIC STATUS,,YEAR,CENSUS,PRODUCTION,UNITED STATES,00,CROPS,"WHEAT, SPRING, (EXCL DURUM), ORGANIC - PRODUCTION, MEASURED IN BU"
2018-02-01 00:00:00.000,00,,,ANNUAL,WHEAT,00000000,FIELD CROPS,US TOTAL,NATIONAL,,ORGANIC STATUS: (NOP USDA CERTIFIED),"SPRING, DURUM",BU,US TOTAL,,,,39.4,ORGANIC,9000,,,,99,"565,662",2019,ALL UTILIZATION PRACTICES,,US,ORGANIC STATUS,,YEAR,CENSUS,PRODUCTION,UNITED STATES,00,CROPS,"WHEAT, SPRING, DURUM, ORGANIC - PRODUCTION, MEASURED IN BU"
2018-02-01 00:00:00.000,00,,,ANNUAL,WHEAT,00000000,FIELD CROPS,US TOTAL,NATIONAL,,ORGANIC STATUS: (NOP USDA CERTIFIED),WINTER,BU,US TOTAL,,,,11.3,ORGANIC,9000,,,,99,"9,547,363",2019,ALL UTILIZATION PRACTICES,,US,ORGANIC STATUS,,YEAR,CENSUS,PRODUCTION,UNITED STATES,00,CROPS,"WHEAT, WINTER, ORGANIC - PRODUCTION, MEASURED IN BU"
2022-12-15 12:00:00.000,00,,,ANNUAL,WHEAT,00000000,FIELD CROPS,US TOTAL,NATIONAL,,ORGANIC STATUS: (NOP USDA CERTIFIED),ALL CLASSES,BU,US TOTAL,,,,14.1,ORGANIC,9000,,,,99,"12,497,632",2021,ALL UTILIZATION PRACTICES,,US,ORGANIC STATUS,,YEAR,CENSUS,PRODUCTION,UNITED STATES,00,CROPS,"WHEAT, ORGANIC - PRODUCTION, MEASURED IN BU"
2022-12-15 12:00:00.000,00,,,ANNUAL,WHEAT,00000000,FIELD CROPS,US TOTAL,NATIONAL,,ORGANIC STATUS: (NOP USDA CERTIFIED),"SPRING, (EXCL DURUM)",BU,US TOTAL,,,,14.5,ORGANIC,9000,,,,99,"3,397,813",2021,ALL UTILIZATION PRACTICES,,US,ORGANIC STATUS,,YEAR,CENSUS,PRODUCTION,UNITED STATES,00,CROPS,"WHEAT, SPRING, (EXCL DURUM), ORGANIC - PRODUCTION, MEASURED IN BU"
2022-12-15 12:00:00.000,00,,,ANNUAL,WHEAT,00000000,FIELD CROPS,US TOTAL,NATIONAL,,ORGANIC STATUS: (NOP USDA CERTIFIED),"SPRING, DURUM",BU,US TOTAL,,,,48.0,ORGANIC,9000,,,,99,"241,672",2021,ALL UTILIZATION PRACTICES,,US,ORGANIC STATUS,,YEAR,CENSUS,PRODUCTION,UNITED STATES,00,CROPS,"WHEAT, SPRING, DURUM, ORGANIC - PRODUCTION, MEASURED IN BU"
2022-12-15 12:00:00.000,00,,,ANNUAL,WHEAT,00000000,FIELD CROPS,US TOTAL,NATIONAL,,ORGANIC STATUS: (NOP USDA CERTIFIED),WINTER,BU,US TOTAL,,,,17.7,ORGANIC,9000,,,,99,"8,858,147",2021,ALL UTILIZATION PRACTICES,,US,ORGANIC STATUS,,YEAR,CENSUS,PRODUCTION,UNITED STATES,00,CROPS,"WHEAT, WINTER, ORGANIC - PRODUCTION, MEASURED IN BU"
2024-07-02 12:00:00.000,00,,,ANNUAL,WHEAT,00000000,FIELD CROPS,US TOTAL,NATIONAL,,"AREA HARVESTED: (1,000 OR MORE ACRES)",ALL CLASSES,BU,US TOTAL,,,,5.9,ALL PRODUCTION PRACTICES,9000,,,,99,"879,618,953",2022,ALL UTILIZATION PRACTICES,,US,AREA HARVESTED,,YEAR,CENSUS,PRODUCTION,UNITED STATES,00,CROPS,"WHEAT - PRODUCTION, MEASURED IN BU"
2024-07-02 12:00:00.000,00,,,ANNUAL,WHEAT,00000000,FIELD CROPS,US TOTAL,NATIONAL,,"AREA HARVESTED: (1,000 TO 1,999 ACRES)",ALL CLASSES,BU,US TOTAL,,,,6.7,ALL PRODUCTION PRACTICES,9000,,,,99,"403,715,106",2022,ALL UTILIZATION PRACTICES,,US,AREA HARVESTED,,YEAR,CENSUS,PRODUCTION,UNITED STATES,00,CROPS,"WHEAT - PRODUCTION, MEASURED IN BU"
2024-07-02 12:00:00.000,00,,,ANNUAL,WHEAT,00000000,FIELD CROPS,US TOTAL,NATIONAL,,AREA HARVESTED: (1.0 TO 14.9 ACRES),ALL CLASSES,BU,US TOTAL,,,,7.6,ALL PRODUCTION PRACTICES,9000,,,,99,"3,639,590",2022,ALL UTILIZATION PRACTICES,,US,AREA HARVESTED,,YEAR,CENSUS,PRODUCTION,UNITED STATES,00,CROPS,"WHEAT - PRODUCTION, MEASURED IN BU"
2024-07-02 12:00:00.000,00,,,ANNUAL,WHEAT,00000000,FIELD CROPS,US TOTAL,NATIONAL,,AREA HARVESTED: (100 TO 249 ACRES),ALL CLASSES,BU,US TOTAL,,,,8.5,ALL PRODUCTION PRACTICES,9000,,,,99,"176,356,754",2022,ALL UTILIZATION PRACTICES,,US,AREA HARVESTED,,YEAR,CENSUS,PRODUCTION,UNITED STATES,00,CROPS,"WHEAT - PRODUCTION, MEASURED IN BU"
2024-07-02 12:00:00.000,00,,,ANNUAL,WHEAT,00000000,FIELD CROPS,US TOTAL,NATIONAL,,AREA HARVESTED: (15.0 TO 24.9 ACRES),ALL CLASSES,BU,US TOTAL,,,,7.7,ALL PRODUCTION PRACTICES,9000,,,,99,"8,126,386",2022,ALL UTILIZATION PRACTICES,,US,AREA HARVESTED,,YEAR,CENSUS,PRODUCTION,UNITED STATES,00,CROPS,"WHEAT - PRODUCTION, MEASURED IN BU"
2024-07-02 12:00:00.000,00,,,ANNUAL,WHEAT,00000000,FIELD CROPS,US TOTAL,NATIONAL,,"AREA HARVESTED: (2,000 TO 2,999 ACRES)",ALL CLASSES,BU,US TOTAL,,,,8.2,ALL PRODUCTION PRACTICES,9000,,,,99,"191,086,290",2022,ALL UTILIZATION PRACTICES,,US,AREA HARVESTED,,YEAR,CENSUS,PRODUCTION,UNITED STATES,00,CROPS,"WHEAT - PRODUCTION, MEASURED IN BU"
2024-07-02 12:00:00.000,00,,,ANNUAL,WHEAT,00000000,FIELD CROPS,US TOTAL,NATIONAL,,AREA HARVESTED: (25.0 TO 49.9 ACRES),ALL CLASSES,BU,US TOTAL,,,,6.1,ALL PRODUCTION PRACTICES,9000,,,,99,"27,565,320",2022,ALL UTILIZATION PRACTICES,,US,AREA HARVESTED,,YEAR,CENSUS,PRODUCTION,UNITED STATES,00,CROPS,"WHEAT - PRODUCTION, MEASURED IN BU"
2024-07-02 12:00:00.000,00,,,ANNUAL,WHEAT,00000000,FIELD CROPS,US TOTAL,NATIONAL,,AREA HARVESTED: (250 TO 499 ACRES),ALL CLASSES,BU,US TOTAL,,,,9.1,ALL PRODUCTION PRACTICES,9000,,,,99,"217,408,947",2022,ALL UTILIZATION PRACTICES,,US,AREA HARVESTED,,YEAR,CENSUS,PRODUCTION,UNITED STATES,00,CROPS,"WHEAT - PRODUCTION, MEASURED IN BU"
2024-07-02 12:00:00.000,00,,,ANNUAL,WHEAT,00000000,FIELD CROPS,US TOTAL,NATIONAL,,"AREA HARVESTED: (3,000 TO 4,999 ACRES)",ALL CLASSES,BU,US TOTAL,,,,7.1,ALL PRODUCTION PRACTICES,9000,,,,99,"172,915,561",2022,ALL UTILIZATION PRACTICES,,US,AREA HARVESTED,,YEAR,CENSUS,PRODUCTION,UNITED STATES,00,CROPS,"WHEAT - PRODUCTION, MEASURED IN BU"
2024-07-02 12:00:00.000,00,,,ANNUAL,WHEAT,00000000,FIELD CROPS,US TOTAL,NATIONAL,,"AREA HARVESTED: (5,000 OR MORE ACRES)",ALL CLASSES,BU,US TOTAL,,,,3.2,ALL PRODUCTION PRACTICES,9000,,,,99,"111,901,996",2022,ALL UTILIZATION PRACTICES,,US,AREA HARVESTED,,YEAR,CENSUS,PRODUCTION,UNITED STATES,00,CROPS,"WHEAT - PRODUCTION, MEASURED IN BU"
2024-07-02 12:00:00.000,00,,,ANNUAL,WHEAT,00000000,FIELD CROPS,US TOTAL,NATIONAL,,AREA HARVESTED: (50.0 TO 99.9 ACRES),ALL CLASSES,BU,US TOTAL,,,,7.7,ALL PRODUCTION PRACTICES,9000,,,,99,"61,533,775",2022,ALL UTILIZATION PRACTICES,,US,AREA HARVESTED,,YEAR,CENSUS,PRODUCTION,UNITED STATES,00,CROPS,"WHEAT - PRODUCTION, MEASURED IN BU"
2024-07-02 12:00:00.000,00,,,ANNUAL,WHEAT,00000000,FIELD CROPS,US TOTAL,NATIONAL,,AREA HARVESTED: (500 TO 999 ACRES),ALL CLASSES,BU,US TOTAL,,,,8.2,ALL PRODUCTION PRACTICES,9000,,,,99,"332,824,756",2022,ALL UTILIZATION PRACTICES,,US,AREA HARVESTED,,YEAR,CENSUS,PRODUCTION,UNITED STATES,00,CROPS,"WHEAT - PRODUCTION, MEASURED IN BU"
2024-07-02 12:00:00.000,00,,,ANNUAL,WHEAT,00000000,FIELD CROPS,US TOTAL,NATIONAL,,"AREA OPERATED: (1,000 TO 1,999 ACRES)",ALL CLASSES,BU,US TOTAL,,,,7.2,ALL PRODUCTION PRACTICES,9000,,,,99,"270,629,952",2022,ALL UTILIZATION PRACTICES,,US,AREA OPERATED,,YEAR,CENSUS,PRODUCTION,UNITED STATES,00,CROPS,"WHEAT - PRODUCTION, MEASURED IN BU"
2024-07-02 12:00:00.000,00,,,ANNUAL,WHEAT,00000000,FIELD CROPS,US TOTAL,NATIONAL,,AREA OPERATED: (1.0 TO 9.9 ACRES),ALL CLASSES,BU,US TOTAL,,,,20.6,ALL PRODUCTION PRACTICES,9000,,,,99,"100,578",2022,ALL UTILIZATION PRACTICES,,US,AREA OPERATED,,YEAR,CENSUS,PRODUCTION,UNITED STATES,00,CROPS,"WHEAT - PRODUCTION, MEASURED IN BU"
2024-07-02 12:00:00.000,00,,,ANNUAL,WHEAT,00000000,FIELD CROPS,US TOTAL,NATIONAL,,AREA OPERATED: (10.0 TO 49.9 ACRES),ALL CLASSES,BU,US TOTAL,,,,15.4,ALL PRODUCTION PRACTICES,9000,,,,99,"3,307,211",2022,ALL UTILIZATION PRACTICES,,US,AREA OPERATED,,YEAR,CENSUS,PRODUCTION,UNITED STATES,00,CROPS,"WHEAT - PRODUCTION, MEASURED IN BU"
2024-07-02 12:00:00.000,00,,,ANNUAL,WHEAT,00000000,FIELD CROPS,US TOTAL,NATIONAL,,AREA OPERATED: (100 TO 139 ACRES),ALL CLASSES,BU,US TOTAL,,,,9.0,ALL PRODUCTION PRACTICES,9000,,,,99,"7,423,839",2022,ALL UTILIZATION PRACTICES,,US,AREA OPERATED,,YEAR,CENSUS,PRODUCTION,UNITED STATES,00,CROPS,"WHEAT - PRODUCTION, MEASURED IN BU"
2024-07-02 12:00:00.000,00,,,ANNUAL,WHEAT,00000000,FIELD CROPS,US TOTAL,NATIONAL,,AREA OPERATED: (140 TO 179 ACRES),ALL CLASSES,BU,US TOTAL,,,,6.6,ALL PRODUCTION PRACTICES,9000,,,,99,"12,050,056",2022,ALL UTILIZATION PRACTICES,,US,AREA OPERATED,,YEAR,CENSUS,PRODUCTION,UNITED STATES,00,CROPS,"WHEAT - PRODUCTION, MEASURED IN BU"
2024-07-02 12:00:00.000,00,,,ANNUAL,WHEAT,00000000,FIELD CROPS,US TOTAL,NATIONAL,,AREA OPERATED: (180 TO 219 ACRES),ALL CLASSES,BU,US TOTAL,,,,13.2,ALL PRODUCTION PRACTICES,9000,,,,99,"9,443,279",2022,ALL UTILIZATION PRACTICES,,US,AREA OPERATED,,YEAR,CENSUS,PRODUCTION,UNITED STATES,00,CROPS,"WHEAT - PRODUCTION, MEASURED IN BU"
2024-07-02 12:00:00.000,00,,,ANNUAL,WHEAT,00000000,FIELD CROPS,US TOTAL,NATIONAL,,"AREA OPERATED: (2,000 OR MORE ACRES)",ALL CLASSES,BU,US TOTAL,,,,5.3,ALL PRODUCTION PRACTICES,9000,,,,99,"1,188,360,261",2022,ALL UTILIZATION PRACTICES,,US,AREA OPERATED,,YEAR,CENSUS,PRODUCTION,UNITED STATES,00,CROPS,"WHEAT - PRODUCTION, MEASURED IN BU"
2024-07-02 12:00:00.000,00,,,ANNUAL,WHEAT,00000000,FIELD CROPS,US TOTAL,NATIONAL,,AREA OPERATED: (220 TO 259 ACRES),ALL CLASSES,BU,US TOTAL,,,,9.3,ALL PRODUCTION PRACTICES,9000,,,,99,"9,874,739",2022,ALL UTILIZATION PRACTICES,,US,AREA OPERATED,,YEAR,CENSUS,PRODUCTION,UNITED STATES,00,CROPS,"WHEAT - PRODUCTION, MEASURED IN BU"
2024-07-02 12:00:00.000,00,,,ANNUAL,WHEAT,00000000,FIELD CROPS,US TOTAL,NATIONAL,,AREA OPERATED: (260 TO 499 ACRES),ALL CLASSES,BU,US TOTAL,,,,6.1,ALL PRODUCTION PRACTICES,9000,,,,99,"62,271,981",2022,ALL UTILIZATION PRACTICES,,US,AREA OPERATED,,YEAR,CENSUS,PRODUCTION,UNITED STATES,00,CROPS,"WHEAT - PRODUCTION, MEASURED IN BU"
2024-07-02 12:00:00.000,00,,,ANNUAL,WHEAT,00000000,FIELD CROPS,US TOTAL,NATIONAL,,AREA OPERATED: (50.0 TO 69.9 ACRES),ALL CLASSES,BU,US TOTAL,,,,19.1,ALL PRODUCTION PRACTICES,9000,,,,99,"2,441,115",2022,ALL UTILIZATION PRACTICES,,US,AREA OPERATED,,YEAR,CENSUS,PRODUCTION,UNITED STATES,00,CROPS,"WHEAT - PRODUCTION, MEASURED IN BU"
2024-07-02 12:00:00.000,00,,,ANNUAL,WHEAT,00000000,FIELD CROPS,US TOTAL,NATIONAL,,AREA OPERATED: (500 TO 999 ACRES),ALL CLASSES,BU,US TOTAL,,,,6.2,ALL PRODUCTION PRACTICES,9000,,,,99,"135,620,101",2022,ALL UTILIZATION PRACTICES,,US,AREA OPERATED,,YEAR,CENSUS,PRODUCTION,UNITED STATES,00,CROPS,"WHEAT - PRODUCTION, MEASURED IN BU"
2024-07-02 12:00:00.000,00,,,ANNUAL,WHEAT,00000000,FIELD CROPS,US TOTAL,NATIONAL,,AREA OPERATED: (70.0 TO 99.9 ACRES),ALL CLASSES,BU,US TOTAL,,,,13.2,ALL PRODUCTION PRACTICES,9000,,,,99,"5,551,369",2022,ALL UTILIZATION PRACTICES,,US,AREA OPERATED,,YEAR,CENSUS,PRODUCTION,UNITED STATES,00,CROPS,"WHEAT - PRODUCTION, MEASURED IN BU"
2024-07-02 12:00:00.000,00,,,ANNUAL,WHEAT,00000000,FIELD CROPS,US TOTAL,NATIONAL,,"ECONOMIC CLASS: (1,000 TO 2,499 $)",ALL CLASSES,BU,US TOTAL,,,,11.7,ALL PRODUCTION PRACTICES,9000,,,,99,"157,050",2022,ALL UTILIZATION PRACTICES,,US,ECONOMIC CLASS,,YEAR,CENSUS,PRODUCTION,UNITED STATES,00,CROPS,"WHEAT - PRODUCTION, MEASURED IN BU"
2024-07-02 12:00:00.000,00,,,ANNUAL,WHEAT,00000000,FIELD CROPS,US TOTAL,NATIONAL,,"ECONOMIC CLASS: (1,000,000 OR MORE $)",ALL CLASSES,BU,US TOTAL,,,,4.3,ALL PRODUCTION PRACTICES,9000,,,,99,"1,049,790,128",2022,ALL UTILIZATION PRACTICES,,US,ECONOMIC CLASS,,YEAR,CENSUS,PRODUCTION,UNITED STATES,00,CROPS,"WHEAT - PRODUCTION, MEASURED IN BU"
2024-07-02 12:00:00.000,00,,,ANNUAL,WHEAT,00000000,FIELD CROPS,US TOTAL,NATIONAL,,"ECONOMIC CLASS: (10,000 TO 24,999 $)",ALL CLASSES,BU,US TOTAL,,,,12.3,ALL PRODUCTION PRACTICES,9000,,,,99,"6,558,340",2022,ALL UTILIZATION PRACTICES,,US,ECONOMIC CLASS,,YEAR,CENSUS,PRODUCTION,UNITED STATES,00,CROPS,"WHEAT - PRODUCTION, MEASURED IN BU"
2024-07-02 12:00:00.000,00,,,ANNUAL,WHEAT,00000000,FIELD CROPS,US TOTAL,NATIONAL,,"ECONOMIC CLASS: (100,000 TO 249,999 $)",ALL CLASSES,BU,US TOTAL,,,,8.0,ALL PRODUCTION PRACTICES,9000,,,,99,"96,622,620",2022,ALL UTILIZATION PRACTICES,,US,ECONOMIC CLASS,,YEAR,CENSUS,PRODUCTION,UNITED STATES,00,CROPS,"WHEAT - PRODUCTION, MEASURED IN BU"
2024-07-02 12:00:00.000,00,,,ANNUAL,WHEAT,00000000,FIELD CROPS,US TOTAL,NATIONAL,,"ECONOMIC CLASS: (2,500 TO 4,999 $)",ALL CLASSES,BU,US TOTAL,,,,15.0,ALL PRODUCTION PRACTICES,9000,,,,99,"431,859",2022,ALL UTILIZATION PRACTICES,,US,ECONOMIC CLASS,,YEAR,CENSUS,PRODUCTION,UNITED STATES,00,CROPS,"WHEAT - PRODUCTION, MEASURED IN BU"
2024-07-02 12:00:00.000,00,,,ANNUAL,WHEAT,00000000,FIELD CROPS,US TOTAL,NATIONAL,,"ECONOMIC CLASS: (25,000 TO 49,999 $)",ALL CLASSES,BU,US TOTAL,,,,12.7,ALL PRODUCTION PRACTICES,9000,,,,99,"14,499,799",2022,ALL UTILIZATION PRACTICES,,US,ECONOMIC CLASS,,YEAR,CENSUS,PRODUCTION,UNITED STATES,00,CROPS,"WHEAT - PRODUCTION, MEASURED IN BU"
2024-07-02 12:00:00.000,00,,,ANNUAL,WHEAT,00000000,FIELD CROPS,US TOTAL,NATIONAL,,"ECONOMIC CLASS: (250,000 TO 499,999 $)",ALL CLASSES,BU,US TOTAL,,,,13.6,ALL PRODUCTION PRACTICES,9000,,,,99,"190,342,100",2022,ALL UTILIZATION PRACTICES,,US,ECONOMIC CLASS,,YEAR,CENSUS,PRODUCTION,UNITED STATES,00,CROPS,"WHEAT - PRODUCTION, MEASURED IN BU"
2024-07-02 12:00:00.000,00,,,ANNUAL,WHEAT,00000000,FIELD CROPS,US TOTAL,NATIONAL,,"ECONOMIC CLASS: (5,000 TO 9,999 $)",ALL CLASSES,BU,US TOTAL,,,,11.5,ALL PRODUCTION PRACTICES,9000,,,,99,"1,502,151",2022,ALL UTILIZATION PRACTICES,,US,ECONOMIC CLASS,,YEAR,CENSUS,PRODUCTION,UNITED STATES,00,CROPS,"WHEAT - PRODUCTION, MEASURED IN BU"
2024-07-02 12:00:00.000,00,,,ANNUAL,WHEAT,00000000,FIELD CROPS,US TOTAL,NATIONAL,,"ECONOMIC CLASS: (50,000 TO 99,999 $)",ALL CLASSES,BU,US TOTAL,,,,5.4,ALL PRODUCTION PRACTICES,9000,,,,99,"31,296,752",2022,ALL UTILIZATION PRACTICES,,US,ECONOMIC CLASS,,YEAR,CENSUS,PRODUCTION,UNITED STATES,00,CROPS,"WHEAT - PRODUCTION, MEASURED IN BU"
2024-07-02 12:00:00.000,00,,,ANNUAL,WHEAT,00000000,FIELD CROPS,US TOTAL,NATIONAL,,"ECONOMIC CLASS: (500,000 TO 999,999 $)",ALL CLASSES,BU,US TOTAL,,,,7.2,ALL PRODUCTION PRACTICES,9000,,,,99,"315,840,230",2022,ALL UTILIZATION PRACTICES,,US,ECONOMIC CLASS,,YEAR,CENSUS,PRODUCTION,UNITED STATES,00,CROPS,"WHEAT - PRODUCTION, MEASURED IN BU"
2024-07-02 12:00:00.000,00,,,ANNUAL,WHEAT,00000000,FIELD CROPS,US TOTAL,NATIONAL,,"ECONOMIC CLASS: (LESS THAN 1,000 $)",ALL CLASSES,BU,US TOTAL,,,,33.0,ALL PRODUCTION PRACTICES,9000,,,,99,"33,452",2022,ALL UTILIZATION PRACTICES,,US,ECONOMIC CLASS,,YEAR,CENSUS,PRODUCTION,UNITED STATES,00,CROPS,"WHEAT - PRODUCTION, MEASURED IN BU"
2024-07-02 12:00:00.000,00,,,ANNUAL,WHEAT,00000000,FIELD CROPS,US TOTAL,NATIONAL,,"FARM SALES: (1,000 TO 2,499 $)",ALL CLASSES,BU,US TOTAL,,,,9.2,ALL PRODUCTION PRACTICES,9000,,,,99,"201,662",2022,ALL UTILIZATION PRACTICES,,US,FARM SALES,,YEAR,CENSUS,PRODUCTION,UNITED STATES,00,CROPS,"WHEAT - PRODUCTION, MEASURED IN BU"
2024-07-02 12:00:00.000,00,,,ANNUAL,WHEAT,00000000,FIELD CROPS,US TOTAL,NATIONAL,,"FARM SALES: (1,000,000 OR MORE $)",ALL CLASSES,BU,US TOTAL,,,,4.1,ALL PRODUCTION PRACTICES,9000,,,,99,"1,007,041,081",2022,ALL UTILIZATION PRACTICES,,US,FARM SALES,,YEAR,CENSUS,PRODUCTION,UNITED STATES,00,CROPS,"WHEAT - PRODUCTION, MEASURED IN BU"
2024-07-02 12:00:00.000,00,,,ANNUAL,WHEAT,00000000,FIELD CROPS,US TOTAL,NATIONAL,,"FARM SALES: (10,000 TO 24,999 $)",ALL CLASSES,BU,US TOTAL,,,,11.4,ALL PRODUCTION PRACTICES,9000,,,,99,"7,440,966",2022,ALL UTILIZATION PRACTICES,,US,FARM SALES,,YEAR,CENSUS,PRODUCTION,UNITED STATES,00,CROPS,"WHEAT - PRODUCTION, MEASURED IN BU"
2024-07-02 12:00:00.000,00,,,ANNUAL,WHEAT,00000000,FIELD CROPS,US TOTAL,NATIONAL,,"FARM SALES: (100,000 TO 249,999 $)",ALL CLASSES,BU,US TOTAL,,,,7.8,ALL PRODUCTION PRACTICES,9000,,,,99,"107,107,023",2022,ALL UTILIZATION PRACTICES,,US,FARM SALES,,YEAR,CENSUS,PRODUCTION,UNITED STATES,00,CROPS,"WHEAT - PRODUCTION, MEASURED IN BU"
2024-07-02 12:00:00.000,00,,,ANNUAL,WHEAT,00000000,FIELD CROPS,US TOTAL,NATIONAL,,"FARM SALES: (2,500 TO 4,999 $)",ALL CLASSES,BU,US TOTAL,,,,14.7,ALL PRODUCTION PRACTICES,9000,,,,99,"492,349",2022,ALL UTILIZATION PRACTICES,,US,FARM SALES,,YEAR,CENSUS,PRODUCTION,UNITED STATES,00,CROPS,"WHEAT - PRODUCTION, MEASURED IN BU"
2024-07-02 12:00:00.000,00,,,ANNUAL,WHEAT,00000000,FIELD CROPS,US TOTAL,NATIONAL,,"FARM SALES: (25,000 TO 49,999 $)",ALL CLASSES,BU,US TOTAL,,,,12.1,ALL PRODUCTION PRACTICES,9000,,,,99,"16,192,172",2022,ALL UTILIZATION PRACTICES,,US,FARM SALES,,YEAR,CENSUS,PRODUCTION,UNITED STATES,00,CROPS,"WHEAT - PRODUCTION, MEASURED IN BU"
2024-07-02 12:00:00.000,00,,,ANNUAL,WHEAT,00000000,FIELD CROPS,US TOTAL,NATIONAL,,"FARM SALES: (250,000 TO 499,999 $)",ALL CLASSES,BU,US TOTAL,,,,13.7,ALL PRODUCTION PRACTICES,9000,,,,99,"205,966,564",2022,ALL UTILIZATION PRACTICES,,US,FARM SALES,,YEAR,CENSUS,PRODUCTION,UNITED STATES,00,CROPS,"WHEAT - PRODUCTION, MEASURED IN BU"
2024-07-02 12:00:00.000,00,,,ANNUAL,WHEAT,00000000,FIELD CROPS,US TOTAL,NATIONAL,,"FARM SALES: (5,000 TO 9,999 $)",ALL CLASSES,BU,US TOTAL,,,,10.8,ALL PRODUCTION PRACTICES,9000,,,,99,"1,709,657",2022,ALL UTILIZATION PRACTICES,,US,FARM SALES,,YEAR,CENSUS,PRODUCTION,UNITED STATES,00,CROPS,"WHEAT - PRODUCTION, MEASURED IN BU"
2024-07-02 12:00:00.000,00,,,ANNUAL,WHEAT,00000000,FIELD CROPS,US TOTAL,NATIONAL,,"FARM SALES: (50,000 TO 99,999 $)",ALL CLASSES,BU,US TOTAL,,,,5.8,ALL PRODUCTION PRACTICES,9000,,,,99,"34,920,911",2022,ALL UTILIZATION PRACTICES,,US,FARM SALES,,YEAR,CENSUS,PRODUCTION,UNITED STATES,00,CROPS,"WHEAT - PRODUCTION, MEASURED IN BU"
2024-07-02 12:00:00.000,00,,,ANNUAL,WHEAT,00000000,FIELD CROPS,US TOTAL,NATIONAL,,"FARM SALES: (500,000 TO 999,999 $)",ALL CLASSES,BU,US TOTAL,,,,7.5,ALL PRODUCTION PRACTICES,9000,,,,99,"325,954,543",2022,ALL UTILIZATION PRACTICES,,US,FARM SALES,,YEAR,CENSUS,PRODUCTION,UNITED STATES,00,CROPS,"WHEAT - PRODUCTION, MEASURED IN BU"
2024-07-02 12:00:00.000,00,,,ANNUAL,WHEAT,00000000,FIELD CROPS,US TOTAL,NATIONAL,,"FARM SALES: (LESS THAN 1,000 $)",ALL CLASSES,BU,US TOTAL,,,,44.5,ALL PRODUCTION PRACTICES,9000,,,,99,"47,553",2022,ALL UTILIZATION PRACTICES,,US,FARM SALES,,YEAR,CENSUS,PRODUCTION,UNITED STATES,00,CROPS,"WHEAT - PRODUCTION, MEASURED IN BU"
2024-07-02 12:00:00.000,00,,,ANNUAL,WHEAT,00000000,FIELD CROPS,US TOTAL,NATIONAL,,NAICS CLASSIFICATION: (1111),ALL CLASSES,BU,US TOTAL,,,,5.5,ALL PRODUCTION PRACTICES,9000,,,,99,"1,456,354,711",2022,ALL UTILIZATION PRACTICES,,US,NAICS CLASSIFICATION,,YEAR,CENSUS,PRODUCTION,UNITED STATES,00,CROPS,"WHEAT - PRODUCTION, MEASURED IN BU"
2024-07-02 12:00:00.000,00,,,ANNUAL,WHEAT,00000000,FIELD CROPS,US TOTAL,NATIONAL,,NAICS CLASSIFICATION: (1112),ALL CLASSES,BU,US TOTAL,,,,2.1,ALL PRODUCTION PRACTICES,9000,,,,99,"53,627,284",2022,ALL UTILIZATION PRACTICES,,US,NAICS CLASSIFICATION,,YEAR,CENSUS,PRODUCTION,UNITED STATES,00,CROPS,"WHEAT - PRODUCTION, MEASURED IN BU"
2024-07-02 12:00:00.000,00,,,ANNUAL,WHEAT,00000000,FIELD CROPS,US TOTAL,NATIONAL,,NAICS CLASSIFICATION: (1113),ALL CLASSES,BU,US TOTAL,,,,5.0,ALL PRODUCTION PRACTICES,9000,,,,99,"2,367,696",2022,ALL UTILIZATION PRACTICES,,US,NAICS CLASSIFICATION,,YEAR,CENSUS,PRODUCTION,UNITED STATES,00,CROPS,"WHEAT - PRODUCTION, MEASURED IN BU"
2024-07-02 12:00:00.000,00,,,ANNUAL,WHEAT,00000000,FIELD CROPS,US TOTAL,NATIONAL,,NAICS CLASSIFICATION: (1114),ALL CLASSES,BU,US TOTAL,,,,16.7,ALL PRODUCTION PRACTICES,9000,,,,99,"916,450",2022,ALL UTILIZATION PRACTICES,,US,NAICS CLASSIFICATION,,YEAR,CENSUS,PRODUCTION,UNITED STATES,00,CROPS,"WHEAT - PRODUCTION, MEASURED IN BU"
2024-07-02 12:00:00.000,00,,,ANNUAL,WHEAT,00000000,FIELD CROPS,US TOTAL,NATIONAL,,NAICS CLASSIFICATION: (1119),ALL CLASSES,BU,US TOTAL,,,,7.4,ALL PRODUCTION PRACTICES,9000,,,,99,"91,188,890",2022,ALL UTILIZATION PRACTICES,,US,NAICS CLASSIFICATION,,YEAR,CENSUS,PRODUCTION,UNITED STATES,00,CROPS,"WHEAT - PRODUCTION, MEASURED IN BU"
2024-07-02 12:00:00.000,00,,,ANNUAL,WHEAT,00000000,FIELD CROPS,US TOTAL,NATIONAL,,NAICS CLASSIFICATION: (11191),ALL CLASSES,BU,US TOTAL,,,,8.1,ALL PRODUCTION PRACTICES,9000,,,,99,"2,134,563",2022,ALL UTILIZATION PRACTICES,,US,NAICS CLASSIFICATION,,YEAR,CENSUS,PRODUCTION,UNITED STATES,00,CROPS,"WHEAT - PRODUCTION, MEASURED IN BU"
2024-07-02 12:00:00.000,00,,,ANNUAL,WHEAT,00000000,FIELD CROPS,US TOTAL,NATIONAL,,NAICS CLASSIFICATION: (11192),ALL CLASSES,BU,US TOTAL,,,,5.8,ALL PRODUCTION PRACTICES,9000,,,,99,"11,608,821",2022,ALL UTILIZATION PRACTICES,,US,NAICS CLASSIFICATION,,YEAR,CENSUS,PRODUCTION,UNITED STATES,00,CROPS,"WHEAT - PRODUCTION, MEASURED IN BU"
2024-07-02 12:00:00.000,00,,,ANNUAL,WHEAT,00000000,FIELD CROPS,US TOTAL,NATIONAL,,NAICS CLASSIFICATION: (11193 & 11194 & 11199),ALL CLASSES,BU,US TOTAL,,,,8.5,ALL PRODUCTION PRACTICES,9000,,,,99,"77,445,506",2022,ALL UTILIZATION PRACTICES,,US,NAICS CLASSIFICATION,,YEAR,CENSUS,PRODUCTION,UNITED STATES,00,CROPS,"WHEAT - PRODUCTION, MEASURED IN BU"
2024-07-02 12:00:00.000,00,,,ANNUAL,WHEAT,00000000,FIELD CROPS,US TOTAL,NATIONAL,,NAICS CLASSIFICATION: (112111),ALL CLASSES,BU,US TOTAL,,,,3.8,ALL PRODUCTION PRACTICES,9000,,,,99,"54,585,054",2022,ALL UTILIZATION PRACTICES,,US,NAICS CLASSIFICATION,,YEAR,CENSUS,PRODUCTION,UNITED STATES,00,CROPS,"WHEAT - PRODUCTION, MEASURED IN BU"
2024-07-02 12:00:00.000,00,,,ANNUAL,WHEAT,00000000,FIELD CROPS,US TOTAL,NATIONAL,,NAICS CLASSIFICATION: (112112),ALL CLASSES,BU,US TOTAL,,,,13.9,ALL PRODUCTION PRACTICES,9000,,,,99,"7,083,550",2022,ALL UTILIZATION PRACTICES,,US,NAICS CLASSIFICATION,,YEAR,CENSUS,PRODUCTION,UNITED STATES,00,CROPS,"WHEAT - PRODUCTION, MEASURED IN BU"
2024-07-02 12:00:00.000,00,,,ANNUAL,WHEAT,00000000,FIELD CROPS,US TOTAL,NATIONAL,,NAICS CLASSIFICATION: (11212),ALL CLASSES,BU,US TOTAL,,,,4.9,ALL PRODUCTION PRACTICES,9000,,,,99,"19,664,992",2022,ALL UTILIZATION PRACTICES,,US,NAICS CLASSIFICATION,,YEAR,CENSUS,PRODUCTION,UNITED STATES,00,CROPS,"WHEAT - PRODUCTION, MEASURED IN BU"
2024-07-02 12:00:00.000,00,,,ANNUAL,WHEAT,00000000,FIELD CROPS,US TOTAL,NATIONAL,,NAICS CLASSIFICATION: (1122),ALL CLASSES,BU,US TOTAL,,,,13.9,ALL PRODUCTION PRACTICES,9000,,,,99,"7,298,206",2022,ALL UTILIZATION PRACTICES,,US,NAICS CLASSIFICATION,,YEAR,CENSUS,PRODUCTION,UNITED STATES,00,CROPS,"WHEAT - PRODUCTION, MEASURED IN BU"
2024-07-02 12:00:00.000,00,,,ANNUAL,WHEAT,00000000,FIELD CROPS,US TOTAL,NATIONAL,,NAICS CLASSIFICATION: (1123),ALL CLASSES,BU,US TOTAL,,,,6.9,ALL PRODUCTION PRACTICES,9000,,,,99,"8,287,101",2022,ALL UTILIZATION PRACTICES,,US,NAICS CLASSIFICATION,,YEAR,CENSUS,PRODUCTION,UNITED STATES,00,CROPS,"WHEAT - PRODUCTION, MEASURED IN BU"
2024-07-02 12:00:00.000,00,,,ANNUAL,WHEAT,00000000,FIELD CROPS,US TOTAL,NATIONAL,,NAICS CLASSIFICATION: (1124),ALL CLASSES,BU,US TOTAL,,,,8.0,ALL PRODUCTION PRACTICES,9000,,,,99,"232,094",2022,ALL UTILIZATION PRACTICES,,US,NAICS CLASSIFICATION,,YEAR,CENSUS,PRODUCTION,UNITED STATES,00,CROPS,"WHEAT - PRODUCTION, MEASURED IN BU"
2024-07-02 12:00:00.000,00,,,ANNUAL,WHEAT,00000000,FIELD CROPS,US TOTAL,NATIONAL,,NAICS CLASSIFICATION: (1125 & 1129),ALL CLASSES,BU,US TOTAL,,,,5.1,ALL PRODUCTION PRACTICES,9000,,,,99,"5,468,453",2022,ALL UTILIZATION PRACTICES,,US,NAICS CLASSIFICATION,,YEAR,CENSUS,PRODUCTION,UNITED STATES,00,CROPS,"WHEAT - PRODUCTION, MEASURED IN BU"
2025-08-19 12:00:00.000,00,,,ANNUAL,WHEAT,00000000,FIELD CROPS,US TOTAL,NATIONAL,,NOT SPECIFIED,ALL CLASSES,BU,US TOTAL,,,,5.2,ALL PRODUCTION PRACTICES,9000,,,,99,"1,707,074,481",2022,ALL UTILIZATION PRACTICES,,US,TOTAL,,YEAR,CENSUS,PRODUCTION,UNITED STATES,00,CROPS,"WHEAT - PRODUCTION, MEASURED IN BU"
2024-07-02 12:00:00.000,00,,,ANNUAL,WHEAT,00000000,FIELD CROPS,US TOTAL,NATIONAL,,"AREA HARVESTED: (1,000 OR MORE ACRES)","SPRING, (EXCL DURUM)",BU,US TOTAL,,,,8.9,ALL PRODUCTION PRACTICES,9000,,,,99,"275,221,755",2022,ALL UTILIZATION PRACTICES,,US,AREA HARVESTED,,YEAR,CENSUS,PRODUCTION,UNITED STATES,00,CROPS,"WHEAT, SPRING, (EXCL DURUM) - PRODUCTION, MEASURED IN BU"
2024-07-02 12:00:00.000,00,,,ANNUAL,WHEAT,00000000,FIELD CROPS,US TOTAL,NATIONAL,,"AREA HARVESTED: (1,000 TO 1,999 ACRES)","SPRING, (EXCL DURUM)",BU,US TOTAL,,,,10.7,ALL PRODUCTION PRACTICES,9000,,,,99,"144,752,225",2022,ALL UTILIZATION PRACTICES,,US,AREA HARVESTED,,YEAR,CENSUS,PRODUCTION,UNITED STATES,00,CROPS,"WHEAT, SPRING, (EXCL DURUM) - PRODUCTION, MEASURED IN BU"
2024-07-02 12:00:00.000,00,,,ANNUAL,WHEAT,00000000,FIELD CROPS,US TOTAL,NATIONAL,,AREA HARVESTED: (1.0 TO 14.9 ACRES),"SPRING, (EXCL DURUM)",BU,US TOTAL,,,,12.6,ALL PRODUCTION PRACTICES,9000,,,,99,"188,796",2022,ALL UTILIZATION PRACTICES,,US,AREA HARVESTED,,YEAR,CENSUS,PRODUCTION,UNITED STATES,00,CROPS,"WHEAT, SPRING, (EXCL DURUM) - PRODUCTION, MEASURED IN BU"
2024-07-02 12:00:00.000,00,,,ANNUAL,WHEAT,00000000,FIELD CROPS,US TOTAL,NATIONAL,,AREA HARVESTED: (100 TO 249 ACRES),"SPRING, (EXCL DURUM)",BU,US TOTAL,,,,19.5,ALL PRODUCTION PRACTICES,9000,,,,99,"30,368,076",2022,ALL UTILIZATION PRACTICES,,US,AREA HARVESTED,,YEAR,CENSUS,PRODUCTION,UNITED STATES,00,CROPS,"WHEAT, SPRING, (EXCL DURUM) - PRODUCTION, MEASURED IN BU"
2024-07-02 12:00:00.000,00,,,ANNUAL,WHEAT,00000000,FIELD CROPS,US TOTAL,NATIONAL,,AREA HARVESTED: (15.0 TO 24.9 ACRES),"SPRING, (EXCL DURUM)",BU,US TOTAL,,,,23.1,ALL PRODUCTION PRACTICES,9000,,,,99,"480,892",2022,ALL UTILIZATION PRACTICES,,US,AREA HARVESTED,,YEAR,CENSUS,PRODUCTION,UNITED STATES,00,CROPS,"WHEAT, SPRING, (EXCL DURUM) - PRODUCTION, MEASURED IN BU"
2024-07-02 12:00:00.000,00,,,ANNUAL,WHEAT,00000000,FIELD CROPS,US TOTAL,NATIONAL,,"AREA HARVESTED: (2,000 TO 2,999 ACRES)","SPRING, (EXCL DURUM)",BU,US TOTAL,,,,8.5,ALL PRODUCTION PRACTICES,9000,,,,99,"54,818,742",2022,ALL UTILIZATION PRACTICES,,US,AREA HARVESTED,,YEAR,CENSUS,PRODUCTION,UNITED STATES,00,CROPS,"WHEAT, SPRING, (EXCL DURUM) - PRODUCTION, MEASURED IN BU"
2024-07-02 12:00:00.000,00,,,ANNUAL,WHEAT,00000000,FIELD CROPS,US TOTAL,NATIONAL,,AREA HARVESTED: (25.0 TO 49.9 ACRES),"SPRING, (EXCL DURUM)",BU,US TOTAL,,,,24.6,ALL PRODUCTION PRACTICES,9000,,,,99,"1,972,404",2022,ALL UTILIZATION PRACTICES,,US,AREA HARVESTED,,YEAR,CENSUS,PRODUCTION,UNITED STATES,00,CROPS,"WHEAT, SPRING, (EXCL DURUM) - PRODUCTION, MEASURED IN BU"
2024-07-02 12:00:00.000,00,,,ANNUAL,WHEAT,00000000,FIELD CROPS,US TOTAL,NATIONAL,,AREA HARVESTED: (250 TO 499 ACRES),"SPRING, (EXCL DURUM)",BU,US TOTAL,,,,14.3,ALL PRODUCTION PRACTICES,9000,,,,99,"58,898,036",2022,ALL UTILIZATION PRACTICES,,US,AREA HARVESTED,,YEAR,CENSUS,PRODUCTION,UNITED STATES,00,CROPS,"WHEAT, SPRING, (EXCL DURUM) - PRODUCTION, MEASURED IN BU"
2024-07-02 12:00:00.000,00,,,ANNUAL,WHEAT,00000000,FIELD CROPS,US TOTAL,NATIONAL,,"AREA HARVESTED: (3,000 TO 4,999 ACRES)","SPRING, (EXCL DURUM)",BU,US TOTAL,,,,19.5,ALL PRODUCTION PRACTICES,9000,,,,99,"49,167,079",2022,ALL UTILIZATION PRACTICES,,US,AREA HARVESTED,,YEAR,CENSUS,PRODUCTION,UNITED STATES,00,CROPS,"WHEAT, SPRING, (EXCL DURUM) - PRODUCTION, MEASURED IN BU"
2024-07-02 12:00:00.000,00,,,ANNUAL,WHEAT,00000000,FIELD CROPS,US TOTAL,NATIONAL,,"AREA HARVESTED: (5,000 OR MORE ACRES)","SPRING, (EXCL DURUM)",BU,US TOTAL,,,,6.7,ALL PRODUCTION PRACTICES,9000,,,,99,"26,483,709",2022,ALL UTILIZATION PRACTICES,,US,AREA HARVESTED,,YEAR,CENSUS,PRODUCTION,UNITED STATES,00,CROPS,"WHEAT, SPRING, (EXCL DURUM) - PRODUCTION, MEASURED IN BU"
2024-07-02 12:00:00.000,00,,,ANNUAL,WHEAT,00000000,FIELD CROPS,US TOTAL,NATIONAL,,AREA HARVESTED: (50.0 TO 99.9 ACRES),"SPRING, (EXCL DURUM)",BU,US TOTAL,,,,23.5,ALL PRODUCTION PRACTICES,9000,,,,99,"6,242,740",2022,ALL UTILIZATION PRACTICES,,US,AREA HARVESTED,,YEAR,CENSUS,PRODUCTION,UNITED STATES,00,CROPS,"WHEAT, SPRING, (EXCL DURUM) - PRODUCTION, MEASURED IN BU"
2024-07-02 12:00:00.000,00,,,ANNUAL,WHEAT,00000000,FIELD CROPS,US TOTAL,NATIONAL,,AREA HARVESTED: (500 TO 999 ACRES),"SPRING, (EXCL DURUM)",BU,US TOTAL,,,,17.6,ALL PRODUCTION PRACTICES,9000,,,,99,"115,015,734",2022,ALL UTILIZATION PRACTICES,,US,AREA HARVESTED,,YEAR,CENSUS,PRODUCTION,UNITED STATES,00,CROPS,"WHEAT, SPRING, (EXCL DURUM) - PRODUCTION, MEASURED IN BU"
2024-07-02 12:00:00.000,00,,,ANNUAL,WHEAT,00000000,FIELD CROPS,US TOTAL,NATIONAL,,NOT SPECIFIED,"SPRING, (EXCL DURUM)",BU,US TOTAL,,,,12.0,ALL PRODUCTION PRACTICES,9000,,,,99,"488,388,433",2022,ALL UTILIZATION PRACTICES,,US,TOTAL,,YEAR,CENSUS,PRODUCTION,UNITED STATES,00,CROPS,"WHEAT, SPRING, (EXCL DURUM) - PRODUCTION, MEASURED IN BU"
2024-07-02 12:00:00.000,00,,,ANNUAL,WHEAT,00000000,FIELD CROPS,US TOTAL,NATIONAL,,"AREA HARVESTED: (1,000 OR MORE ACRES)","SPRING, DURUM",BU,US TOTAL,,,,7.1,ALL PRODUCTION PRACTICES,9000,,,,99,"38,930,248",2022,ALL UTILIZATION PRACTICES,,US,AREA HARVESTED,,YEAR,CENSUS,PRODUCTION,UNITED STATES,00,CROPS,"WHEAT, SPRING, DURUM - PRODUCTION, MEASURED IN BU"
2024-07-02 12:00:00.000,00,,,ANNUAL,WHEAT,00000000,FIELD CROPS,US TOTAL,NATIONAL,,"AREA HARVESTED: (1,000 TO 1,999 ACRES)","SPRING, DURUM",BU,US TOTAL,,,,12.5,ALL PRODUCTION PRACTICES,9000,,,,99,"17,804,588",2022,ALL UTILIZATION PRACTICES,,US,AREA HARVESTED,,YEAR,CENSUS,PRODUCTION,UNITED STATES,00,CROPS,"WHEAT, SPRING, DURUM - PRODUCTION, MEASURED IN BU"
2024-07-02 12:00:00.000,00,,,ANNUAL,WHEAT,00000000,FIELD CROPS,US TOTAL,NATIONAL,,AREA HARVESTED: (1.0 TO 14.9 ACRES),"SPRING, DURUM",BU,US TOTAL,,,,72.2,ALL PRODUCTION PRACTICES,9000,,,,99,"20,522",2022,ALL UTILIZATION PRACTICES,,US,AREA HARVESTED,,YEAR,CENSUS,PRODUCTION,UNITED STATES,00,CROPS,"WHEAT, SPRING, DURUM - PRODUCTION, MEASURED IN BU"
2024-07-02 12:00:00.000,00,,,ANNUAL,WHEAT,00000000,FIELD CROPS,US TOTAL,NATIONAL,,AREA HARVESTED: (100 TO 249 ACRES),"SPRING, DURUM",BU,US TOTAL,,,,15.2,ALL PRODUCTION PRACTICES,9000,,,,99,"3,834,300",2022,ALL UTILIZATION PRACTICES,,US,AREA HARVESTED,,YEAR,CENSUS,PRODUCTION,UNITED STATES,00,CROPS,"WHEAT, SPRING, DURUM - PRODUCTION, MEASURED IN BU"
2024-07-02 12:00:00.000,00,,,ANNUAL,WHEAT,00000000,FIELD CROPS,US TOTAL,NATIONAL,,AREA HARVESTED: (15.0 TO 24.9 ACRES),"SPRING, DURUM",BU,US TOTAL,,,,29.0,ALL PRODUCTION PRACTICES,9000,,,,99,"31,962",2022,ALL UTILIZATION PRACTICES,,US,AREA HARVESTED,,YEAR,CENSUS,PRODUCTION,UNITED STATES,00,CROPS,"WHEAT, SPRING, DURUM - PRODUCTION, MEASURED IN BU"
2024-07-02 12:00:00.000,00,,,ANNUAL,WHEAT,00000000,FIELD CROPS,US TOTAL,NATIONAL,,"AREA HARVESTED: (2,000 TO 2,999 ACRES)","SPRING, DURUM",BU,US TOTAL,,,,12.7,ALL PRODUCTION PRACTICES,9000,,,,99,"13,452,245",2022,ALL UTILIZATION PRACTICES,,US,AREA HARVESTED,,YEAR,CENSUS,PRODUCTION,UNITED STATES,00,CROPS,"WHEAT, SPRING, DURUM - PRODUCTION, MEASURED IN BU"
2024-07-02 12:00:00.000,00,,,ANNUAL,WHEAT,00000000,FIELD CROPS,US TOTAL,NATIONAL,,AREA HARVESTED: (25.0 TO 49.9 ACRES),"SPRING, DURUM",BU,US TOTAL,,,,40.4,ALL PRODUCTION PRACTICES,9000,,,,99,"187,780",2022,ALL UTILIZATION PRACTICES,,US,AREA HARVESTED,,YEAR,CENSUS,PRODUCTION,UNITED STATES,00,CROPS,"WHEAT, SPRING, DURUM - PRODUCTION, MEASURED IN BU"
2024-07-02 12:00:00.000,00,,,ANNUAL,WHEAT,00000000,FIELD CROPS,US TOTAL,NATIONAL,,AREA HARVESTED: (250 TO 499 ACRES),"SPRING, DURUM",BU,US TOTAL,,,,15.0,ALL PRODUCTION PRACTICES,9000,,,,99,"8,687,703",2022,ALL UTILIZATION PRACTICES,,US,AREA HARVESTED,,YEAR,CENSUS,PRODUCTION,UNITED STATES,00,CROPS,"WHEAT, SPRING, DURUM - PRODUCTION, MEASURED IN BU"
2024-07-02 12:00:00.000,00,,,ANNUAL,WHEAT,00000000,FIELD CROPS,US TOTAL,NATIONAL,,"AREA HARVESTED: (3,000 TO 4,999 ACRES)","SPRING, DURUM",BU,US TOTAL,,,,18.0,ALL PRODUCTION PRACTICES,9000,,,,99,"5,893,891",2022,ALL UTILIZATION PRACTICES,,US,AREA HARVESTED,,YEAR,CENSUS,PRODUCTION,UNITED STATES,00,CROPS,"WHEAT, SPRING, DURUM - PRODUCTION, MEASURED IN BU"
2024-07-02 12:00:00.000,00,,,ANNUAL,WHEAT,00000000,FIELD CROPS,US TOTAL,NATIONAL,,"AREA HARVESTED: (5,000 OR MORE ACRES)","SPRING, DURUM",BU,US TOTAL,,,,(L),ALL PRODUCTION PRACTICES,9000,,,,99,"1,779,524",2022,ALL UTILIZATION PRACTICES,,US,AREA HARVESTED,,YEAR,CENSUS,PRODUCTION,UNITED STATES,00,CROPS,"WHEAT, SPRING, DURUM - PRODUCTION, MEASURED IN BU"
2024-07-02 12:00:00.000,00,,,ANNUAL,WHEAT,00000000,FIELD CROPS,US TOTAL,NATIONAL,,AREA HARVESTED: (50.0 TO 99.9 ACRES),"SPRING, DURUM",BU,US TOTAL,,,,26.4,ALL PRODUCTION PRACTICES,9000,,,,99,"641,468",2022,ALL UTILIZATION PRACTICES,,US,AREA HARVESTED,,YEAR,CENSUS,PRODUCTION,UNITED STATES,00,CROPS,"WHEAT, SPRING, DURUM - PRODUCTION, MEASURED IN BU"
2024-07-02 12:00:00.000,00,,,ANNUAL,WHEAT,00000000,FIELD CROPS,US TOTAL,NATIONAL,,AREA HARVESTED: (500 TO 999 ACRES),"SPRING, DURUM",BU,US TOTAL,,,,13.0,ALL PRODUCTION PRACTICES,9000,,,,99,"16,220,035",2022,ALL UTILIZATION PRACTICES,,US,AREA HARVESTED,,YEAR,CENSUS,PRODUCTION,UNITED STATES,00,CROPS,"WHEAT, SPRING, DURUM - PRODUCTION, MEASURED IN BU"
2024-07-02 12:00:00.000,00,,,ANNUAL,WHEAT,00000000,FIELD CROPS,US TOTAL,NATIONAL,,NOT SPECIFIED,"SPRING, DURUM",BU,US TOTAL,,,,8.4,ALL PRODUCTION PRACTICES,9000,,,,99,"68,554,018",2022,ALL UTILIZATION PRACTICES,,US,TOTAL,,YEAR,CENSUS,PRODUCTION,UNITED STATES,00,CROPS,"WHEAT, SPRING, DURUM - PRODUCTION, MEASURED IN BU"
2024-07-02 12:00:00.000,00,,,ANNUAL,WHEAT,00000000,FIELD CROPS,US TOTAL,NATIONAL,,"AREA HARVESTED: (1,000 OR MORE ACRES)",WINTER,BU,US TOTAL,,,,4.5,ALL PRODUCTION PRACTICES,9000,,,,99,"507,605,238",2022,ALL UTILIZATION PRACTICES,,US,AREA HARVESTED,,YEAR,CENSUS,PRODUCTION,UNITED STATES,00,CROPS,"WHEAT, WINTER - PRODUCTION, MEASURED IN BU"
2024-07-02 12:00:00.000,00,,,ANNUAL,WHEAT,00000000,FIELD CROPS,US TOTAL,NATIONAL,,"AREA HARVESTED: (1,000 TO 1,999 ACRES)",WINTER,BU,US TOTAL,,,,4.5,ALL PRODUCTION PRACTICES,9000,,,,99,"248,572,257",2022,ALL UTILIZATION PRACTICES,,US,AREA HARVESTED,,YEAR,CENSUS,PRODUCTION,UNITED STATES,00,CROPS,"WHEAT, WINTER - PRODUCTION, MEASURED IN BU"
2024-07-02 12:00:00.000,00,,,ANNUAL,WHEAT,00000000,FIELD CROPS,US TOTAL,NATIONAL,,AREA HARVESTED: (1.0 TO 14.9 ACRES),WINTER,BU,US TOTAL,,,,7.5,ALL PRODUCTION PRACTICES,9000,,,,99,"3,481,341",2022,ALL UTILIZATION PRACTICES,,US,AREA HARVESTED,,YEAR,CENSUS,PRODUCTION,UNITED STATES,00,CROPS,"WHEAT, WINTER - PRODUCTION, MEASURED IN BU"
2024-07-02 12:00:00.000,00,,,ANNUAL,WHEAT,00000000,FIELD CROPS,US TOTAL,NATIONAL,,AREA HARVESTED: (100 TO 249 ACRES),WINTER,BU,US TOTAL,,,,12.2,ALL PRODUCTION PRACTICES,9000,,,,99,"151,549,203",2022,ALL UTILIZATION PRACTICES,,US,AREA HARVESTED,,YEAR,CENSUS,PRODUCTION,UNITED STATES,00,CROPS,"WHEAT, WINTER - PRODUCTION, MEASURED IN BU"
2024-07-02 12:00:00.000,00,,,ANNUAL,WHEAT,00000000,FIELD CROPS,US TOTAL,NATIONAL,,AREA HARVESTED: (15.0 TO 24.9 ACRES),WINTER,BU,US TOTAL,,,,9.2,ALL PRODUCTION PRACTICES,9000,,,,99,"7,737,175",2022,ALL UTILIZATION PRACTICES,,US,AREA HARVESTED,,YEAR,CENSUS,PRODUCTION,UNITED STATES,00,CROPS,"WHEAT, WINTER - PRODUCTION, MEASURED IN BU"
2024-07-02 12:00:00.000,00,,,ANNUAL,WHEAT,00000000,FIELD CROPS,US TOTAL,NATIONAL,,"AREA HARVESTED: (2,000 TO 2,999 ACRES)",WINTER,BU,US TOTAL,,,,9.9,ALL PRODUCTION PRACTICES,9000,,,,99,"112,420,810",2022,ALL UTILIZATION PRACTICES,,US,AREA HARVESTED,,YEAR,CENSUS,PRODUCTION,UNITED STATES,00,CROPS,"WHEAT, WINTER - PRODUCTION, MEASURED IN BU"
2024-07-02 12:00:00.000,00,,,ANNUAL,WHEAT,00000000,FIELD CROPS,US TOTAL,NATIONAL,,AREA HARVESTED: (25.0 TO 49.9 ACRES),WINTER,BU,US TOTAL,,,,7.6,ALL PRODUCTION PRACTICES,9000,,,,99,"25,859,599",2022,ALL UTILIZATION PRACTICES,,US,AREA HARVESTED,,YEAR,CENSUS,PRODUCTION,UNITED STATES,00,CROPS,"WHEAT, WINTER - PRODUCTION, MEASURED IN BU"
2024-07-02 12:00:00.000,00,,,ANNUAL,WHEAT,00000000,FIELD CROPS,US TOTAL,NATIONAL,,AREA HARVESTED: (250 TO 499 ACRES),WINTER,BU,US TOTAL,,,,13.2,ALL PRODUCTION PRACTICES,9000,,,,99,"168,717,892",2022,ALL UTILIZATION PRACTICES,,US,AREA HARVESTED,,YEAR,CENSUS,PRODUCTION,UNITED STATES,00,CROPS,"WHEAT, WINTER - PRODUCTION, MEASURED IN BU"
2024-07-02 12:00:00.000,00,,,ANNUAL,WHEAT,00000000,FIELD CROPS,US TOTAL,NATIONAL,,"AREA HARVESTED: (3,000 TO 4,999 ACRES)",WINTER,BU,US TOTAL,,,,3.2,ALL PRODUCTION PRACTICES,9000,,,,99,"91,630,842",2022,ALL UTILIZATION PRACTICES,,US,AREA HARVESTED,,YEAR,CENSUS,PRODUCTION,UNITED STATES,00,CROPS,"WHEAT, WINTER - PRODUCTION, MEASURED IN BU"
2024-07-02 12:00:00.000,00,,,ANNUAL,WHEAT,00000000,FIELD CROPS,US TOTAL,NATIONAL,,"AREA HARVESTED: (5,000 OR MORE ACRES)",WINTER,BU,US TOTAL,,,,2.8,ALL PRODUCTION PRACTICES,9000,,,,99,"54,981,329",2022,ALL UTILIZATION PRACTICES,,US,AREA HARVESTED,,YEAR,CENSUS,PRODUCTION,UNITED STATES,00,CROPS,"WHEAT, WINTER - PRODUCTION, MEASURED IN BU"
2024-07-02 12:00:00.000,00,,,ANNUAL,WHEAT,00000000,FIELD CROPS,US TOTAL,NATIONAL,,AREA HARVESTED: (50.0 TO 99.9 ACRES),WINTER,BU,US TOTAL,,,,9.7,ALL PRODUCTION PRACTICES,9000,,,,99,"56,375,578",2022,ALL UTILIZATION PRACTICES,,US,AREA HARVESTED,,YEAR,CENSUS,PRODUCTION,UNITED STATES,00,CROPS,"WHEAT, WINTER - PRODUCTION, MEASURED IN BU"
2024-07-02 12:00:00.000,00,,,ANNUAL,WHEAT,00000000,FIELD CROPS,US TOTAL,NATIONAL,,AREA HARVESTED: (500 TO 999 ACRES),WINTER,BU,US TOTAL,,,,5.6,ALL PRODUCTION PRACTICES,9000,,,,99,"228,806,004",2022,ALL UTILIZATION PRACTICES,,US,AREA HARVESTED,,YEAR,CENSUS,PRODUCTION,UNITED STATES,00,CROPS,"WHEAT, WINTER - PRODUCTION, MEASURED IN BU"
2024-07-02 12:00:00.000,00,,,ANNUAL,WHEAT,00000000,FIELD CROPS,US TOTAL,NATIONAL,,NOT SPECIFIED,WINTER,BU,US TOTAL,,,,5.1,ALL PRODUCTION PRACTICES,9000,,,,99,"1,150,132,030",2022,ALL UTILIZATION PRACTICES,,US,TOTAL,,YEAR,CENSUS,PRODUCTION,UNITED STATES,00,CROPS,"WHEAT, WINTER - PRODUCTION, MEASURED IN BU"
