prodn_practice_desc,end_code,sector_desc,location_desc,unit_desc,congr_district_code,agg_level_desc,week_ending,Value,county_code,state_ansi,country_code,statisticcat_desc,source_desc,asd_code,domaincat_desc,reference_period_desc,state_fips_code,watershed_desc,country_name,state_alpha,domain_desc,county_name,state_name,watershed_code,group_desc,begin_code,class_desc,year,region_desc,zip_5,CV (%),county_ansi,asd_desc,util_practice_desc,freq_desc,commodity_desc,short_desc,load_time
ALL PRODUCTION PRACTICES,00,CROPS,US TOTAL,ACRES,,NATIONAL,,"51,879,000",,,9000,AREA HARVESTED,SURVEY,,NOT SPECIFIED,YEAR,99,,UNITED STATES,US,TOTAL,,US TOTAL,00000000,FIELD CROPS,00,ALL CLASSES,1960,,,,,,ALL UTILIZATION PRACTICES,ANNUAL,WHEAT,WHEAT - ACRES HARVESTED,2012-01-01 00:00:00.000
ALL PRODUCTION PRACTICES,00,CROPS,US TOTAL,ACRES,,NATIONAL,,"10,202,000",,,9000,AREA HARVESTED,SURVEY,,NOT SPECIFIED,YEAR,99,,UNITED STATES,US,TOTAL,,US TOTAL,00000000,FIELD CROPS,00,"SPRING, (EXCL DURUM)",1960,,,,,,ALL UTILIZATION PRACTICES,ANNUAL,WHEAT,"WHEAT, SPRING, (EXCL DURUM) - ACRES HARVESTED",2012-01-01 00:00:00.000
ALL PRODUCTION PRACTICES,00,CROPS,US TOTAL,ACRES,,NATIONAL,,"1,650,000",,,9000,AREA HARVESTED,SURVEY,,NOT SPECIFIED,YEAR,99,,UNITED STATES,US,TOTAL,,US TOTAL,00000000,FIELD CROPS,00,"SPRING, DURUM",1960,,,,,,ALL UTILIZATION PRACTICES,ANNUAL,WHEAT,"WHEAT, SPRING, DURUM - ACRES HARVESTED",2012-01-01 00:00:00.000
ALL PRODUCTION PRACTICES,00,CROPS,US TOTAL,ACRES,,NATIONAL,,"40,027,000",,,9000,AREA HARVESTED,SURVEY,,NOT SPECIFIED,YEAR,99,,UNITED STATES,US,TOTAL,,US TOTAL,00000000,FIELD CROPS,00,WINTER,1960,,,,,,ALL UTILIZATION PRACTICES,ANNUAL,WHEAT,"WHEAT, WINTER - ACRES HARVESTED",2012-01-01 00:00:00.000
ALL PRODUCTION PRACTICES,00,CROPS,US TOTAL,ACRES,,NATIONAL,,"51,571,000",,,9000,AREA HARVESTED,SURVEY,,NOT SPECIFIED,YEAR,99,,UNITED STATES,US,TOTAL,,US TOTAL,00000000,FIELD CROPS,00,ALL CLASSES,1961,,,,,,ALL UTILIZATION PRACTICES,ANNUAL,WHEAT,WHEAT - ACRES HARVESTED,2012-01-01 00:00:00.000
ALL PRODUCTION PRACTICES,00,CROPS,US TOTAL,ACRES,,NATIONAL,,"9,193,000",,,9000,AREA HARVESTED,SURVEY,,NOT SPECIFIED,YEAR,99,,UNITED STATES,US,TOTAL,,US TOTAL,00000000,FIELD CROPS,00,"SPRING, (EXCL DURUM)",1961,,,,,,ALL UTILIZATION PRACTICES,ANNUAL,WHEAT,"WHEAT, SPRING, (EXCL DURUM) - ACRES HARVESTED",2012-01-01 00:00:00.000
ALL PRODUCTION PRACTICES,00,CROPS,US TOTAL,ACRES,,NATIONAL,,"1,624,000",,,9000,AREA HARVESTED,SURVEY,,NOT SPECIFIED,YEAR,99,,UNITED STATES,US,TOTAL,,US TOTAL,00000000,FIELD CROPS,00,"SPRING, DURUM",1961,,,,,,ALL UTILIZATION PRACTICES,ANNUAL,WHEAT,"WHEAT, SPRING, DURUM - ACRES HARVESTED",2012-01-01 00:00:00.000
ALL PRODUCTION PRACTICES,00,CROPS,US TOTAL,ACRES,,NATIONAL,,"40,754,000",,,9000,AREA HARVESTED,SURVEY,,NOT SPECIFIED,YEAR,99,,UNITED STATES,US,TOTAL,,US TOTAL,00000000,FIELD CROPS,00,WINTER,1961,,,,,,ALL UTILIZATION PRACTICES,ANNUAL,WHEAT,"WHEAT, WINTER - ACRES HARVESTED",2012-01-01 00:00:00.000
ALL PRODUCTION PRACTICES,00,CROPS,US TOTAL,ACRES,,NATIONAL,,"43,688,000",,,9000,AREA HARVESTED,SURVEY,,NOT SPECIFIED,YEAR,99,,UNITED STATES,US,TOTAL,,US TOTAL,00000000,FIELD CROPS,00,ALL CLASSES,1962,,,,,,ALL UTILIZATION PRACTICES,ANNUAL,WHEAT,WHEAT - ACRES HARVESTED,2012-01-01 00:00:00.000
ALL PRODUCTION PRACTICES,00,CROPS,US TOTAL,ACRES,,NATIONAL,,"7,587,000",,,9000,AREA HARVESTED,SURVEY,,NOT SPECIFIED,YEAR,99,,UNITED STATES,US,TOTAL,,US TOTAL,00000000,FIELD CROPS,00,"SPRING, (EXCL DURUM)",1962,,,,,,ALL UTILIZATION PRACTICES,ANNUAL,WHEAT,"WHEAT, SPRING, (EXCL DURUM) - ACRES HARVESTED",2012-01-01 00:00:00.000
ALL PRODUCTION PRACTICES,00,CROPS,US TOTAL,ACRES,,NATIONAL,,"2,367,000",,,9000,AREA HARVESTED,SURVEY,,NOT SPECIFIED,YEAR,99,,UNITED STATES,US,TOTAL,,US TOTAL,00000000,FIELD CROPS,00,"SPRING, DURUM",1962,,,,,,ALL UTILIZATION PRACTICES,ANNUAL,WHEAT,"WHEAT, SPRING, DURUM - ACRES HARVESTED",2012-01-01 00:00:00.000
ALL PRODUCTION PRACTICES,00,CROPS,US TOTAL,ACRES,,NATIONAL,,"33,734,000",,,9000,AREA HARVESTED,SURVEY,,NOT SPECIFIED,YEAR,99,,UNITED STATES,US,TOTAL,,US TOTAL,00000000,FIELD CROPS,00,WINTER,1962,,,,,,ALL UTILIZATION PRACTICES,ANNUAL,WHEAT,"WHEAT, WINTER - ACRES HARVESTED",2012-01-01 00:00:00.000
ALL PRODUCTION PRACTICES,00,CROPS,US TOTAL,ACRES,,NATIONAL,,"45,506,000",,,9000,AREA HARVESTED,SURVEY,,NOT SPECIFIED,YEAR,99,,UNITED STATES,US,TOTAL,,US TOTAL,00000000,FIELD CROPS,00,ALL CLASSES,1963,,,,,,ALL UTILIZATION PRACTICES,ANNUAL,WHEAT,WHEAT - ACRES HARVESTED,2012-01-01 00:00:00.000
ALL PRODUCTION PRACTICES,00,CROPS,US TOTAL,ACRES,,NATIONAL,,"8,700,000",,,9000,AREA HARVESTED,SURVEY,,NOT SPECIFIED,YEAR,99,,UNITED STATES,US,TOTAL,,US TOTAL,00000000,FIELD CROPS,00,"SPRING, (EXCL DURUM)",1963,,,,,,ALL UTILIZATION PRACTICES,ANNUAL,WHEAT,"WHEAT, SPRING, (EXCL DURUM) - ACRES HARVESTED",2012-01-01 00:00:00.000
ALL PRODUCTION PRACTICES,00,CROPS,US TOTAL,ACRES,,NATIONAL,,"1,999,000",,,9000,AREA HARVESTED,SURVEY,,NOT SPECIFIED,YEAR,99,,UNITED STATES,US,TOTAL,,US TOTAL,00000000,FIELD CROPS,00,"SPRING, DURUM",1963,,,,,,ALL UTILIZATION PRACTICES,ANNUAL,WHEAT,"WHEAT, SPRING, DURUM - ACRES HARVESTED",2012-01-01 00:00:00.000
ALL PRODUCTION PRACTICES,00,CROPS,US TOTAL,ACRES,,NATIONAL,,"34,807,000",,,9000,AREA HARVESTED,SURVEY,,NOT SPECIFIED,YEAR,99,,UNITED STATES,US,TOTAL,,US TOTAL,00000000,FIELD CROPS,00,WINTER,1963,,,,,,ALL UTILIZATION PRACTICES,ANNUAL,WHEAT,"WHEAT, WINTER - ACRES HARVESTED",2012-01-01 00:00:00.000
ALL PRODUCTION PRACTICES,00,CROPS,US TOTAL,ACRES,,NATIONAL,,"49,762,000",,,9000,AREA HARVESTED,SURVEY,,NOT SPECIFIED,YEAR,99,,UNITED STATES,US,TOTAL,,US TOTAL,00000000,FIELD CROPS,00,ALL CLASSES,1964,,,,,,ALL UTILIZATION PRACTICES,ANNUAL,WHEAT,WHEAT - ACRES HARVESTED,2012-01-01 00:00:00.000
ALL PRODUCTION PRACTICES,00,CROPS,US TOTAL,ACRES,,NATIONAL,,"9,220,000",,,9000,AREA HARVESTED,SURVEY,,NOT SPECIFIED,YEAR,99,,UNITED STATES,US,TOTAL,,US TOTAL,00000000,FIELD CROPS,00,"SPRING, (EXCL DURUM)",1964,,,,,,ALL UTILIZATION PRACTICES,ANNUAL,WHEAT,"WHEAT, SPRING, (EXCL DURUM) - ACRES HARVESTED",2012-01-01 00:00:00.000
ALL PRODUCTION PRACTICES,00,CROPS,US TOTAL,ACRES,,NATIONAL,,"2,467,000",,,9000,AREA HARVESTED,SURVEY,,NOT SPECIFIED,YEAR,99,,UNITED STATES,US,TOTAL,,US TOTAL,00000000,FIELD CROPS,00,"SPRING, DURUM",1964,,,,,,ALL UTILIZATION PRACTICES,ANNUAL,WHEAT,"WHEAT, SPRING, DURUM - ACRES HARVESTED",2012-01-01 00:00:00.000
ALL PRODUCTION PRACTICES,00,CROPS,US TOTAL,ACRES,,NATIONAL,,"38,075,000",,,9000,AREA HARVESTED,SURVEY,,NOT SPECIFIED,YEAR,99,,UNITED STATES,US,TOTAL,,US TOTAL,00000000,FIELD CROPS,00,WINTER,1964,,,,,,ALL UTILIZATION PRACTICES,ANNUAL,WHEAT,"WHEAT, WINTER - ACRES HARVESTED",2012-01-01 00:00:00.000
ALL PRODUCTION PRACTICES,00,CROPS,US TOTAL,ACRES,,NATIONAL,,"49,560,000",,,9000,AREA HARVESTED,SURVEY,,NOT SPECIFIED,YEAR,99,,UNITED STATES,US,TOTAL,,US TOTAL,00000000,FIELD CROPS,00,ALL CLASSES,1965,,,,,,ALL UTILIZATION PRACTICES,ANNUAL,WHEAT,WHEAT - ACRES HARVESTED,2012-01-01 00:00:00.000
ALL PRODUCTION PRACTICES,00,CROPS,US TOTAL,ACRES,,NATIONAL,,"9,678,000",,,9000,AREA HARVESTED,SURVEY,,NOT SPECIFIED,YEAR,99,,UNITED STATES,US,TOTAL,,US TOTAL,00000000,FIELD CROPS,00,"SPRING, (EXCL DURUM)",1965,,,,,,ALL UTILIZATION PRACTICES,ANNUAL,WHEAT,"WHEAT, SPRING, (EXCL DURUM) - ACRES HARVESTED",2012-01-01 00:00:00.000
ALL PRODUCTION PRACTICES,00,CROPS,US TOTAL,ACRES,,NATIONAL,,"2,296,000",,,9000,AREA HARVESTED,SURVEY,,NOT SPECIFIED,YEAR,99,,UNITED STATES,US,TOTAL,,US TOTAL,00000000,FIELD CROPS,00,"SPRING, DURUM",1965,,,,,,ALL UTILIZATION PRACTICES,ANNUAL,WHEAT,"WHEAT, SPRING, DURUM - ACRES HARVESTED",2012-01-01 00:00:00.000
ALL PRODUCTION PRACTICES,00,CROPS,US TOTAL,ACRES,,NATIONAL,,"37,586,000",,,9000,AREA HARVESTED,SURVEY,,NOT SPECIFIED,YEAR,99,,UNITED STATES,US,TOTAL,,US TOTAL,00000000,FIELD CROPS,00,WINTER,1965,,,,,,ALL UTILIZATION PRACTICES,ANNUAL,WHEAT,"WHEAT, WINTER - ACRES HARVESTED",2012-01-01 00:00:00.000
ALL PRODUCTION PRACTICES,00,CROPS,US TOTAL,ACRES,,NATIONAL,,"49,613,000",,,9000,AREA HARVESTED,SURVEY,,NOT SPECIFIED,YEAR,99,,UNITED STATES,US,TOTAL,,US TOTAL,00000000,FIELD CROPS,00,ALL CLASSES,1966,,,,,,ALL UTILIZATION PRACTICES,ANNUAL,WHEAT,WHEAT - ACRES HARVESTED,2012-01-01 00:00:00.000
ALL PRODUCTION PRACTICES,00,CROPS,US TOTAL,ACRES,,NATIONAL,,"8,574,000",,,9000,AREA HARVESTED,SURVEY,,NOT SPECIFIED,YEAR,99,,UNITED STATES,US,TOTAL,,US TOTAL,00000000,FIELD CROPS,00,"SPRING, (EXCL DURUM)",1966,,,,,,ALL UTILIZATION PRACTICES,ANNUAL,WHEAT,"WHEAT, SPRING, (EXCL DURUM) - ACRES HARVESTED",2012-01-01 00:00:00.000
ALL PRODUCTION PRACTICES,00,CROPS,US TOTAL,ACRES,,NATIONAL,,"2,423,000",,,9000,AREA HARVESTED,SURVEY,,NOT SPECIFIED,YEAR,99,,UNITED STATES,US,TOTAL,,US TOTAL,00000000,FIELD CROPS,00,"SPRING, DURUM",1966,,,,,,ALL UTILIZATION PRACTICES,ANNUAL,WHEAT,"WHEAT, SPRING, DURUM - ACRES HARVESTED",2012-01-01 00:00:00.000
ALL PRODUCTION PRACTICES,00,CROPS,US TOTAL,ACRES,,NATIONAL,,"38,616,000",,,9000,AREA HARVESTED,SURVEY,,NOT SPECIFIED,YEAR,99,,UNITED STATES,US,TOTAL,,US TOTAL,00000000,FIELD CROPS,00,WINTER,1966,,,,,,ALL UTILIZATION PRACTICES,ANNUAL,WHEAT,"WHEAT, WINTER - ACRES HARVESTED",2012-01-01 00:00:00.000
ALL PRODUCTION PRACTICES,00,CROPS,US TOTAL,ACRES,,NATIONAL,,"58,353,000",,,9000,AREA HARVESTED,SURVEY,,NOT SPECIFIED,YEAR,99,,UNITED STATES,US,TOTAL,,US TOTAL,00000000,FIELD CROPS,00,ALL CLASSES,1967,,,,,,ALL UTILIZATION PRACTICES,ANNUAL,WHEAT,WHEAT - ACRES HARVESTED,2012-01-01 00:00:00.000
ALL PRODUCTION PRACTICES,00,CROPS,US TOTAL,ACRES,,NATIONAL,,"10,560,000",,,9000,AREA HARVESTED,SURVEY,,NOT SPECIFIED,YEAR,99,,UNITED STATES,US,TOTAL,,US TOTAL,00000000,FIELD CROPS,00,"SPRING, (EXCL DURUM)",1967,,,,,,ALL UTILIZATION PRACTICES,ANNUAL,WHEAT,"WHEAT, SPRING, (EXCL DURUM) - ACRES HARVESTED",2012-01-01 00:00:00.000
ALL PRODUCTION PRACTICES,00,CROPS,US TOTAL,ACRES,,NATIONAL,,"2,754,000",,,9000,AREA HARVESTED,SURVEY,,NOT SPECIFIED,YEAR,99,,UNITED STATES,US,TOTAL,,US TOTAL,00000000,FIELD CROPS,00,"SPRING, DURUM",1967,,,,,,ALL UTILIZATION PRACTICES,ANNUAL,WHEAT,"WHEAT, SPRING, DURUM - ACRES HARVESTED",2012-01-01 00:00:00.000
ALL PRODUCTION PRACTICES,00,CROPS,US TOTAL,ACRES,,NATIONAL,,"45,039,000",,,9000,AREA HARVESTED,SURVEY,,NOT SPECIFIED,YEAR,99,,UNITED STATES,US,TOTAL,,US TOTAL,00000000,FIELD CROPS,00,WINTER,1967,,,,,,ALL UTILIZATION PRACTICES,ANNUAL,WHEAT,"WHEAT, WINTER - ACRES HARVESTED",2012-01-01 00:00:00.000
ALL PRODUCTION PRACTICES,00,CROPS,US TOTAL,ACRES,,NATIONAL,,"54,765,000",,,9000,AREA HARVESTED,SURVEY,,NOT SPECIFIED,YEAR,99,,UNITED STATES,US,TOTAL,,US TOTAL,00000000,FIELD CROPS,00,ALL CLASSES,1968,,,,,,ALL UTILIZATION PRACTICES,ANNUAL,WHEAT,WHEAT - ACRES HARVESTED,2012-01-01 00:00:00.000
ALL PRODUCTION PRACTICES,00,CROPS,US TOTAL,ACRES,,NATIONAL,,"9,215,000",,,9000,AREA HARVESTED,SURVEY,,NOT SPECIFIED,YEAR,99,,UNITED STATES,US,TOTAL,,US TOTAL,00000000,FIELD CROPS,00,"SPRING, (EXCL DURUM)",1968,,,,,,ALL UTILIZATION PRACTICES,ANNUAL,WHEAT,"WHEAT, SPRING, (EXCL DURUM) - ACRES HARVESTED",2012-01-01 00:00:00.000
ALL PRODUCTION PRACTICES,00,CROPS,US TOTAL,ACRES,,NATIONAL,,"3,621,000",,,9000,AREA HARVESTED,SURVEY,,NOT SPECIFIED,YEAR,99,,UNITED STATES,US,TOTAL,,US TOTAL,00000000,FIELD CROPS,00,"SPRING, DURUM",1968,,,,,,ALL UTILIZATION PRACTICES,ANNUAL,WHEAT,"WHEAT, SPRING, DURUM - ACRES HARVESTED",2012-01-01 00:00:00.000
ALL PRODUCTION PRACTICES,00,CROPS,US TOTAL,ACRES,,NATIONAL,,"41,929,000",,,9000,AREA HARVESTED,SURVEY,,NOT SPECIFIED,YEAR,99,,UNITED STATES,US,TOTAL,,US TOTAL,00000000,FIELD CROPS,00,WINTER,1968,,,,,,ALL UTILIZATION PRACTICES,ANNUAL,WHEAT,"WHEAT, WINTER - ACRES HARVESTED",2012-01-01 00:00:00.000
ALL PRODUCTION PRACTICES,00,CROPS,US TOTAL,ACRES,,NATIONAL,,"47,146,000",,,9000,AREA HARVESTED,SURVEY,,NOT SPECIFIED,YEAR,99,,UNITED STATES,US,TOTAL,,US TOTAL,00000000,FIELD CROPS,00,ALL CLASSES,1969,,,,,,ALL UTILIZATION PRACTICES,ANNUAL,WHEAT,WHEAT - ACRES HARVESTED,2012-01-01 00:00:00.000
ALL PRODUCTION PRACTICES,00,CROPS,US TOTAL,ACRES,,NATIONAL,,"7,423,000",,,9000,AREA HARVESTED,SURVEY,,NOT SPECIFIED,YEAR,99,,UNITED STATES,US,TOTAL,,US TOTAL,00000000,FIELD CROPS,00,"SPRING, (EXCL DURUM)",1969,,,,,,ALL UTILIZATION PRACTICES,ANNUAL,WHEAT,"WHEAT, SPRING, (EXCL DURUM) - ACRES HARVESTED",2012-01-01 00:00:00.000
ALL PRODUCTION PRACTICES,00,CROPS,US TOTAL,ACRES,,NATIONAL,,"3,420,000",,,9000,AREA HARVESTED,SURVEY,,NOT SPECIFIED,YEAR,99,,UNITED STATES,US,TOTAL,,US TOTAL,00000000,FIELD CROPS,00,"SPRING, DURUM",1969,,,,,,ALL UTILIZATION PRACTICES,ANNUAL,WHEAT,"WHEAT, SPRING, DURUM - ACRES HARVESTED",2012-01-01 00:00:00.000
ALL PRODUCTION PRACTICES,00,CROPS,US TOTAL,ACRES,,NATIONAL,,"36,303,000",,,9000,AREA HARVESTED,SURVEY,,NOT SPECIFIED,YEAR,99,,UNITED STATES,US,TOTAL,,US TOTAL,00000000,FIELD CROPS,00,WINTER,1969,,,,,,ALL UTILIZATION PRACTICES,ANNUAL,WHEAT,"WHEAT, WINTER - ACRES HARVESTED",2012-01-01 00:00:00.000
ALL PRODUCTION PRACTICES,00,CROPS,US TOTAL,ACRES,,NATIONAL,,"43,564,000",,,9000,AREA HARVESTED,SURVEY,,NOT SPECIFIED,YEAR,99,,UNITED STATES,US,TOTAL,,US TOTAL,00000000,FIELD CROPS,00,ALL CLASSES,1970,,,,,,ALL UTILIZATION PRACTICES,ANNUAL,WHEAT,WHEAT - ACRES HARVESTED,2012-01-01 00:00:00.000
ALL PRODUCTION PRACTICES,00,CROPS,US TOTAL,ACRES,,NATIONAL,,"8,757,000",,,9000,AREA HARVESTED,SURVEY,,NOT SPECIFIED,YEAR,99,,UNITED STATES,US,TOTAL,,US TOTAL,00000000,FIELD CROPS,00,"SPRING, (EXCL DURUM)",1970,,,,,,ALL UTILIZATION PRACTICES,ANNUAL,WHEAT,"WHEAT, SPRING, (EXCL DURUM) - ACRES HARVESTED",2012-01-01 00:00:00.000
ALL PRODUCTION PRACTICES,00,CROPS,US TOTAL,ACRES,,NATIONAL,,"2,105,000",,,9000,AREA HARVESTED,SURVEY,,NOT SPECIFIED,YEAR,99,,UNITED STATES,US,TOTAL,,US TOTAL,00000000,FIELD CROPS,00,"SPRING, DURUM",1970,,,,,,ALL UTILIZATION PRACTICES,ANNUAL,WHEAT,"WHEAT, SPRING, DURUM - ACRES HARVESTED",2012-01-01 00:00:00.000
ALL PRODUCTION PRACTICES,00,CROPS,US TOTAL,ACRES,,NATIONAL,,"32,702,000",,,9000,AREA HARVESTED,SURVEY,,NOT SPECIFIED,YEAR,99,,UNITED STATES,US,TOTAL,,US TOTAL,00000000,FIELD CROPS,00,WINTER,1970,,,,,,ALL UTILIZATION PRACTICES,ANNUAL,WHEAT,"WHEAT, WINTER - ACRES HARVESTED",2012-01-01 00:00:00.000
ALL PRODUCTION PRACTICES,00,CROPS,US TOTAL,ACRES,,NATIONAL,,"47,685,000",,,9000,AREA HARVESTED,SURVEY,,NOT SPECIFIED,YEAR,99,,UNITED STATES,US,TOTAL,,US TOTAL,00000000,FIELD CROPS,00,ALL CLASSES,1971,,,,,,ALL UTILIZATION PRACTICES,ANNUAL,WHEAT,WHEAT - ACRES HARVESTED,2012-01-01 00:00:00.000
ALL PRODUCTION PRACTICES,00,CROPS,US TOTAL,ACRES,,NATIONAL,,"12,451,000",,,9000,AREA HARVESTED,SURVEY,,NOT SPECIFIED,YEAR,99,,UNITED STATES,US,TOTAL,,US TOTAL,00000000,FIELD CROPS,00,"SPRING, (EXCL DURUM)",1971,,,,,,ALL UTILIZATION PRACTICES,ANNUAL,WHEAT,"WHEAT, SPRING, (EXCL DURUM) - ACRES HARVESTED",2012-01-01 00:00:00.000
ALL PRODUCTION PRACTICES,00,CROPS,US TOTAL,ACRES,,NATIONAL,,"2,864,000",,,9000,AREA HARVESTED,SURVEY,,NOT SPECIFIED,YEAR,99,,UNITED STATES,US,TOTAL,,US TOTAL,00000000,FIELD CROPS,00,"SPRING, DURUM",1971,,,,,,ALL UTILIZATION PRACTICES,ANNUAL,WHEAT,"WHEAT, SPRING, DURUM - ACRES HARVESTED",2012-01-01 00:00:00.000
ALL PRODUCTION PRACTICES,00,CROPS,US TOTAL,ACRES,,NATIONAL,,"32,370,000",,,9000,AREA HARVESTED,SURVEY,,NOT SPECIFIED,YEAR,99,,UNITED STATES,US,TOTAL,,US TOTAL,00000000,FIELD CROPS,00,WINTER,1971,,,,,,ALL UTILIZATION PRACTICES,ANNUAL,WHEAT,"WHEAT, WINTER - ACRES HARVESTED",2012-01-01 00:00:00.000
ALL PRODUCTION PRACTICES,00,CROPS,US TOTAL,ACRES,,NATIONAL,,"47,303,000",,,9000,AREA HARVESTED,SURVEY,,NOT SPECIFIED,YEAR,99,,UNITED STATES,US,TOTAL,,US TOTAL,00000000,FIELD CROPS,00,ALL CLASSES,1972,,,,,,ALL UTILIZATION PRACTICES,ANNUAL,WHEAT,WHEAT - ACRES HARVESTED,2012-01-01 00:00:00.000
ALL PRODUCTION PRACTICES,00,CROPS,US TOTAL,ACRES,,NATIONAL,,"9,894,000",,,9000,AREA HARVESTED,SURVEY,,NOT SPECIFIED,YEAR,99,,UNITED STATES,US,TOTAL,,US TOTAL,00000000,FIELD CROPS,00,"SPRING, (EXCL DURUM)",1972,,,,,,ALL UTILIZATION PRACTICES,ANNUAL,WHEAT,"WHEAT, SPRING, (EXCL DURUM) - ACRES HARVESTED",2012-01-01 00:00:00.000
ALL PRODUCTION PRACTICES,00,CROPS,US TOTAL,ACRES,,NATIONAL,,"2,550,000",,,9000,AREA HARVESTED,SURVEY,,NOT SPECIFIED,YEAR,99,,UNITED STATES,US,TOTAL,,US TOTAL,00000000,FIELD CROPS,00,"SPRING, DURUM",1972,,,,,,ALL UTILIZATION PRACTICES,ANNUAL,WHEAT,"WHEAT, SPRING, DURUM - ACRES HARVESTED",2012-01-01 00:00:00.000
ALL PRODUCTION PRACTICES,00,CROPS,US TOTAL,ACRES,,NATIONAL,,"34,859,000",,,9000,AREA HARVESTED,SURVEY,,NOT SPECIFIED,YEAR,99,,UNITED STATES,US,TOTAL,,US TOTAL,00000000,FIELD CROPS,00,WINTER,1972,,,,,,ALL UTILIZATION PRACTICES,ANNUAL,WHEAT,"WHEAT, WINTER - ACRES HARVESTED",2012-01-01 00:00:00.000
ALL PRODUCTION PRACTICES,00,CROPS,US TOTAL,ACRES,,NATIONAL,,"54,148,000",,,9000,AREA HARVESTED,SURVEY,,NOT SPECIFIED,YEAR,99,,UNITED STATES,US,TOTAL,,US TOTAL,00000000,FIELD CROPS,00,ALL CLASSES,1973,,,,,,ALL UTILIZATION PRACTICES,ANNUAL,WHEAT,WHEAT - ACRES HARVESTED,2012-01-01 00:00:00.000
ALL PRODUCTION PRACTICES,00,CROPS,US TOTAL,ACRES,,NATIONAL,,"12,517,000",,,9000,AREA HARVESTED,SURVEY,,NOT SPECIFIED,YEAR,99,,UNITED STATES,US,TOTAL,,US TOTAL,00000000,FIELD CROPS,00,"SPRING, (EXCL DURUM)",1973,,,,,,ALL UTILIZATION PRACTICES,ANNUAL,WHEAT,"WHEAT, SPRING, (EXCL DURUM) - ACRES HARVESTED",2012-01-01 00:00:00.000
ALL PRODUCTION PRACTICES,00,CROPS,US TOTAL,ACRES,,NATIONAL,,"2,884,000",,,9000,AREA HARVESTED,SURVEY,,NOT SPECIFIED,YEAR,99,,UNITED STATES,US,TOTAL,,US TOTAL,00000000,FIELD CROPS,00,"SPRING, DURUM",1973,,,,,,ALL UTILIZATION PRACTICES,ANNUAL,WHEAT,"WHEAT, SPRING, DURUM - ACRES HARVESTED",2012-01-01 00:00:00.000
ALL PRODUCTION PRACTICES,00,CROPS,US TOTAL,ACRES,,NATIONAL,,"38,747,000",,,9000,AREA HARVESTED,SURVEY,,NOT SPECIFIED,YEAR,99,,UNITED STATES,US,TOTAL,,US TOTAL,00000000,FIELD CROPS,00,WINTER,1973,,,,,,ALL UTILIZATION PRACTICES,ANNUAL,WHEAT,"WHEAT, WINTER - ACRES HARVESTED",2012-01-01 00:00:00.000
ALL PRODUCTION PRACTICES,00,CROPS,US TOTAL,ACRES,,NATIONAL,,"65,368,000",,,9000,AREA HARVESTED,SURVEY,,NOT SPECIFIED,YEAR,99,,UNITED STATES,US,TOTAL,,US TOTAL,00000000,FIELD CROPS,00,ALL CLASSES,1974,,,,,,ALL UTILIZATION PRACTICES,ANNUAL,WHEAT,WHEAT - ACRES HARVESTED,2012-01-01 00:00:00.000
ALL PRODUCTION PRACTICES,00,CROPS,US TOTAL,ACRES,,NATIONAL,,"14,491,000",,,9000,AREA HARVESTED,SURVEY,,NOT SPECIFIED,YEAR,99,,UNITED STATES,US,TOTAL,,US TOTAL,00000000,FIELD CROPS,00,"SPRING, (EXCL DURUM)",1974,,,,,,ALL UTILIZATION PRACTICES,ANNUAL,WHEAT,"WHEAT, SPRING, (EXCL DURUM) - ACRES HARVESTED",2012-01-01 00:00:00.000
ALL PRODUCTION PRACTICES,00,CROPS,US TOTAL,ACRES,,NATIONAL,,"4,099,000",,,9000,AREA HARVESTED,SURVEY,,NOT SPECIFIED,YEAR,99,,UNITED STATES,US,TOTAL,,US TOTAL,00000000,FIELD CROPS,00,"SPRING, DURUM",1974,,,,,,ALL UTILIZATION PRACTICES,ANNUAL,WHEAT,"WHEAT, SPRING, DURUM - ACRES HARVESTED",2012-01-01 00:00:00.000
ALL PRODUCTION PRACTICES,00,CROPS,US TOTAL,ACRES,,NATIONAL,,"46,778,000",,,9000,AREA HARVESTED,SURVEY,,NOT SPECIFIED,YEAR,99,,UNITED STATES,US,TOTAL,,US TOTAL,00000000,FIELD CROPS,00,WINTER,1974,,,,,,ALL UTILIZATION PRACTICES,ANNUAL,WHEAT,"WHEAT, WINTER - ACRES HARVESTED",2012-01-01 00:00:00.000
ALL PRODUCTION PRACTICES,00,CROPS,US TOTAL,ACRES,,NATIONAL,,"69,499,000",,,9000,AREA HARVESTED,SURVEY,,NOT SPECIFIED,YEAR,99,,UNITED STATES,US,TOTAL,,US TOTAL,00000000,FIELD CROPS,00,ALL CLASSES,1975,,,,,,ALL UTILIZATION PRACTICES,ANNUAL,WHEAT,WHEAT - ACRES HARVESTED,2012-01-01 00:00:00.000
ALL PRODUCTION PRACTICES,00,CROPS,US TOTAL,ACRES,,NATIONAL,,"13,443,000",,,9000,AREA HARVESTED,SURVEY,,NOT SPECIFIED,YEAR,99,,UNITED STATES,US,TOTAL,,US TOTAL,00000000,FIELD CROPS,00,"SPRING, (EXCL DURUM)",1975,,,,,,ALL UTILIZATION PRACTICES,ANNUAL,WHEAT,"WHEAT, SPRING, (EXCL DURUM) - ACRES HARVESTED",2012-01-01 00:00:00.000
ALL PRODUCTION PRACTICES,00,CROPS,US TOTAL,ACRES,,NATIONAL,,"4,680,000",,,9000,AREA HARVESTED,SURVEY,,NOT SPECIFIED,YEAR,99,,UNITED STATES,US,TOTAL,,US TOTAL,00000000,FIELD CROPS,00,"SPRING, DURUM",1975,,,,,,ALL UTILIZATION PRACTICES,ANNUAL,WHEAT,"WHEAT, SPRING, DURUM - ACRES HARVESTED",2012-01-01 00:00:00.000
ALL PRODUCTION PRACTICES,00,CROPS,US TOTAL,ACRES,,NATIONAL,,"51,376,000",,,9000,AREA HARVESTED,SURVEY,,NOT SPECIFIED,YEAR,99,,UNITED STATES,US,TOTAL,,US TOTAL,00000000,FIELD CROPS,00,WINTER,1975,,,,,,ALL UTILIZATION PRACTICES,ANNUAL,WHEAT,"WHEAT, WINTER - ACRES HARVESTED",2012-01-01 00:00:00.000
ALL PRODUCTION PRACTICES,00,CROPS,US TOTAL,ACRES,,NATIONAL,,"70,927,000",,,9000,AREA HARVESTED,SURVEY,,NOT SPECIFIED,YEAR,99,,UNITED STATES,US,TOTAL,,US TOTAL,00000000,FIELD CROPS,00,ALL CLASSES,1976,,,,,,ALL UTILIZATION PRACTICES,ANNUAL,WHEAT,WHEAT - ACRES HARVESTED,2012-01-01 00:00:00.000
ALL PRODUCTION PRACTICES,00,CROPS,US TOTAL,ACRES,,NATIONAL,,"16,765,000",,,9000,AREA HARVESTED,SURVEY,,NOT SPECIFIED,YEAR,99,,UNITED STATES,US,TOTAL,,US TOTAL,00000000,FIELD CROPS,00,"SPRING, (EXCL DURUM)",1976,,,,,,ALL UTILIZATION PRACTICES,ANNUAL,WHEAT,"WHEAT, SPRING, (EXCL DURUM) - ACRES HARVESTED",2012-01-01 00:00:00.000
ALL PRODUCTION PRACTICES,00,CROPS,US TOTAL,ACRES,,NATIONAL,,"4,584,000",,,9000,AREA HARVESTED,SURVEY,,NOT SPECIFIED,YEAR,99,,UNITED STATES,US,TOTAL,,US TOTAL,00000000,FIELD CROPS,00,"SPRING, DURUM",1976,,,,,,ALL UTILIZATION PRACTICES,ANNUAL,WHEAT,"WHEAT, SPRING, DURUM - ACRES HARVESTED",2012-01-01 00:00:00.000
ALL PRODUCTION PRACTICES,00,CROPS,US TOTAL,ACRES,,NATIONAL,,"49,578,000",,,9000,AREA HARVESTED,SURVEY,,NOT SPECIFIED,YEAR,99,,UNITED STATES,US,TOTAL,,US TOTAL,00000000,FIELD CROPS,00,WINTER,1976,,,,,,ALL UTILIZATION PRACTICES,ANNUAL,WHEAT,"WHEAT, WINTER - ACRES HARVESTED",2012-01-01 00:00:00.000
ALL PRODUCTION PRACTICES,00,CROPS,US TOTAL,ACRES,,NATIONAL,,"66,686,000",,,9000,AREA HARVESTED,SURVEY,,NOT SPECIFIED,YEAR,99,,UNITED STATES,US,TOTAL,,US TOTAL,00000000,FIELD CROPS,00,ALL CLASSES,1977,,,,,,ALL UTILIZATION PRACTICES,ANNUAL,WHEAT,WHEAT - ACRES HARVESTED,2012-01-01 00:00:00.000
ALL PRODUCTION PRACTICES,00,CROPS,US TOTAL,ACRES,,NATIONAL,,"14,889,000",,,9000,AREA HARVESTED,SURVEY,,NOT SPECIFIED,YEAR,99,,UNITED STATES,US,TOTAL,,US TOTAL,00000000,FIELD CROPS,00,"SPRING, (EXCL DURUM)",1977,,,,,,ALL UTILIZATION PRACTICES,ANNUAL,WHEAT,"WHEAT, SPRING, (EXCL DURUM) - ACRES HARVESTED",2012-01-01 00:00:00.000
ALL PRODUCTION PRACTICES,00,CROPS,US TOTAL,ACRES,,NATIONAL,,"3,025,000",,,9000,AREA HARVESTED,SURVEY,,NOT SPECIFIED,YEAR,99,,UNITED STATES,US,TOTAL,,US TOTAL,00000000,FIELD CROPS,00,"SPRING, DURUM",1977,,,,,,ALL UTILIZATION PRACTICES,ANNUAL,WHEAT,"WHEAT, SPRING, DURUM - ACRES HARVESTED",2012-01-01 00:00:00.000
ALL PRODUCTION PRACTICES,00,CROPS,US TOTAL,ACRES,,NATIONAL,,"48,772,000",,,9000,AREA HARVESTED,SURVEY,,NOT SPECIFIED,YEAR,99,,UNITED STATES,US,TOTAL,,US TOTAL,00000000,FIELD CROPS,00,WINTER,1977,,,,,,ALL UTILIZATION PRACTICES,ANNUAL,WHEAT,"WHEAT, WINTER - ACRES HARVESTED",2012-01-01 00:00:00.000
ALL PRODUCTION PRACTICES,00,CROPS,US TOTAL,ACRES,,NATIONAL,,"56,495,000",,,9000,AREA HARVESTED,SURVEY,,NOT SPECIFIED,YEAR,99,,UNITED STATES,US,TOTAL,,US TOTAL,00000000,FIELD CROPS,00,ALL CLASSES,1978,,,,,,ALL UTILIZATION PRACTICES,ANNUAL,WHEAT,WHEAT - ACRES HARVESTED,2012-01-01 00:00:00.000
ALL PRODUCTION PRACTICES,00,CROPS,US TOTAL,ACRES,,NATIONAL,,"13,980,000",,,9000,AREA HARVESTED,SURVEY,,NOT SPECIFIED,YEAR,99,,UNITED STATES,US,TOTAL,,US TOTAL,00000000,FIELD CROPS,00,"SPRING, (EXCL DURUM)",1978,,,,,,ALL UTILIZATION PRACTICES,ANNUAL,WHEAT,"WHEAT, SPRING, (EXCL DURUM) - ACRES HARVESTED",2012-01-01 00:00:00.000
ALL PRODUCTION PRACTICES,00,CROPS,US TOTAL,ACRES,,NATIONAL,,"4,024,000",,,9000,AREA HARVESTED,SURVEY,,NOT SPECIFIED,YEAR,99,,UNITED STATES,US,TOTAL,,US TOTAL,00000000,FIELD CROPS,00,"SPRING, DURUM",1978,,,,,,ALL UTILIZATION PRACTICES,ANNUAL,WHEAT,"WHEAT, SPRING, DURUM - ACRES HARVESTED",2012-01-01 00:00:00.000
ALL PRODUCTION PRACTICES,00,CROPS,US TOTAL,ACRES,,NATIONAL,,"38,491,000",,,9000,AREA HARVESTED,SURVEY,,NOT SPECIFIED,YEAR,99,,UNITED STATES,US,TOTAL,,US TOTAL,00000000,FIELD CROPS,00,WINTER,1978,,,,,,ALL UTILIZATION PRACTICES,ANNUAL,WHEAT,"WHEAT, WINTER - ACRES HARVESTED",2012-01-01 00:00:00.000
ALL PRODUCTION PRACTICES,00,CROPS,US TOTAL,ACRES,,NATIONAL,,"62,454,000",,,9000,AREA HARVESTED,SURVEY,,NOT SPECIFIED,YEAR,99,,UNITED STATES,US,TOTAL,,US TOTAL,00000000,FIELD CROPS,00,ALL CLASSES,1979,,,,,,ALL UTILIZATION PRACTICES,ANNUAL,WHEAT,WHEAT - ACRES HARVESTED,2012-01-01 00:00:00.000
ALL PRODUCTION PRACTICES,00,CROPS,US TOTAL,ACRES,,NATIONAL,,"15,095,000",,,9000,AREA HARVESTED,SURVEY,,NOT SPECIFIED,YEAR,99,,UNITED STATES,US,TOTAL,,US TOTAL,00000000,FIELD CROPS,00,"SPRING, (EXCL DURUM)",1979,,,,,,ALL UTILIZATION PRACTICES,ANNUAL,WHEAT,"WHEAT, SPRING, (EXCL DURUM) - ACRES HARVESTED",2012-01-01 00:00:00.000
ALL PRODUCTION PRACTICES,00,CROPS,US TOTAL,ACRES,,NATIONAL,,"3,932,000",,,9000,AREA HARVESTED,SURVEY,,NOT SPECIFIED,YEAR,99,,UNITED STATES,US,TOTAL,,US TOTAL,00000000,FIELD CROPS,00,"SPRING, DURUM",1979,,,,,,ALL UTILIZATION PRACTICES,ANNUAL,WHEAT,"WHEAT, SPRING, DURUM - ACRES HARVESTED",2012-01-01 00:00:00.000
ALL PRODUCTION PRACTICES,00,CROPS,US TOTAL,ACRES,,NATIONAL,,"43,427,000",,,9000,AREA HARVESTED,SURVEY,,NOT SPECIFIED,YEAR,99,,UNITED STATES,US,TOTAL,,US TOTAL,00000000,FIELD CROPS,00,WINTER,1979,,,,,,ALL UTILIZATION PRACTICES,ANNUAL,WHEAT,"WHEAT, WINTER - ACRES HARVESTED",2012-01-01 00:00:00.000
ALL PRODUCTION PRACTICES,00,CROPS,US TOTAL,ACRES,,NATIONAL,,"71,125,000",,,9000,AREA HARVESTED,SURVEY,,NOT SPECIFIED,YEAR,99,,UNITED STATES,US,TOTAL,,US TOTAL,00000000,FIELD CROPS,00,ALL CLASSES,1980,,,,,,ALL UTILIZATION PRACTICES,ANNUAL,WHEAT,WHEAT - ACRES HARVESTED,2012-01-01 00:00:00.000
ALL PRODUCTION PRACTICES,00,CROPS,US TOTAL,ACRES,,NATIONAL,,"14,650,000",,,9000,AREA HARVESTED,SURVEY,,NOT SPECIFIED,YEAR,99,,UNITED STATES,US,TOTAL,,US TOTAL,00000000,FIELD CROPS,00,"SPRING, (EXCL DURUM)",1980,,,,,,ALL UTILIZATION PRACTICES,ANNUAL,WHEAT,"WHEAT, SPRING, (EXCL DURUM) - ACRES HARVESTED",2012-01-01 00:00:00.000
ALL PRODUCTION PRACTICES,00,CROPS,US TOTAL,ACRES,,NATIONAL,,"4,840,000",,,9000,AREA HARVESTED,SURVEY,,NOT SPECIFIED,YEAR,99,,UNITED STATES,US,TOTAL,,US TOTAL,00000000,FIELD CROPS,00,"SPRING, DURUM",1980,,,,,,ALL UTILIZATION PRACTICES,ANNUAL,WHEAT,"WHEAT, SPRING, DURUM - ACRES HARVESTED",2012-01-01 00:00:00.000
ALL PRODUCTION PRACTICES,00,CROPS,US TOTAL,ACRES,,NATIONAL,,"51,635,000",,,9000,AREA HARVESTED,SURVEY,,NOT SPECIFIED,YEAR,99,,UNITED STATES,US,TOTAL,,US TOTAL,00000000,FIELD CROPS,00,WINTER,1980,,,,,,ALL UTILIZATION PRACTICES,ANNUAL,WHEAT,"WHEAT, WINTER - ACRES HARVESTED",2012-01-01 00:00:00.000
ALL PRODUCTION PRACTICES,00,CROPS,US TOTAL,ACRES,,NATIONAL,,"80,642,000",,,9000,AREA HARVESTED,SURVEY,,NOT SPECIFIED,YEAR,99,,UNITED STATES,US,TOTAL,,US TOTAL,00000000,FIELD CROPS,00,ALL CLASSES,1981,,,,,,ALL UTILIZATION PRACTICES,ANNUAL,WHEAT,WHEAT - ACRES HARVESTED,2012-01-01 00:00:00.000
ALL PRODUCTION PRACTICES,00,CROPS,US TOTAL,ACRES,,NATIONAL,,"16,511,000",,,9000,AREA HARVESTED,SURVEY,,NOT SPECIFIED,YEAR,99,,UNITED STATES,US,TOTAL,,US TOTAL,00000000,FIELD CROPS,00,"SPRING, (EXCL DURUM)",1981,,,,,,ALL UTILIZATION PRACTICES,ANNUAL,WHEAT,"WHEAT, SPRING, (EXCL DURUM) - ACRES HARVESTED",2012-01-01 00:00:00.000
ALL PRODUCTION PRACTICES,00,CROPS,US TOTAL,ACRES,,NATIONAL,,"5,655,000",,,9000,AREA HARVESTED,SURVEY,,NOT SPECIFIED,YEAR,99,,UNITED STATES,US,TOTAL,,US TOTAL,00000000,FIELD CROPS,00,"SPRING, DURUM",1981,,,,,,ALL UTILIZATION PRACTICES,ANNUAL,WHEAT,"WHEAT, SPRING, DURUM - ACRES HARVESTED",2012-01-01 00:00:00.000
ALL PRODUCTION PRACTICES,00,CROPS,US TOTAL,ACRES,,NATIONAL,,"58,476,000",,,9000,AREA HARVESTED,SURVEY,,NOT SPECIFIED,YEAR,99,,UNITED STATES,US,TOTAL,,US TOTAL,00000000,FIELD CROPS,00,WINTER,1981,,,,,,ALL UTILIZATION PRACTICES,ANNUAL,WHEAT,"WHEAT, WINTER - ACRES HARVESTED",2012-01-01 00:00:00.000
ALL PRODUCTION PRACTICES,00,CROPS,US TOTAL,ACRES,,NATIONAL,,"77,937,000",,,9000,AREA HARVESTED,SURVEY,,NOT SPECIFIED,YEAR,99,,UNITED STATES,US,TOTAL,,US TOTAL,00000000,FIELD CROPS,00,ALL CLASSES,1982,,,,,,ALL UTILIZATION PRACTICES,ANNUAL,WHEAT,WHEAT - ACRES HARVESTED,2012-01-01 00:00:00.000
ALL PRODUCTION PRACTICES,00,CROPS,US TOTAL,ACRES,,NATIONAL,,"16,127,000",,,9000,AREA HARVESTED,SURVEY,,NOT SPECIFIED,YEAR,99,,UNITED STATES,US,TOTAL,,US TOTAL,00000000,FIELD CROPS,00,"SPRING, (EXCL DURUM)",1982,,,,,,ALL UTILIZATION PRACTICES,ANNUAL,WHEAT,"WHEAT, SPRING, (EXCL DURUM) - ACRES HARVESTED",2012-01-01 00:00:00.000
ALL PRODUCTION PRACTICES,00,CROPS,US TOTAL,ACRES,,NATIONAL,,"4,177,000",,,9000,AREA HARVESTED,SURVEY,,NOT SPECIFIED,YEAR,99,,UNITED STATES,US,TOTAL,,US TOTAL,00000000,FIELD CROPS,00,"SPRING, DURUM",1982,,,,,,ALL UTILIZATION PRACTICES,ANNUAL,WHEAT,"WHEAT, SPRING, DURUM - ACRES HARVESTED",2012-01-01 00:00:00.000
ALL PRODUCTION PRACTICES,00,CROPS,US TOTAL,ACRES,,NATIONAL,,"57,633,000",,,9000,AREA HARVESTED,SURVEY,,NOT SPECIFIED,YEAR,99,,UNITED STATES,US,TOTAL,,US TOTAL,00000000,FIELD CROPS,00,WINTER,1982,,,,,,ALL UTILIZATION PRACTICES,ANNUAL,WHEAT,"WHEAT, WINTER - ACRES HARVESTED",2012-01-01 00:00:00.000
ALL PRODUCTION PRACTICES,00,CROPS,US TOTAL,ACRES,,NATIONAL,,"61,390,000",,,9000,AREA HARVESTED,SURVEY,,NOT SPECIFIED,YEAR,99,,UNITED STATES,US,TOTAL,,US TOTAL,00000000,FIELD CROPS,00,ALL CLASSES,1983,,,,,,ALL UTILIZATION PRACTICES,ANNUAL,WHEAT,WHEAT - ACRES HARVESTED,2012-01-01 00:00:00.000
ALL PRODUCTION PRACTICES,00,CROPS,US TOTAL,ACRES,,NATIONAL,,"11,314,000",,,9000,AREA HARVESTED,SURVEY,,NOT SPECIFIED,YEAR,99,,UNITED STATES,US,TOTAL,,US TOTAL,00000000,FIELD CROPS,00,"SPRING, (EXCL DURUM)",1983,,,,,,ALL UTILIZATION PRACTICES,ANNUAL,WHEAT,"WHEAT, SPRING, (EXCL DURUM) - ACRES HARVESTED",2012-01-01 00:00:00.000
ALL PRODUCTION PRACTICES,00,CROPS,US TOTAL,ACRES,,NATIONAL,,"2,492,000",,,9000,AREA HARVESTED,SURVEY,,NOT SPECIFIED,YEAR,99,,UNITED STATES,US,TOTAL,,US TOTAL,00000000,FIELD CROPS,00,"SPRING, DURUM",1983,,,,,,ALL UTILIZATION PRACTICES,ANNUAL,WHEAT,"WHEAT, SPRING, DURUM - ACRES HARVESTED",2012-01-01 00:00:00.000
ALL PRODUCTION PRACTICES,00,CROPS,US TOTAL,ACRES,,NATIONAL,,"47,584,000",,,9000,AREA HARVESTED,SURVEY,,NOT SPECIFIED,YEAR,99,,UNITED STATES,US,TOTAL,,US TOTAL,00000000,FIELD CROPS,00,WINTER,1983,,,,,,ALL UTILIZATION PRACTICES,ANNUAL,WHEAT,"WHEAT, WINTER - ACRES HARVESTED",2012-01-01 00:00:00.000
ALL PRODUCTION PRACTICES,00,CROPS,US TOTAL,ACRES,,NATIONAL,,"66,928,000",,,9000,AREA HARVESTED,SURVEY,,NOT SPECIFIED,YEAR,99,,UNITED STATES,US,TOTAL,,US TOTAL,00000000,FIELD CROPS,00,ALL CLASSES,1984,,,,,,ALL UTILIZATION PRACTICES,ANNUAL,WHEAT,WHEAT - ACRES HARVESTED,2012-01-01 00:00:00.000
ALL PRODUCTION PRACTICES,00,CROPS,US TOTAL,ACRES,,NATIONAL,,"12,196,000",,,9000,AREA HARVESTED,SURVEY,,NOT SPECIFIED,YEAR,99,,UNITED STATES,US,TOTAL,,US TOTAL,00000000,FIELD CROPS,00,"SPRING, (EXCL DURUM)",1984,,,,,,ALL UTILIZATION PRACTICES,ANNUAL,WHEAT,"WHEAT, SPRING, (EXCL DURUM) - ACRES HARVESTED",2012-01-01 00:00:00.000
ALL PRODUCTION PRACTICES,00,CROPS,US TOTAL,ACRES,,NATIONAL,,"3,219,000",,,9000,AREA HARVESTED,SURVEY,,NOT SPECIFIED,YEAR,99,,UNITED STATES,US,TOTAL,,US TOTAL,00000000,FIELD CROPS,00,"SPRING, DURUM",1984,,,,,,ALL UTILIZATION PRACTICES,ANNUAL,WHEAT,"WHEAT, SPRING, DURUM - ACRES HARVESTED",2012-01-01 00:00:00.000
ALL PRODUCTION PRACTICES,00,CROPS,US TOTAL,ACRES,,NATIONAL,,"51,513,000",,,9000,AREA HARVESTED,SURVEY,,NOT SPECIFIED,YEAR,99,,UNITED STATES,US,TOTAL,,US TOTAL,00000000,FIELD CROPS,00,WINTER,1984,,,,,,ALL UTILIZATION PRACTICES,ANNUAL,WHEAT,"WHEAT, WINTER - ACRES HARVESTED",2012-01-01 00:00:00.000
ALL PRODUCTION PRACTICES,00,CROPS,US TOTAL,ACRES,,NATIONAL,,"64,704,000",,,9000,AREA HARVESTED,SURVEY,,NOT SPECIFIED,YEAR,99,,UNITED STATES,US,TOTAL,,US TOTAL,00000000,FIELD CROPS,00,ALL CLASSES,1985,,,,,,ALL UTILIZATION PRACTICES,ANNUAL,WHEAT,WHEAT - ACRES HARVESTED,2012-01-01 00:00:00.000
ALL PRODUCTION PRACTICES,00,CROPS,US TOTAL,ACRES,,NATIONAL,,"13,687,000",,,9000,AREA HARVESTED,SURVEY,,NOT SPECIFIED,YEAR,99,,UNITED STATES,US,TOTAL,,US TOTAL,00000000,FIELD CROPS,00,"SPRING, (EXCL DURUM)",1985,,,,,,ALL UTILIZATION PRACTICES,ANNUAL,WHEAT,"WHEAT, SPRING, (EXCL DURUM) - ACRES HARVESTED",2012-01-01 00:00:00.000
ALL PRODUCTION PRACTICES,00,CROPS,US TOTAL,ACRES,,NATIONAL,,"3,094,000",,,9000,AREA HARVESTED,SURVEY,,NOT SPECIFIED,YEAR,99,,UNITED STATES,US,TOTAL,,US TOTAL,00000000,FIELD CROPS,00,"SPRING, DURUM",1985,,,,,,ALL UTILIZATION PRACTICES,ANNUAL,WHEAT,"WHEAT, SPRING, DURUM - ACRES HARVESTED",2012-01-01 00:00:00.000
ALL PRODUCTION PRACTICES,00,CROPS,US TOTAL,ACRES,,NATIONAL,,"47,923,000",,,9000,AREA HARVESTED,SURVEY,,NOT SPECIFIED,YEAR,99,,UNITED STATES,US,TOTAL,,US TOTAL,00000000,FIELD CROPS,00,WINTER,1985,,,,,,ALL UTILIZATION PRACTICES,ANNUAL,WHEAT,"WHEAT, WINTER - ACRES HARVESTED",2012-01-01 00:00:00.000
ALL PRODUCTION PRACTICES,00,CROPS,US TOTAL,ACRES,,NATIONAL,,"60,688,000",,,9000,AREA HARVESTED,SURVEY,,NOT SPECIFIED,YEAR,99,,UNITED STATES,US,TOTAL,,US TOTAL,00000000,FIELD CROPS,00,ALL CLASSES,1986,,,,,,ALL UTILIZATION PRACTICES,ANNUAL,WHEAT,WHEAT - ACRES HARVESTED,2012-01-01 00:00:00.000
ALL PRODUCTION PRACTICES,00,CROPS,US TOTAL,ACRES,,NATIONAL,,"14,641,000",,,9000,AREA HARVESTED,SURVEY,,NOT SPECIFIED,YEAR,99,,UNITED STATES,US,TOTAL,,US TOTAL,00000000,FIELD CROPS,00,"SPRING, (EXCL DURUM)",1986,,,,,,ALL UTILIZATION PRACTICES,ANNUAL,WHEAT,"WHEAT, SPRING, (EXCL DURUM) - ACRES HARVESTED",2012-01-01 00:00:00.000
ALL PRODUCTION PRACTICES,00,CROPS,US TOTAL,ACRES,,NATIONAL,,"2,877,000",,,9000,AREA HARVESTED,SURVEY,,NOT SPECIFIED,YEAR,99,,UNITED STATES,US,TOTAL,,US TOTAL,00000000,FIELD CROPS,00,"SPRING, DURUM",1986,,,,,,ALL UTILIZATION PRACTICES,ANNUAL,WHEAT,"WHEAT, SPRING, DURUM - ACRES HARVESTED",2012-01-01 00:00:00.000
ALL PRODUCTION PRACTICES,00,CROPS,US TOTAL,ACRES,,NATIONAL,,"43,170,000",,,9000,AREA HARVESTED,SURVEY,,NOT SPECIFIED,YEAR,99,,UNITED STATES,US,TOTAL,,US TOTAL,00000000,FIELD CROPS,00,WINTER,1986,,,,,,ALL UTILIZATION PRACTICES,ANNUAL,WHEAT,"WHEAT, WINTER - ACRES HARVESTED",2012-01-01 00:00:00.000
ALL PRODUCTION PRACTICES,00,CROPS,US TOTAL,ACRES,,NATIONAL,,"55,945,000",,,9000,AREA HARVESTED,SURVEY,,NOT SPECIFIED,YEAR,99,,UNITED STATES,US,TOTAL,,US TOTAL,00000000,FIELD CROPS,00,ALL CLASSES,1987,,,,,,ALL UTILIZATION PRACTICES,ANNUAL,WHEAT,WHEAT - ACRES HARVESTED,2012-01-01 00:00:00.000
ALL PRODUCTION PRACTICES,00,CROPS,US TOTAL,ACRES,,NATIONAL,,"13,334,000",,,9000,AREA HARVESTED,SURVEY,,NOT SPECIFIED,YEAR,99,,UNITED STATES,US,TOTAL,,US TOTAL,00000000,FIELD CROPS,00,"SPRING, (EXCL DURUM)",1987,,,,,,ALL UTILIZATION PRACTICES,ANNUAL,WHEAT,"WHEAT, SPRING, (EXCL DURUM) - ACRES HARVESTED",2012-01-01 00:00:00.000
ALL PRODUCTION PRACTICES,00,CROPS,US TOTAL,ACRES,,NATIONAL,,"3,279,000",,,9000,AREA HARVESTED,SURVEY,,NOT SPECIFIED,YEAR,99,,UNITED STATES,US,TOTAL,,US TOTAL,00000000,FIELD CROPS,00,"SPRING, DURUM",1987,,,,,,ALL UTILIZATION PRACTICES,ANNUAL,WHEAT,"WHEAT, SPRING, DURUM - ACRES HARVESTED",2012-01-01 00:00:00.000
ALL PRODUCTION PRACTICES,00,CROPS,US TOTAL,ACRES,,NATIONAL,,"39,332,000",,,9000,AREA HARVESTED,SURVEY,,NOT SPECIFIED,YEAR,99,,UNITED STATES,US,TOTAL,,US TOTAL,00000000,FIELD CROPS,00,WINTER,1987,,,,,,ALL UTILIZATION PRACTICES,ANNUAL,WHEAT,"WHEAT, WINTER - ACRES HARVESTED",2012-01-01 00:00:00.000
ALL PRODUCTION PRACTICES,00,CROPS,US TOTAL,ACRES,,NATIONAL,,"53,189,000",,,9000,AREA HARVESTED,SURVEY,,NOT SPECIFIED,YEAR,99,,UNITED STATES,US,TOTAL,,US TOTAL,00000000,FIELD CROPS,00,ALL CLASSES,1988,,,,,,ALL UTILIZATION PRACTICES,ANNUAL,WHEAT,WHEAT - ACRES HARVESTED,2012-01-01 00:00:00.000
ALL PRODUCTION PRACTICES,00,CROPS,US TOTAL,ACRES,,NATIONAL,,"10,542,000",,,9000,AREA HARVESTED,SURVEY,,NOT SPECIFIED,YEAR,99,,UNITED STATES,US,TOTAL,,US TOTAL,00000000,FIELD CROPS,00,"SPRING, (EXCL DURUM)",1988,,,,,,ALL UTILIZATION PRACTICES,ANNUAL,WHEAT,"WHEAT, SPRING, (EXCL DURUM) - ACRES HARVESTED",2012-01-01 00:00:00.000
ALL PRODUCTION PRACTICES,00,CROPS,US TOTAL,ACRES,,NATIONAL,,"2,847,000",,,9000,AREA HARVESTED,SURVEY,,NOT SPECIFIED,YEAR,99,,UNITED STATES,US,TOTAL,,US TOTAL,00000000,FIELD CROPS,00,"SPRING, DURUM",1988,,,,,,ALL UTILIZATION PRACTICES,ANNUAL,WHEAT,"WHEAT, SPRING, DURUM - ACRES HARVESTED",2012-01-01 00:00:00.000
ALL PRODUCTION PRACTICES,00,CROPS,US TOTAL,ACRES,,NATIONAL,,"39,800,000",,,9000,AREA HARVESTED,SURVEY,,NOT SPECIFIED,YEAR,99,,UNITED STATES,US,TOTAL,,US TOTAL,00000000,FIELD CROPS,00,WINTER,1988,,,,,,ALL UTILIZATION PRACTICES,ANNUAL,WHEAT,"WHEAT, WINTER - ACRES HARVESTED",2012-01-01 00:00:00.000
ALL PRODUCTION PRACTICES,00,CROPS,US TOTAL,ACRES,,NATIONAL,,"62,189,000",,,9000,AREA HARVESTED,SURVEY,,NOT SPECIFIED,YEAR,99,,UNITED STATES,US,TOTAL,,US TOTAL,00000000,FIELD CROPS,00,ALL CLASSES,1989,,,,,,ALL UTILIZATION PRACTICES,ANNUAL,WHEAT,WHEAT - ACRES HARVESTED,2012-01-01 00:00:00.000
ALL PRODUCTION PRACTICES,00,CROPS,US TOTAL,ACRES,,NATIONAL,,"17,007,000",,,9000,AREA HARVESTED,SURVEY,,NOT SPECIFIED,YEAR,99,,UNITED STATES,US,TOTAL,,US TOTAL,00000000,FIELD CROPS,00,"SPRING, (EXCL DURUM)",1989,,,,,,ALL UTILIZATION PRACTICES,ANNUAL,WHEAT,"WHEAT, SPRING, (EXCL DURUM) - ACRES HARVESTED",2012-01-01 00:00:00.000
ALL PRODUCTION PRACTICES,00,CROPS,US TOTAL,ACRES,,NATIONAL,,"3,673,000",,,9000,AREA HARVESTED,SURVEY,,NOT SPECIFIED,YEAR,99,,UNITED STATES,US,TOTAL,,US TOTAL,00000000,FIELD CROPS,00,"SPRING, DURUM",1989,,,,,,ALL UTILIZATION PRACTICES,ANNUAL,WHEAT,"WHEAT, SPRING, DURUM - ACRES HARVESTED",2012-01-01 00:00:00.000
ALL PRODUCTION PRACTICES,00,CROPS,US TOTAL,ACRES,,NATIONAL,,"41,509,000",,,9000,AREA HARVESTED,SURVEY,,NOT SPECIFIED,YEAR,99,,UNITED STATES,US,TOTAL,,US TOTAL,00000000,FIELD CROPS,00,WINTER,1989,,,,,,ALL UTILIZATION PRACTICES,ANNUAL,WHEAT,"WHEAT, WINTER - ACRES HARVESTED",2012-01-01 00:00:00.000
ALL PRODUCTION PRACTICES,00,CROPS,US TOTAL,ACRES,,NATIONAL,,"69,103,000",,,9000,AREA HARVESTED,SURVEY,,NOT SPECIFIED,YEAR,99,,UNITED STATES,US,TOTAL,,US TOTAL,00000000,FIELD CROPS,00,ALL CLASSES,1990,,,,,,ALL UTILIZATION PRACTICES,ANNUAL,WHEAT,WHEAT - ACRES HARVESTED,2012-01-01 00:00:00.000
ALL PRODUCTION PRACTICES,00,CROPS,US TOTAL,ACRES,,NATIONAL,,"15,875,000",,,9000,AREA HARVESTED,SURVEY,,NOT SPECIFIED,YEAR,99,,UNITED STATES,US,TOTAL,,US TOTAL,00000000,FIELD CROPS,00,"SPRING, (EXCL DURUM)",1990,,,,,,ALL UTILIZATION PRACTICES,ANNUAL,WHEAT,"WHEAT, SPRING, (EXCL DURUM) - ACRES HARVESTED",2012-01-01 00:00:00.000
ALL PRODUCTION PRACTICES,00,CROPS,US TOTAL,ACRES,,NATIONAL,,"3,507,000",,,9000,AREA HARVESTED,SURVEY,,NOT SPECIFIED,YEAR,99,,UNITED STATES,US,TOTAL,,US TOTAL,00000000,FIELD CROPS,00,"SPRING, DURUM",1990,,,,,,ALL UTILIZATION PRACTICES,ANNUAL,WHEAT,"WHEAT, SPRING, DURUM - ACRES HARVESTED",2012-01-01 00:00:00.000
ALL PRODUCTION PRACTICES,00,CROPS,US TOTAL,ACRES,,NATIONAL,,"49,721,000",,,9000,AREA HARVESTED,SURVEY,,NOT SPECIFIED,YEAR,99,,UNITED STATES,US,TOTAL,,US TOTAL,00000000,FIELD CROPS,00,WINTER,1990,,,,,,ALL UTILIZATION PRACTICES,ANNUAL,WHEAT,"WHEAT, WINTER - ACRES HARVESTED",2012-01-01 00:00:00.000
ALL PRODUCTION PRACTICES,00,CROPS,US TOTAL,ACRES,,NATIONAL,,"57,803,000",,,9000,AREA HARVESTED,SURVEY,,NOT SPECIFIED,YEAR,99,,UNITED STATES,US,TOTAL,,US TOTAL,00000000,FIELD CROPS,00,ALL CLASSES,1991,,,,,,ALL UTILIZATION PRACTICES,ANNUAL,WHEAT,WHEAT - ACRES HARVESTED,2012-01-01 00:00:00.000
ALL PRODUCTION PRACTICES,00,CROPS,US TOTAL,ACRES,,NATIONAL,,"15,100,000",,,9000,AREA HARVESTED,SURVEY,,NOT SPECIFIED,YEAR,99,,UNITED STATES,US,TOTAL,,US TOTAL,00000000,FIELD CROPS,00,"SPRING, (EXCL DURUM)",1991,,,,,,ALL UTILIZATION PRACTICES,ANNUAL,WHEAT,"WHEAT, SPRING, (EXCL DURUM) - ACRES HARVESTED",2012-01-01 00:00:00.000
ALL PRODUCTION PRACTICES,00,CROPS,US TOTAL,ACRES,,NATIONAL,,"3,197,000",,,9000,AREA HARVESTED,SURVEY,,NOT SPECIFIED,YEAR,99,,UNITED STATES,US,TOTAL,,US TOTAL,00000000,FIELD CROPS,00,"SPRING, DURUM",1991,,,,,,ALL UTILIZATION PRACTICES,ANNUAL,WHEAT,"WHEAT, SPRING, DURUM - ACRES HARVESTED",2012-01-01 00:00:00.000
ALL PRODUCTION PRACTICES,00,CROPS,US TOTAL,ACRES,,NATIONAL,,"39,506,000",,,9000,AREA HARVESTED,SURVEY,,NOT SPECIFIED,YEAR,99,,UNITED STATES,US,TOTAL,,US TOTAL,00000000,FIELD CROPS,00,WINTER,1991,,,,,,ALL UTILIZATION PRACTICES,ANNUAL,WHEAT,"WHEAT, WINTER - ACRES HARVESTED",2012-01-01 00:00:00.000
ALL PRODUCTION PRACTICES,00,CROPS,US TOTAL,ACRES,,NATIONAL,,"62,761,000",,,9000,AREA HARVESTED,SURVEY,,NOT SPECIFIED,YEAR,99,,UNITED STATES,US,TOTAL,,US TOTAL,00000000,FIELD CROPS,00,ALL CLASSES,1992,,,,,,ALL UTILIZATION PRACTICES,ANNUAL,WHEAT,WHEAT - ACRES HARVESTED,2012-01-01 00:00:00.000
ALL PRODUCTION PRACTICES,00,CROPS,US TOTAL,ACRES,,NATIONAL,,"18,119,000",,,9000,AREA HARVESTED,SURVEY,,NOT SPECIFIED,YEAR,99,,UNITED STATES,US,TOTAL,,US TOTAL,00000000,FIELD CROPS,00,"SPRING, (EXCL DURUM)",1992,,,,,,ALL UTILIZATION PRACTICES,ANNUAL,WHEAT,"WHEAT, SPRING, (EXCL DURUM) - ACRES HARVESTED",2012-01-01 00:00:00.000
ALL PRODUCTION PRACTICES,00,CROPS,US TOTAL,ACRES,,NATIONAL,,"2,519,000",,,9000,AREA HARVESTED,SURVEY,,NOT SPECIFIED,YEAR,99,,UNITED STATES,US,TOTAL,,US TOTAL,00000000,FIELD CROPS,00,"SPRING, DURUM",1992,,,,,,ALL UTILIZATION PRACTICES,ANNUAL,WHEAT,"WHEAT, SPRING, DURUM - ACRES HARVESTED",2012-01-01 00:00:00.000
ALL PRODUCTION PRACTICES,00,CROPS,US TOTAL,ACRES,,NATIONAL,,"42,123,000",,,9000,AREA HARVESTED,SURVEY,,NOT SPECIFIED,YEAR,99,,UNITED STATES,US,TOTAL,,US TOTAL,00000000,FIELD CROPS,00,WINTER,1992,,,,,,ALL UTILIZATION PRACTICES,ANNUAL,WHEAT,"WHEAT, WINTER - ACRES HARVESTED",2012-01-01 00:00:00.000
ALL PRODUCTION PRACTICES,00,CROPS,US TOTAL,ACRES,,NATIONAL,,"62,712,000",,,9000,AREA HARVESTED,SURVEY,,NOT SPECIFIED,YEAR,99,,UNITED STATES,US,TOTAL,,US TOTAL,00000000,FIELD CROPS,00,ALL CLASSES,1993,,,,,,ALL UTILIZATION PRACTICES,ANNUAL,WHEAT,WHEAT - ACRES HARVESTED,2012-01-01 00:00:00.000
ALL PRODUCTION PRACTICES,00,CROPS,US TOTAL,ACRES,,NATIONAL,,"16,801,000",,,9000,AREA HARVESTED,SURVEY,,NOT SPECIFIED,YEAR,99,,UNITED STATES,US,TOTAL,,US TOTAL,00000000,FIELD CROPS,00,"SPRING, (EXCL DURUM)",1993,,,,,,ALL UTILIZATION PRACTICES,ANNUAL,WHEAT,"WHEAT, SPRING, (EXCL DURUM) - ACRES HARVESTED",2012-01-01 00:00:00.000
ALL PRODUCTION PRACTICES,00,CROPS,US TOTAL,ACRES,,NATIONAL,,"2,100,000",,,9000,AREA HARVESTED,SURVEY,,NOT SPECIFIED,YEAR,99,,UNITED STATES,US,TOTAL,,US TOTAL,00000000,FIELD CROPS,00,"SPRING, DURUM",1993,,,,,,ALL UTILIZATION PRACTICES,ANNUAL,WHEAT,"WHEAT, SPRING, DURUM - ACRES HARVESTED",2012-01-01 00:00:00.000
ALL PRODUCTION PRACTICES,00,CROPS,US TOTAL,ACRES,,NATIONAL,,"43,811,000",,,9000,AREA HARVESTED,SURVEY,,NOT SPECIFIED,YEAR,99,,UNITED STATES,US,TOTAL,,US TOTAL,00000000,FIELD CROPS,00,WINTER,1993,,,,,,ALL UTILIZATION PRACTICES,ANNUAL,WHEAT,"WHEAT, WINTER - ACRES HARVESTED",2012-01-01 00:00:00.000
ALL PRODUCTION PRACTICES,00,CROPS,US TOTAL,ACRES,,NATIONAL,,"61,770,000",,,9000,AREA HARVESTED,SURVEY,,NOT SPECIFIED,YEAR,99,,UNITED STATES,US,TOTAL,,US TOTAL,00000000,FIELD CROPS,00,ALL CLASSES,1994,,,,,,ALL UTILIZATION PRACTICES,ANNUAL,WHEAT,WHEAT - ACRES HARVESTED,2012-01-01 00:00:00.000
ALL PRODUCTION PRACTICES,00,CROPS,US TOTAL,ACRES,,NATIONAL,,"17,700,000",,,9000,AREA HARVESTED,SURVEY,,NOT SPECIFIED,YEAR,99,,UNITED STATES,US,TOTAL,,US TOTAL,00000000,FIELD CROPS,00,"SPRING, (EXCL DURUM)",1994,,,,,,ALL UTILIZATION PRACTICES,ANNUAL,WHEAT,"WHEAT, SPRING, (EXCL DURUM) - ACRES HARVESTED",2012-01-01 00:00:00.000
ALL PRODUCTION PRACTICES,00,CROPS,US TOTAL,ACRES,,NATIONAL,,"2,715,000",,,9000,AREA HARVESTED,SURVEY,,NOT SPECIFIED,YEAR,99,,UNITED STATES,US,TOTAL,,US TOTAL,00000000,FIELD CROPS,00,"SPRING, DURUM",1994,,,,,,ALL UTILIZATION PRACTICES,ANNUAL,WHEAT,"WHEAT, SPRING, DURUM - ACRES HARVESTED",2012-01-01 00:00:00.000
ALL PRODUCTION PRACTICES,00,CROPS,US TOTAL,ACRES,,NATIONAL,,"41,355,000",,,9000,AREA HARVESTED,SURVEY,,NOT SPECIFIED,YEAR,99,,UNITED STATES,US,TOTAL,,US TOTAL,00000000,FIELD CROPS,00,WINTER,1994,,,,,,ALL UTILIZATION PRACTICES,ANNUAL,WHEAT,"WHEAT, WINTER - ACRES HARVESTED",2012-01-01 00:00:00.000
ALL PRODUCTION PRACTICES,00,CROPS,US TOTAL,ACRES,,NATIONAL,,"60,955,000",,,9000,AREA HARVESTED,SURVEY,,NOT SPECIFIED,YEAR,99,,UNITED STATES,US,TOTAL,,US TOTAL,00000000,FIELD CROPS,00,ALL CLASSES,1995,,,,,,ALL UTILIZATION PRACTICES,ANNUAL,WHEAT,WHEAT - ACRES HARVESTED,2012-01-01 00:00:00.000
ALL PRODUCTION PRACTICES,00,CROPS,US TOTAL,ACRES,,NATIONAL,,"16,612,000",,,9000,AREA HARVESTED,SURVEY,,NOT SPECIFIED,YEAR,99,,UNITED STATES,US,TOTAL,,US TOTAL,00000000,FIELD CROPS,00,"SPRING, (EXCL DURUM)",1995,,,,,,ALL UTILIZATION PRACTICES,ANNUAL,WHEAT,"WHEAT, SPRING, (EXCL DURUM) - ACRES HARVESTED",2012-01-01 00:00:00.000
ALL PRODUCTION PRACTICES,00,CROPS,US TOTAL,ACRES,,NATIONAL,,"3,356,000",,,9000,AREA HARVESTED,SURVEY,,NOT SPECIFIED,YEAR,99,,UNITED STATES,US,TOTAL,,US TOTAL,00000000,FIELD CROPS,00,"SPRING, DURUM",1995,,,,,,ALL UTILIZATION PRACTICES,ANNUAL,WHEAT,"WHEAT, SPRING, DURUM - ACRES HARVESTED",2012-01-01 00:00:00.000
ALL PRODUCTION PRACTICES,00,CROPS,US TOTAL,ACRES,,NATIONAL,,"40,987,000",,,9000,AREA HARVESTED,SURVEY,,NOT SPECIFIED,YEAR,99,,UNITED STATES,US,TOTAL,,US TOTAL,00000000,FIELD CROPS,00,WINTER,1995,,,,,,ALL UTILIZATION PRACTICES,ANNUAL,WHEAT,"WHEAT, WINTER - ACRES HARVESTED",2012-01-01 00:00:00.000
ALL PRODUCTION PRACTICES,00,CROPS,US TOTAL,ACRES,,NATIONAL,,"62,819,000",,,9000,AREA HARVESTED,SURVEY,,NOT SPECIFIED,YEAR,99,,UNITED STATES,US,TOTAL,,US TOTAL,00000000,FIELD CROPS,00,ALL CLASSES,1996,,,,,,ALL UTILIZATION PRACTICES,ANNUAL,WHEAT,WHEAT - ACRES HARVESTED,2012-01-01 00:00:00.000
ALL PRODUCTION PRACTICES,00,CROPS,US TOTAL,ACRES,,NATIONAL,,"19,689,000",,,9000,AREA HARVESTED,SURVEY,,NOT SPECIFIED,YEAR,99,,UNITED STATES,US,TOTAL,,US TOTAL,00000000,FIELD CROPS,00,"SPRING, (EXCL DURUM)",1996,,,,,,ALL UTILIZATION PRACTICES,ANNUAL,WHEAT,"WHEAT, SPRING, (EXCL DURUM) - ACRES HARVESTED",2012-01-01 00:00:00.000
ALL PRODUCTION PRACTICES,00,CROPS,US TOTAL,ACRES,,NATIONAL,,"3,556,000",,,9000,AREA HARVESTED,SURVEY,,NOT SPECIFIED,YEAR,99,,UNITED STATES,US,TOTAL,,US TOTAL,00000000,FIELD CROPS,00,"SPRING, DURUM",1996,,,,,,ALL UTILIZATION PRACTICES,ANNUAL,WHEAT,"WHEAT, SPRING, DURUM - ACRES HARVESTED",2012-01-01 00:00:00.000
ALL PRODUCTION PRACTICES,00,CROPS,US TOTAL,ACRES,,NATIONAL,,"39,574,000",,,9000,AREA HARVESTED,SURVEY,,NOT SPECIFIED,YEAR,99,,UNITED STATES,US,TOTAL,,US TOTAL,00000000,FIELD CROPS,00,WINTER,1996,,,,,,ALL UTILIZATION PRACTICES,ANNUAL,WHEAT,"WHEAT, WINTER - ACRES HARVESTED",2012-01-01 00:00:00.000
ALL PRODUCTION PRACTICES,00,CROPS,US TOTAL,ACRES,,NATIONAL,,"62,840,000",,,9000,AREA HARVESTED,SURVEY,,NOT SPECIFIED,YEAR,99,,UNITED STATES,US,TOTAL,,US TOTAL,00000000,FIELD CROPS,00,ALL CLASSES,1997,,,,,,ALL UTILIZATION PRACTICES,ANNUAL,WHEAT,WHEAT - ACRES HARVESTED,2012-01-01 00:00:00.000
ALL PRODUCTION PRACTICES,00,CROPS,US TOTAL,ACRES,,NATIONAL,,"18,323,000",,,9000,AREA HARVESTED,SURVEY,,NOT SPECIFIED,YEAR,99,,UNITED STATES,US,TOTAL,,US TOTAL,00000000,FIELD CROPS,00,"SPRING, (EXCL DURUM)",1997,,,,,,ALL UTILIZATION PRACTICES,ANNUAL,WHEAT,"WHEAT, SPRING, (EXCL DURUM) - ACRES HARVESTED",2012-01-01 00:00:00.000
ALL PRODUCTION PRACTICES,00,CROPS,US TOTAL,ACRES,,NATIONAL,,"3,177,000",,,9000,AREA HARVESTED,SURVEY,,NOT SPECIFIED,YEAR,99,,UNITED STATES,US,TOTAL,,US TOTAL,00000000,FIELD CROPS,00,"SPRING, DURUM",1997,,,,,,ALL UTILIZATION PRACTICES,ANNUAL,WHEAT,"WHEAT, SPRING, DURUM - ACRES HARVESTED",2012-01-01 00:00:00.000
ALL PRODUCTION PRACTICES,00,CROPS,US TOTAL,ACRES,,NATIONAL,,"41,340,000",,,9000,AREA HARVESTED,SURVEY,,NOT SPECIFIED,YEAR,99,,UNITED STATES,US,TOTAL,,US TOTAL,00000000,FIELD CROPS,00,WINTER,1997,,,,,,ALL UTILIZATION PRACTICES,ANNUAL,WHEAT,"WHEAT, WINTER - ACRES HARVESTED",2012-01-01 00:00:00.000
ALL PRODUCTION PRACTICES,00,CROPS,US TOTAL,ACRES,,NATIONAL,,"59,002,000",,,9000,AREA HARVESTED,SURVEY,,NOT SPECIFIED,YEAR,99,,UNITED STATES,US,TOTAL,,US TOTAL,00000000,FIELD CROPS,00,ALL CLASSES,1998,,,,,,ALL UTILIZATION PRACTICES,ANNUAL,WHEAT,WHEAT - ACRES HARVESTED,2012-01-01 00:00:00.000
ALL PRODUCTION PRACTICES,00,CROPS,US TOTAL,ACRES,,NATIONAL,,"15,148,000",,,9000,AREA HARVESTED,SURVEY,,NOT SPECIFIED,YEAR,99,,UNITED STATES,US,TOTAL,,US TOTAL,00000000,FIELD CROPS,00,"SPRING, (EXCL DURUM)",1998,,,,,,ALL UTILIZATION PRACTICES,ANNUAL,WHEAT,"WHEAT, SPRING, (EXCL DURUM) - ACRES HARVESTED",2012-01-01 00:00:00.000
ALL PRODUCTION PRACTICES,00,CROPS,US TOTAL,ACRES,,NATIONAL,,"3,728,000",,,9000,AREA HARVESTED,SURVEY,,NOT SPECIFIED,YEAR,99,,UNITED STATES,US,TOTAL,,US TOTAL,00000000,FIELD CROPS,00,"SPRING, DURUM",1998,,,,,,ALL UTILIZATION PRACTICES,ANNUAL,WHEAT,"WHEAT, SPRING, DURUM - ACRES HARVESTED",2012-01-01 00:00:00.000
ALL PRODUCTION PRACTICES,00,CROPS,US TOTAL,ACRES,,NATIONAL,,"40,126,000",,,9000,AREA HARVESTED,SURVEY,,NOT SPECIFIED,YEAR,99,,UNITED STATES,US,TOTAL,,US TOTAL,00000000,FIELD CROPS,00,WINTER,1998,,,,,,ALL UTILIZATION PRACTICES,ANNUAL,WHEAT,"WHEAT, WINTER - ACRES HARVESTED",2012-01-01 00:00:00.000
ALL PRODUCTION PRACTICES,00,CROPS,US TOTAL,ACRES,,NATIONAL,,"53,773,000",,,9000,AREA HARVESTED,SURVEY,,NOT SPECIFIED,YEAR,99,,UNITED STATES,US,TOTAL,,US TOTAL,00000000,FIELD CROPS,00,ALL CLASSES,1999,,,,,,ALL UTILIZATION PRACTICES,ANNUAL,WHEAT,WHEAT - ACRES HARVESTED,2012-01-01 00:00:00.000
ALL PRODUCTION PRACTICES,00,CROPS,US TOTAL,ACRES,,NATIONAL,,"14,768,000",,,9000,AREA HARVESTED,SURVEY,,NOT SPECIFIED,YEAR,99,,UNITED STATES,US,TOTAL,,US TOTAL,00000000,FIELD CROPS,00,"SPRING, (EXCL DURUM)",1999,,,,,,ALL UTILIZATION PRACTICES,ANNUAL,WHEAT,"WHEAT, SPRING, (EXCL DURUM) - ACRES HARVESTED",2012-01-01 00:00:00.000
ALL PRODUCTION PRACTICES,00,CROPS,US TOTAL,ACRES,,NATIONAL,,"3,569,000",,,9000,AREA HARVESTED,SURVEY,,NOT SPECIFIED,YEAR,99,,UNITED STATES,US,TOTAL,,US TOTAL,00000000,FIELD CROPS,00,"SPRING, DURUM",1999,,,,,,ALL UTILIZATION PRACTICES,ANNUAL,WHEAT,"WHEAT, SPRING, DURUM - ACRES HARVESTED",2012-01-01 00:00:00.000
ALL PRODUCTION PRACTICES,00,CROPS,US TOTAL,ACRES,,NATIONAL,,"35,436,000",,,9000,AREA HARVESTED,SURVEY,,NOT SPECIFIED,YEAR,99,,UNITED STATES,US,TOTAL,,US TOTAL,00000000,FIELD CROPS,00,WINTER,1999,,,,,,ALL UTILIZATION PRACTICES,ANNUAL,WHEAT,"WHEAT, WINTER - ACRES HARVESTED",2012-01-01 00:00:00.000
ALL PRODUCTION PRACTICES,00,CROPS,US TOTAL,ACRES,,NATIONAL,,"53,063,000",,,9000,AREA HARVESTED,SURVEY,,NOT SPECIFIED,YEAR,99,,UNITED STATES,US,TOTAL,,US TOTAL,00000000,FIELD CROPS,00,ALL CLASSES,2000,,,,,,ALL UTILIZATION PRACTICES,ANNUAL,WHEAT,WHEAT - ACRES HARVESTED,2012-01-01 00:00:00.000
ALL PRODUCTION PRACTICES,00,CROPS,US TOTAL,ACRES,,NATIONAL,,"14,489,000",,,9000,AREA HARVESTED,SURVEY,,NOT SPECIFIED,YEAR,99,,UNITED STATES,US,TOTAL,,US TOTAL,00000000,FIELD CROPS,00,"SPRING, (EXCL DURUM)",2000,,,,,,ALL UTILIZATION PRACTICES,ANNUAL,WHEAT,"WHEAT, SPRING, (EXCL DURUM) - ACRES HARVESTED",2012-01-01 00:00:00.000
ALL PRODUCTION PRACTICES,00,CROPS,US TOTAL,ACRES,,NATIONAL,,"3,572,000",,,9000,AREA HARVESTED,SURVEY,,NOT SPECIFIED,YEAR,99,,UNITED STATES,US,TOTAL,,US TOTAL,00000000,FIELD CROPS,00,"SPRING, DURUM",2000,,,,,,ALL UTILIZATION PRACTICES,ANNUAL,WHEAT,"WHEAT, SPRING, DURUM - ACRES HARVESTED",2012-01-01 00:00:00.000
ALL PRODUCTION PRACTICES,00,CROPS,US TOTAL,ACRES,,NATIONAL,,"35,002,000",,,9000,AREA HARVESTED,SURVEY,,NOT SPECIFIED,YEAR,99,,UNITED STATES,US,TOTAL,,US TOTAL,00000000,FIELD CROPS,00,WINTER,2000,,,,,,ALL UTILIZATION PRACTICES,ANNUAL,WHEAT,"WHEAT, WINTER - ACRES HARVESTED",2012-01-01 00:00:00.000
ALL PRODUCTION PRACTICES,00,CROPS,US TOTAL,ACRES,,NATIONAL,,"48,473,000",,,9000,AREA HARVESTED,SURVEY,,NOT SPECIFIED,YEAR,99,,UNITED STATES,US,TOTAL,,US TOTAL,00000000,FIELD CROPS,00,ALL CLASSES,2001,,,,,,ALL UTILIZATION PRACTICES,ANNUAL,WHEAT,WHEAT - ACRES HARVESTED,2012-01-01 00:00:00.000
ALL PRODUCTION PRACTICES,00,CROPS,US TOTAL,ACRES,,NATIONAL,,"14,519,000",,,9000,AREA HARVESTED,SURVEY,,NOT SPECIFIED,YEAR,99,,UNITED STATES,US,TOTAL,,US TOTAL,00000000,FIELD CROPS,00,"SPRING, (EXCL DURUM)",2001,,,,,,ALL UTILIZATION PRACTICES,ANNUAL,WHEAT,"WHEAT, SPRING, (EXCL DURUM) - ACRES HARVESTED",2012-01-01 00:00:00.000
ALL PRODUCTION PRACTICES,00,CROPS,US TOTAL,ACRES,,NATIONAL,,"2,789,000",,,9000,AREA HARVESTED,SURVEY,,NOT SPECIFIED,YEAR,99,,UNITED STATES,US,TOTAL,,US TOTAL,00000000,FIELD CROPS,00,"SPRING, DURUM",2001,,,,,,ALL UTILIZATION PRACTICES,ANNUAL,WHEAT,"WHEAT, SPRING, DURUM - ACRES HARVESTED",2012-01-01 00:00:00.000
ALL PRODUCTION PRACTICES,00,CROPS,US TOTAL,ACRES,,NATIONAL,,"31,165,000",,,9000,AREA HARVESTED,SURVEY,,NOT SPECIFIED,YEAR,99,,UNITED STATES,US,TOTAL,,US TOTAL,00000000,FIELD CROPS,00,WINTER,2001,,,,,,ALL UTILIZATION PRACTICES,ANNUAL,WHEAT,"WHEAT, WINTER - ACRES HARVESTED",2012-01-01 00:00:00.000
ALL PRODUCTION PRACTICES,00,CROPS,US TOTAL,ACRES,,NATIONAL,,"45,824,000",,,9000,AREA HARVESTED,SURVEY,,NOT SPECIFIED,YEAR,99,,UNITED STATES,US,TOTAL,,US TOTAL,00000000,FIELD CROPS,00,ALL CLASSES,2002,,,,,,ALL UTILIZATION PRACTICES,ANNUAL,WHEAT,WHEAT - ACRES HARVESTED,2012-01-01 00:00:00.000
ALL PRODUCTION PRACTICES,00,CROPS,US TOTAL,ACRES,,NATIONAL,,"13,373,000",,,9000,AREA HARVESTED,SURVEY,,NOT SPECIFIED,YEAR,99,,UNITED STATES,US,TOTAL,,US TOTAL,00000000,FIELD CROPS,00,"SPRING, (EXCL DURUM)",2002,,,,,,ALL UTILIZATION PRACTICES,ANNUAL,WHEAT,"WHEAT, SPRING, (EXCL DURUM) - ACRES HARVESTED",2012-01-01 00:00:00.000
ALL PRODUCTION PRACTICES,00,CROPS,US TOTAL,ACRES,,NATIONAL,,"2,709,000",,,9000,AREA HARVESTED,SURVEY,,NOT SPECIFIED,YEAR,99,,UNITED STATES,US,TOTAL,,US TOTAL,00000000,FIELD CROPS,00,"SPRING, DURUM",2002,,,,,,ALL UTILIZATION PRACTICES,ANNUAL,WHEAT,"WHEAT, SPRING, DURUM - ACRES HARVESTED",2012-01-01 00:00:00.000
ALL PRODUCTION PRACTICES,00,CROPS,US TOTAL,ACRES,,NATIONAL,,"29,742,000",,,9000,AREA HARVESTED,SURVEY,,NOT SPECIFIED,YEAR,99,,UNITED STATES,US,TOTAL,,US TOTAL,00000000,FIELD CROPS,00,WINTER,2002,,,,,,ALL UTILIZATION PRACTICES,ANNUAL,WHEAT,"WHEAT, WINTER - ACRES HARVESTED",2012-01-01 00:00:00.000
ALL PRODUCTION PRACTICES,00,CROPS,US TOTAL,ACRES,,NATIONAL,,"53,063,000",,,9000,AREA HARVESTED,SURVEY,,NOT SPECIFIED,YEAR,99,,UNITED STATES,US,TOTAL,,US TOTAL,00000000,FIELD CROPS,00,ALL CLASSES,2003,,,,,,ALL UTILIZATION PRACTICES,ANNUAL,WHEAT,WHEAT - ACRES HARVESTED,2012-01-01 00:00:00.000
ALL PRODUCTION PRACTICES,00,CROPS,US TOTAL,ACRES,,NATIONAL,,"13,441,000",,,9000,AREA HARVESTED,SURVEY,,NOT SPECIFIED,YEAR,99,,UNITED STATES,US,TOTAL,,US TOTAL,00000000,FIELD CROPS,00,"SPRING, (EXCL DURUM)",2003,,,,,,ALL UTILIZATION PRACTICES,ANNUAL,WHEAT,"WHEAT, SPRING, (EXCL DURUM) - ACRES HARVESTED",2012-01-01 00:00:00.000
ALL PRODUCTION PRACTICES,00,CROPS,US TOTAL,ACRES,,NATIONAL,,"2,869,000",,,9000,AREA HARVESTED,SURVEY,,NOT SPECIFIED,YEAR,99,,UNITED STATES,US,TOTAL,,US TOTAL,00000000,FIELD CROPS,00,"SPRING, DURUM",2003,,,,,,ALL UTILIZATION PRACTICES,ANNUAL,WHEAT,"WHEAT, SPRING, DURUM - ACRES HARVESTED",2012-01-01 00:00:00.000
ALL PRODUCTION PRACTICES,00,CROPS,US TOTAL,ACRES,,NATIONAL,,"36,753,000",,,9000,AREA HARVESTED,SURVEY,,NOT SPECIFIED,YEAR,99,,UNITED STATES,US,TOTAL,,US TOTAL,00000000,FIELD CROPS,00,WINTER,2003,,,,,,ALL UTILIZATION PRACTICES,ANNUAL,WHEAT,"WHEAT, WINTER - ACRES HARVESTED",2012-01-01 00:00:00.000
ALL PRODUCTION PRACTICES,00,CROPS,US TOTAL,ACRES,,NATIONAL,,"49,969,000",,,9000,AREA HARVESTED,SURVEY,,NOT SPECIFIED,YEAR,99,,UNITED STATES,US,TOTAL,,US TOTAL,00000000,FIELD CROPS,00,ALL CLASSES,2004,,,,,,ALL UTILIZATION PRACTICES,ANNUAL,WHEAT,WHEAT - ACRES HARVESTED,2012-01-01 00:00:00.000
ALL PRODUCTION PRACTICES,00,CROPS,US TOTAL,ACRES,,NATIONAL,,"13,174,000",,,9000,AREA HARVESTED,SURVEY,,NOT SPECIFIED,YEAR,99,,UNITED STATES,US,TOTAL,,US TOTAL,00000000,FIELD CROPS,00,"SPRING, (EXCL DURUM)",2004,,,,,,ALL UTILIZATION PRACTICES,ANNUAL,WHEAT,"WHEAT, SPRING, (EXCL DURUM) - ACRES HARVESTED",2012-01-01 00:00:00.000
ALL PRODUCTION PRACTICES,00,CROPS,US TOTAL,ACRES,,NATIONAL,,"2,363,000",,,9000,AREA HARVESTED,SURVEY,,NOT SPECIFIED,YEAR,99,,UNITED STATES,US,TOTAL,,US TOTAL,00000000,FIELD CROPS,00,"SPRING, DURUM",2004,,,,,,ALL UTILIZATION PRACTICES,ANNUAL,WHEAT,"WHEAT, SPRING, DURUM - ACRES HARVESTED",2012-01-01 00:00:00.000
ALL PRODUCTION PRACTICES,00,CROPS,US TOTAL,ACRES,,NATIONAL,,"34,432,000",,,9000,AREA HARVESTED,SURVEY,,NOT SPECIFIED,YEAR,99,,UNITED STATES,US,TOTAL,,US TOTAL,00000000,FIELD CROPS,00,WINTER,2004,,,,,,ALL UTILIZATION PRACTICES,ANNUAL,WHEAT,"WHEAT, WINTER - ACRES HARVESTED",2012-01-01 00:00:00.000
ALL PRODUCTION PRACTICES,00,CROPS,US TOTAL,ACRES,,NATIONAL,,"50,104,000",,,9000,AREA HARVESTED,SURVEY,,NOT SPECIFIED,YEAR,99,,UNITED STATES,US,TOTAL,,US TOTAL,00000000,FIELD CROPS,00,ALL CLASSES,2005,,,,,,ALL UTILIZATION PRACTICES,ANNUAL,WHEAT,WHEAT - ACRES HARVESTED,2012-01-01 00:00:00.000
ALL PRODUCTION PRACTICES,00,CROPS,US TOTAL,ACRES,,NATIONAL,,"13,609,000",,,9000,AREA HARVESTED,SURVEY,,NOT SPECIFIED,YEAR,99,,UNITED STATES,US,TOTAL,,US TOTAL,00000000,FIELD CROPS,00,"SPRING, (EXCL DURUM)",2005,,,,,,ALL UTILIZATION PRACTICES,ANNUAL,WHEAT,"WHEAT, SPRING, (EXCL DURUM) - ACRES HARVESTED",2012-01-01 00:00:00.000
ALL PRODUCTION PRACTICES,00,CROPS,US TOTAL,ACRES,,NATIONAL,,"2,716,000",,,9000,AREA HARVESTED,SURVEY,,NOT SPECIFIED,YEAR,99,,UNITED STATES,US,TOTAL,,US TOTAL,00000000,FIELD CROPS,00,"SPRING, DURUM",2005,,,,,,ALL UTILIZATION PRACTICES,ANNUAL,WHEAT,"WHEAT, SPRING, DURUM - ACRES HARVESTED",2012-01-01 00:00:00.000
ALL PRODUCTION PRACTICES,00,CROPS,US TOTAL,ACRES,,NATIONAL,,"33,779,000",,,9000,AREA HARVESTED,SURVEY,,NOT SPECIFIED,YEAR,99,,UNITED STATES,US,TOTAL,,US TOTAL,00000000,FIELD CROPS,00,WINTER,2005,,,,,,ALL UTILIZATION PRACTICES,ANNUAL,WHEAT,"WHEAT, WINTER - ACRES HARVESTED",2012-01-01 00:00:00.000
ALL PRODUCTION PRACTICES,00,CROPS,US TOTAL,ACRES,,NATIONAL,,"46,800,000",,,9000,AREA HARVESTED,SURVEY,,NOT SPECIFIED,YEAR,99,,UNITED STATES,US,TOTAL,,US TOTAL,00000000,FIELD CROPS,00,ALL CLASSES,2006,,,,,,ALL UTILIZATION PRACTICES,ANNUAL,WHEAT,WHEAT - ACRES HARVESTED,2012-01-01 00:00:00.000
ALL PRODUCTION PRACTICES,00,CROPS,US TOTAL,ACRES,,NATIONAL,,"13,878,000",,,9000,AREA HARVESTED,SURVEY,,NOT SPECIFIED,YEAR,99,,UNITED STATES,US,TOTAL,,US TOTAL,00000000,FIELD CROPS,00,"SPRING, (EXCL DURUM)",2006,,,,,,ALL UTILIZATION PRACTICES,ANNUAL,WHEAT,"WHEAT, SPRING, (EXCL DURUM) - ACRES HARVESTED",2012-01-01 00:00:00.000
ALL PRODUCTION PRACTICES,00,CROPS,US TOTAL,ACRES,,NATIONAL,,"1,815,000",,,9000,AREA HARVESTED,SURVEY,,NOT SPECIFIED,YEAR,99,,UNITED STATES,US,TOTAL,,US TOTAL,00000000,FIELD CROPS,00,"SPRING, DURUM",2006,,,,,,ALL UTILIZATION PRACTICES,ANNUAL,WHEAT,"WHEAT, SPRING, DURUM - ACRES HARVESTED",2012-01-01 00:00:00.000
ALL PRODUCTION PRACTICES,00,CROPS,US TOTAL,ACRES,,NATIONAL,,"31,107,000",,,9000,AREA HARVESTED,SURVEY,,NOT SPECIFIED,YEAR,99,,UNITED STATES,US,TOTAL,,US TOTAL,00000000,FIELD CROPS,00,WINTER,2006,,,,,,ALL UTILIZATION PRACTICES,ANNUAL,WHEAT,"WHEAT, WINTER - ACRES HARVESTED",2012-01-01 00:00:00.000
ALL PRODUCTION PRACTICES,00,CROPS,US TOTAL,ACRES,,NATIONAL,,"50,999,000",,,9000,AREA HARVESTED,SURVEY,,NOT SPECIFIED,YEAR,99,,UNITED STATES,US,TOTAL,,US TOTAL,00000000,FIELD CROPS,00,ALL CLASSES,2007,,,,,,ALL UTILIZATION PRACTICES,ANNUAL,WHEAT,WHEAT - ACRES HARVESTED,2012-01-01 00:00:00.000
ALL PRODUCTION PRACTICES,00,CROPS,US TOTAL,ACRES,,NATIONAL,,"12,942,000",,,9000,AREA HARVESTED,SURVEY,,NOT SPECIFIED,YEAR,99,,UNITED STATES,US,TOTAL,,US TOTAL,00000000,FIELD CROPS,00,"SPRING, (EXCL DURUM)",2007,,,,,,ALL UTILIZATION PRACTICES,ANNUAL,WHEAT,"WHEAT, SPRING, (EXCL DURUM) - ACRES HARVESTED",2012-01-01 00:00:00.000
ALL PRODUCTION PRACTICES,00,CROPS,US TOTAL,ACRES,,NATIONAL,,"2,119,000",,,9000,AREA HARVESTED,SURVEY,,NOT SPECIFIED,YEAR,99,,UNITED STATES,US,TOTAL,,US TOTAL,00000000,FIELD CROPS,00,"SPRING, DURUM",2007,,,,,,ALL UTILIZATION PRACTICES,ANNUAL,WHEAT,"WHEAT, SPRING, DURUM - ACRES HARVESTED",2012-01-01 00:00:00.000
ALL PRODUCTION PRACTICES,00,CROPS,US TOTAL,ACRES,,NATIONAL,,"35,938,000",,,9000,AREA HARVESTED,SURVEY,,NOT SPECIFIED,YEAR,99,,UNITED STATES,US,TOTAL,,US TOTAL,00000000,FIELD CROPS,00,WINTER,2007,,,,,,ALL UTILIZATION PRACTICES,ANNUAL,WHEAT,"WHEAT, WINTER - ACRES HARVESTED",2012-01-01 00:00:00.000
ALL PRODUCTION PRACTICES,00,CROPS,US TOTAL,ACRES,,NATIONAL,,"56,036,000",,,9000,AREA HARVESTED,SURVEY,,NOT SPECIFIED,YEAR,99,,UNITED STATES,US,TOTAL,,US TOTAL,00000000,FIELD CROPS,00,ALL CLASSES,2008,,,,,,ALL UTILIZATION PRACTICES,ANNUAL,WHEAT,WHEAT - ACRES HARVESTED,2014-11-03 16:18:55.000
ALL PRODUCTION PRACTICES,00,CROPS,US TOTAL,ACRES,,NATIONAL,,"13,462,000",,,9000,AREA HARVESTED,SURVEY,,NOT SPECIFIED,YEAR,99,,UNITED STATES,US,TOTAL,,US TOTAL,00000000,FIELD CROPS,00,"SPRING, (EXCL DURUM)",2008,,,,,,ALL UTILIZATION PRACTICES,ANNUAL,WHEAT,"WHEAT, SPRING, (EXCL DURUM) - ACRES HARVESTED",2014-11-03 16:18:55.000
ALL PRODUCTION PRACTICES,00,CROPS,US TOTAL,ACRES,,NATIONAL,,"2,574,000",,,9000,AREA HARVESTED,SURVEY,,NOT SPECIFIED,YEAR,99,,UNITED STATES,US,TOTAL,,US TOTAL,00000000,FIELD CROPS,00,"SPRING, DURUM",2008,,,,,,ALL UTILIZATION PRACTICES,ANNUAL,WHEAT,"WHEAT, SPRING, DURUM - ACRES HARVESTED",2014-11-03 16:18:55.000
ALL PRODUCTION PRACTICES,00,CROPS,US TOTAL,ACRES,,NATIONAL,,"40,000,000",,,9000,AREA HARVESTED,SURVEY,,NOT SPECIFIED,YEAR,99,,UNITED STATES,US,TOTAL,,US TOTAL,00000000,FIELD CROPS,00,WINTER,2008,,,,,,ALL UTILIZATION PRACTICES,ANNUAL,WHEAT,"WHEAT, WINTER - ACRES HARVESTED",2014-11-03 16:18:55.000
ALL PRODUCTION PRACTICES,00,CROPS,US TOTAL,ACRES,,NATIONAL,,"49,841,000",,,9000,AREA HARVESTED,SURVEY,,NOT SPECIFIED,YEAR,99,,UNITED STATES,US,TOTAL,,US TOTAL,00000000,FIELD CROPS,00,ALL CLASSES,2009,,,,,,ALL UTILIZATION PRACTICES,ANNUAL,WHEAT,WHEAT - ACRES HARVESTED,2014-11-03 16:18:55.000
ALL PRODUCTION PRACTICES,00,CROPS,US TOTAL,ACRES,,NATIONAL,,"12,905,000",,,9000,AREA HARVESTED,SURVEY,,NOT SPECIFIED,YEAR,99,,UNITED STATES,US,TOTAL,,US TOTAL,00000000,FIELD CROPS,00,"SPRING, (EXCL DURUM)",2009,,,,,,ALL UTILIZATION PRACTICES,ANNUAL,WHEAT,"WHEAT, SPRING, (EXCL DURUM) - ACRES HARVESTED",2014-11-03 16:18:55.000
ALL PRODUCTION PRACTICES,00,CROPS,US TOTAL,ACRES,,NATIONAL,,"2,386,000",,,9000,AREA HARVESTED,SURVEY,,NOT SPECIFIED,YEAR,99,,UNITED STATES,US,TOTAL,,US TOTAL,00000000,FIELD CROPS,00,"SPRING, DURUM",2009,,,,,,ALL UTILIZATION PRACTICES,ANNUAL,WHEAT,"WHEAT, SPRING, DURUM - ACRES HARVESTED",2014-11-03 16:18:55.000
ALL PRODUCTION PRACTICES,00,CROPS,US TOTAL,ACRES,,NATIONAL,,"34,550,000",,,9000,AREA HARVESTED,SURVEY,,NOT SPECIFIED,YEAR,99,,UNITED STATES,US,TOTAL,,US TOTAL,00000000,FIELD CROPS,00,WINTER,2009,,,,,,ALL UTILIZATION PRACTICES,ANNUAL,WHEAT,"WHEAT, WINTER - ACRES HARVESTED",2014-11-03 16:18:55.000
ALL PRODUCTION PRACTICES,00,CROPS,US TOTAL,ACRES,,NATIONAL,,"46,883,000",,,9000,AREA HARVESTED,SURVEY,,NOT SPECIFIED,YEAR,99,,UNITED STATES,US,TOTAL,,US TOTAL,00000000,FIELD CROPS,00,ALL CLASSES,2010,,,,,,ALL UTILIZATION PRACTICES,ANNUAL,WHEAT,WHEAT - ACRES HARVESTED,2014-11-03 16:18:55.000
ALL PRODUCTION PRACTICES,00,CROPS,US TOTAL,ACRES,,NATIONAL,,"13,202,000",,,9000,AREA HARVESTED,SURVEY,,NOT SPECIFIED,YEAR,99,,UNITED STATES,US,TOTAL,,US TOTAL,00000000,FIELD CROPS,00,"SPRING, (EXCL DURUM)",2010,,,,,,ALL UTILIZATION PRACTICES,ANNUAL,WHEAT,"WHEAT, SPRING, (EXCL DURUM) - ACRES HARVESTED",2014-11-03 16:18:55.000
ALL PRODUCTION PRACTICES,00,CROPS,US TOTAL,ACRES,,NATIONAL,,"2,462,000",,,9000,AREA HARVESTED,SURVEY,,NOT SPECIFIED,YEAR,99,,UNITED STATES,US,TOTAL,,US TOTAL,00000000,FIELD CROPS,00,"SPRING, DURUM",2010,,,,,,ALL UTILIZATION PRACTICES,ANNUAL,WHEAT,"WHEAT, SPRING, DURUM - ACRES HARVESTED",2014-11-03 16:18:55.000
ALL PRODUCTION PRACTICES,00,CROPS,US TOTAL,ACRES,,NATIONAL,,"31,219,000",,,9000,AREA HARVESTED,SURVEY,,NOT SPECIFIED,YEAR,99,,UNITED STATES,US,TOTAL,,US TOTAL,00000000,FIELD CROPS,00,WINTER,2010,,,,,,ALL UTILIZATION PRACTICES,ANNUAL,WHEAT,"WHEAT, WINTER - ACRES HARVESTED",2014-11-03 16:18:55.000
ALL PRODUCTION PRACTICES,00,CROPS,US TOTAL,ACRES,,NATIONAL,,"45,687,000",,,9000,AREA HARVESTED,SURVEY,,NOT SPECIFIED,YEAR,99,,UNITED STATES,US,TOTAL,,US TOTAL,00000000,FIELD CROPS,00,ALL CLASSES,2011,,,,,,ALL UTILIZATION PRACTICES,ANNUAL,WHEAT,WHEAT - ACRES HARVESTED,2014-11-03 16:18:55.000
ALL PRODUCTION PRACTICES,00,CROPS,US TOTAL,ACRES,,NATIONAL,,"12,029,000",,,9000,AREA HARVESTED,SURVEY,,NOT SPECIFIED,YEAR,99,,UNITED STATES,US,TOTAL,,US TOTAL,00000000,FIELD CROPS,00,"SPRING, (EXCL DURUM)",2011,,,,,,ALL UTILIZATION PRACTICES,ANNUAL,WHEAT,"WHEAT, SPRING, (EXCL DURUM) - ACRES HARVESTED",2014-11-03 16:18:55.000
ALL PRODUCTION PRACTICES,00,CROPS,US TOTAL,ACRES,,NATIONAL,,"1,280,000",,,9000,AREA HARVESTED,SURVEY,,NOT SPECIFIED,YEAR,99,,UNITED STATES,US,TOTAL,,US TOTAL,00000000,FIELD CROPS,00,"SPRING, DURUM",2011,,,,,,ALL UTILIZATION PRACTICES,ANNUAL,WHEAT,"WHEAT, SPRING, DURUM - ACRES HARVESTED",2014-11-03 16:18:55.000
ALL PRODUCTION PRACTICES,00,CROPS,US TOTAL,ACRES,,NATIONAL,,"32,378,000",,,9000,AREA HARVESTED,SURVEY,,NOT SPECIFIED,YEAR,99,,UNITED STATES,US,TOTAL,,US TOTAL,00000000,FIELD CROPS,00,WINTER,2011,,,,,,ALL UTILIZATION PRACTICES,ANNUAL,WHEAT,"WHEAT, WINTER - ACRES HARVESTED",2014-11-03 16:18:55.000
ALL PRODUCTION PRACTICES,00,CROPS,US TOTAL,ACRES,,NATIONAL,,"48,758,000",,,9000,AREA HARVESTED,SURVEY,,NOT SPECIFIED,YEAR,99,,UNITED STATES,US,TOTAL,,US TOTAL,00000000,FIELD CROPS,00,ALL CLASSES,2012,,,,,,ALL UTILIZATION PRACTICES,ANNUAL,WHEAT,WHEAT - ACRES HARVESTED,2014-11-03 16:18:55.000
ALL PRODUCTION PRACTICES,00,CROPS,US TOTAL,ACRES,,NATIONAL,,"48,826,000",,,9000,AREA HARVESTED,SURVEY,,NOT SPECIFIED,YEAR - JUN ACREAGE,99,,UNITED STATES,US,TOTAL,,US TOTAL,00000000,FIELD CROPS,00,ALL CLASSES,2012,,,,,,ALL UTILIZATION PRACTICES,ANNUAL,WHEAT,WHEAT - ACRES HARVESTED,2012-06-29 08:37:20.000
ALL PRODUCTION PRACTICES,00,CROPS,US TOTAL,ACRES,,NATIONAL,,"12,027,000",,,9000,AREA HARVESTED,SURVEY,,NOT SPECIFIED,YEAR,99,,UNITED STATES,US,TOTAL,,US TOTAL,00000000,FIELD CROPS,00,"SPRING, (EXCL DURUM)",2012,,,,,,ALL UTILIZATION PRACTICES,ANNUAL,WHEAT,"WHEAT, SPRING, (EXCL DURUM) - ACRES HARVESTED",2014-11-03 16:18:55.000
ALL PRODUCTION PRACTICES,00,CROPS,US TOTAL,ACRES,,NATIONAL,,"11,681,000",,,9000,AREA HARVESTED,SURVEY,,NOT SPECIFIED,YEAR - AUG FORECAST,99,,UNITED STATES,US,TOTAL,,US TOTAL,00000000,FIELD CROPS,00,"SPRING, (EXCL DURUM)",2012,,,,,,ALL UTILIZATION PRACTICES,ANNUAL,WHEAT,"WHEAT, SPRING, (EXCL DURUM) - ACRES HARVESTED",2012-08-10 12:59:15.000
ALL PRODUCTION PRACTICES,00,CROPS,US TOTAL,ACRES,,NATIONAL,,"11,681,000",,,9000,AREA HARVESTED,SURVEY,,NOT SPECIFIED,YEAR - JUL FORECAST,99,,UNITED STATES,US,TOTAL,,US TOTAL,00000000,FIELD CROPS,00,"SPRING, (EXCL DURUM)",2012,,,,,,ALL UTILIZATION PRACTICES,ANNUAL,WHEAT,"WHEAT, SPRING, (EXCL DURUM) - ACRES HARVESTED",2012-07-11 10:58:01.000
ALL PRODUCTION PRACTICES,00,CROPS,US TOTAL,ACRES,,NATIONAL,,"11,681,000",,,9000,AREA HARVESTED,SURVEY,,NOT SPECIFIED,YEAR - JUN ACREAGE,99,,UNITED STATES,US,TOTAL,,US TOTAL,00000000,FIELD CROPS,00,"SPRING, (EXCL DURUM)",2012,,,,,,ALL UTILIZATION PRACTICES,ANNUAL,WHEAT,"WHEAT, SPRING, (EXCL DURUM) - ACRES HARVESTED",2012-06-29 08:37:20.000
ALL PRODUCTION PRACTICES,00,CROPS,US TOTAL,ACRES,,NATIONAL,,"2,122,000",,,9000,AREA HARVESTED,SURVEY,,NOT SPECIFIED,YEAR,99,,UNITED STATES,US,TOTAL,,US TOTAL,00000000,FIELD CROPS,00,"SPRING, DURUM",2012,,,,,,ALL UTILIZATION PRACTICES,ANNUAL,WHEAT,"WHEAT, SPRING, DURUM - ACRES HARVESTED",2014-11-03 16:18:55.000
ALL PRODUCTION PRACTICES,00,CROPS,US TOTAL,ACRES,,NATIONAL,,"2,122,000",,,9000,AREA HARVESTED,SURVEY,,NOT SPECIFIED,YEAR - AUG FORECAST,99,,UNITED STATES,US,TOTAL,,US TOTAL,00000000,FIELD CROPS,00,"SPRING, DURUM",2012,,,,,,ALL UTILIZATION PRACTICES,ANNUAL,WHEAT,"WHEAT, SPRING, DURUM - ACRES HARVESTED",2012-08-10 12:59:15.000
ALL PRODUCTION PRACTICES,00,CROPS,US TOTAL,ACRES,,NATIONAL,,"2,122,000",,,9000,AREA HARVESTED,SURVEY,,NOT SPECIFIED,YEAR - JUL FORECAST,99,,UNITED STATES,US,TOTAL,,US TOTAL,00000000,FIELD CROPS,00,"SPRING, DURUM",2012,,,,,,ALL UTILIZATION PRACTICES,ANNUAL,WHEAT,"WHEAT, SPRING, DURUM - ACRES HARVESTED",2012-07-11 10:58:01.000
ALL PRODUCTION PRACTICES,00,CROPS,US TOTAL,ACRES,,NATIONAL,,"2,122,000",,,9000,AREA HARVESTED,SURVEY,,NOT SPECIFIED,YEAR - JUN ACREAGE,99,,UNITED STATES,US,TOTAL,,US TOTAL,00000000,FIELD CROPS,00,"SPRING, DURUM",2012,,,,,,ALL UTILIZATION PRACTICES,ANNUAL,WHEAT,"WHEAT, SPRING, DURUM - ACRES HARVESTED",2012-06-29 08:37:20.000
ALL PRODUCTION PRACTICES,00,CROPS,US TOTAL,ACRES,,NATIONAL,,"34,609,000",,,9000,AREA HARVESTED,SURVEY,,NOT SPECIFIED,YEAR,99,,UNITED STATES,US,TOTAL,,US TOTAL,00000000,FIELD CROPS,00,WINTER,2012,,,,,,ALL UTILIZATION PRACTICES,ANNUAL,WHEAT,"WHEAT, WINTER - ACRES HARVESTED",2014-11-03 16:18:55.000
ALL PRODUCTION PRACTICES,00,CROPS,US TOTAL,ACRES,,NATIONAL,,"35,023,000",,,9000,AREA HARVESTED,SURVEY,,NOT SPECIFIED,YEAR - AUG FORECAST,99,,UNITED STATES,US,TOTAL,,US TOTAL,00000000,FIELD CROPS,00,WINTER,2012,,,,,,ALL UTILIZATION PRACTICES,ANNUAL,WHEAT,"WHEAT, WINTER - ACRES HARVESTED",2012-08-10 12:59:15.000
ALL PRODUCTION PRACTICES,00,CROPS,US TOTAL,ACRES,,NATIONAL,,"35,023,000",,,9000,AREA HARVESTED,SURVEY,,NOT SPECIFIED,YEAR - JUL FORECAST,99,,UNITED STATES,US,TOTAL,,US TOTAL,00000000,FIELD CROPS,00,WINTER,2012,,,,,,ALL UTILIZATION PRACTICES,ANNUAL,WHEAT,"WHEAT, WINTER - ACRES HARVESTED",2012-07-11 10:58:01.000
ALL PRODUCTION PRACTICES,00,CROPS,US TOTAL,ACRES,,NATIONAL,,"35,023,000",,,9000,AREA HARVESTED,SURVEY,,NOT SPECIFIED,YEAR - JUN ACREAGE,99,,UNITED STATES,US,TOTAL,,US TOTAL,00000000,FIELD CROPS,00,WINTER,2012,,,,,,ALL UTILIZATION PRACTICES,ANNUAL,WHEAT,"WHEAT, WINTER - ACRES HARVESTED",2012-06-29 08:37:20.000
ALL PRODUCTION PRACTICES,00,CROPS,US TOTAL,ACRES,,NATIONAL,,"35,580,000",,,9000,AREA HARVESTED,SURVEY,,NOT SPECIFIED,YEAR - MAY FORECAST,99,,UNITED STATES,US,TOTAL,,US TOTAL,00000000,FIELD CROPS,00,WINTER,2012,,,,,,ALL UTILIZATION PRACTICES,ANNUAL,WHEAT,"WHEAT, WINTER - ACRES HARVESTED",2012-05-10 10:44:35.000
ALL PRODUCTION PRACTICES,00,CROPS,US TOTAL,ACRES,,NATIONAL,,"45,332,000",,,9000,AREA HARVESTED,SURVEY,,NOT SPECIFIED,YEAR,99,,UNITED STATES,US,TOTAL,,US TOTAL,00000000,FIELD CROPS,00,ALL CLASSES,2013,,,,,,ALL UTILIZATION PRACTICES,ANNUAL,WHEAT,WHEAT - ACRES HARVESTED,2019-02-06 15:00:06.000
ALL PRODUCTION PRACTICES,00,CROPS,US TOTAL,ACRES,,NATIONAL,,"45,730,000",,,9000,AREA HARVESTED,SURVEY,,NOT SPECIFIED,YEAR - AUG FORECAST,99,,UNITED STATES,US,TOTAL,,US TOTAL,00000000,FIELD CROPS,00,ALL CLASSES,2013,,,,,,ALL UTILIZATION PRACTICES,ANNUAL,WHEAT,WHEAT - ACRES HARVESTED,2013-08-12 12:25:57.000
ALL PRODUCTION PRACTICES,00,CROPS,US TOTAL,ACRES,,NATIONAL,,"45,730,000",,,9000,AREA HARVESTED,SURVEY,,NOT SPECIFIED,YEAR - JUL FORECAST,99,,UNITED STATES,US,TOTAL,,US TOTAL,00000000,FIELD CROPS,00,ALL CLASSES,2013,,,,,,ALL UTILIZATION PRACTICES,ANNUAL,WHEAT,WHEAT - ACRES HARVESTED,2013-07-11 13:38:49.000
ALL PRODUCTION PRACTICES,00,CROPS,US TOTAL,ACRES,,NATIONAL,,"11,344,000",,,9000,AREA HARVESTED,SURVEY,,NOT SPECIFIED,YEAR,99,,UNITED STATES,US,TOTAL,,US TOTAL,00000000,FIELD CROPS,00,"SPRING, (EXCL DURUM)",2013,,,,,,ALL UTILIZATION PRACTICES,ANNUAL,WHEAT,"WHEAT, SPRING, (EXCL DURUM) - ACRES HARVESTED",2019-02-06 15:00:06.000
ALL PRODUCTION PRACTICES,00,CROPS,US TOTAL,ACRES,,NATIONAL,,"11,958,000",,,9000,AREA HARVESTED,SURVEY,,NOT SPECIFIED,YEAR - AUG FORECAST,99,,UNITED STATES,US,TOTAL,,US TOTAL,00000000,FIELD CROPS,00,"SPRING, (EXCL DURUM)",2013,,,,,,ALL UTILIZATION PRACTICES,ANNUAL,WHEAT,"WHEAT, SPRING, (EXCL DURUM) - ACRES HARVESTED",2013-08-12 12:25:57.000
ALL PRODUCTION PRACTICES,00,CROPS,US TOTAL,ACRES,,NATIONAL,,"11,958,000",,,9000,AREA HARVESTED,SURVEY,,NOT SPECIFIED,YEAR - JUL FORECAST,99,,UNITED STATES,US,TOTAL,,US TOTAL,00000000,FIELD CROPS,00,"SPRING, (EXCL DURUM)",2013,,,,,,ALL UTILIZATION PRACTICES,ANNUAL,WHEAT,"WHEAT, SPRING, (EXCL DURUM) - ACRES HARVESTED",2013-07-11 13:38:49.000
ALL PRODUCTION PRACTICES,00,CROPS,US TOTAL,ACRES,,NATIONAL,,"1,338,000",,,9000,AREA HARVESTED,SURVEY,,NOT SPECIFIED,YEAR,99,,UNITED STATES,US,TOTAL,,US TOTAL,00000000,FIELD CROPS,00,"SPRING, DURUM",2013,,,,,,ALL UTILIZATION PRACTICES,ANNUAL,WHEAT,"WHEAT, SPRING, DURUM - ACRES HARVESTED",2019-02-06 15:00:06.000
ALL PRODUCTION PRACTICES,00,CROPS,US TOTAL,ACRES,,NATIONAL,,"1,502,000",,,9000,AREA HARVESTED,SURVEY,,NOT SPECIFIED,YEAR - AUG FORECAST,99,,UNITED STATES,US,TOTAL,,US TOTAL,00000000,FIELD CROPS,00,"SPRING, DURUM",2013,,,,,,ALL UTILIZATION PRACTICES,ANNUAL,WHEAT,"WHEAT, SPRING, DURUM - ACRES HARVESTED",2013-08-12 12:25:57.000
ALL PRODUCTION PRACTICES,00,CROPS,US TOTAL,ACRES,,NATIONAL,,"1,502,000",,,9000,AREA HARVESTED,SURVEY,,NOT SPECIFIED,YEAR - JUL FORECAST,99,,UNITED STATES,US,TOTAL,,US TOTAL,00000000,FIELD CROPS,00,"SPRING, DURUM",2013,,,,,,ALL UTILIZATION PRACTICES,ANNUAL,WHEAT,"WHEAT, SPRING, DURUM - ACRES HARVESTED",2013-07-11 13:38:49.000
ALL PRODUCTION PRACTICES,00,CROPS,US TOTAL,ACRES,,NATIONAL,,"32,650,000",,,9000,AREA HARVESTED,SURVEY,,NOT SPECIFIED,YEAR,99,,UNITED STATES,US,TOTAL,,US TOTAL,00000000,FIELD CROPS,00,WINTER,2013,,,,,,ALL UTILIZATION PRACTICES,ANNUAL,WHEAT,"WHEAT, WINTER - ACRES HARVESTED",2019-02-06 15:00:06.000
ALL PRODUCTION PRACTICES,00,CROPS,US TOTAL,ACRES,,NATIONAL,,"32,270,000",,,9000,AREA HARVESTED,SURVEY,,NOT SPECIFIED,YEAR - AUG FORECAST,99,,UNITED STATES,US,TOTAL,,US TOTAL,00000000,FIELD CROPS,00,WINTER,2013,,,,,,ALL UTILIZATION PRACTICES,ANNUAL,WHEAT,"WHEAT, WINTER - ACRES HARVESTED",2013-08-12 12:25:57.000
ALL PRODUCTION PRACTICES,00,CROPS,US TOTAL,ACRES,,NATIONAL,,"32,270,000",,,9000,AREA HARVESTED,SURVEY,,NOT SPECIFIED,YEAR - JUL FORECAST,99,,UNITED STATES,US,TOTAL,,US TOTAL,00000000,FIELD CROPS,00,WINTER,2013,,,,,,ALL UTILIZATION PRACTICES,ANNUAL,WHEAT,"WHEAT, WINTER - ACRES HARVESTED",2013-07-11 13:38:49.000
ALL PRODUCTION PRACTICES,00,CROPS,US TOTAL,ACRES,,NATIONAL,,"32,709,000",,,9000,AREA HARVESTED,SURVEY,,NOT SPECIFIED,YEAR - JUN FORECAST,99,,UNITED STATES,US,TOTAL,,US TOTAL,00000000,FIELD CROPS,00,WINTER,2013,,,,,,ALL UTILIZATION PRACTICES,ANNUAL,WHEAT,"WHEAT, WINTER - ACRES HARVESTED",2013-06-12 14:03:56.000
ALL PRODUCTION PRACTICES,00,CROPS,US TOTAL,ACRES,,NATIONAL,,"32,709,000",,,9000,AREA HARVESTED,SURVEY,,NOT SPECIFIED,YEAR - MAY FORECAST,99,,UNITED STATES,US,TOTAL,,US TOTAL,00000000,FIELD CROPS,00,WINTER,2013,,,,,,ALL UTILIZATION PRACTICES,ANNUAL,WHEAT,"WHEAT, WINTER - ACRES HARVESTED",2013-05-10 12:32:37.000
ALL PRODUCTION PRACTICES,00,CROPS,US TOTAL,ACRES,,NATIONAL,,"46,385,000",,,9000,AREA HARVESTED,SURVEY,,NOT SPECIFIED,YEAR,99,,UNITED STATES,US,TOTAL,,US TOTAL,00000000,FIELD CROPS,00,ALL CLASSES,2014,,,,,,ALL UTILIZATION PRACTICES,ANNUAL,WHEAT,WHEAT - ACRES HARVESTED,2019-02-06 15:00:06.000
ALL PRODUCTION PRACTICES,00,CROPS,US TOTAL,ACRES,,NATIONAL,,"46,240,000",,,9000,AREA HARVESTED,SURVEY,,NOT SPECIFIED,YEAR - AUG FORECAST,99,,UNITED STATES,US,TOTAL,,US TOTAL,00000000,FIELD CROPS,00,ALL CLASSES,2014,,,,,,ALL UTILIZATION PRACTICES,ANNUAL,WHEAT,WHEAT - ACRES HARVESTED,2014-08-12 12:00:16.000
ALL PRODUCTION PRACTICES,00,CROPS,US TOTAL,ACRES,,NATIONAL,,"46,240,000",,,9000,AREA HARVESTED,SURVEY,,NOT SPECIFIED,YEAR - JUL FORECAST,99,,UNITED STATES,US,TOTAL,,US TOTAL,00000000,FIELD CROPS,00,ALL CLASSES,2014,,,,,,ALL UTILIZATION PRACTICES,ANNUAL,WHEAT,WHEAT - ACRES HARVESTED,2014-07-11 12:03:10.000
ALL PRODUCTION PRACTICES,00,CROPS,US TOTAL,ACRES,,NATIONAL,,"46,240,000",,,9000,AREA HARVESTED,SURVEY,,NOT SPECIFIED,YEAR - JUN ACREAGE,99,,UNITED STATES,US,TOTAL,,US TOTAL,00000000,FIELD CROPS,00,ALL CLASSES,2014,,,,,,ALL UTILIZATION PRACTICES,ANNUAL,WHEAT,WHEAT - ACRES HARVESTED,2014-06-30 12:24:30.000
ALL PRODUCTION PRACTICES,00,CROPS,US TOTAL,ACRES,,NATIONAL,,"12,740,000",,,9000,AREA HARVESTED,SURVEY,,NOT SPECIFIED,YEAR,99,,UNITED STATES,US,TOTAL,,US TOTAL,00000000,FIELD CROPS,00,"SPRING, (EXCL DURUM)",2014,,,,,,ALL UTILIZATION PRACTICES,ANNUAL,WHEAT,"WHEAT, SPRING, (EXCL DURUM) - ACRES HARVESTED",2019-02-06 15:00:06.000
ALL PRODUCTION PRACTICES,00,CROPS,US TOTAL,ACRES,,NATIONAL,,"12,403,000",,,9000,AREA HARVESTED,SURVEY,,NOT SPECIFIED,YEAR - AUG FORECAST,99,,UNITED STATES,US,TOTAL,,US TOTAL,00000000,FIELD CROPS,00,"SPRING, (EXCL DURUM)",2014,,,,,,ALL UTILIZATION PRACTICES,ANNUAL,WHEAT,"WHEAT, SPRING, (EXCL DURUM) - ACRES HARVESTED",2014-08-12 12:00:16.000
ALL PRODUCTION PRACTICES,00,CROPS,US TOTAL,ACRES,,NATIONAL,,"12,403,000",,,9000,AREA HARVESTED,SURVEY,,NOT SPECIFIED,YEAR - JUL FORECAST,99,,UNITED STATES,US,TOTAL,,US TOTAL,00000000,FIELD CROPS,00,"SPRING, (EXCL DURUM)",2014,,,,,,ALL UTILIZATION PRACTICES,ANNUAL,WHEAT,"WHEAT, SPRING, (EXCL DURUM) - ACRES HARVESTED",2014-07-11 12:03:10.000
ALL PRODUCTION PRACTICES,00,CROPS,US TOTAL,ACRES,,NATIONAL,,"12,403,000",,,9000,AREA HARVESTED,SURVEY,,NOT SPECIFIED,YEAR - JUN ACREAGE,99,,UNITED STATES,US,TOTAL,,US TOTAL,00000000,FIELD CROPS,00,"SPRING, (EXCL DURUM)",2014,,,,,,ALL UTILIZATION PRACTICES,ANNUAL,WHEAT,"WHEAT, SPRING, (EXCL DURUM) - ACRES HARVESTED",2014-06-30 12:24:30.000
ALL PRODUCTION PRACTICES,00,CROPS,US TOTAL,ACRES,,NATIONAL,,"1,346,000",,,9000,AREA HARVESTED,SURVEY,,NOT SPECIFIED,YEAR,99,,UNITED STATES,US,TOTAL,,US TOTAL,00000000,FIELD CROPS,00,"SPRING, DURUM",2014,,,,,,ALL UTILIZATION PRACTICES,ANNUAL,WHEAT,"WHEAT, SPRING, DURUM - ACRES HARVESTED",2019-02-06 15:00:06.000
ALL PRODUCTION PRACTICES,00,CROPS,US TOTAL,ACRES,,NATIONAL,,"1,418,000",,,9000,AREA HARVESTED,SURVEY,,NOT SPECIFIED,YEAR - AUG FORECAST,99,,UNITED STATES,US,TOTAL,,US TOTAL,00000000,FIELD CROPS,00,"SPRING, DURUM",2014,,,,,,ALL UTILIZATION PRACTICES,ANNUAL,WHEAT,"WHEAT, SPRING, DURUM - ACRES HARVESTED",2014-08-12 12:00:16.000
ALL PRODUCTION PRACTICES,00,CROPS,US TOTAL,ACRES,,NATIONAL,,"1,418,000",,,9000,AREA HARVESTED,SURVEY,,NOT SPECIFIED,YEAR - JUL FORECAST,99,,UNITED STATES,US,TOTAL,,US TOTAL,00000000,FIELD CROPS,00,"SPRING, DURUM",2014,,,,,,ALL UTILIZATION PRACTICES,ANNUAL,WHEAT,"WHEAT, SPRING, DURUM - ACRES HARVESTED",2014-07-11 12:03:10.000
ALL PRODUCTION PRACTICES,00,CROPS,US TOTAL,ACRES,,NATIONAL,,"1,418,000",,,9000,AREA HARVESTED,SURVEY,,NOT SPECIFIED,YEAR - JUN ACREAGE,99,,UNITED STATES,US,TOTAL,,US TOTAL,00000000,FIELD CROPS,00,"SPRING, DURUM",2014,,,,,,ALL UTILIZATION PRACTICES,ANNUAL,WHEAT,"WHEAT, SPRING, DURUM - ACRES HARVESTED",2014-06-30 12:24:30.000
ALL PRODUCTION PRACTICES,00,CROPS,US TOTAL,ACRES,,NATIONAL,,"32,299,000",,,9000,AREA HARVESTED,SURVEY,,NOT SPECIFIED,YEAR,99,,UNITED STATES,US,TOTAL,,US TOTAL,00000000,FIELD CROPS,00,WINTER,2014,,,,,,ALL UTILIZATION PRACTICES,ANNUAL,WHEAT,"WHEAT, WINTER - ACRES HARVESTED",2019-02-06 15:00:06.000
ALL PRODUCTION PRACTICES,00,CROPS,US TOTAL,ACRES,,NATIONAL,,"32,419,000",,,9000,AREA HARVESTED,SURVEY,,NOT SPECIFIED,YEAR - AUG FORECAST,99,,UNITED STATES,US,TOTAL,,US TOTAL,00000000,FIELD CROPS,00,WINTER,2014,,,,,,ALL UTILIZATION PRACTICES,ANNUAL,WHEAT,"WHEAT, WINTER - ACRES HARVESTED",2014-08-12 12:00:16.000
ALL PRODUCTION PRACTICES,00,CROPS,US TOTAL,ACRES,,NATIONAL,,"32,419,000",,,9000,AREA HARVESTED,SURVEY,,NOT SPECIFIED,YEAR - JUL FORECAST,99,,UNITED STATES,US,TOTAL,,US TOTAL,00000000,FIELD CROPS,00,WINTER,2014,,,,,,ALL UTILIZATION PRACTICES,ANNUAL,WHEAT,"WHEAT, WINTER - ACRES HARVESTED",2014-07-11 12:03:10.000
ALL PRODUCTION PRACTICES,00,CROPS,US TOTAL,ACRES,,NATIONAL,,"32,419,000",,,9000,AREA HARVESTED,SURVEY,,NOT SPECIFIED,YEAR - JUN ACREAGE,99,,UNITED STATES,US,TOTAL,,US TOTAL,00000000,FIELD CROPS,00,WINTER,2014,,,,,,ALL UTILIZATION PRACTICES,ANNUAL,WHEAT,"WHEAT, WINTER - ACRES HARVESTED",2014-06-30 12:24:30.000
ALL PRODUCTION PRACTICES,00,CROPS,US TOTAL,ACRES,,NATIONAL,,"32,572,000",,,9000,AREA HARVESTED,SURVEY,,NOT SPECIFIED,YEAR - MAY FORECAST,99,,UNITED STATES,US,TOTAL,,US TOTAL,00000000,FIELD CROPS,00,WINTER,2014,,,,,,ALL UTILIZATION PRACTICES,ANNUAL,WHEAT,"WHEAT, WINTER - ACRES HARVESTED",2014-05-09 12:01:11.000
ALL PRODUCTION PRACTICES,00,CROPS,US TOTAL,ACRES,,NATIONAL,,"47,318,000",,,9000,AREA HARVESTED,SURVEY,,NOT SPECIFIED,YEAR,99,,UNITED STATES,US,TOTAL,,US TOTAL,00000000,FIELD CROPS,00,ALL CLASSES,2015,,,,,,ALL UTILIZATION PRACTICES,ANNUAL,WHEAT,WHEAT - ACRES HARVESTED,2019-02-06 15:00:06.000
ALL PRODUCTION PRACTICES,00,CROPS,US TOTAL,ACRES,,NATIONAL,,"48,454,000",,,9000,AREA HARVESTED,SURVEY,,NOT SPECIFIED,YEAR - AUG FORECAST,99,,UNITED STATES,US,TOTAL,,US TOTAL,00000000,FIELD CROPS,00,ALL CLASSES,2015,,,,,,ALL UTILIZATION PRACTICES,ANNUAL,WHEAT,WHEAT - ACRES HARVESTED,2015-08-12 12:00:00.000
ALL PRODUCTION PRACTICES,00,CROPS,US TOTAL,ACRES,,NATIONAL,,"48,454,000",,,9000,AREA HARVESTED,SURVEY,,NOT SPECIFIED,YEAR - JUL FORECAST,99,,UNITED STATES,US,TOTAL,,US TOTAL,00000000,FIELD CROPS,00,ALL CLASSES,2015,,,,,,ALL UTILIZATION PRACTICES,ANNUAL,WHEAT,WHEAT - ACRES HARVESTED,2015-07-10 12:00:00.000
ALL PRODUCTION PRACTICES,00,CROPS,US TOTAL,ACRES,,NATIONAL,,"48,454,000",,,9000,AREA HARVESTED,SURVEY,,NOT SPECIFIED,YEAR - JUN ACREAGE,99,,UNITED STATES,US,TOTAL,,US TOTAL,00000000,FIELD CROPS,00,ALL CLASSES,2015,,,,,,ALL UTILIZATION PRACTICES,ANNUAL,WHEAT,WHEAT - ACRES HARVESTED,2015-06-30 12:00:00.000
ALL PRODUCTION PRACTICES,00,CROPS,US TOTAL,ACRES,,NATIONAL,,"13,061,000",,,9000,AREA HARVESTED,SURVEY,,NOT SPECIFIED,YEAR,99,,UNITED STATES,US,TOTAL,,US TOTAL,00000000,FIELD CROPS,00,"SPRING, (EXCL DURUM)",2015,,,,,,ALL UTILIZATION PRACTICES,ANNUAL,WHEAT,"WHEAT, SPRING, (EXCL DURUM) - ACRES HARVESTED",2019-02-06 15:00:06.000
ALL PRODUCTION PRACTICES,00,CROPS,US TOTAL,ACRES,,NATIONAL,,"13,217,000",,,9000,AREA HARVESTED,SURVEY,,NOT SPECIFIED,YEAR - AUG FORECAST,99,,UNITED STATES,US,TOTAL,,US TOTAL,00000000,FIELD CROPS,00,"SPRING, (EXCL DURUM)",2015,,,,,,ALL UTILIZATION PRACTICES,ANNUAL,WHEAT,"WHEAT, SPRING, (EXCL DURUM) - ACRES HARVESTED",2015-08-12 12:00:00.000
ALL PRODUCTION PRACTICES,00,CROPS,US TOTAL,ACRES,,NATIONAL,,"13,217,000",,,9000,AREA HARVESTED,SURVEY,,NOT SPECIFIED,YEAR - JUL FORECAST,99,,UNITED STATES,US,TOTAL,,US TOTAL,00000000,FIELD CROPS,00,"SPRING, (EXCL DURUM)",2015,,,,,,ALL UTILIZATION PRACTICES,ANNUAL,WHEAT,"WHEAT, SPRING, (EXCL DURUM) - ACRES HARVESTED",2015-07-10 12:00:00.000
ALL PRODUCTION PRACTICES,00,CROPS,US TOTAL,ACRES,,NATIONAL,,"13,217,000",,,9000,AREA HARVESTED,SURVEY,,NOT SPECIFIED,YEAR - JUN ACREAGE,99,,UNITED STATES,US,TOTAL,,US TOTAL,00000000,FIELD CROPS,00,"SPRING, (EXCL DURUM)",2015,,,,,,ALL UTILIZATION PRACTICES,ANNUAL,WHEAT,"WHEAT, SPRING, (EXCL DURUM) - ACRES HARVESTED",2015-06-30 12:00:00.000
ALL PRODUCTION PRACTICES,00,CROPS,US TOTAL,ACRES,,NATIONAL,,"1,911,000",,,9000,AREA HARVESTED,SURVEY,,NOT SPECIFIED,YEAR,99,,UNITED STATES,US,TOTAL,,US TOTAL,00000000,FIELD CROPS,00,"SPRING, DURUM",2015,,,,,,ALL UTILIZATION PRACTICES,ANNUAL,WHEAT,"WHEAT, SPRING, DURUM - ACRES HARVESTED",2019-02-06 15:00:06.000
ALL PRODUCTION PRACTICES,00,CROPS,US TOTAL,ACRES,,NATIONAL,,"1,908,000",,,9000,AREA HARVESTED,SURVEY,,NOT SPECIFIED,YEAR - AUG FORECAST,99,,UNITED STATES,US,TOTAL,,US TOTAL,00000000,FIELD CROPS,00,"SPRING, DURUM",2015,,,,,,ALL UTILIZATION PRACTICES,ANNUAL,WHEAT,"WHEAT, SPRING, DURUM - ACRES HARVESTED",2015-08-12 12:00:00.000
ALL PRODUCTION PRACTICES,00,CROPS,US TOTAL,ACRES,,NATIONAL,,"1,908,000",,,9000,AREA HARVESTED,SURVEY,,NOT SPECIFIED,YEAR - JUL FORECAST,99,,UNITED STATES,US,TOTAL,,US TOTAL,00000000,FIELD CROPS,00,"SPRING, DURUM",2015,,,,,,ALL UTILIZATION PRACTICES,ANNUAL,WHEAT,"WHEAT, SPRING, DURUM - ACRES HARVESTED",2015-07-10 12:00:00.000
ALL PRODUCTION PRACTICES,00,CROPS,US TOTAL,ACRES,,NATIONAL,,"1,908,000",,,9000,AREA HARVESTED,SURVEY,,NOT SPECIFIED,YEAR - JUN ACREAGE,99,,UNITED STATES,US,TOTAL,,US TOTAL,00000000,FIELD CROPS,00,"SPRING, DURUM",2015,,,,,,ALL UTILIZATION PRACTICES,ANNUAL,WHEAT,"WHEAT, SPRING, DURUM - ACRES HARVESTED",2015-06-30 12:00:00.000
ALL PRODUCTION PRACTICES,00,CROPS,US TOTAL,ACRES,,NATIONAL,,"32,346,000",,,9000,AREA HARVESTED,SURVEY,,NOT SPECIFIED,YEAR,99,,UNITED STATES,US,TOTAL,,US TOTAL,00000000,FIELD CROPS,00,WINTER,2015,,,,,,ALL UTILIZATION PRACTICES,ANNUAL,WHEAT,"WHEAT, WINTER - ACRES HARVESTED",2019-02-06 15:00:06.000
ALL PRODUCTION PRACTICES,00,CROPS,US TOTAL,ACRES,,NATIONAL,,"33,329,000",,,9000,AREA HARVESTED,SURVEY,,NOT SPECIFIED,YEAR - AUG FORECAST,99,,UNITED STATES,US,TOTAL,,US TOTAL,00000000,FIELD CROPS,00,WINTER,2015,,,,,,ALL UTILIZATION PRACTICES,ANNUAL,WHEAT,"WHEAT, WINTER - ACRES HARVESTED",2015-08-12 12:00:00.000
ALL PRODUCTION PRACTICES,00,CROPS,US TOTAL,ACRES,,NATIONAL,,"33,329,000",,,9000,AREA HARVESTED,SURVEY,,NOT SPECIFIED,YEAR - JUL FORECAST,99,,UNITED STATES,US,TOTAL,,US TOTAL,00000000,FIELD CROPS,00,WINTER,2015,,,,,,ALL UTILIZATION PRACTICES,ANNUAL,WHEAT,"WHEAT, WINTER - ACRES HARVESTED",2015-07-10 12:00:00.000
ALL PRODUCTION PRACTICES,00,CROPS,US TOTAL,ACRES,,NATIONAL,,"33,329,000",,,9000,AREA HARVESTED,SURVEY,,NOT SPECIFIED,YEAR - JUN ACREAGE,99,,UNITED STATES,US,TOTAL,,US TOTAL,00000000,FIELD CROPS,00,WINTER,2015,,,,,,ALL UTILIZATION PRACTICES,ANNUAL,WHEAT,"WHEAT, WINTER - ACRES HARVESTED",2015-06-30 12:00:00.000
ALL PRODUCTION PRACTICES,00,CROPS,US TOTAL,ACRES,,NATIONAL,,"33,838,000",,,9000,AREA HARVESTED,SURVEY,,NOT SPECIFIED,YEAR - MAY FORECAST,99,,UNITED STATES,US,TOTAL,,US TOTAL,00000000,FIELD CROPS,00,WINTER,2015,,,,,,ALL UTILIZATION PRACTICES,ANNUAL,WHEAT,"WHEAT, WINTER - ACRES HARVESTED",2015-05-12 12:11:55.000
ALL PRODUCTION PRACTICES,00,CROPS,US TOTAL,ACRES,,NATIONAL,,"43,848,000",,,9000,AREA HARVESTED,SURVEY,,NOT SPECIFIED,YEAR,99,,UNITED STATES,US,TOTAL,,US TOTAL,00000000,FIELD CROPS,00,ALL CLASSES,2016,,,,,,ALL UTILIZATION PRACTICES,ANNUAL,WHEAT,WHEAT - ACRES HARVESTED,2019-02-06 15:00:06.000
ALL PRODUCTION PRACTICES,00,CROPS,US TOTAL,ACRES,,NATIONAL,,"44,093,000",,,9000,AREA HARVESTED,SURVEY,,NOT SPECIFIED,YEAR - AUG FORECAST,99,,UNITED STATES,US,TOTAL,,US TOTAL,00000000,FIELD CROPS,00,ALL CLASSES,2016,,,,,,ALL UTILIZATION PRACTICES,ANNUAL,WHEAT,WHEAT - ACRES HARVESTED,2016-08-12 12:00:00.000
ALL PRODUCTION PRACTICES,00,CROPS,US TOTAL,ACRES,,NATIONAL,,"44,093,000",,,9000,AREA HARVESTED,SURVEY,,NOT SPECIFIED,YEAR - JUL FORECAST,99,,UNITED STATES,US,TOTAL,,US TOTAL,00000000,FIELD CROPS,00,ALL CLASSES,2016,,,,,,ALL UTILIZATION PRACTICES,ANNUAL,WHEAT,WHEAT - ACRES HARVESTED,2016-07-12 12:00:00.000
ALL PRODUCTION PRACTICES,00,CROPS,US TOTAL,ACRES,,NATIONAL,,"44,093,000",,,9000,AREA HARVESTED,SURVEY,,NOT SPECIFIED,YEAR - JUN ACREAGE,99,,UNITED STATES,US,TOTAL,,US TOTAL,00000000,FIELD CROPS,00,ALL CLASSES,2016,,,,,,ALL UTILIZATION PRACTICES,ANNUAL,WHEAT,WHEAT - ACRES HARVESTED,2016-06-30 12:00:00.000
ALL PRODUCTION PRACTICES,00,CROPS,US TOTAL,ACRES,,NATIONAL,,"11,253,000",,,9000,AREA HARVESTED,SURVEY,,NOT SPECIFIED,YEAR,99,,UNITED STATES,US,TOTAL,,US TOTAL,00000000,FIELD CROPS,00,"SPRING, (EXCL DURUM)",2016,,,,,,ALL UTILIZATION PRACTICES,ANNUAL,WHEAT,"WHEAT, SPRING, (EXCL DURUM) - ACRES HARVESTED",2019-02-06 15:00:06.000
ALL PRODUCTION PRACTICES,00,CROPS,US TOTAL,ACRES,,NATIONAL,,"11,835,000",,,9000,AREA HARVESTED,SURVEY,,NOT SPECIFIED,YEAR - AUG FORECAST,99,,UNITED STATES,US,TOTAL,,US TOTAL,00000000,FIELD CROPS,00,"SPRING, (EXCL DURUM)",2016,,,,,,ALL UTILIZATION PRACTICES,ANNUAL,WHEAT,"WHEAT, SPRING, (EXCL DURUM) - ACRES HARVESTED",2016-08-12 12:00:00.000
ALL PRODUCTION PRACTICES,00,CROPS,US TOTAL,ACRES,,NATIONAL,,"11,835,000",,,9000,AREA HARVESTED,SURVEY,,NOT SPECIFIED,YEAR - JUL FORECAST,99,,UNITED STATES,US,TOTAL,,US TOTAL,00000000,FIELD CROPS,00,"SPRING, (EXCL DURUM)",2016,,,,,,ALL UTILIZATION PRACTICES,ANNUAL,WHEAT,"WHEAT, SPRING, (EXCL DURUM) - ACRES HARVESTED",2016-07-12 12:00:00.000
ALL PRODUCTION PRACTICES,00,CROPS,US TOTAL,ACRES,,NATIONAL,,"11,835,000",,,9000,AREA HARVESTED,SURVEY,,NOT SPECIFIED,YEAR - JUN ACREAGE,99,,UNITED STATES,US,TOTAL,,US TOTAL,00000000,FIELD CROPS,00,"SPRING, (EXCL DURUM)",2016,,,,,,ALL UTILIZATION PRACTICES,ANNUAL,WHEAT,"WHEAT, SPRING, (EXCL DURUM) - ACRES HARVESTED",2016-06-30 12:00:00.000
ALL PRODUCTION PRACTICES,00,CROPS,US TOTAL,ACRES,,NATIONAL,,"2,360,000",,,9000,AREA HARVESTED,SURVEY,,NOT SPECIFIED,YEAR,99,,UNITED STATES,US,TOTAL,,US TOTAL,00000000,FIELD CROPS,00,"SPRING, DURUM",2016,,,,,,ALL UTILIZATION PRACTICES,ANNUAL,WHEAT,"WHEAT, SPRING, DURUM - ACRES HARVESTED",2019-02-06 15:00:06.000
ALL PRODUCTION PRACTICES,00,CROPS,US TOTAL,ACRES,,NATIONAL,,"2,082,000",,,9000,AREA HARVESTED,SURVEY,,NOT SPECIFIED,YEAR - AUG FORECAST,99,,UNITED STATES,US,TOTAL,,US TOTAL,00000000,FIELD CROPS,00,"SPRING, DURUM",2016,,,,,,ALL UTILIZATION PRACTICES,ANNUAL,WHEAT,"WHEAT, SPRING, DURUM - ACRES HARVESTED",2016-08-12 12:00:00.000
ALL PRODUCTION PRACTICES,00,CROPS,US TOTAL,ACRES,,NATIONAL,,"2,082,000",,,9000,AREA HARVESTED,SURVEY,,NOT SPECIFIED,YEAR - JUL FORECAST,99,,UNITED STATES,US,TOTAL,,US TOTAL,00000000,FIELD CROPS,00,"SPRING, DURUM",2016,,,,,,ALL UTILIZATION PRACTICES,ANNUAL,WHEAT,"WHEAT, SPRING, DURUM - ACRES HARVESTED",2016-07-12 12:00:00.000
ALL PRODUCTION PRACTICES,00,CROPS,US TOTAL,ACRES,,NATIONAL,,"2,082,000",,,9000,AREA HARVESTED,SURVEY,,NOT SPECIFIED,YEAR - JUN ACREAGE,99,,UNITED STATES,US,TOTAL,,US TOTAL,00000000,FIELD CROPS,00,"SPRING, DURUM",2016,,,,,,ALL UTILIZATION PRACTICES,ANNUAL,WHEAT,"WHEAT, SPRING, DURUM - ACRES HARVESTED",2016-06-30 12:00:00.000
ALL PRODUCTION PRACTICES,00,CROPS,US TOTAL,ACRES,,NATIONAL,,"30,235,000",,,9000,AREA HARVESTED,SURVEY,,NOT SPECIFIED,YEAR,99,,UNITED STATES,US,TOTAL,,US TOTAL,00000000,FIELD CROPS,00,WINTER,2016,,,,,,ALL UTILIZATION PRACTICES,ANNUAL,WHEAT,"WHEAT, WINTER - ACRES HARVESTED",2019-02-06 15:00:06.000
ALL PRODUCTION PRACTICES,00,CROPS,US TOTAL,ACRES,,NATIONAL,,"30,176,000",,,9000,AREA HARVESTED,SURVEY,,NOT SPECIFIED,YEAR - AUG FORECAST,99,,UNITED STATES,US,TOTAL,,US TOTAL,00000000,FIELD CROPS,00,WINTER,2016,,,,,,ALL UTILIZATION PRACTICES,ANNUAL,WHEAT,"WHEAT, WINTER - ACRES HARVESTED",2016-08-12 12:00:00.000
ALL PRODUCTION PRACTICES,00,CROPS,US TOTAL,ACRES,,NATIONAL,,"30,176,000",,,9000,AREA HARVESTED,SURVEY,,NOT SPECIFIED,YEAR - JUL FORECAST,99,,UNITED STATES,US,TOTAL,,US TOTAL,00000000,FIELD CROPS,00,WINTER,2016,,,,,,ALL UTILIZATION PRACTICES,ANNUAL,WHEAT,"WHEAT, WINTER - ACRES HARVESTED",2016-07-12 12:00:00.000
ALL PRODUCTION PRACTICES,00,CROPS,US TOTAL,ACRES,,NATIONAL,,"30,176,000",,,9000,AREA HARVESTED,SURVEY,,NOT SPECIFIED,YEAR - JUN ACREAGE,99,,UNITED STATES,US,TOTAL,,US TOTAL,00000000,FIELD CROPS,00,WINTER,2016,,,,,,ALL UTILIZATION PRACTICES,ANNUAL,WHEAT,"WHEAT, WINTER - ACRES HARVESTED",2016-06-30 12:00:00.000
ALL PRODUCTION PRACTICES,00,CROPS,US TOTAL,ACRES,,NATIONAL,,"29,831,000",,,9000,AREA HARVESTED,SURVEY,,NOT SPECIFIED,YEAR - MAY FORECAST,99,,UNITED STATES,US,TOTAL,,US TOTAL,00000000,FIELD CROPS,00,WINTER,2016,,,,,,ALL UTILIZATION PRACTICES,ANNUAL,WHEAT,"WHEAT, WINTER - ACRES HARVESTED",2016-05-10 12:00:00.000
ALL PRODUCTION PRACTICES,00,CROPS,US TOTAL,ACRES,,NATIONAL,,"37,555,000",,,9000,AREA HARVESTED,SURVEY,,NOT SPECIFIED,YEAR,99,,UNITED STATES,US,TOTAL,,US TOTAL,00000000,FIELD CROPS,00,ALL CLASSES,2017,,,,,,ALL UTILIZATION PRACTICES,ANNUAL,WHEAT,WHEAT - ACRES HARVESTED,2019-02-06 15:00:06.000
ALL PRODUCTION PRACTICES,00,CROPS,US TOTAL,ACRES,,NATIONAL,,"38,115,000",,,9000,AREA HARVESTED,SURVEY,,NOT SPECIFIED,YEAR - AUG FORECAST,99,,UNITED STATES,US,TOTAL,,US TOTAL,00000000,FIELD CROPS,00,ALL CLASSES,2017,,,,,,ALL UTILIZATION PRACTICES,ANNUAL,WHEAT,WHEAT - ACRES HARVESTED,2017-08-10 12:08:28.000
ALL PRODUCTION PRACTICES,00,CROPS,US TOTAL,ACRES,,NATIONAL,,"38,115,000",,,9000,AREA HARVESTED,SURVEY,,NOT SPECIFIED,YEAR - JUL FORECAST,99,,UNITED STATES,US,TOTAL,,US TOTAL,00000000,FIELD CROPS,00,ALL CLASSES,2017,,,,,,ALL UTILIZATION PRACTICES,ANNUAL,WHEAT,WHEAT - ACRES HARVESTED,2017-07-12 12:01:17.000
ALL PRODUCTION PRACTICES,00,CROPS,US TOTAL,ACRES,,NATIONAL,,"38,115,000",,,9000,AREA HARVESTED,SURVEY,,NOT SPECIFIED,YEAR - JUN ACREAGE,99,,UNITED STATES,US,TOTAL,,US TOTAL,00000000,FIELD CROPS,00,ALL CLASSES,2017,,,,,,ALL UTILIZATION PRACTICES,ANNUAL,WHEAT,WHEAT - ACRES HARVESTED,2017-06-30 12:02:44.000
ALL PRODUCTION PRACTICES,00,CROPS,US TOTAL,ACRES,,NATIONAL,,"10,148,000",,,9000,AREA HARVESTED,SURVEY,,NOT SPECIFIED,YEAR,99,,UNITED STATES,US,TOTAL,,US TOTAL,00000000,FIELD CROPS,00,"SPRING, (EXCL DURUM)",2017,,,,,,ALL UTILIZATION PRACTICES,ANNUAL,WHEAT,"WHEAT, SPRING, (EXCL DURUM) - ACRES HARVESTED",2019-02-06 15:00:06.000
ALL PRODUCTION PRACTICES,00,CROPS,US TOTAL,ACRES,,NATIONAL,,"10,497,000",,,9000,AREA HARVESTED,SURVEY,,NOT SPECIFIED,YEAR - AUG FORECAST,99,,UNITED STATES,US,TOTAL,,US TOTAL,00000000,FIELD CROPS,00,"SPRING, (EXCL DURUM)",2017,,,,,,ALL UTILIZATION PRACTICES,ANNUAL,WHEAT,"WHEAT, SPRING, (EXCL DURUM) - ACRES HARVESTED",2017-08-10 12:08:28.000
ALL PRODUCTION PRACTICES,00,CROPS,US TOTAL,ACRES,,NATIONAL,,"10,497,000",,,9000,AREA HARVESTED,SURVEY,,NOT SPECIFIED,YEAR - JUL FORECAST,99,,UNITED STATES,US,TOTAL,,US TOTAL,00000000,FIELD CROPS,00,"SPRING, (EXCL DURUM)",2017,,,,,,ALL UTILIZATION PRACTICES,ANNUAL,WHEAT,"WHEAT, SPRING, (EXCL DURUM) - ACRES HARVESTED",2017-07-12 12:01:17.000
ALL PRODUCTION PRACTICES,00,CROPS,US TOTAL,ACRES,,NATIONAL,,"10,497,000",,,9000,AREA HARVESTED,SURVEY,,NOT SPECIFIED,YEAR - JUN ACREAGE,99,,UNITED STATES,US,TOTAL,,US TOTAL,00000000,FIELD CROPS,00,"SPRING, (EXCL DURUM)",2017,,,,,,ALL UTILIZATION PRACTICES,ANNUAL,WHEAT,"WHEAT, SPRING, (EXCL DURUM) - ACRES HARVESTED",2017-06-30 12:02:44.000
ALL PRODUCTION PRACTICES,00,CROPS,US TOTAL,ACRES,,NATIONAL,,"2,106,000",,,9000,AREA HARVESTED,SURVEY,,NOT SPECIFIED,YEAR,99,,UNITED STATES,US,TOTAL,,US TOTAL,00000000,FIELD CROPS,00,"SPRING, DURUM",2017,,,,,,ALL UTILIZATION PRACTICES,ANNUAL,WHEAT,"WHEAT, SPRING, DURUM - ACRES HARVESTED",2019-02-06 15:00:06.000
ALL PRODUCTION PRACTICES,00,CROPS,US TOTAL,ACRES,,NATIONAL,,"1,858,000",,,9000,AREA HARVESTED,SURVEY,,NOT SPECIFIED,YEAR - AUG FORECAST,99,,UNITED STATES,US,TOTAL,,US TOTAL,00000000,FIELD CROPS,00,"SPRING, DURUM",2017,,,,,,ALL UTILIZATION PRACTICES,ANNUAL,WHEAT,"WHEAT, SPRING, DURUM - ACRES HARVESTED",2017-08-10 12:08:28.000
ALL PRODUCTION PRACTICES,00,CROPS,US TOTAL,ACRES,,NATIONAL,,"1,858,000",,,9000,AREA HARVESTED,SURVEY,,NOT SPECIFIED,YEAR - JUL FORECAST,99,,UNITED STATES,US,TOTAL,,US TOTAL,00000000,FIELD CROPS,00,"SPRING, DURUM",2017,,,,,,ALL UTILIZATION PRACTICES,ANNUAL,WHEAT,"WHEAT, SPRING, DURUM - ACRES HARVESTED",2017-07-12 12:01:17.000
ALL PRODUCTION PRACTICES,00,CROPS,US TOTAL,ACRES,,NATIONAL,,"1,858,000",,,9000,AREA HARVESTED,SURVEY,,NOT SPECIFIED,YEAR - JUN ACREAGE,99,,UNITED STATES,US,TOTAL,,US TOTAL,00000000,FIELD CROPS,00,"SPRING, DURUM",2017,,,,,,ALL UTILIZATION PRACTICES,ANNUAL,WHEAT,"WHEAT, SPRING, DURUM - ACRES HARVESTED",2017-06-30 12:02:44.000
ALL PRODUCTION PRACTICES,00,CROPS,US TOTAL,ACRES,,NATIONAL,,"25,301,000",,,9000,AREA HARVESTED,SURVEY,,NOT SPECIFIED,YEAR,99,,UNITED STATES,US,TOTAL,,US TOTAL,00000000,FIELD CROPS,00,WINTER,2017,,,,,,ALL UTILIZATION PRACTICES,ANNUAL,WHEAT,"WHEAT, WINTER - ACRES HARVESTED",2019-02-06 15:00:06.000
ALL PRODUCTION PRACTICES,00,CROPS,US TOTAL,ACRES,,NATIONAL,,"25,760,000",,,9000,AREA HARVESTED,SURVEY,,NOT SPECIFIED,YEAR - AUG FORECAST,99,,UNITED STATES,US,TOTAL,,US TOTAL,00000000,FIELD CROPS,00,WINTER,2017,,,,,,ALL UTILIZATION PRACTICES,ANNUAL,WHEAT,"WHEAT, WINTER - ACRES HARVESTED",2017-08-10 12:08:28.000
ALL PRODUCTION PRACTICES,00,CROPS,US TOTAL,ACRES,,NATIONAL,,"25,760,000",,,9000,AREA HARVESTED,SURVEY,,NOT SPECIFIED,YEAR - JUL FORECAST,99,,UNITED STATES,US,TOTAL,,US TOTAL,00000000,FIELD CROPS,00,WINTER,2017,,,,,,ALL UTILIZATION PRACTICES,ANNUAL,WHEAT,"WHEAT, WINTER - ACRES HARVESTED",2017-07-12 12:01:17.000
ALL PRODUCTION PRACTICES,00,CROPS,US TOTAL,ACRES,,NATIONAL,,"25,760,000",,,9000,AREA HARVESTED,SURVEY,,NOT SPECIFIED,YEAR - JUN ACREAGE,99,,UNITED STATES,US,TOTAL,,US TOTAL,00000000,FIELD CROPS,00,WINTER,2017,,,,,,ALL UTILIZATION PRACTICES,ANNUAL,WHEAT,"WHEAT, WINTER - ACRES HARVESTED",2017-06-30 12:02:44.000
ALL PRODUCTION PRACTICES,00,CROPS,US TOTAL,ACRES,,NATIONAL,,"25,564,000",,,9000,AREA HARVESTED,SURVEY,,NOT SPECIFIED,YEAR - MAY FORECAST,99,,UNITED STATES,US,TOTAL,,US TOTAL,00000000,FIELD CROPS,00,WINTER,2017,,,,,,ALL UTILIZATION PRACTICES,ANNUAL,WHEAT,"WHEAT, WINTER - ACRES HARVESTED",2017-05-10 12:01:38.000
ALL PRODUCTION PRACTICES,00,CROPS,US TOTAL,ACRES,,NATIONAL,,"39,615,000",,,9000,AREA HARVESTED,SURVEY,,NOT SPECIFIED,YEAR,99,,UNITED STATES,US,TOTAL,,US TOTAL,00000000,FIELD CROPS,00,ALL CLASSES,2018,,,,,,ALL UTILIZATION PRACTICES,ANNUAL,WHEAT,WHEAT - ACRES HARVESTED,2024-01-09 15:00:00.000
ALL PRODUCTION PRACTICES,00,CROPS,US TOTAL,ACRES,,NATIONAL,,"39,556,000",,,9000,AREA HARVESTED,SURVEY,,NOT SPECIFIED,YEAR - AUG FORECAST,99,,UNITED STATES,US,TOTAL,,US TOTAL,00000000,FIELD CROPS,00,ALL CLASSES,2018,,,,,,ALL UTILIZATION PRACTICES,ANNUAL,WHEAT,WHEAT - ACRES HARVESTED,2018-08-10 12:01:40.000
ALL PRODUCTION PRACTICES,00,CROPS,US TOTAL,ACRES,,NATIONAL,,"39,571,000",,,9000,AREA HARVESTED,SURVEY,,NOT SPECIFIED,YEAR - JUL FORECAST,99,,UNITED STATES,US,TOTAL,,US TOTAL,00000000,FIELD CROPS,00,ALL CLASSES,2018,,,,,,ALL UTILIZATION PRACTICES,ANNUAL,WHEAT,WHEAT - ACRES HARVESTED,2018-07-12 12:00:55.000
ALL PRODUCTION PRACTICES,00,CROPS,US TOTAL,ACRES,,NATIONAL,,"39,571,000",,,9000,AREA HARVESTED,SURVEY,,NOT SPECIFIED,YEAR - JUN ACREAGE,99,,UNITED STATES,US,TOTAL,,US TOTAL,00000000,FIELD CROPS,00,ALL CLASSES,2018,,,,,,ALL UTILIZATION PRACTICES,ANNUAL,WHEAT,WHEAT - ACRES HARVESTED,2018-06-29 12:07:05.000
ALL PRODUCTION PRACTICES,00,CROPS,US TOTAL,ACRES,,NATIONAL,,"12,896,000",,,9000,AREA HARVESTED,SURVEY,,NOT SPECIFIED,YEAR,99,,UNITED STATES,US,TOTAL,,US TOTAL,00000000,FIELD CROPS,00,"SPRING, (EXCL DURUM)",2018,,,,,,ALL UTILIZATION PRACTICES,ANNUAL,WHEAT,"WHEAT, SPRING, (EXCL DURUM) - ACRES HARVESTED",2024-01-09 15:00:00.000
ALL PRODUCTION PRACTICES,00,CROPS,US TOTAL,ACRES,,NATIONAL,,"12,899,000",,,9000,AREA HARVESTED,SURVEY,,NOT SPECIFIED,YEAR - AUG FORECAST,99,,UNITED STATES,US,TOTAL,,US TOTAL,00000000,FIELD CROPS,00,"SPRING, (EXCL DURUM)",2018,,,,,,ALL UTILIZATION PRACTICES,ANNUAL,WHEAT,"WHEAT, SPRING, (EXCL DURUM) - ACRES HARVESTED",2018-08-10 12:01:40.000
ALL PRODUCTION PRACTICES,00,CROPS,US TOTAL,ACRES,,NATIONAL,,"12,899,000",,,9000,AREA HARVESTED,SURVEY,,NOT SPECIFIED,YEAR - JUL FORECAST,99,,UNITED STATES,US,TOTAL,,US TOTAL,00000000,FIELD CROPS,00,"SPRING, (EXCL DURUM)",2018,,,,,,ALL UTILIZATION PRACTICES,ANNUAL,WHEAT,"WHEAT, SPRING, (EXCL DURUM) - ACRES HARVESTED",2018-07-12 12:00:55.000
ALL PRODUCTION PRACTICES,00,CROPS,US TOTAL,ACRES,,NATIONAL,,"12,899,000",,,9000,AREA HARVESTED,SURVEY,,NOT SPECIFIED,YEAR - JUN ACREAGE,99,,UNITED STATES,US,TOTAL,,US TOTAL,00000000,FIELD CROPS,00,"SPRING, (EXCL DURUM)",2018,,,,,,ALL UTILIZATION PRACTICES,ANNUAL,WHEAT,"WHEAT, SPRING, (EXCL DURUM) - ACRES HARVESTED",2018-06-29 12:07:05.000
ALL PRODUCTION PRACTICES,00,CROPS,US TOTAL,ACRES,,NATIONAL,,"1,977,000",,,9000,AREA HARVESTED,SURVEY,,NOT SPECIFIED,YEAR,99,,UNITED STATES,US,TOTAL,,US TOTAL,00000000,FIELD CROPS,00,"SPRING, DURUM",2018,,,,,,ALL UTILIZATION PRACTICES,ANNUAL,WHEAT,"WHEAT, SPRING, DURUM - ACRES HARVESTED",2024-01-09 15:00:00.000
ALL PRODUCTION PRACTICES,00,CROPS,US TOTAL,ACRES,,NATIONAL,,"1,841,000",,,9000,AREA HARVESTED,SURVEY,,NOT SPECIFIED,YEAR - AUG FORECAST,99,,UNITED STATES,US,TOTAL,,US TOTAL,00000000,FIELD CROPS,00,"SPRING, DURUM",2018,,,,,,ALL UTILIZATION PRACTICES,ANNUAL,WHEAT,"WHEAT, SPRING, DURUM - ACRES HARVESTED",2018-08-10 12:01:40.000
ALL PRODUCTION PRACTICES,00,CROPS,US TOTAL,ACRES,,NATIONAL,,"1,841,000",,,9000,AREA HARVESTED,SURVEY,,NOT SPECIFIED,YEAR - JUL FORECAST,99,,UNITED STATES,US,TOTAL,,US TOTAL,00000000,FIELD CROPS,00,"SPRING, DURUM",2018,,,,,,ALL UTILIZATION PRACTICES,ANNUAL,WHEAT,"WHEAT, SPRING, DURUM - ACRES HARVESTED",2018-07-12 12:00:55.000
ALL PRODUCTION PRACTICES,00,CROPS,US TOTAL,ACRES,,NATIONAL,,"1,841,000",,,9000,AREA HARVESTED,SURVEY,,NOT SPECIFIED,YEAR - JUN ACREAGE,99,,UNITED STATES,US,TOTAL,,US TOTAL,00000000,FIELD CROPS,00,"SPRING, DURUM",2018,,,,,,ALL UTILIZATION PRACTICES,ANNUAL,WHEAT,"WHEAT, SPRING, DURUM - ACRES HARVESTED",2018-06-29 12:07:05.000
ALL PRODUCTION PRACTICES,00,CROPS,US TOTAL,ACRES,,NATIONAL,,"24,742,000",,,9000,AREA HARVESTED,SURVEY,,NOT SPECIFIED,YEAR,99,,UNITED STATES,US,TOTAL,,US TOTAL,00000000,FIELD CROPS,00,WINTER,2018,,,,,,ALL UTILIZATION PRACTICES,ANNUAL,WHEAT,"WHEAT, WINTER - ACRES HARVESTED",2024-01-09 15:00:00.000
ALL PRODUCTION PRACTICES,00,CROPS,US TOTAL,ACRES,,NATIONAL,,"24,816,000",,,9000,AREA HARVESTED,SURVEY,,NOT SPECIFIED,YEAR - AUG FORECAST,99,,UNITED STATES,US,TOTAL,,US TOTAL,00000000,FIELD CROPS,00,WINTER,2018,,,,,,ALL UTILIZATION PRACTICES,ANNUAL,WHEAT,"WHEAT, WINTER - ACRES HARVESTED",2018-08-10 12:01:40.000
ALL PRODUCTION PRACTICES,00,CROPS,US TOTAL,ACRES,,NATIONAL,,"24,831,000",,,9000,AREA HARVESTED,SURVEY,,NOT SPECIFIED,YEAR - JUL FORECAST,99,,UNITED STATES,US,TOTAL,,US TOTAL,00000000,FIELD CROPS,00,WINTER,2018,,,,,,ALL UTILIZATION PRACTICES,ANNUAL,WHEAT,"WHEAT, WINTER - ACRES HARVESTED",2018-07-12 12:00:55.000
ALL PRODUCTION PRACTICES,00,CROPS,US TOTAL,ACRES,,NATIONAL,,"24,831,000",,,9000,AREA HARVESTED,SURVEY,,NOT SPECIFIED,YEAR - JUN ACREAGE,99,,UNITED STATES,US,TOTAL,,US TOTAL,00000000,FIELD CROPS,00,WINTER,2018,,,,,,ALL UTILIZATION PRACTICES,ANNUAL,WHEAT,"WHEAT, WINTER - ACRES HARVESTED",2018-06-29 12:07:05.000
ALL PRODUCTION PRACTICES,00,CROPS,US TOTAL,ACRES,,NATIONAL,,"24,769,000",,,9000,AREA HARVESTED,SURVEY,,NOT SPECIFIED,YEAR - JUN FORECAST,99,,UNITED STATES,US,TOTAL,,US TOTAL,00000000,FIELD CROPS,00,WINTER,2018,,,,,,ALL UTILIZATION PRACTICES,ANNUAL,WHEAT,"WHEAT, WINTER - ACRES HARVESTED",2018-06-12 12:02:14.000
ALL PRODUCTION PRACTICES,00,CROPS,US TOTAL,ACRES,,NATIONAL,,"24,769,000",,,9000,AREA HARVESTED,SURVEY,,NOT SPECIFIED,YEAR - MAY FORECAST,99,,UNITED STATES,US,TOTAL,,US TOTAL,00000000,FIELD CROPS,00,WINTER,2018,,,,,,ALL UTILIZATION PRACTICES,ANNUAL,WHEAT,"WHEAT, WINTER - ACRES HARVESTED",2018-05-10 12:00:48.000
ALL PRODUCTION PRACTICES,00,CROPS,US TOTAL,ACRES,,NATIONAL,,"37,394,000",,,9000,AREA HARVESTED,SURVEY,,NOT SPECIFIED,YEAR,99,,UNITED STATES,US,TOTAL,,US TOTAL,00000000,FIELD CROPS,00,ALL CLASSES,2019,,,,,,ALL UTILIZATION PRACTICES,ANNUAL,WHEAT,WHEAT - ACRES HARVESTED,2024-01-09 15:00:00.000
ALL PRODUCTION PRACTICES,00,CROPS,US TOTAL,ACRES,,NATIONAL,,"38,405,000",,,9000,AREA HARVESTED,SURVEY,,NOT SPECIFIED,YEAR - AUG FORECAST,99,,UNITED STATES,US,TOTAL,,US TOTAL,00000000,FIELD CROPS,00,ALL CLASSES,2019,,,,,,ALL UTILIZATION PRACTICES,ANNUAL,WHEAT,WHEAT - ACRES HARVESTED,2019-08-12 12:01:08.000
ALL PRODUCTION PRACTICES,00,CROPS,US TOTAL,ACRES,,NATIONAL,,"38,405,000",,,9000,AREA HARVESTED,SURVEY,,NOT SPECIFIED,YEAR - JUL FORECAST,99,,UNITED STATES,US,TOTAL,,US TOTAL,00000000,FIELD CROPS,00,ALL CLASSES,2019,,,,,,ALL UTILIZATION PRACTICES,ANNUAL,WHEAT,WHEAT - ACRES HARVESTED,2019-07-11 12:01:03.000
ALL PRODUCTION PRACTICES,00,CROPS,US TOTAL,ACRES,,NATIONAL,,"38,405,000",,,9000,AREA HARVESTED,SURVEY,,NOT SPECIFIED,YEAR - JUN ACREAGE,99,,UNITED STATES,US,TOTAL,,US TOTAL,00000000,FIELD CROPS,00,ALL CLASSES,2019,,,,,,ALL UTILIZATION PRACTICES,ANNUAL,WHEAT,WHEAT - ACRES HARVESTED,2019-06-28 12:03:02.000
ALL PRODUCTION PRACTICES,00,CROPS,US TOTAL,ACRES,,NATIONAL,,"11,625,000",,,9000,AREA HARVESTED,SURVEY,,NOT SPECIFIED,YEAR,99,,UNITED STATES,US,TOTAL,,US TOTAL,00000000,FIELD CROPS,00,"SPRING, (EXCL DURUM)",2019,,,,,,ALL UTILIZATION PRACTICES,ANNUAL,WHEAT,"WHEAT, SPRING, (EXCL DURUM) - ACRES HARVESTED",2024-01-09 15:00:00.000
ALL PRODUCTION PRACTICES,00,CROPS,US TOTAL,ACRES,,NATIONAL,,"12,125,000",,,9000,AREA HARVESTED,SURVEY,,NOT SPECIFIED,YEAR - AUG FORECAST,99,,UNITED STATES,US,TOTAL,,US TOTAL,00000000,FIELD CROPS,00,"SPRING, (EXCL DURUM)",2019,,,,,,ALL UTILIZATION PRACTICES,ANNUAL,WHEAT,"WHEAT, SPRING, (EXCL DURUM) - ACRES HARVESTED",2019-08-12 12:01:08.000
ALL PRODUCTION PRACTICES,00,CROPS,US TOTAL,ACRES,,NATIONAL,,"12,125,000",,,9000,AREA HARVESTED,SURVEY,,NOT SPECIFIED,YEAR - JUL FORECAST,99,,UNITED STATES,US,TOTAL,,US TOTAL,00000000,FIELD CROPS,00,"SPRING, (EXCL DURUM)",2019,,,,,,ALL UTILIZATION PRACTICES,ANNUAL,WHEAT,"WHEAT, SPRING, (EXCL DURUM) - ACRES HARVESTED",2019-07-11 12:01:03.000
ALL PRODUCTION PRACTICES,00,CROPS,US TOTAL,ACRES,,NATIONAL,,"12,125,000",,,9000,AREA HARVESTED,SURVEY,,NOT SPECIFIED,YEAR - JUN ACREAGE,99,,UNITED STATES,US,TOTAL,,US TOTAL,00000000,FIELD CROPS,00,"SPRING, (EXCL DURUM)",2019,,,,,,ALL UTILIZATION PRACTICES,ANNUAL,WHEAT,"WHEAT, SPRING, (EXCL DURUM) - ACRES HARVESTED",2019-06-28 12:03:02.000
ALL PRODUCTION PRACTICES,00,CROPS,US TOTAL,ACRES,,NATIONAL,,"1,177,000",,,9000,AREA HARVESTED,SURVEY,,NOT SPECIFIED,YEAR,99,,UNITED STATES,US,TOTAL,,US TOTAL,00000000,FIELD CROPS,00,"SPRING, DURUM",2019,,,,,,ALL UTILIZATION PRACTICES,ANNUAL,WHEAT,"WHEAT, SPRING, DURUM - ACRES HARVESTED",2024-01-09 15:00:00.000
ALL PRODUCTION PRACTICES,00,CROPS,US TOTAL,ACRES,,NATIONAL,,"1,356,000",,,9000,AREA HARVESTED,SURVEY,,NOT SPECIFIED,YEAR - AUG FORECAST,99,,UNITED STATES,US,TOTAL,,US TOTAL,00000000,FIELD CROPS,00,"SPRING, DURUM",2019,,,,,,ALL UTILIZATION PRACTICES,ANNUAL,WHEAT,"WHEAT, SPRING, DURUM - ACRES HARVESTED",2019-08-12 12:01:08.000
ALL PRODUCTION PRACTICES,00,CROPS,US TOTAL,ACRES,,NATIONAL,,"1,356,000",,,9000,AREA HARVESTED,SURVEY,,NOT SPECIFIED,YEAR - JUL FORECAST,99,,UNITED STATES,US,TOTAL,,US TOTAL,00000000,FIELD CROPS,00,"SPRING, DURUM",2019,,,,,,ALL UTILIZATION PRACTICES,ANNUAL,WHEAT,"WHEAT, SPRING, DURUM - ACRES HARVESTED",2019-07-11 12:01:03.000
ALL PRODUCTION PRACTICES,00,CROPS,US TOTAL,ACRES,,NATIONAL,,"1,356,000",,,9000,AREA HARVESTED,SURVEY,,NOT SPECIFIED,YEAR - JUN ACREAGE,99,,UNITED STATES,US,TOTAL,,US TOTAL,00000000,FIELD CROPS,00,"SPRING, DURUM",2019,,,,,,ALL UTILIZATION PRACTICES,ANNUAL,WHEAT,"WHEAT, SPRING, DURUM - ACRES HARVESTED",2019-06-28 12:03:02.000
ALL PRODUCTION PRACTICES,00,CROPS,US TOTAL,ACRES,,NATIONAL,,"24,592,000",,,9000,AREA HARVESTED,SURVEY,,NOT SPECIFIED,YEAR,99,,UNITED STATES,US,TOTAL,,US TOTAL,00000000,FIELD CROPS,00,WINTER,2019,,,,,,ALL UTILIZATION PRACTICES,ANNUAL,WHEAT,"WHEAT, WINTER - ACRES HARVESTED",2024-01-09 15:00:00.000
ALL PRODUCTION PRACTICES,00,CROPS,US TOTAL,ACRES,,NATIONAL,,"24,924,000",,,9000,AREA HARVESTED,SURVEY,,NOT SPECIFIED,YEAR - AUG FORECAST,99,,UNITED STATES,US,TOTAL,,US TOTAL,00000000,FIELD CROPS,00,WINTER,2019,,,,,,ALL UTILIZATION PRACTICES,ANNUAL,WHEAT,"WHEAT, WINTER - ACRES HARVESTED",2019-08-12 12:01:08.000
ALL PRODUCTION PRACTICES,00,CROPS,US TOTAL,ACRES,,NATIONAL,,"24,924,000",,,9000,AREA HARVESTED,SURVEY,,NOT SPECIFIED,YEAR - JUL FORECAST,99,,UNITED STATES,US,TOTAL,,US TOTAL,00000000,FIELD CROPS,00,WINTER,2019,,,,,,ALL UTILIZATION PRACTICES,ANNUAL,WHEAT,"WHEAT, WINTER - ACRES HARVESTED",2019-07-11 12:01:03.000
ALL PRODUCTION PRACTICES,00,CROPS,US TOTAL,ACRES,,NATIONAL,,"24,924,000",,,9000,AREA HARVESTED,SURVEY,,NOT SPECIFIED,YEAR - JUN ACREAGE,99,,UNITED STATES,US,TOTAL,,US TOTAL,00000000,FIELD CROPS,00,WINTER,2019,,,,,,ALL UTILIZATION PRACTICES,ANNUAL,WHEAT,"WHEAT, WINTER - ACRES HARVESTED",2019-06-28 12:03:02.000
ALL PRODUCTION PRACTICES,00,CROPS,US TOTAL,ACRES,,NATIONAL,,"25,214,000",,,9000,AREA HARVESTED,SURVEY,,NOT SPECIFIED,YEAR - JUN FORECAST,99,,UNITED STATES,US,TOTAL,,US TOTAL,00000000,FIELD CROPS,00,WINTER,2019,,,,,,ALL UTILIZATION PRACTICES,ANNUAL,WHEAT,"WHEAT, WINTER - ACRES HARVESTED",2019-06-11 12:01:17.000
ALL PRODUCTION PRACTICES,00,CROPS,US TOTAL,ACRES,,NATIONAL,,"25,214,000",,,9000,AREA HARVESTED,SURVEY,,NOT SPECIFIED,YEAR - MAY FORECAST,99,,UNITED STATES,US,TOTAL,,US TOTAL,00000000,FIELD CROPS,00,WINTER,2019,,,,,,ALL UTILIZATION PRACTICES,ANNUAL,WHEAT,"WHEAT, WINTER - ACRES HARVESTED",2019-05-10 12:01:35.000
ALL PRODUCTION PRACTICES,00,CROPS,US TOTAL,ACRES,,NATIONAL,,"36,609,000",,,9000,AREA HARVESTED,SURVEY,,NOT SPECIFIED,YEAR,99,,UNITED STATES,US,TOTAL,,US TOTAL,00000000,FIELD CROPS,00,ALL CLASSES,2020,,,,,,ALL UTILIZATION PRACTICES,ANNUAL,WHEAT,WHEAT - ACRES HARVESTED,2024-01-09 15:00:00.000
ALL PRODUCTION PRACTICES,00,CROPS,US TOTAL,ACRES,,NATIONAL,,"36,678,000",,,9000,AREA HARVESTED,SURVEY,,NOT SPECIFIED,YEAR - AUG FORECAST,99,,UNITED STATES,US,TOTAL,,US TOTAL,00000000,FIELD CROPS,00,ALL CLASSES,2020,,,,,,ALL UTILIZATION PRACTICES,ANNUAL,WHEAT,WHEAT - ACRES HARVESTED,2020-08-12 12:04:12.000
ALL PRODUCTION PRACTICES,00,CROPS,US TOTAL,ACRES,,NATIONAL,,"36,678,000",,,9000,AREA HARVESTED,SURVEY,,NOT SPECIFIED,YEAR - JUL FORECAST,99,,UNITED STATES,US,TOTAL,,US TOTAL,00000000,FIELD CROPS,00,ALL CLASSES,2020,,,,,,ALL UTILIZATION PRACTICES,ANNUAL,WHEAT,WHEAT - ACRES HARVESTED,2020-07-10 12:03:03.000
ALL PRODUCTION PRACTICES,00,CROPS,US TOTAL,ACRES,,NATIONAL,,"36,678,000",,,9000,AREA HARVESTED,SURVEY,,NOT SPECIFIED,YEAR - JUN ACREAGE,99,,UNITED STATES,US,TOTAL,,US TOTAL,00000000,FIELD CROPS,00,ALL CLASSES,2020,,,,,,ALL UTILIZATION PRACTICES,ANNUAL,WHEAT,WHEAT - ACRES HARVESTED,2020-06-30 12:02:25.000
ALL PRODUCTION PRACTICES,00,CROPS,US TOTAL,ACRES,,NATIONAL,,"12,095,000",,,9000,AREA HARVESTED,SURVEY,,NOT SPECIFIED,YEAR,99,,UNITED STATES,US,TOTAL,,US TOTAL,00000000,FIELD CROPS,00,"SPRING, (EXCL DURUM)",2020,,,,,,ALL UTILIZATION PRACTICES,ANNUAL,WHEAT,"WHEAT, SPRING, (EXCL DURUM) - ACRES HARVESTED",2024-01-09 15:00:00.000
ALL PRODUCTION PRACTICES,00,CROPS,US TOTAL,ACRES,,NATIONAL,,"11,795,000",,,9000,AREA HARVESTED,SURVEY,,NOT SPECIFIED,YEAR - AUG FORECAST,99,,UNITED STATES,US,TOTAL,,US TOTAL,00000000,FIELD CROPS,00,"SPRING, (EXCL DURUM)",2020,,,,,,ALL UTILIZATION PRACTICES,ANNUAL,WHEAT,"WHEAT, SPRING, (EXCL DURUM) - ACRES HARVESTED",2020-08-12 12:04:12.000
ALL PRODUCTION PRACTICES,00,CROPS,US TOTAL,ACRES,,NATIONAL,,"11,795,000",,,9000,AREA HARVESTED,SURVEY,,NOT SPECIFIED,YEAR - JUL FORECAST,99,,UNITED STATES,US,TOTAL,,US TOTAL,00000000,FIELD CROPS,00,"SPRING, (EXCL DURUM)",2020,,,,,,ALL UTILIZATION PRACTICES,ANNUAL,WHEAT,"WHEAT, SPRING, (EXCL DURUM) - ACRES HARVESTED",2020-07-10 12:03:03.000
ALL PRODUCTION PRACTICES,00,CROPS,US TOTAL,ACRES,,NATIONAL,,"11,795,000",,,9000,AREA HARVESTED,SURVEY,,NOT SPECIFIED,YEAR - JUN ACREAGE,99,,UNITED STATES,US,TOTAL,,US TOTAL,00000000,FIELD CROPS,00,"SPRING, (EXCL DURUM)",2020,,,,,,ALL UTILIZATION PRACTICES,ANNUAL,WHEAT,"WHEAT, SPRING, (EXCL DURUM) - ACRES HARVESTED",2020-06-30 12:02:25.000
ALL PRODUCTION PRACTICES,00,CROPS,US TOTAL,ACRES,,NATIONAL,,"1,665,000",,,9000,AREA HARVESTED,SURVEY,,NOT SPECIFIED,YEAR,99,,UNITED STATES,US,TOTAL,,US TOTAL,00000000,FIELD CROPS,00,"SPRING, DURUM",2020,,,,,,ALL UTILIZATION PRACTICES,ANNUAL,WHEAT,"WHEAT, SPRING, DURUM - ACRES HARVESTED",2024-01-09 15:00:00.000
ALL PRODUCTION PRACTICES,00,CROPS,US TOTAL,ACRES,,NATIONAL,,"1,444,000",,,9000,AREA HARVESTED,SURVEY,,NOT SPECIFIED,YEAR - AUG FORECAST,99,,UNITED STATES,US,TOTAL,,US TOTAL,00000000,FIELD CROPS,00,"SPRING, DURUM",2020,,,,,,ALL UTILIZATION PRACTICES,ANNUAL,WHEAT,"WHEAT, SPRING, DURUM - ACRES HARVESTED",2020-08-12 12:04:12.000
ALL PRODUCTION PRACTICES,00,CROPS,US TOTAL,ACRES,,NATIONAL,,"1,444,000",,,9000,AREA HARVESTED,SURVEY,,NOT SPECIFIED,YEAR - JUL FORECAST,99,,UNITED STATES,US,TOTAL,,US TOTAL,00000000,FIELD CROPS,00,"SPRING, DURUM",2020,,,,,,ALL UTILIZATION PRACTICES,ANNUAL,WHEAT,"WHEAT, SPRING, DURUM - ACRES HARVESTED",2020-07-10 12:03:03.000
ALL PRODUCTION PRACTICES,00,CROPS,US TOTAL,ACRES,,NATIONAL,,"1,444,000",,,9000,AREA HARVESTED,SURVEY,,NOT SPECIFIED,YEAR - JUN ACREAGE,99,,UNITED STATES,US,TOTAL,,US TOTAL,00000000,FIELD CROPS,00,"SPRING, DURUM",2020,,,,,,ALL UTILIZATION PRACTICES,ANNUAL,WHEAT,"WHEAT, SPRING, DURUM - ACRES HARVESTED",2020-06-30 12:02:25.000
ALL PRODUCTION PRACTICES,00,CROPS,US TOTAL,ACRES,,NATIONAL,,"22,849,000",,,9000,AREA HARVESTED,SURVEY,,NOT SPECIFIED,YEAR,99,,UNITED STATES,US,TOTAL,,US TOTAL,00000000,FIELD CROPS,00,WINTER,2020,,,,,,ALL UTILIZATION PRACTICES,ANNUAL,WHEAT,"WHEAT, WINTER - ACRES HARVESTED",2024-01-09 15:00:00.000
ALL PRODUCTION PRACTICES,00,CROPS,US TOTAL,ACRES,,NATIONAL,,"23,439,000",,,9000,AREA HARVESTED,SURVEY,,NOT SPECIFIED,YEAR - AUG FORECAST,99,,UNITED STATES,US,TOTAL,,US TOTAL,00000000,FIELD CROPS,00,WINTER,2020,,,,,,ALL UTILIZATION PRACTICES,ANNUAL,WHEAT,"WHEAT, WINTER - ACRES HARVESTED",2020-08-12 12:04:12.000
ALL PRODUCTION PRACTICES,00,CROPS,US TOTAL,ACRES,,NATIONAL,,"23,439,000",,,9000,AREA HARVESTED,SURVEY,,NOT SPECIFIED,YEAR - JUL FORECAST,99,,UNITED STATES,US,TOTAL,,US TOTAL,00000000,FIELD CROPS,00,WINTER,2020,,,,,,ALL UTILIZATION PRACTICES,ANNUAL,WHEAT,"WHEAT, WINTER - ACRES HARVESTED",2020-07-10 12:03:03.000
ALL PRODUCTION PRACTICES,00,CROPS,US TOTAL,ACRES,,NATIONAL,,"23,439,000",,,9000,AREA HARVESTED,SURVEY,,NOT SPECIFIED,YEAR - JUN ACREAGE,99,,UNITED STATES,US,TOTAL,,US TOTAL,00000000,FIELD CROPS,00,WINTER,2020,,,,,,ALL UTILIZATION PRACTICES,ANNUAL,WHEAT,"WHEAT, WINTER - ACRES HARVESTED",2020-06-30 12:02:25.000
ALL PRODUCTION PRACTICES,00,CROPS,US TOTAL,ACRES,,NATIONAL,,"24,275,000",,,9000,AREA HARVESTED,SURVEY,,NOT SPECIFIED,YEAR - JUN FORECAST,99,,UNITED STATES,US,TOTAL,,US TOTAL,00000000,FIELD CROPS,00,WINTER,2020,,,,,,ALL UTILIZATION PRACTICES,ANNUAL,WHEAT,"WHEAT, WINTER - ACRES HARVESTED",2020-06-11 12:05:04.000
ALL PRODUCTION PRACTICES,00,CROPS,US TOTAL,ACRES,,NATIONAL,,"24,275,000",,,9000,AREA HARVESTED,SURVEY,,NOT SPECIFIED,YEAR - MAY FORECAST,99,,UNITED STATES,US,TOTAL,,US TOTAL,00000000,FIELD CROPS,00,WINTER,2020,,,,,,ALL UTILIZATION PRACTICES,ANNUAL,WHEAT,"WHEAT, WINTER - ACRES HARVESTED",2020-05-12 12:02:00.000
ALL PRODUCTION PRACTICES,00,CROPS,US TOTAL,ACRES,,NATIONAL,,"37,145,000",,,9000,AREA HARVESTED,SURVEY,,NOT SPECIFIED,YEAR,99,,UNITED STATES,US,TOTAL,,US TOTAL,00000000,FIELD CROPS,00,ALL CLASSES,2021,,,,,,ALL UTILIZATION PRACTICES,ANNUAL,WHEAT,WHEAT - ACRES HARVESTED,2024-01-09 15:00:00.000
ALL PRODUCTION PRACTICES,00,CROPS,US TOTAL,ACRES,,NATIONAL,,"38,102,000",,,9000,AREA HARVESTED,SURVEY,,NOT SPECIFIED,YEAR - AUG FORECAST,99,,UNITED STATES,US,TOTAL,,US TOTAL,00000000,FIELD CROPS,00,ALL CLASSES,2021,,,,,,ALL UTILIZATION PRACTICES,ANNUAL,WHEAT,WHEAT - ACRES HARVESTED,2021-08-12 12:01:34.000
ALL PRODUCTION PRACTICES,00,CROPS,US TOTAL,ACRES,,NATIONAL,,"38,102,000",,,9000,AREA HARVESTED,SURVEY,,NOT SPECIFIED,YEAR - JUL FORECAST,99,,UNITED STATES,US,TOTAL,,US TOTAL,00000000,FIELD CROPS,00,ALL CLASSES,2021,,,,,,ALL UTILIZATION PRACTICES,ANNUAL,WHEAT,WHEAT - ACRES HARVESTED,2021-07-12 12:00:27.000
ALL PRODUCTION PRACTICES,00,CROPS,US TOTAL,ACRES,,NATIONAL,,"38,102,000",,,9000,AREA HARVESTED,SURVEY,,NOT SPECIFIED,YEAR - JUN ACREAGE,99,,UNITED STATES,US,TOTAL,,US TOTAL,00000000,FIELD CROPS,00,ALL CLASSES,2021,,,,,,ALL UTILIZATION PRACTICES,ANNUAL,WHEAT,WHEAT - ACRES HARVESTED,2021-06-30 12:01:34.000
ALL PRODUCTION PRACTICES,00,CROPS,US TOTAL,ACRES,,NATIONAL,,"10,155,000",,,9000,AREA HARVESTED,SURVEY,,NOT SPECIFIED,YEAR,99,,UNITED STATES,US,TOTAL,,US TOTAL,00000000,FIELD CROPS,00,"SPRING, (EXCL DURUM)",2021,,,,,,ALL UTILIZATION PRACTICES,ANNUAL,WHEAT,"WHEAT, SPRING, (EXCL DURUM) - ACRES HARVESTED",2024-01-09 15:00:00.000
ALL PRODUCTION PRACTICES,00,CROPS,US TOTAL,ACRES,,NATIONAL,,"11,215,000",,,9000,AREA HARVESTED,SURVEY,,NOT SPECIFIED,YEAR - AUG FORECAST,99,,UNITED STATES,US,TOTAL,,US TOTAL,00000000,FIELD CROPS,00,"SPRING, (EXCL DURUM)",2021,,,,,,ALL UTILIZATION PRACTICES,ANNUAL,WHEAT,"WHEAT, SPRING, (EXCL DURUM) - ACRES HARVESTED",2021-08-12 12:01:34.000
ALL PRODUCTION PRACTICES,00,CROPS,US TOTAL,ACRES,,NATIONAL,,"11,215,000",,,9000,AREA HARVESTED,SURVEY,,NOT SPECIFIED,YEAR - JUL FORECAST,99,,UNITED STATES,US,TOTAL,,US TOTAL,00000000,FIELD CROPS,00,"SPRING, (EXCL DURUM)",2021,,,,,,ALL UTILIZATION PRACTICES,ANNUAL,WHEAT,"WHEAT, SPRING, (EXCL DURUM) - ACRES HARVESTED",2021-07-12 12:00:27.000
ALL PRODUCTION PRACTICES,00,CROPS,US TOTAL,ACRES,,NATIONAL,,"11,215,000",,,9000,AREA HARVESTED,SURVEY,,NOT SPECIFIED,YEAR - JUN ACREAGE,99,,UNITED STATES,US,TOTAL,,US TOTAL,00000000,FIELD CROPS,00,"SPRING, (EXCL DURUM)",2021,,,,,,ALL UTILIZATION PRACTICES,ANNUAL,WHEAT,"WHEAT, SPRING, (EXCL DURUM) - ACRES HARVESTED",2021-06-30 12:01:34.000
ALL PRODUCTION PRACTICES,00,CROPS,US TOTAL,ACRES,,NATIONAL,,"1,526,000",,,9000,AREA HARVESTED,SURVEY,,NOT SPECIFIED,YEAR,99,,UNITED STATES,US,TOTAL,,US TOTAL,00000000,FIELD CROPS,00,"SPRING, DURUM",2021,,,,,,ALL UTILIZATION PRACTICES,ANNUAL,WHEAT,"WHEAT, SPRING, DURUM - ACRES HARVESTED",2024-01-09 15:00:00.000
ALL PRODUCTION PRACTICES,00,CROPS,US TOTAL,ACRES,,NATIONAL,,"1,444,000",,,9000,AREA HARVESTED,SURVEY,,NOT SPECIFIED,YEAR - AUG FORECAST,99,,UNITED STATES,US,TOTAL,,US TOTAL,00000000,FIELD CROPS,00,"SPRING, DURUM",2021,,,,,,ALL UTILIZATION PRACTICES,ANNUAL,WHEAT,"WHEAT, SPRING, DURUM - ACRES HARVESTED",2021-08-12 12:01:34.000
ALL PRODUCTION PRACTICES,00,CROPS,US TOTAL,ACRES,,NATIONAL,,"1,444,000",,,9000,AREA HARVESTED,SURVEY,,NOT SPECIFIED,YEAR - JUL FORECAST,99,,UNITED STATES,US,TOTAL,,US TOTAL,00000000,FIELD CROPS,00,"SPRING, DURUM",2021,,,,,,ALL UTILIZATION PRACTICES,ANNUAL,WHEAT,"WHEAT, SPRING, DURUM - ACRES HARVESTED",2021-07-12 12:00:27.000
ALL PRODUCTION PRACTICES,00,CROPS,US TOTAL,ACRES,,NATIONAL,,"1,444,000",,,9000,AREA HARVESTED,SURVEY,,NOT SPECIFIED,YEAR - JUN ACREAGE,99,,UNITED STATES,US,TOTAL,,US TOTAL,00000000,FIELD CROPS,00,"SPRING, DURUM",2021,,,,,,ALL UTILIZATION PRACTICES,ANNUAL,WHEAT,"WHEAT, SPRING, DURUM - ACRES HARVESTED",2021-06-30 12:01:34.000
ALL PRODUCTION PRACTICES,00,CROPS,US TOTAL,ACRES,,NATIONAL,,"25,464,000",,,9000,AREA HARVESTED,SURVEY,,NOT SPECIFIED,YEAR,99,,UNITED STATES,US,TOTAL,,US TOTAL,00000000,FIELD CROPS,00,WINTER,2021,,,,,,ALL UTILIZATION PRACTICES,ANNUAL,WHEAT,"WHEAT, WINTER - ACRES HARVESTED",2024-01-09 15:00:00.000
ALL PRODUCTION PRACTICES,00,CROPS,US TOTAL,ACRES,,NATIONAL,,"25,443,000",,,9000,AREA HARVESTED,SURVEY,,NOT SPECIFIED,YEAR - AUG FORECAST,99,,UNITED STATES,US,TOTAL,,US TOTAL,00000000,FIELD CROPS,00,WINTER,2021,,,,,,ALL UTILIZATION PRACTICES,ANNUAL,WHEAT,"WHEAT, WINTER - ACRES HARVESTED",2021-08-12 12:01:34.000
ALL PRODUCTION PRACTICES,00,CROPS,US TOTAL,ACRES,,NATIONAL,,"25,443,000",,,9000,AREA HARVESTED,SURVEY,,NOT SPECIFIED,YEAR - JUL FORECAST,99,,UNITED STATES,US,TOTAL,,US TOTAL,00000000,FIELD CROPS,00,WINTER,2021,,,,,,ALL UTILIZATION PRACTICES,ANNUAL,WHEAT,"WHEAT, WINTER - ACRES HARVESTED",2021-07-12 12:00:27.000
ALL PRODUCTION PRACTICES,00,CROPS,US TOTAL,ACRES,,NATIONAL,,"25,443,000",,,9000,AREA HARVESTED,SURVEY,,NOT SPECIFIED,YEAR - JUN ACREAGE,99,,UNITED STATES,US,TOTAL,,US TOTAL,00000000,FIELD CROPS,00,WINTER,2021,,,,,,ALL UTILIZATION PRACTICES,ANNUAL,WHEAT,"WHEAT, WINTER - ACRES HARVESTED",2021-06-30 12:01:34.000
ALL PRODUCTION PRACTICES,00,CROPS,US TOTAL,ACRES,,NATIONAL,,"24,612,000",,,9000,AREA HARVESTED,SURVEY,,NOT SPECIFIED,YEAR - JUN FORECAST,99,,UNITED STATES,US,TOTAL,,US TOTAL,00000000,FIELD CROPS,00,WINTER,2021,,,,,,ALL UTILIZATION PRACTICES,ANNUAL,WHEAT,"WHEAT, WINTER - ACRES HARVESTED",2021-06-10 12:01:10.000
ALL PRODUCTION PRACTICES,00,CROPS,US TOTAL,ACRES,,NATIONAL,,"24,612,000",,,9000,AREA HARVESTED,SURVEY,,NOT SPECIFIED,YEAR - MAY FORECAST,99,,UNITED STATES,US,TOTAL,,US TOTAL,00000000,FIELD CROPS,00,WINTER,2021,,,,,,ALL UTILIZATION PRACTICES,ANNUAL,WHEAT,"WHEAT, WINTER - ACRES HARVESTED",2021-05-12 12:01:31.000
ALL PRODUCTION PRACTICES,00,CROPS,US TOTAL,ACRES,,NATIONAL,,"35,485,000",,,9000,AREA HARVESTED,SURVEY,,NOT SPECIFIED,YEAR,99,,UNITED STATES,US,TOTAL,,US TOTAL,00000000,FIELD CROPS,00,ALL CLASSES,2022,,,,,,ALL UTILIZATION PRACTICES,ANNUAL,WHEAT,WHEAT - ACRES HARVESTED,2024-01-09 15:00:00.000
ALL PRODUCTION PRACTICES,00,CROPS,US TOTAL,ACRES,,NATIONAL,,"37,527,000",,,9000,AREA HARVESTED,SURVEY,,NOT SPECIFIED,YEAR - AUG FORECAST,99,,UNITED STATES,US,TOTAL,,US TOTAL,00000000,FIELD CROPS,00,ALL CLASSES,2022,,,,,,ALL UTILIZATION PRACTICES,ANNUAL,WHEAT,WHEAT - ACRES HARVESTED,2022-08-12 12:00:52.000
ALL PRODUCTION PRACTICES,00,CROPS,US TOTAL,ACRES,,NATIONAL,,"37,622,000",,,9000,AREA HARVESTED,SURVEY,,NOT SPECIFIED,YEAR - JUL FORECAST,99,,UNITED STATES,US,TOTAL,,US TOTAL,00000000,FIELD CROPS,00,ALL CLASSES,2022,,,,,,ALL UTILIZATION PRACTICES,ANNUAL,WHEAT,WHEAT - ACRES HARVESTED,2022-07-12 12:00:38.000
ALL PRODUCTION PRACTICES,00,CROPS,US TOTAL,ACRES,,NATIONAL,,"37,622,000",,,9000,AREA HARVESTED,SURVEY,,NOT SPECIFIED,YEAR - JUN ACREAGE,99,,UNITED STATES,US,TOTAL,,US TOTAL,00000000,FIELD CROPS,00,ALL CLASSES,2022,,,,,,ALL UTILIZATION PRACTICES,ANNUAL,WHEAT,WHEAT - ACRES HARVESTED,2022-06-30 12:00:49.000
ALL PRODUCTION PRACTICES,00,CROPS,US TOTAL,ACRES,,NATIONAL,,"10,450,000",,,9000,AREA HARVESTED,SURVEY,,NOT SPECIFIED,YEAR,99,,UNITED STATES,US,TOTAL,,US TOTAL,00000000,FIELD CROPS,00,"SPRING, (EXCL DURUM)",2022,,,,,,ALL UTILIZATION PRACTICES,ANNUAL,WHEAT,"WHEAT, SPRING, (EXCL DURUM) - ACRES HARVESTED",2024-01-09 15:00:00.000
ALL PRODUCTION PRACTICES,00,CROPS,US TOTAL,ACRES,,NATIONAL,,"10,705,000",,,9000,AREA HARVESTED,SURVEY,,NOT SPECIFIED,YEAR - AUG FORECAST,99,,UNITED STATES,US,TOTAL,,US TOTAL,00000000,FIELD CROPS,00,"SPRING, (EXCL DURUM)",2022,,,,,,ALL UTILIZATION PRACTICES,ANNUAL,WHEAT,"WHEAT, SPRING, (EXCL DURUM) - ACRES HARVESTED",2022-08-12 12:00:52.000
ALL PRODUCTION PRACTICES,00,CROPS,US TOTAL,ACRES,,NATIONAL,,"10,705,000",,,9000,AREA HARVESTED,SURVEY,,NOT SPECIFIED,YEAR - JUL FORECAST,99,,UNITED STATES,US,TOTAL,,US TOTAL,00000000,FIELD CROPS,00,"SPRING, (EXCL DURUM)",2022,,,,,,ALL UTILIZATION PRACTICES,ANNUAL,WHEAT,"WHEAT, SPRING, (EXCL DURUM) - ACRES HARVESTED",2022-07-12 12:00:38.000
ALL PRODUCTION PRACTICES,00,CROPS,US TOTAL,ACRES,,NATIONAL,,"10,705,000",,,9000,AREA HARVESTED,SURVEY,,NOT SPECIFIED,YEAR - JUN ACREAGE,99,,UNITED STATES,US,TOTAL,,US TOTAL,00000000,FIELD CROPS,00,"SPRING, (EXCL DURUM)",2022,,,,,,ALL UTILIZATION PRACTICES,ANNUAL,WHEAT,"WHEAT, SPRING, (EXCL DURUM) - ACRES HARVESTED",2022-06-30 12:00:49.000
ALL PRODUCTION PRACTICES,00,CROPS,US TOTAL,ACRES,,NATIONAL,,"1,581,000",,,9000,AREA HARVESTED,SURVEY,,NOT SPECIFIED,YEAR,99,,UNITED STATES,US,TOTAL,,US TOTAL,00000000,FIELD CROPS,00,"SPRING, DURUM",2022,,,,,,ALL UTILIZATION PRACTICES,ANNUAL,WHEAT,"WHEAT, SPRING, DURUM - ACRES HARVESTED",2024-01-09 15:00:00.000
ALL PRODUCTION PRACTICES,00,CROPS,US TOTAL,ACRES,,NATIONAL,,"1,820,000",,,9000,AREA HARVESTED,SURVEY,,NOT SPECIFIED,YEAR - AUG FORECAST,99,,UNITED STATES,US,TOTAL,,US TOTAL,00000000,FIELD CROPS,00,"SPRING, DURUM",2022,,,,,,ALL UTILIZATION PRACTICES,ANNUAL,WHEAT,"WHEAT, SPRING, DURUM - ACRES HARVESTED",2022-08-12 12:00:52.000
ALL PRODUCTION PRACTICES,00,CROPS,US TOTAL,ACRES,,NATIONAL,,"1,915,000",,,9000,AREA HARVESTED,SURVEY,,NOT SPECIFIED,YEAR - JUL FORECAST,99,,UNITED STATES,US,TOTAL,,US TOTAL,00000000,FIELD CROPS,00,"SPRING, DURUM",2022,,,,,,ALL UTILIZATION PRACTICES,ANNUAL,WHEAT,"WHEAT, SPRING, DURUM - ACRES HARVESTED",2022-07-12 12:00:38.000
ALL PRODUCTION PRACTICES,00,CROPS,US TOTAL,ACRES,,NATIONAL,,"1,915,000",,,9000,AREA HARVESTED,SURVEY,,NOT SPECIFIED,YEAR - JUN ACREAGE,99,,UNITED STATES,US,TOTAL,,US TOTAL,00000000,FIELD CROPS,00,"SPRING, DURUM",2022,,,,,,ALL UTILIZATION PRACTICES,ANNUAL,WHEAT,"WHEAT, SPRING, DURUM - ACRES HARVESTED",2022-06-30 12:00:49.000
ALL PRODUCTION PRACTICES,00,CROPS,US TOTAL,ACRES,,NATIONAL,,"23,454,000",,,9000,AREA HARVESTED,SURVEY,,NOT SPECIFIED,YEAR,99,,UNITED STATES,US,TOTAL,,US TOTAL,00000000,FIELD CROPS,00,WINTER,2022,,,,,,ALL UTILIZATION PRACTICES,ANNUAL,WHEAT,"WHEAT, WINTER - ACRES HARVESTED",2024-01-09 15:00:00.000
ALL PRODUCTION PRACTICES,00,CROPS,US TOTAL,ACRES,,NATIONAL,,"25,002,000",,,9000,AREA HARVESTED,SURVEY,,NOT SPECIFIED,YEAR - AUG FORECAST,99,,UNITED STATES,US,TOTAL,,US TOTAL,00000000,FIELD CROPS,00,WINTER,2022,,,,,,ALL UTILIZATION PRACTICES,ANNUAL,WHEAT,"WHEAT, WINTER - ACRES HARVESTED",2022-08-12 12:00:52.000
ALL PRODUCTION PRACTICES,00,CROPS,US TOTAL,ACRES,,NATIONAL,,"25,002,000",,,9000,AREA HARVESTED,SURVEY,,NOT SPECIFIED,YEAR - JUL FORECAST,99,,UNITED STATES,US,TOTAL,,US TOTAL,00000000,FIELD CROPS,00,WINTER,2022,,,,,,ALL UTILIZATION PRACTICES,ANNUAL,WHEAT,"WHEAT, WINTER - ACRES HARVESTED",2022-07-12 12:00:38.000
ALL PRODUCTION PRACTICES,00,CROPS,US TOTAL,ACRES,,NATIONAL,,"25,002,000",,,9000,AREA HARVESTED,SURVEY,,NOT SPECIFIED,YEAR - JUN ACREAGE,99,,UNITED STATES,US,TOTAL,,US TOTAL,00000000,FIELD CROPS,00,WINTER,2022,,,,,,ALL UTILIZATION PRACTICES,ANNUAL,WHEAT,"WHEAT, WINTER - ACRES HARVESTED",2022-06-30 12:00:49.000
ALL PRODUCTION PRACTICES,00,CROPS,US TOTAL,ACRES,,NATIONAL,,"24,499,000",,,9000,AREA HARVESTED,SURVEY,,NOT SPECIFIED,YEAR - JUN FORECAST,99,,UNITED STATES,US,TOTAL,,US TOTAL,00000000,FIELD CROPS,00,WINTER,2022,,,,,,ALL UTILIZATION PRACTICES,ANNUAL,WHEAT,"WHEAT, WINTER - ACRES HARVESTED",2022-06-10 12:01:13.000
ALL PRODUCTION PRACTICES,00,CROPS,US TOTAL,ACRES,,NATIONAL,,"24,499,000",,,9000,AREA HARVESTED,SURVEY,,NOT SPECIFIED,YEAR - MAY FORECAST,99,,UNITED STATES,US,TOTAL,,US TOTAL,00000000,FIELD CROPS,00,WINTER,2022,,,,,,ALL UTILIZATION PRACTICES,ANNUAL,WHEAT,"WHEAT, WINTER - ACRES HARVESTED",2022-05-12 12:00:26.000
ALL PRODUCTION PRACTICES,00,CROPS,US TOTAL,ACRES,,NATIONAL,,"37,077,000",,,9000,AREA HARVESTED,SURVEY,,NOT SPECIFIED,YEAR,99,,UNITED STATES,US,TOTAL,,US TOTAL,00000000,FIELD CROPS,00,ALL CLASSES,2023,,,,,,ALL UTILIZATION PRACTICES,ANNUAL,WHEAT,WHEAT - ACRES HARVESTED,2024-09-30 12:00:00.000
ALL PRODUCTION PRACTICES,00,CROPS,US TOTAL,ACRES,,NATIONAL,,"37,872,000",,,9000,AREA HARVESTED,SURVEY,,NOT SPECIFIED,YEAR - AUG FORECAST,99,,UNITED STATES,US,TOTAL,,US TOTAL,00000000,FIELD CROPS,00,ALL CLASSES,2023,,,,,,ALL UTILIZATION PRACTICES,ANNUAL,WHEAT,WHEAT - ACRES HARVESTED,2023-08-11 12:00:00.000
ALL PRODUCTION PRACTICES,00,CROPS,US TOTAL,ACRES,,NATIONAL,,"37,722,000",,,9000,AREA HARVESTED,SURVEY,,NOT SPECIFIED,YEAR - JUL FORECAST,99,,UNITED STATES,US,TOTAL,,US TOTAL,00000000,FIELD CROPS,00,ALL CLASSES,2023,,,,,,ALL UTILIZATION PRACTICES,ANNUAL,WHEAT,WHEAT - ACRES HARVESTED,2023-07-12 12:00:00.000
ALL PRODUCTION PRACTICES,00,CROPS,US TOTAL,ACRES,,NATIONAL,,"37,722,000",,,9000,AREA HARVESTED,SURVEY,,NOT SPECIFIED,YEAR - JUN ACREAGE,99,,UNITED STATES,US,TOTAL,,US TOTAL,00000000,FIELD CROPS,00,ALL CLASSES,2023,,,,,,ALL UTILIZATION PRACTICES,ANNUAL,WHEAT,WHEAT - ACRES HARVESTED,2023-06-30 12:00:00.000
ALL PRODUCTION PRACTICES,00,CROPS,US TOTAL,ACRES,,NATIONAL,,"10,915,000",,,9000,AREA HARVESTED,SURVEY,,NOT SPECIFIED,YEAR,99,,UNITED STATES,US,TOTAL,,US TOTAL,00000000,FIELD CROPS,00,"SPRING, (EXCL DURUM)",2023,,,,,,ALL UTILIZATION PRACTICES,ANNUAL,WHEAT,"WHEAT, SPRING, (EXCL DURUM) - ACRES HARVESTED",2024-09-30 12:00:00.000
ALL PRODUCTION PRACTICES,00,CROPS,US TOTAL,ACRES,,NATIONAL,,"10,760,000",,,9000,AREA HARVESTED,SURVEY,,NOT SPECIFIED,YEAR - AUG FORECAST,99,,UNITED STATES,US,TOTAL,,US TOTAL,00000000,FIELD CROPS,00,"SPRING, (EXCL DURUM)",2023,,,,,,ALL UTILIZATION PRACTICES,ANNUAL,WHEAT,"WHEAT, SPRING, (EXCL DURUM) - ACRES HARVESTED",2023-08-11 12:00:00.000
ALL PRODUCTION PRACTICES,00,CROPS,US TOTAL,ACRES,,NATIONAL,,"10,595,000",,,9000,AREA HARVESTED,SURVEY,,NOT SPECIFIED,YEAR - JUL FORECAST,99,,UNITED STATES,US,TOTAL,,US TOTAL,00000000,FIELD CROPS,00,"SPRING, (EXCL DURUM)",2023,,,,,,ALL UTILIZATION PRACTICES,ANNUAL,WHEAT,"WHEAT, SPRING, (EXCL DURUM) - ACRES HARVESTED",2023-07-12 12:00:00.000
ALL PRODUCTION PRACTICES,00,CROPS,US TOTAL,ACRES,,NATIONAL,,"10,595,000",,,9000,AREA HARVESTED,SURVEY,,NOT SPECIFIED,YEAR - JUN ACREAGE,99,,UNITED STATES,US,TOTAL,,US TOTAL,00000000,FIELD CROPS,00,"SPRING, (EXCL DURUM)",2023,,,,,,ALL UTILIZATION PRACTICES,ANNUAL,WHEAT,"WHEAT, SPRING, (EXCL DURUM) - ACRES HARVESTED",2023-06-30 12:00:00.000
ALL PRODUCTION PRACTICES,00,CROPS,US TOTAL,ACRES,,NATIONAL,,"1,604,000",,,9000,AREA HARVESTED,SURVEY,,NOT SPECIFIED,YEAR,99,,UNITED STATES,US,TOTAL,,US TOTAL,00000000,FIELD CROPS,00,"SPRING, DURUM",2023,,,,,,ALL UTILIZATION PRACTICES,ANNUAL,WHEAT,"WHEAT, SPRING, DURUM - ACRES HARVESTED",2024-09-30 12:00:00.000
ALL PRODUCTION PRACTICES,00,CROPS,US TOTAL,ACRES,,NATIONAL,,"1,617,000",,,9000,AREA HARVESTED,SURVEY,,NOT SPECIFIED,YEAR - AUG FORECAST,99,,UNITED STATES,US,TOTAL,,US TOTAL,00000000,FIELD CROPS,00,"SPRING, DURUM",2023,,,,,,ALL UTILIZATION PRACTICES,ANNUAL,WHEAT,"WHEAT, SPRING, DURUM - ACRES HARVESTED",2023-08-11 12:00:00.000
ALL PRODUCTION PRACTICES,00,CROPS,US TOTAL,ACRES,,NATIONAL,,"1,427,000",,,9000,AREA HARVESTED,SURVEY,,NOT SPECIFIED,YEAR - JUL FORECAST,99,,UNITED STATES,US,TOTAL,,US TOTAL,00000000,FIELD CROPS,00,"SPRING, DURUM",2023,,,,,,ALL UTILIZATION PRACTICES,ANNUAL,WHEAT,"WHEAT, SPRING, DURUM - ACRES HARVESTED",2023-07-12 12:00:00.000
ALL PRODUCTION PRACTICES,00,CROPS,US TOTAL,ACRES,,NATIONAL,,"1,427,000",,,9000,AREA HARVESTED,SURVEY,,NOT SPECIFIED,YEAR - JUN ACREAGE,99,,UNITED STATES,US,TOTAL,,US TOTAL,00000000,FIELD CROPS,00,"SPRING, DURUM",2023,,,,,,ALL UTILIZATION PRACTICES,ANNUAL,WHEAT,"WHEAT, SPRING, DURUM - ACRES HARVESTED",2023-06-30 12:00:00.000
ALL PRODUCTION PRACTICES,00,CROPS,US TOTAL,ACRES,,NATIONAL,,"24,558,000",,,9000,AREA HARVESTED,SURVEY,,NOT SPECIFIED,YEAR,99,,UNITED STATES,US,TOTAL,,US TOTAL,00000000,FIELD CROPS,00,WINTER,2023,,,,,,ALL UTILIZATION PRACTICES,ANNUAL,WHEAT,"WHEAT, WINTER - ACRES HARVESTED",2024-09-30 12:00:00.000
ALL PRODUCTION PRACTICES,00,CROPS,US TOTAL,ACRES,,NATIONAL,,"25,495,000",,,9000,AREA HARVESTED,SURVEY,,NOT SPECIFIED,YEAR - AUG FORECAST,99,,UNITED STATES,US,TOTAL,,US TOTAL,00000000,FIELD CROPS,00,WINTER,2023,,,,,,ALL UTILIZATION PRACTICES,ANNUAL,WHEAT,"WHEAT, WINTER - ACRES HARVESTED",2023-08-11 12:00:00.000
ALL PRODUCTION PRACTICES,00,CROPS,US TOTAL,ACRES,,NATIONAL,,"25,700,000",,,9000,AREA HARVESTED,SURVEY,,NOT SPECIFIED,YEAR - JUL FORECAST,99,,UNITED STATES,US,TOTAL,,US TOTAL,00000000,FIELD CROPS,00,WINTER,2023,,,,,,ALL UTILIZATION PRACTICES,ANNUAL,WHEAT,"WHEAT, WINTER - ACRES HARVESTED",2023-07-12 12:00:00.000
ALL PRODUCTION PRACTICES,00,CROPS,US TOTAL,ACRES,,NATIONAL,,"25,700,000",,,9000,AREA HARVESTED,SURVEY,,NOT SPECIFIED,YEAR - JUN ACREAGE,99,,UNITED STATES,US,TOTAL,,US TOTAL,00000000,FIELD CROPS,00,WINTER,2023,,,,,,ALL UTILIZATION PRACTICES,ANNUAL,WHEAT,"WHEAT, WINTER - ACRES HARVESTED",2023-06-30 12:00:00.000
ALL PRODUCTION PRACTICES,00,CROPS,US TOTAL,ACRES,,NATIONAL,,"25,286,000",,,9000,AREA HARVESTED,SURVEY,,NOT SPECIFIED,YEAR - JUN FORECAST,99,,UNITED STATES,US,TOTAL,,US TOTAL,00000000,FIELD CROPS,00,WINTER,2023,,,,,,ALL UTILIZATION PRACTICES,ANNUAL,WHEAT,"WHEAT, WINTER - ACRES HARVESTED",2023-06-09 12:00:00.000
ALL PRODUCTION PRACTICES,00,CROPS,US TOTAL,ACRES,,NATIONAL,,"25,286,000",,,9000,AREA HARVESTED,SURVEY,,NOT SPECIFIED,YEAR - MAY FORECAST,99,,UNITED STATES,US,TOTAL,,US TOTAL,00000000,FIELD CROPS,00,WINTER,2023,,,,,,ALL UTILIZATION PRACTICES,ANNUAL,WHEAT,"WHEAT, WINTER - ACRES HARVESTED",2023-05-12 12:00:00.000
ALL PRODUCTION PRACTICES,00,CROPS,US TOTAL,ACRES,,NATIONAL,,"23,631,182",,,9000,AREA HARVESTED,CENSUS,,"AREA HARVESTED: (1,000 OR MORE ACRES)",YEAR,99,,UNITED STATES,US,AREA HARVESTED,,US TOTAL,00000000,FIELD CROPS,00,ALL CLASSES,1997,,,,,,ALL UTILIZATION PRACTICES,ANNUAL,WHEAT,WHEAT - ACRES HARVESTED,2012-01-01 00:00:00.000
ALL PRODUCTION PRACTICES,00,CROPS,US TOTAL,ACRES,,NATIONAL,,"14,494,474",,,9000,AREA HARVESTED,CENSUS,,"AREA HARVESTED: (1,000 TO 1,999 ACRES)",YEAR,99,,UNITED STATES,US,AREA HARVESTED,,US TOTAL,00000000,FIELD CROPS,00,ALL CLASSES,1997,,,,,,ALL UTILIZATION PRACTICES,ANNUAL,WHEAT,WHEAT - ACRES HARVESTED,2012-01-01 00:00:00.000
ALL PRODUCTION PRACTICES,00,CROPS,US TOTAL,ACRES,,NATIONAL,,"266,599",,,9000,AREA HARVESTED,CENSUS,,AREA HARVESTED: (1.0 TO 14.9 ACRES),YEAR,99,,UNITED STATES,US,AREA HARVESTED,,US TOTAL,00000000,FIELD CROPS,00,ALL CLASSES,1997,,,,,,ALL UTILIZATION PRACTICES,ANNUAL,WHEAT,WHEAT - ACRES HARVESTED,2012-01-01 00:00:00.000
ALL PRODUCTION PRACTICES,00,CROPS,US TOTAL,ACRES,,NATIONAL,,"7,781,527",,,9000,AREA HARVESTED,CENSUS,,AREA HARVESTED: (100 TO 249 ACRES),YEAR,99,,UNITED STATES,US,AREA HARVESTED,,US TOTAL,00000000,FIELD CROPS,00,ALL CLASSES,1997,,,,,,ALL UTILIZATION PRACTICES,ANNUAL,WHEAT,WHEAT - ACRES HARVESTED,2012-01-01 00:00:00.000
ALL PRODUCTION PRACTICES,00,CROPS,US TOTAL,ACRES,,NATIONAL,,"485,945",,,9000,AREA HARVESTED,CENSUS,,AREA HARVESTED: (15.0 TO 24.9 ACRES),YEAR,99,,UNITED STATES,US,AREA HARVESTED,,US TOTAL,00000000,FIELD CROPS,00,ALL CLASSES,1997,,,,,,ALL UTILIZATION PRACTICES,ANNUAL,WHEAT,WHEAT - ACRES HARVESTED,2012-01-01 00:00:00.000
ALL PRODUCTION PRACTICES,00,CROPS,US TOTAL,ACRES,,NATIONAL,,"4,747,438",,,9000,AREA HARVESTED,CENSUS,,"AREA HARVESTED: (2,000 TO 2,999 ACRES)",YEAR,99,,UNITED STATES,US,AREA HARVESTED,,US TOTAL,00000000,FIELD CROPS,00,ALL CLASSES,1997,,,,,,ALL UTILIZATION PRACTICES,ANNUAL,WHEAT,WHEAT - ACRES HARVESTED,2012-01-01 00:00:00.000
ALL PRODUCTION PRACTICES,00,CROPS,US TOTAL,ACRES,,NATIONAL,,"1,350,649",,,9000,AREA HARVESTED,CENSUS,,AREA HARVESTED: (25.0 TO 49.9 ACRES),YEAR,99,,UNITED STATES,US,AREA HARVESTED,,US TOTAL,00000000,FIELD CROPS,00,ALL CLASSES,1997,,,,,,ALL UTILIZATION PRACTICES,ANNUAL,WHEAT,WHEAT - ACRES HARVESTED,2012-01-01 00:00:00.000
ALL PRODUCTION PRACTICES,00,CROPS,US TOTAL,ACRES,,NATIONAL,,"10,484,014",,,9000,AREA HARVESTED,CENSUS,,AREA HARVESTED: (250 TO 499 ACRES),YEAR,99,,UNITED STATES,US,AREA HARVESTED,,US TOTAL,00000000,FIELD CROPS,00,ALL CLASSES,1997,,,,,,ALL UTILIZATION PRACTICES,ANNUAL,WHEAT,WHEAT - ACRES HARVESTED,2012-01-01 00:00:00.000
ALL PRODUCTION PRACTICES,00,CROPS,US TOTAL,ACRES,,NATIONAL,,"2,933,802",,,9000,AREA HARVESTED,CENSUS,,"AREA HARVESTED: (3,000 TO 4,999 ACRES)",YEAR,99,,UNITED STATES,US,AREA HARVESTED,,US TOTAL,00000000,FIELD CROPS,00,ALL CLASSES,1997,,,,,,ALL UTILIZATION PRACTICES,ANNUAL,WHEAT,WHEAT - ACRES HARVESTED,2012-01-01 00:00:00.000
ALL PRODUCTION PRACTICES,00,CROPS,US TOTAL,ACRES,,NATIONAL,,"1,455,468",,,9000,AREA HARVESTED,CENSUS,,"AREA HARVESTED: (5,000 OR MORE ACRES)",YEAR,99,,UNITED STATES,US,AREA HARVESTED,,US TOTAL,00000000,FIELD CROPS,00,ALL CLASSES,1997,,,,,,ALL UTILIZATION PRACTICES,ANNUAL,WHEAT,WHEAT - ACRES HARVESTED,2012-01-01 00:00:00.000
ALL PRODUCTION PRACTICES,00,CROPS,US TOTAL,ACRES,,NATIONAL,,"2,760,655",,,9000,AREA HARVESTED,CENSUS,,AREA HARVESTED: (50.0 TO 99.9 ACRES),YEAR,99,,UNITED STATES,US,AREA HARVESTED,,US TOTAL,00000000,FIELD CROPS,00,ALL CLASSES,1997,,,,,,ALL UTILIZATION PRACTICES,ANNUAL,WHEAT,WHEAT - ACRES HARVESTED,2012-01-01 00:00:00.000
ALL PRODUCTION PRACTICES,00,CROPS,US TOTAL,ACRES,,NATIONAL,,"15,324,172",,,9000,AREA HARVESTED,CENSUS,,AREA HARVESTED: (500 TO 999 ACRES),YEAR,99,,UNITED STATES,US,AREA HARVESTED,,US TOTAL,00000000,FIELD CROPS,00,ALL CLASSES,1997,,,,,,ALL UTILIZATION PRACTICES,ANNUAL,WHEAT,WHEAT - ACRES HARVESTED,2012-01-01 00:00:00.000
ALL PRODUCTION PRACTICES,00,CROPS,US TOTAL,ACRES,,NATIONAL,,"62,084,743",,,9000,AREA HARVESTED,CENSUS,,NOT SPECIFIED,YEAR,99,,UNITED STATES,US,TOTAL,,US TOTAL,00000000,FIELD CROPS,00,ALL CLASSES,1997,,,,,,ALL UTILIZATION PRACTICES,ANNUAL,WHEAT,WHEAT - ACRES HARVESTED,2012-01-01 00:00:00.000
IRRIGATED,00,CROPS,US TOTAL,ACRES,,NATIONAL,,"1,218,024",,,9000,AREA HARVESTED,CENSUS,,"AREA HARVESTED: (1,000 OR MORE ACRES)",YEAR,99,,UNITED STATES,US,AREA HARVESTED,,US TOTAL,00000000,FIELD CROPS,00,ALL CLASSES,1997,,,,,,ALL UTILIZATION PRACTICES,ANNUAL,WHEAT,"WHEAT, IRRIGATED - ACRES HARVESTED",2012-01-01 00:00:00.000
IRRIGATED,00,CROPS,US TOTAL,ACRES,,NATIONAL,,"710,427",,,9000,AREA HARVESTED,CENSUS,,"AREA HARVESTED: (1,000 TO 1,999 ACRES)",YEAR,99,,UNITED STATES,US,AREA HARVESTED,,US TOTAL,00000000,FIELD CROPS,00,ALL CLASSES,1997,,,,,,ALL UTILIZATION PRACTICES,ANNUAL,WHEAT,"WHEAT, IRRIGATED - ACRES HARVESTED",2012-01-01 00:00:00.000
IRRIGATED,00,CROPS,US TOTAL,ACRES,,NATIONAL,,"10,987",,,9000,AREA HARVESTED,CENSUS,,AREA HARVESTED: (1.0 TO 14.9 ACRES),YEAR,99,,UNITED STATES,US,AREA HARVESTED,,US TOTAL,00000000,FIELD CROPS,00,ALL CLASSES,1997,,,,,,ALL UTILIZATION PRACTICES,ANNUAL,WHEAT,"WHEAT, IRRIGATED - ACRES HARVESTED",2012-01-01 00:00:00.000
IRRIGATED,00,CROPS,US TOTAL,ACRES,,NATIONAL,,"737,972",,,9000,AREA HARVESTED,CENSUS,,AREA HARVESTED: (100 TO 249 ACRES),YEAR,99,,UNITED STATES,US,AREA HARVESTED,,US TOTAL,00000000,FIELD CROPS,00,ALL CLASSES,1997,,,,,,ALL UTILIZATION PRACTICES,ANNUAL,WHEAT,"WHEAT, IRRIGATED - ACRES HARVESTED",2012-01-01 00:00:00.000
IRRIGATED,00,CROPS,US TOTAL,ACRES,,NATIONAL,,"23,579",,,9000,AREA HARVESTED,CENSUS,,AREA HARVESTED: (15.0 TO 24.9 ACRES),YEAR,99,,UNITED STATES,US,AREA HARVESTED,,US TOTAL,00000000,FIELD CROPS,00,ALL CLASSES,1997,,,,,,ALL UTILIZATION PRACTICES,ANNUAL,WHEAT,"WHEAT, IRRIGATED - ACRES HARVESTED",2012-01-01 00:00:00.000
IRRIGATED,00,CROPS,US TOTAL,ACRES,,NATIONAL,,"211,244",,,9000,AREA HARVESTED,CENSUS,,"AREA HARVESTED: (2,000 TO 2,999 ACRES)",YEAR,99,,UNITED STATES,US,AREA HARVESTED,,US TOTAL,00000000,FIELD CROPS,00,ALL CLASSES,1997,,,,,,ALL UTILIZATION PRACTICES,ANNUAL,WHEAT,"WHEAT, IRRIGATED - ACRES HARVESTED",2012-01-01 00:00:00.000
IRRIGATED,00,CROPS,US TOTAL,ACRES,,NATIONAL,,"89,226",,,9000,AREA HARVESTED,CENSUS,,AREA HARVESTED: (25.0 TO 49.9 ACRES),YEAR,99,,UNITED STATES,US,AREA HARVESTED,,US TOTAL,00000000,FIELD CROPS,00,ALL CLASSES,1997,,,,,,ALL UTILIZATION PRACTICES,ANNUAL,WHEAT,"WHEAT, IRRIGATED - ACRES HARVESTED",2012-01-01 00:00:00.000
IRRIGATED,00,CROPS,US TOTAL,ACRES,,NATIONAL,,"832,166",,,9000,AREA HARVESTED,CENSUS,,AREA HARVESTED: (250 TO 499 ACRES),YEAR,99,,UNITED STATES,US,AREA HARVESTED,,US TOTAL,00000000,FIELD CROPS,00,ALL CLASSES,1997,,,,,,ALL UTILIZATION PRACTICES,ANNUAL,WHEAT,"WHEAT, IRRIGATED - ACRES HARVESTED",2012-01-01 00:00:00.000
IRRIGATED,00,CROPS,US TOTAL,ACRES,,NATIONAL,,"165,590",,,9000,AREA HARVESTED,CENSUS,,"AREA HARVESTED: (3,000 TO 4,999 ACRES)",YEAR,99,,UNITED STATES,US,AREA HARVESTED,,US TOTAL,00000000,FIELD CROPS,00,ALL CLASSES,1997,,,,,,ALL UTILIZATION PRACTICES,ANNUAL,WHEAT,"WHEAT, IRRIGATED - ACRES HARVESTED",2012-01-01 00:00:00.000
IRRIGATED,00,CROPS,US TOTAL,ACRES,,NATIONAL,,"130,763",,,9000,AREA HARVESTED,CENSUS,,"AREA HARVESTED: (5,000 OR MORE ACRES)",YEAR,99,,UNITED STATES,US,AREA HARVESTED,,US TOTAL,00000000,FIELD CROPS,00,ALL CLASSES,1997,,,,,,ALL UTILIZATION PRACTICES,ANNUAL,WHEAT,"WHEAT, IRRIGATED - ACRES HARVESTED",2012-01-01 00:00:00.000
IRRIGATED,00,CROPS,US TOTAL,ACRES,,NATIONAL,,"235,583",,,9000,AREA HARVESTED,CENSUS,,AREA HARVESTED: (50.0 TO 99.9 ACRES),YEAR,99,,UNITED STATES,US,AREA HARVESTED,,US TOTAL,00000000,FIELD CROPS,00,ALL CLASSES,1997,,,,,,ALL UTILIZATION PRACTICES,ANNUAL,WHEAT,"WHEAT, IRRIGATED - ACRES HARVESTED",2012-01-01 00:00:00.000
IRRIGATED,00,CROPS,US TOTAL,ACRES,,NATIONAL,,"945,535",,,9000,AREA HARVESTED,CENSUS,,AREA HARVESTED: (500 TO 999 ACRES),YEAR,99,,UNITED STATES,US,AREA HARVESTED,,US TOTAL,00000000,FIELD CROPS,00,ALL CLASSES,1997,,,,,,ALL UTILIZATION PRACTICES,ANNUAL,WHEAT,"WHEAT, IRRIGATED - ACRES HARVESTED",2012-01-01 00:00:00.000
IRRIGATED,00,CROPS,US TOTAL,ACRES,,NATIONAL,,"4,093,072",,,9000,AREA HARVESTED,CENSUS,,NOT SPECIFIED,YEAR,99,,UNITED STATES,US,TOTAL,,US TOTAL,00000000,FIELD CROPS,00,ALL CLASSES,1997,,,,,,ALL UTILIZATION PRACTICES,ANNUAL,WHEAT,"WHEAT, IRRIGATED - ACRES HARVESTED",2012-01-01 00:00:00.000
ALL PRODUCTION PRACTICES,00,CROPS,US TOTAL,ACRES,,NATIONAL,,"18,024,687",,,9000,AREA HARVESTED,CENSUS,,NOT SPECIFIED,YEAR,99,,UNITED STATES,US,TOTAL,,US TOTAL,00000000,FIELD CROPS,00,"SPRING, (EXCL DURUM)",1997,,,,,,ALL UTILIZATION PRACTICES,ANNUAL,WHEAT,"WHEAT, SPRING, (EXCL DURUM) - ACRES HARVESTED",2012-01-01 00:00:00.000
IRRIGATED,00,CROPS,US TOTAL,ACRES,,NATIONAL,,                 (D),,,9000,AREA HARVESTED,CENSUS,,NOT SPECIFIED,YEAR,99,,UNITED STATES,US,TOTAL,,US TOTAL,00000000,FIELD CROPS,00,"SPRING, (EXCL DURUM)",1997,,,,,,ALL UTILIZATION PRACTICES,ANNUAL,WHEAT,"WHEAT, SPRING, (EXCL DURUM), IRRIGATED - ACRES HARVESTED",2012-01-01 00:00:00.000
ALL PRODUCTION PRACTICES,00,CROPS,US TOTAL,ACRES,,NATIONAL,,"3,202,949",,,9000,AREA HARVESTED,CENSUS,,NOT SPECIFIED,YEAR,99,,UNITED STATES,US,TOTAL,,US TOTAL,00000000,FIELD CROPS,00,"SPRING, DURUM",1997,,,,,,ALL UTILIZATION PRACTICES,ANNUAL,WHEAT,"WHEAT, SPRING, DURUM - ACRES HARVESTED",2012-01-01 00:00:00.000
IRRIGATED,00,CROPS,US TOTAL,ACRES,,NATIONAL,,                 (D),,,9000,AREA HARVESTED,CENSUS,,NOT SPECIFIED,YEAR,99,,UNITED STATES,US,TOTAL,,US TOTAL,00000000,FIELD CROPS,00,"SPRING, DURUM",1997,,,,,,ALL UTILIZATION PRACTICES,ANNUAL,WHEAT,"WHEAT, SPRING, DURUM, IRRIGATED - ACRES HARVESTED",2012-01-01 00:00:00.000
ALL PRODUCTION PRACTICES,00,CROPS,US TOTAL,ACRES,,NATIONAL,,"18,822,995",,,9000,AREA HARVESTED,CENSUS,,"AREA HARVESTED: (1,000 OR MORE ACRES)",YEAR,99,,UNITED STATES,US,AREA HARVESTED,,US TOTAL,00000000,FIELD CROPS,00,ALL CLASSES,2002,,,,,,ALL UTILIZATION PRACTICES,ANNUAL,WHEAT,WHEAT - ACRES HARVESTED,2012-01-01 00:00:00.000
ALL PRODUCTION PRACTICES,00,CROPS,US TOTAL,ACRES,,NATIONAL,,"11,032,298",,,9000,AREA HARVESTED,CENSUS,,"AREA HARVESTED: (1,000 TO 1,999 ACRES)",YEAR,99,,UNITED STATES,US,AREA HARVESTED,,US TOTAL,00000000,FIELD CROPS,00,ALL CLASSES,2002,,,,,,ALL UTILIZATION PRACTICES,ANNUAL,WHEAT,WHEAT - ACRES HARVESTED,2012-01-01 00:00:00.000
ALL PRODUCTION PRACTICES,00,CROPS,US TOTAL,ACRES,,NATIONAL,,"161,776",,,9000,AREA HARVESTED,CENSUS,,AREA HARVESTED: (1.0 TO 14.9 ACRES),YEAR,99,,UNITED STATES,US,AREA HARVESTED,,US TOTAL,00000000,FIELD CROPS,00,ALL CLASSES,2002,,,,,,ALL UTILIZATION PRACTICES,ANNUAL,WHEAT,WHEAT - ACRES HARVESTED,2012-01-01 00:00:00.000
ALL PRODUCTION PRACTICES,00,CROPS,US TOTAL,ACRES,,NATIONAL,,"5,362,078",,,9000,AREA HARVESTED,CENSUS,,AREA HARVESTED: (100 TO 249 ACRES),YEAR,99,,UNITED STATES,US,AREA HARVESTED,,US TOTAL,00000000,FIELD CROPS,00,ALL CLASSES,2002,,,,,,ALL UTILIZATION PRACTICES,ANNUAL,WHEAT,WHEAT - ACRES HARVESTED,2012-01-01 00:00:00.000
ALL PRODUCTION PRACTICES,00,CROPS,US TOTAL,ACRES,,NATIONAL,,"299,989",,,9000,AREA HARVESTED,CENSUS,,AREA HARVESTED: (15.0 TO 24.9 ACRES),YEAR,99,,UNITED STATES,US,AREA HARVESTED,,US TOTAL,00000000,FIELD CROPS,00,ALL CLASSES,2002,,,,,,ALL UTILIZATION PRACTICES,ANNUAL,WHEAT,WHEAT - ACRES HARVESTED,2012-01-01 00:00:00.000
ALL PRODUCTION PRACTICES,00,CROPS,US TOTAL,ACRES,,NATIONAL,,"3,962,016",,,9000,AREA HARVESTED,CENSUS,,"AREA HARVESTED: (2,000 TO 2,999 ACRES)",YEAR,99,,UNITED STATES,US,AREA HARVESTED,,US TOTAL,00000000,FIELD CROPS,00,ALL CLASSES,2002,,,,,,ALL UTILIZATION PRACTICES,ANNUAL,WHEAT,WHEAT - ACRES HARVESTED,2012-01-01 00:00:00.000
ALL PRODUCTION PRACTICES,00,CROPS,US TOTAL,ACRES,,NATIONAL,,"881,306",,,9000,AREA HARVESTED,CENSUS,,AREA HARVESTED: (25.0 TO 49.9 ACRES),YEAR,99,,UNITED STATES,US,AREA HARVESTED,,US TOTAL,00000000,FIELD CROPS,00,ALL CLASSES,2002,,,,,,ALL UTILIZATION PRACTICES,ANNUAL,WHEAT,WHEAT - ACRES HARVESTED,2012-01-01 00:00:00.000
ALL PRODUCTION PRACTICES,00,CROPS,US TOTAL,ACRES,,NATIONAL,,"7,344,223",,,9000,AREA HARVESTED,CENSUS,,AREA HARVESTED: (250 TO 499 ACRES),YEAR,99,,UNITED STATES,US,AREA HARVESTED,,US TOTAL,00000000,FIELD CROPS,00,ALL CLASSES,2002,,,,,,ALL UTILIZATION PRACTICES,ANNUAL,WHEAT,WHEAT - ACRES HARVESTED,2012-01-01 00:00:00.000
ALL PRODUCTION PRACTICES,00,CROPS,US TOTAL,ACRES,,NATIONAL,,"2,612,687",,,9000,AREA HARVESTED,CENSUS,,"AREA HARVESTED: (3,000 TO 4,999 ACRES)",YEAR,99,,UNITED STATES,US,AREA HARVESTED,,US TOTAL,00000000,FIELD CROPS,00,ALL CLASSES,2002,,,,,,ALL UTILIZATION PRACTICES,ANNUAL,WHEAT,WHEAT - ACRES HARVESTED,2012-01-01 00:00:00.000
ALL PRODUCTION PRACTICES,00,CROPS,US TOTAL,ACRES,,NATIONAL,,"1,215,994",,,9000,AREA HARVESTED,CENSUS,,"AREA HARVESTED: (5,000 OR MORE ACRES)",YEAR,99,,UNITED STATES,US,AREA HARVESTED,,US TOTAL,00000000,FIELD CROPS,00,ALL CLASSES,2002,,,,,,ALL UTILIZATION PRACTICES,ANNUAL,WHEAT,WHEAT - ACRES HARVESTED,2012-01-01 00:00:00.000
ALL PRODUCTION PRACTICES,00,CROPS,US TOTAL,ACRES,,NATIONAL,,"1,890,287",,,9000,AREA HARVESTED,CENSUS,,AREA HARVESTED: (50.0 TO 99.9 ACRES),YEAR,99,,UNITED STATES,US,AREA HARVESTED,,US TOTAL,00000000,FIELD CROPS,00,ALL CLASSES,2002,,,,,,ALL UTILIZATION PRACTICES,ANNUAL,WHEAT,WHEAT - ACRES HARVESTED,2012-01-01 00:00:00.000
ALL PRODUCTION PRACTICES,00,CROPS,US TOTAL,ACRES,,NATIONAL,,"10,757,322",,,9000,AREA HARVESTED,CENSUS,,AREA HARVESTED: (500 TO 999 ACRES),YEAR,99,,UNITED STATES,US,AREA HARVESTED,,US TOTAL,00000000,FIELD CROPS,00,ALL CLASSES,2002,,,,,,ALL UTILIZATION PRACTICES,ANNUAL,WHEAT,WHEAT - ACRES HARVESTED,2012-01-01 00:00:00.000
ALL PRODUCTION PRACTICES,00,CROPS,US TOTAL,ACRES,,NATIONAL,,"45,519,976",,,9000,AREA HARVESTED,CENSUS,,NOT SPECIFIED,YEAR,99,,UNITED STATES,US,TOTAL,,US TOTAL,00000000,FIELD CROPS,00,ALL CLASSES,2002,,,,,,ALL UTILIZATION PRACTICES,ANNUAL,WHEAT,WHEAT - ACRES HARVESTED,2012-01-01 00:00:00.000
IRRIGATED,00,CROPS,US TOTAL,ACRES,,NATIONAL,,"978,141",,,9000,AREA HARVESTED,CENSUS,,"AREA HARVESTED: (1,000 OR MORE ACRES)",YEAR,99,,UNITED STATES,US,AREA HARVESTED,,US TOTAL,00000000,FIELD CROPS,00,ALL CLASSES,2002,,,,,,ALL UTILIZATION PRACTICES,ANNUAL,WHEAT,"WHEAT, IRRIGATED - ACRES HARVESTED",2012-01-01 00:00:00.000
IRRIGATED,00,CROPS,US TOTAL,ACRES,,NATIONAL,,"550,178",,,9000,AREA HARVESTED,CENSUS,,"AREA HARVESTED: (1,000 TO 1,999 ACRES)",YEAR,99,,UNITED STATES,US,AREA HARVESTED,,US TOTAL,00000000,FIELD CROPS,00,ALL CLASSES,2002,,,,,,ALL UTILIZATION PRACTICES,ANNUAL,WHEAT,"WHEAT, IRRIGATED - ACRES HARVESTED",2012-01-01 00:00:00.000
IRRIGATED,00,CROPS,US TOTAL,ACRES,,NATIONAL,,"4,377",,,9000,AREA HARVESTED,CENSUS,,AREA HARVESTED: (1.0 TO 14.9 ACRES),YEAR,99,,UNITED STATES,US,AREA HARVESTED,,US TOTAL,00000000,FIELD CROPS,00,ALL CLASSES,2002,,,,,,ALL UTILIZATION PRACTICES,ANNUAL,WHEAT,"WHEAT, IRRIGATED - ACRES HARVESTED",2012-01-01 00:00:00.000
IRRIGATED,00,CROPS,US TOTAL,ACRES,,NATIONAL,,"478,245",,,9000,AREA HARVESTED,CENSUS,,AREA HARVESTED: (100 TO 249 ACRES),YEAR,99,,UNITED STATES,US,AREA HARVESTED,,US TOTAL,00000000,FIELD CROPS,00,ALL CLASSES,2002,,,,,,ALL UTILIZATION PRACTICES,ANNUAL,WHEAT,"WHEAT, IRRIGATED - ACRES HARVESTED",2012-01-01 00:00:00.000
IRRIGATED,00,CROPS,US TOTAL,ACRES,,NATIONAL,,"10,722",,,9000,AREA HARVESTED,CENSUS,,AREA HARVESTED: (15.0 TO 24.9 ACRES),YEAR,99,,UNITED STATES,US,AREA HARVESTED,,US TOTAL,00000000,FIELD CROPS,00,ALL CLASSES,2002,,,,,,ALL UTILIZATION PRACTICES,ANNUAL,WHEAT,"WHEAT, IRRIGATED - ACRES HARVESTED",2012-01-01 00:00:00.000
IRRIGATED,00,CROPS,US TOTAL,ACRES,,NATIONAL,,"165,920",,,9000,AREA HARVESTED,CENSUS,,"AREA HARVESTED: (2,000 TO 2,999 ACRES)",YEAR,99,,UNITED STATES,US,AREA HARVESTED,,US TOTAL,00000000,FIELD CROPS,00,ALL CLASSES,2002,,,,,,ALL UTILIZATION PRACTICES,ANNUAL,WHEAT,"WHEAT, IRRIGATED - ACRES HARVESTED",2012-01-01 00:00:00.000
IRRIGATED,00,CROPS,US TOTAL,ACRES,,NATIONAL,,"43,231",,,9000,AREA HARVESTED,CENSUS,,AREA HARVESTED: (25.0 TO 49.9 ACRES),YEAR,99,,UNITED STATES,US,AREA HARVESTED,,US TOTAL,00000000,FIELD CROPS,00,ALL CLASSES,2002,,,,,,ALL UTILIZATION PRACTICES,ANNUAL,WHEAT,"WHEAT, IRRIGATED - ACRES HARVESTED",2012-01-01 00:00:00.000
IRRIGATED,00,CROPS,US TOTAL,ACRES,,NATIONAL,,"594,823",,,9000,AREA HARVESTED,CENSUS,,AREA HARVESTED: (250 TO 499 ACRES),YEAR,99,,UNITED STATES,US,AREA HARVESTED,,US TOTAL,00000000,FIELD CROPS,00,ALL CLASSES,2002,,,,,,ALL UTILIZATION PRACTICES,ANNUAL,WHEAT,"WHEAT, IRRIGATED - ACRES HARVESTED",2012-01-01 00:00:00.000
IRRIGATED,00,CROPS,US TOTAL,ACRES,,NATIONAL,,"185,592",,,9000,AREA HARVESTED,CENSUS,,"AREA HARVESTED: (3,000 TO 4,999 ACRES)",YEAR,99,,UNITED STATES,US,AREA HARVESTED,,US TOTAL,00000000,FIELD CROPS,00,ALL CLASSES,2002,,,,,,ALL UTILIZATION PRACTICES,ANNUAL,WHEAT,"WHEAT, IRRIGATED - ACRES HARVESTED",2012-01-01 00:00:00.000
IRRIGATED,00,CROPS,US TOTAL,ACRES,,NATIONAL,,"76,451",,,9000,AREA HARVESTED,CENSUS,,"AREA HARVESTED: (5,000 OR MORE ACRES)",YEAR,99,,UNITED STATES,US,AREA HARVESTED,,US TOTAL,00000000,FIELD CROPS,00,ALL CLASSES,2002,,,,,,ALL UTILIZATION PRACTICES,ANNUAL,WHEAT,"WHEAT, IRRIGATED - ACRES HARVESTED",2012-01-01 00:00:00.000
IRRIGATED,00,CROPS,US TOTAL,ACRES,,NATIONAL,,"127,838",,,9000,AREA HARVESTED,CENSUS,,AREA HARVESTED: (50.0 TO 99.9 ACRES),YEAR,99,,UNITED STATES,US,AREA HARVESTED,,US TOTAL,00000000,FIELD CROPS,00,ALL CLASSES,2002,,,,,,ALL UTILIZATION PRACTICES,ANNUAL,WHEAT,"WHEAT, IRRIGATED - ACRES HARVESTED",2012-01-01 00:00:00.000
IRRIGATED,00,CROPS,US TOTAL,ACRES,,NATIONAL,,"672,804",,,9000,AREA HARVESTED,CENSUS,,AREA HARVESTED: (500 TO 999 ACRES),YEAR,99,,UNITED STATES,US,AREA HARVESTED,,US TOTAL,00000000,FIELD CROPS,00,ALL CLASSES,2002,,,,,,ALL UTILIZATION PRACTICES,ANNUAL,WHEAT,"WHEAT, IRRIGATED - ACRES HARVESTED",2012-01-01 00:00:00.000
IRRIGATED,00,CROPS,US TOTAL,ACRES,,NATIONAL,,"2,910,181",,,9000,AREA HARVESTED,CENSUS,,NOT SPECIFIED,YEAR,99,,UNITED STATES,US,TOTAL,,US TOTAL,00000000,FIELD CROPS,00,ALL CLASSES,2002,,,,,,ALL UTILIZATION PRACTICES,ANNUAL,WHEAT,"WHEAT, IRRIGATED - ACRES HARVESTED",2012-01-01 00:00:00.000
"IRRIGATED, ENTIRE CROP",00,CROPS,US TOTAL,ACRES,,NATIONAL,,"2,059,083",,,9000,AREA HARVESTED,CENSUS,,NOT SPECIFIED,YEAR,99,,UNITED STATES,US,TOTAL,,US TOTAL,00000000,FIELD CROPS,00,ALL CLASSES,2002,,,,,,ALL UTILIZATION PRACTICES,ANNUAL,WHEAT,"WHEAT, IRRIGATED, ENTIRE CROP - ACRES HARVESTED",2012-01-01 00:00:00.000
"IRRIGATED, NONE OF CROP",00,CROPS,US TOTAL,ACRES,,NATIONAL,,"40,712,192",,,9000,AREA HARVESTED,CENSUS,,NOT SPECIFIED,YEAR,99,,UNITED STATES,US,TOTAL,,US TOTAL,00000000,FIELD CROPS,00,ALL CLASSES,2002,,,,,,ALL UTILIZATION PRACTICES,ANNUAL,WHEAT,"WHEAT, IRRIGATED, NONE OF CROP - ACRES HARVESTED",2012-01-01 00:00:00.000
"IRRIGATED, PART OF CROP, IRRIGATED PORTION",00,CROPS,US TOTAL,ACRES,,NATIONAL,,"851,098",,,9000,AREA HARVESTED,CENSUS,,NOT SPECIFIED,YEAR,99,,UNITED STATES,US,TOTAL,,US TOTAL,00000000,FIELD CROPS,00,ALL CLASSES,2002,,,,,,ALL UTILIZATION PRACTICES,ANNUAL,WHEAT,"WHEAT, IRRIGATED, PART OF CROP, IRRIGATED PORTION - ACRES HARVESTED",2012-01-01 00:00:00.000
ALL PRODUCTION PRACTICES,00,CROPS,US TOTAL,ACRES,,NATIONAL,,"6,355,197",,,9000,AREA HARVESTED,CENSUS,,"AREA HARVESTED: (1,000 OR MORE ACRES)",YEAR,99,,UNITED STATES,US,AREA HARVESTED,,US TOTAL,00000000,FIELD CROPS,00,"SPRING, (EXCL DURUM)",2002,,,,,,ALL UTILIZATION PRACTICES,ANNUAL,WHEAT,"WHEAT, SPRING, (EXCL DURUM) - ACRES HARVESTED",2012-01-01 00:00:00.000
ALL PRODUCTION PRACTICES,00,CROPS,US TOTAL,ACRES,,NATIONAL,,"3,664,387",,,9000,AREA HARVESTED,CENSUS,,"AREA HARVESTED: (1,000 TO 1,999 ACRES)",YEAR,99,,UNITED STATES,US,AREA HARVESTED,,US TOTAL,00000000,FIELD CROPS,00,"SPRING, (EXCL DURUM)",2002,,,,,,ALL UTILIZATION PRACTICES,ANNUAL,WHEAT,"WHEAT, SPRING, (EXCL DURUM) - ACRES HARVESTED",2012-01-01 00:00:00.000
ALL PRODUCTION PRACTICES,00,CROPS,US TOTAL,ACRES,,NATIONAL,,"9,016",,,9000,AREA HARVESTED,CENSUS,,AREA HARVESTED: (1.0 TO 14.9 ACRES),YEAR,99,,UNITED STATES,US,AREA HARVESTED,,US TOTAL,00000000,FIELD CROPS,00,"SPRING, (EXCL DURUM)",2002,,,,,,ALL UTILIZATION PRACTICES,ANNUAL,WHEAT,"WHEAT, SPRING, (EXCL DURUM) - ACRES HARVESTED",2012-01-01 00:00:00.000
ALL PRODUCTION PRACTICES,00,CROPS,US TOTAL,ACRES,,NATIONAL,,"1,152,700",,,9000,AREA HARVESTED,CENSUS,,AREA HARVESTED: (100 TO 249 ACRES),YEAR,99,,UNITED STATES,US,AREA HARVESTED,,US TOTAL,00000000,FIELD CROPS,00,"SPRING, (EXCL DURUM)",2002,,,,,,ALL UTILIZATION PRACTICES,ANNUAL,WHEAT,"WHEAT, SPRING, (EXCL DURUM) - ACRES HARVESTED",2012-01-01 00:00:00.000
ALL PRODUCTION PRACTICES,00,CROPS,US TOTAL,ACRES,,NATIONAL,,"21,034",,,9000,AREA HARVESTED,CENSUS,,AREA HARVESTED: (15.0 TO 24.9 ACRES),YEAR,99,,UNITED STATES,US,AREA HARVESTED,,US TOTAL,00000000,FIELD CROPS,00,"SPRING, (EXCL DURUM)",2002,,,,,,ALL UTILIZATION PRACTICES,ANNUAL,WHEAT,"WHEAT, SPRING, (EXCL DURUM) - ACRES HARVESTED",2012-01-01 00:00:00.000
ALL PRODUCTION PRACTICES,00,CROPS,US TOTAL,ACRES,,NATIONAL,,"1,446,910",,,9000,AREA HARVESTED,CENSUS,,"AREA HARVESTED: (2,000 TO 2,999 ACRES)",YEAR,99,,UNITED STATES,US,AREA HARVESTED,,US TOTAL,00000000,FIELD CROPS,00,"SPRING, (EXCL DURUM)",2002,,,,,,ALL UTILIZATION PRACTICES,ANNUAL,WHEAT,"WHEAT, SPRING, (EXCL DURUM) - ACRES HARVESTED",2012-01-01 00:00:00.000
ALL PRODUCTION PRACTICES,00,CROPS,US TOTAL,ACRES,,NATIONAL,,"87,732",,,9000,AREA HARVESTED,CENSUS,,AREA HARVESTED: (25.0 TO 49.9 ACRES),YEAR,99,,UNITED STATES,US,AREA HARVESTED,,US TOTAL,00000000,FIELD CROPS,00,"SPRING, (EXCL DURUM)",2002,,,,,,ALL UTILIZATION PRACTICES,ANNUAL,WHEAT,"WHEAT, SPRING, (EXCL DURUM) - ACRES HARVESTED",2012-01-01 00:00:00.000
ALL PRODUCTION PRACTICES,00,CROPS,US TOTAL,ACRES,,NATIONAL,,"2,062,034",,,9000,AREA HARVESTED,CENSUS,,AREA HARVESTED: (250 TO 499 ACRES),YEAR,99,,UNITED STATES,US,AREA HARVESTED,,US TOTAL,00000000,FIELD CROPS,00,"SPRING, (EXCL DURUM)",2002,,,,,,ALL UTILIZATION PRACTICES,ANNUAL,WHEAT,"WHEAT, SPRING, (EXCL DURUM) - ACRES HARVESTED",2012-01-01 00:00:00.000
ALL PRODUCTION PRACTICES,00,CROPS,US TOTAL,ACRES,,NATIONAL,,"867,099",,,9000,AREA HARVESTED,CENSUS,,"AREA HARVESTED: (3,000 TO 4,999 ACRES)",YEAR,99,,UNITED STATES,US,AREA HARVESTED,,US TOTAL,00000000,FIELD CROPS,00,"SPRING, (EXCL DURUM)",2002,,,,,,ALL UTILIZATION PRACTICES,ANNUAL,WHEAT,"WHEAT, SPRING, (EXCL DURUM) - ACRES HARVESTED",2012-01-01 00:00:00.000
ALL PRODUCTION PRACTICES,00,CROPS,US TOTAL,ACRES,,NATIONAL,,"376,801",,,9000,AREA HARVESTED,CENSUS,,"AREA HARVESTED: (5,000 OR MORE ACRES)",YEAR,99,,UNITED STATES,US,AREA HARVESTED,,US TOTAL,00000000,FIELD CROPS,00,"SPRING, (EXCL DURUM)",2002,,,,,,ALL UTILIZATION PRACTICES,ANNUAL,WHEAT,"WHEAT, SPRING, (EXCL DURUM) - ACRES HARVESTED",2012-01-01 00:00:00.000
ALL PRODUCTION PRACTICES,00,CROPS,US TOTAL,ACRES,,NATIONAL,,"269,765",,,9000,AREA HARVESTED,CENSUS,,AREA HARVESTED: (50.0 TO 99.9 ACRES),YEAR,99,,UNITED STATES,US,AREA HARVESTED,,US TOTAL,00000000,FIELD CROPS,00,"SPRING, (EXCL DURUM)",2002,,,,,,ALL UTILIZATION PRACTICES,ANNUAL,WHEAT,"WHEAT, SPRING, (EXCL DURUM) - ACRES HARVESTED",2012-01-01 00:00:00.000
ALL PRODUCTION PRACTICES,00,CROPS,US TOTAL,ACRES,,NATIONAL,,"3,541,364",,,9000,AREA HARVESTED,CENSUS,,AREA HARVESTED: (500 TO 999 ACRES),YEAR,99,,UNITED STATES,US,AREA HARVESTED,,US TOTAL,00000000,FIELD CROPS,00,"SPRING, (EXCL DURUM)",2002,,,,,,ALL UTILIZATION PRACTICES,ANNUAL,WHEAT,"WHEAT, SPRING, (EXCL DURUM) - ACRES HARVESTED",2012-01-01 00:00:00.000
ALL PRODUCTION PRACTICES,00,CROPS,US TOTAL,ACRES,,NATIONAL,,"13,498,842",,,9000,AREA HARVESTED,CENSUS,,NOT SPECIFIED,YEAR,99,,UNITED STATES,US,TOTAL,,US TOTAL,00000000,FIELD CROPS,00,"SPRING, (EXCL DURUM)",2002,,,,,,ALL UTILIZATION PRACTICES,ANNUAL,WHEAT,"WHEAT, SPRING, (EXCL DURUM) - ACRES HARVESTED",2012-01-01 00:00:00.000
IRRIGATED,00,CROPS,US TOTAL,ACRES,,NATIONAL,,"132,310",,,9000,AREA HARVESTED,CENSUS,,"AREA HARVESTED: (1,000 OR MORE ACRES)",YEAR,99,,UNITED STATES,US,AREA HARVESTED,,US TOTAL,00000000,FIELD CROPS,00,"SPRING, (EXCL DURUM)",2002,,,,,,ALL UTILIZATION PRACTICES,ANNUAL,WHEAT,"WHEAT, SPRING, (EXCL DURUM), IRRIGATED - ACRES HARVESTED",2012-01-01 00:00:00.000
IRRIGATED,00,CROPS,US TOTAL,ACRES,,NATIONAL,,"88,765",,,9000,AREA HARVESTED,CENSUS,,"AREA HARVESTED: (1,000 TO 1,999 ACRES)",YEAR,99,,UNITED STATES,US,AREA HARVESTED,,US TOTAL,00000000,FIELD CROPS,00,"SPRING, (EXCL DURUM)",2002,,,,,,ALL UTILIZATION PRACTICES,ANNUAL,WHEAT,"WHEAT, SPRING, (EXCL DURUM), IRRIGATED - ACRES HARVESTED",2012-01-01 00:00:00.000
IRRIGATED,00,CROPS,US TOTAL,ACRES,,NATIONAL,,"1,453",,,9000,AREA HARVESTED,CENSUS,,AREA HARVESTED: (1.0 TO 14.9 ACRES),YEAR,99,,UNITED STATES,US,AREA HARVESTED,,US TOTAL,00000000,FIELD CROPS,00,"SPRING, (EXCL DURUM)",2002,,,,,,ALL UTILIZATION PRACTICES,ANNUAL,WHEAT,"WHEAT, SPRING, (EXCL DURUM), IRRIGATED - ACRES HARVESTED",2012-01-01 00:00:00.000
IRRIGATED,00,CROPS,US TOTAL,ACRES,,NATIONAL,,"96,749",,,9000,AREA HARVESTED,CENSUS,,AREA HARVESTED: (100 TO 249 ACRES),YEAR,99,,UNITED STATES,US,AREA HARVESTED,,US TOTAL,00000000,FIELD CROPS,00,"SPRING, (EXCL DURUM)",2002,,,,,,ALL UTILIZATION PRACTICES,ANNUAL,WHEAT,"WHEAT, SPRING, (EXCL DURUM), IRRIGATED - ACRES HARVESTED",2012-01-01 00:00:00.000
IRRIGATED,00,CROPS,US TOTAL,ACRES,,NATIONAL,,"3,157",,,9000,AREA HARVESTED,CENSUS,,AREA HARVESTED: (15.0 TO 24.9 ACRES),YEAR,99,,UNITED STATES,US,AREA HARVESTED,,US TOTAL,00000000,FIELD CROPS,00,"SPRING, (EXCL DURUM)",2002,,,,,,ALL UTILIZATION PRACTICES,ANNUAL,WHEAT,"WHEAT, SPRING, (EXCL DURUM), IRRIGATED - ACRES HARVESTED",2012-01-01 00:00:00.000
IRRIGATED,00,CROPS,US TOTAL,ACRES,,NATIONAL,,"22,625",,,9000,AREA HARVESTED,CENSUS,,"AREA HARVESTED: (2,000 TO 2,999 ACRES)",YEAR,99,,UNITED STATES,US,AREA HARVESTED,,US TOTAL,00000000,FIELD CROPS,00,"SPRING, (EXCL DURUM)",2002,,,,,,ALL UTILIZATION PRACTICES,ANNUAL,WHEAT,"WHEAT, SPRING, (EXCL DURUM), IRRIGATED - ACRES HARVESTED",2012-01-01 00:00:00.000
IRRIGATED,00,CROPS,US TOTAL,ACRES,,NATIONAL,,"11,462",,,9000,AREA HARVESTED,CENSUS,,AREA HARVESTED: (25.0 TO 49.9 ACRES),YEAR,99,,UNITED STATES,US,AREA HARVESTED,,US TOTAL,00000000,FIELD CROPS,00,"SPRING, (EXCL DURUM)",2002,,,,,,ALL UTILIZATION PRACTICES,ANNUAL,WHEAT,"WHEAT, SPRING, (EXCL DURUM), IRRIGATED - ACRES HARVESTED",2012-01-01 00:00:00.000
IRRIGATED,00,CROPS,US TOTAL,ACRES,,NATIONAL,,"96,564",,,9000,AREA HARVESTED,CENSUS,,AREA HARVESTED: (250 TO 499 ACRES),YEAR,99,,UNITED STATES,US,AREA HARVESTED,,US TOTAL,00000000,FIELD CROPS,00,"SPRING, (EXCL DURUM)",2002,,,,,,ALL UTILIZATION PRACTICES,ANNUAL,WHEAT,"WHEAT, SPRING, (EXCL DURUM), IRRIGATED - ACRES HARVESTED",2012-01-01 00:00:00.000
IRRIGATED,00,CROPS,US TOTAL,ACRES,,NATIONAL,,"20,445",,,9000,AREA HARVESTED,CENSUS,,"AREA HARVESTED: (3,000 TO 4,999 ACRES)",YEAR,99,,UNITED STATES,US,AREA HARVESTED,,US TOTAL,00000000,FIELD CROPS,00,"SPRING, (EXCL DURUM)",2002,,,,,,ALL UTILIZATION PRACTICES,ANNUAL,WHEAT,"WHEAT, SPRING, (EXCL DURUM), IRRIGATED - ACRES HARVESTED",2012-01-01 00:00:00.000
IRRIGATED,00,CROPS,US TOTAL,ACRES,,NATIONAL,,475,,,9000,AREA HARVESTED,CENSUS,,"AREA HARVESTED: (5,000 OR MORE ACRES)",YEAR,99,,UNITED STATES,US,AREA HARVESTED,,US TOTAL,00000000,FIELD CROPS,00,"SPRING, (EXCL DURUM)",2002,,,,,,ALL UTILIZATION PRACTICES,ANNUAL,WHEAT,"WHEAT, SPRING, (EXCL DURUM), IRRIGATED - ACRES HARVESTED",2012-01-01 00:00:00.000
IRRIGATED,00,CROPS,US TOTAL,ACRES,,NATIONAL,,"30,553",,,9000,AREA HARVESTED,CENSUS,,AREA HARVESTED: (50.0 TO 99.9 ACRES),YEAR,99,,UNITED STATES,US,AREA HARVESTED,,US TOTAL,00000000,FIELD CROPS,00,"SPRING, (EXCL DURUM)",2002,,,,,,ALL UTILIZATION PRACTICES,ANNUAL,WHEAT,"WHEAT, SPRING, (EXCL DURUM), IRRIGATED - ACRES HARVESTED",2012-01-01 00:00:00.000
IRRIGATED,00,CROPS,US TOTAL,ACRES,,NATIONAL,,"105,234",,,9000,AREA HARVESTED,CENSUS,,AREA HARVESTED: (500 TO 999 ACRES),YEAR,99,,UNITED STATES,US,AREA HARVESTED,,US TOTAL,00000000,FIELD CROPS,00,"SPRING, (EXCL DURUM)",2002,,,,,,ALL UTILIZATION PRACTICES,ANNUAL,WHEAT,"WHEAT, SPRING, (EXCL DURUM), IRRIGATED - ACRES HARVESTED",2012-01-01 00:00:00.000
IRRIGATED,00,CROPS,US TOTAL,ACRES,,NATIONAL,,"477,482",,,9000,AREA HARVESTED,CENSUS,,NOT SPECIFIED,YEAR,99,,UNITED STATES,US,TOTAL,,US TOTAL,00000000,FIELD CROPS,00,"SPRING, (EXCL DURUM)",2002,,,,,,ALL UTILIZATION PRACTICES,ANNUAL,WHEAT,"WHEAT, SPRING, (EXCL DURUM), IRRIGATED - ACRES HARVESTED",2012-01-01 00:00:00.000
"IRRIGATED, ENTIRE CROP",00,CROPS,US TOTAL,ACRES,,NATIONAL,,"393,850",,,9000,AREA HARVESTED,CENSUS,,NOT SPECIFIED,YEAR,99,,UNITED STATES,US,TOTAL,,US TOTAL,00000000,FIELD CROPS,00,"SPRING, (EXCL DURUM)",2002,,,,,,ALL UTILIZATION PRACTICES,ANNUAL,WHEAT,"WHEAT, SPRING, (EXCL DURUM), IRRIGATED, ENTIRE CROP - ACRES HARVESTED",2012-01-01 00:00:00.000
"IRRIGATED, NONE OF CROP",00,CROPS,US TOTAL,ACRES,,NATIONAL,,"12,792,901",,,9000,AREA HARVESTED,CENSUS,,NOT SPECIFIED,YEAR,99,,UNITED STATES,US,TOTAL,,US TOTAL,00000000,FIELD CROPS,00,"SPRING, (EXCL DURUM)",2002,,,,,,ALL UTILIZATION PRACTICES,ANNUAL,WHEAT,"WHEAT, SPRING, (EXCL DURUM), IRRIGATED, NONE OF CROP - ACRES HARVESTED",2012-01-01 00:00:00.000
"IRRIGATED, PART OF CROP, IRRIGATED PORTION",00,CROPS,US TOTAL,ACRES,,NATIONAL,,"83,632",,,9000,AREA HARVESTED,CENSUS,,NOT SPECIFIED,YEAR,99,,UNITED STATES,US,TOTAL,,US TOTAL,00000000,FIELD CROPS,00,"SPRING, (EXCL DURUM)",2002,,,,,,ALL UTILIZATION PRACTICES,ANNUAL,WHEAT,"WHEAT, SPRING, (EXCL DURUM), IRRIGATED, PART OF CROP, IRRIGATED PORTION - ACRES HARVESTED",2012-01-01 00:00:00.000
ALL PRODUCTION PRACTICES,00,CROPS,US TOTAL,ACRES,,NATIONAL,,"1,300,032",,,9000,AREA HARVESTED,CENSUS,,"AREA HARVESTED: (1,000 OR MORE ACRES)",YEAR,99,,UNITED STATES,US,AREA HARVESTED,,US TOTAL,00000000,FIELD CROPS,00,"SPRING, DURUM",2002,,,,,,ALL UTILIZATION PRACTICES,ANNUAL,WHEAT,"WHEAT, SPRING, DURUM - ACRES HARVESTED",2012-01-01 00:00:00.000
ALL PRODUCTION PRACTICES,00,CROPS,US TOTAL,ACRES,,NATIONAL,,"747,480",,,9000,AREA HARVESTED,CENSUS,,"AREA HARVESTED: (1,000 TO 1,999 ACRES)",YEAR,99,,UNITED STATES,US,AREA HARVESTED,,US TOTAL,00000000,FIELD CROPS,00,"SPRING, DURUM",2002,,,,,,ALL UTILIZATION PRACTICES,ANNUAL,WHEAT,"WHEAT, SPRING, DURUM - ACRES HARVESTED",2012-01-01 00:00:00.000
ALL PRODUCTION PRACTICES,00,CROPS,US TOTAL,ACRES,,NATIONAL,,388,,,9000,AREA HARVESTED,CENSUS,,AREA HARVESTED: (1.0 TO 14.9 ACRES),YEAR,99,,UNITED STATES,US,AREA HARVESTED,,US TOTAL,00000000,FIELD CROPS,00,"SPRING, DURUM",2002,,,,,,ALL UTILIZATION PRACTICES,ANNUAL,WHEAT,"WHEAT, SPRING, DURUM - ACRES HARVESTED",2012-01-01 00:00:00.000
ALL PRODUCTION PRACTICES,00,CROPS,US TOTAL,ACRES,,NATIONAL,,"240,257",,,9000,AREA HARVESTED,CENSUS,,AREA HARVESTED: (100 TO 249 ACRES),YEAR,99,,UNITED STATES,US,AREA HARVESTED,,US TOTAL,00000000,FIELD CROPS,00,"SPRING, DURUM",2002,,,,,,ALL UTILIZATION PRACTICES,ANNUAL,WHEAT,"WHEAT, SPRING, DURUM - ACRES HARVESTED",2012-01-01 00:00:00.000
ALL PRODUCTION PRACTICES,00,CROPS,US TOTAL,ACRES,,NATIONAL,,"1,001",,,9000,AREA HARVESTED,CENSUS,,AREA HARVESTED: (15.0 TO 24.9 ACRES),YEAR,99,,UNITED STATES,US,AREA HARVESTED,,US TOTAL,00000000,FIELD CROPS,00,"SPRING, DURUM",2002,,,,,,ALL UTILIZATION PRACTICES,ANNUAL,WHEAT,"WHEAT, SPRING, DURUM - ACRES HARVESTED",2012-01-01 00:00:00.000
ALL PRODUCTION PRACTICES,00,CROPS,US TOTAL,ACRES,,NATIONAL,,"327,769",,,9000,AREA HARVESTED,CENSUS,,"AREA HARVESTED: (2,000 TO 2,999 ACRES)",YEAR,99,,UNITED STATES,US,AREA HARVESTED,,US TOTAL,00000000,FIELD CROPS,00,"SPRING, DURUM",2002,,,,,,ALL UTILIZATION PRACTICES,ANNUAL,WHEAT,"WHEAT, SPRING, DURUM - ACRES HARVESTED",2012-01-01 00:00:00.000
ALL PRODUCTION PRACTICES,00,CROPS,US TOTAL,ACRES,,NATIONAL,,"6,833",,,9000,AREA HARVESTED,CENSUS,,AREA HARVESTED: (25.0 TO 49.9 ACRES),YEAR,99,,UNITED STATES,US,AREA HARVESTED,,US TOTAL,00000000,FIELD CROPS,00,"SPRING, DURUM",2002,,,,,,ALL UTILIZATION PRACTICES,ANNUAL,WHEAT,"WHEAT, SPRING, DURUM - ACRES HARVESTED",2012-01-01 00:00:00.000
ALL PRODUCTION PRACTICES,00,CROPS,US TOTAL,ACRES,,NATIONAL,,"449,142",,,9000,AREA HARVESTED,CENSUS,,AREA HARVESTED: (250 TO 499 ACRES),YEAR,99,,UNITED STATES,US,AREA HARVESTED,,US TOTAL,00000000,FIELD CROPS,00,"SPRING, DURUM",2002,,,,,,ALL UTILIZATION PRACTICES,ANNUAL,WHEAT,"WHEAT, SPRING, DURUM - ACRES HARVESTED",2012-01-01 00:00:00.000
ALL PRODUCTION PRACTICES,00,CROPS,US TOTAL,ACRES,,NATIONAL,,"180,601",,,9000,AREA HARVESTED,CENSUS,,"AREA HARVESTED: (3,000 TO 4,999 ACRES)",YEAR,99,,UNITED STATES,US,AREA HARVESTED,,US TOTAL,00000000,FIELD CROPS,00,"SPRING, DURUM",2002,,,,,,ALL UTILIZATION PRACTICES,ANNUAL,WHEAT,"WHEAT, SPRING, DURUM - ACRES HARVESTED",2012-01-01 00:00:00.000
ALL PRODUCTION PRACTICES,00,CROPS,US TOTAL,ACRES,,NATIONAL,,"44,182",,,9000,AREA HARVESTED,CENSUS,,"AREA HARVESTED: (5,000 OR MORE ACRES)",YEAR,99,,UNITED STATES,US,AREA HARVESTED,,US TOTAL,00000000,FIELD CROPS,00,"SPRING, DURUM",2002,,,,,,ALL UTILIZATION PRACTICES,ANNUAL,WHEAT,"WHEAT, SPRING, DURUM - ACRES HARVESTED",2012-01-01 00:00:00.000
ALL PRODUCTION PRACTICES,00,CROPS,US TOTAL,ACRES,,NATIONAL,,"37,882",,,9000,AREA HARVESTED,CENSUS,,AREA HARVESTED: (50.0 TO 99.9 ACRES),YEAR,99,,UNITED STATES,US,AREA HARVESTED,,US TOTAL,00000000,FIELD CROPS,00,"SPRING, DURUM",2002,,,,,,ALL UTILIZATION PRACTICES,ANNUAL,WHEAT,"WHEAT, SPRING, DURUM - ACRES HARVESTED",2012-01-01 00:00:00.000
ALL PRODUCTION PRACTICES,00,CROPS,US TOTAL,ACRES,,NATIONAL,,"682,306",,,9000,AREA HARVESTED,CENSUS,,AREA HARVESTED: (500 TO 999 ACRES),YEAR,99,,UNITED STATES,US,AREA HARVESTED,,US TOTAL,00000000,FIELD CROPS,00,"SPRING, DURUM",2002,,,,,,ALL UTILIZATION PRACTICES,ANNUAL,WHEAT,"WHEAT, SPRING, DURUM - ACRES HARVESTED",2012-01-01 00:00:00.000
ALL PRODUCTION PRACTICES,00,CROPS,US TOTAL,ACRES,,NATIONAL,,"2,717,841",,,9000,AREA HARVESTED,CENSUS,,NOT SPECIFIED,YEAR,99,,UNITED STATES,US,TOTAL,,US TOTAL,00000000,FIELD CROPS,00,"SPRING, DURUM",2002,,,,,,ALL UTILIZATION PRACTICES,ANNUAL,WHEAT,"WHEAT, SPRING, DURUM - ACRES HARVESTED",2012-01-01 00:00:00.000
IRRIGATED,00,CROPS,US TOTAL,ACRES,,NATIONAL,,"68,966",,,9000,AREA HARVESTED,CENSUS,,"AREA HARVESTED: (1,000 OR MORE ACRES)",YEAR,99,,UNITED STATES,US,AREA HARVESTED,,US TOTAL,00000000,FIELD CROPS,00,"SPRING, DURUM",2002,,,,,,ALL UTILIZATION PRACTICES,ANNUAL,WHEAT,"WHEAT, SPRING, DURUM, IRRIGATED - ACRES HARVESTED",2012-01-01 00:00:00.000
IRRIGATED,00,CROPS,US TOTAL,ACRES,,NATIONAL,,"39,310",,,9000,AREA HARVESTED,CENSUS,,"AREA HARVESTED: (1,000 TO 1,999 ACRES)",YEAR,99,,UNITED STATES,US,AREA HARVESTED,,US TOTAL,00000000,FIELD CROPS,00,"SPRING, DURUM",2002,,,,,,ALL UTILIZATION PRACTICES,ANNUAL,WHEAT,"WHEAT, SPRING, DURUM, IRRIGATED - ACRES HARVESTED",2012-01-01 00:00:00.000
IRRIGATED,00,CROPS,US TOTAL,ACRES,,NATIONAL,,146,,,9000,AREA HARVESTED,CENSUS,,AREA HARVESTED: (1.0 TO 14.9 ACRES),YEAR,99,,UNITED STATES,US,AREA HARVESTED,,US TOTAL,00000000,FIELD CROPS,00,"SPRING, DURUM",2002,,,,,,ALL UTILIZATION PRACTICES,ANNUAL,WHEAT,"WHEAT, SPRING, DURUM, IRRIGATED - ACRES HARVESTED",2012-01-01 00:00:00.000
IRRIGATED,00,CROPS,US TOTAL,ACRES,,NATIONAL,,"37,440",,,9000,AREA HARVESTED,CENSUS,,AREA HARVESTED: (100 TO 249 ACRES),YEAR,99,,UNITED STATES,US,AREA HARVESTED,,US TOTAL,00000000,FIELD CROPS,00,"SPRING, DURUM",2002,,,,,,ALL UTILIZATION PRACTICES,ANNUAL,WHEAT,"WHEAT, SPRING, DURUM, IRRIGATED - ACRES HARVESTED",2012-01-01 00:00:00.000
IRRIGATED,00,CROPS,US TOTAL,ACRES,,NATIONAL,,82,,,9000,AREA HARVESTED,CENSUS,,AREA HARVESTED: (15.0 TO 24.9 ACRES),YEAR,99,,UNITED STATES,US,AREA HARVESTED,,US TOTAL,00000000,FIELD CROPS,00,"SPRING, DURUM",2002,,,,,,ALL UTILIZATION PRACTICES,ANNUAL,WHEAT,"WHEAT, SPRING, DURUM, IRRIGATED - ACRES HARVESTED",2012-01-01 00:00:00.000
IRRIGATED,00,CROPS,US TOTAL,ACRES,,NATIONAL,,                 (D),,,9000,AREA HARVESTED,CENSUS,,"AREA HARVESTED: (2,000 TO 2,999 ACRES)",YEAR,99,,UNITED STATES,US,AREA HARVESTED,,US TOTAL,00000000,FIELD CROPS,00,"SPRING, DURUM",2002,,,,,,ALL UTILIZATION PRACTICES,ANNUAL,WHEAT,"WHEAT, SPRING, DURUM, IRRIGATED - ACRES HARVESTED",2012-01-01 00:00:00.000
IRRIGATED,00,CROPS,US TOTAL,ACRES,,NATIONAL,,"1,484",,,9000,AREA HARVESTED,CENSUS,,AREA HARVESTED: (25.0 TO 49.9 ACRES),YEAR,99,,UNITED STATES,US,AREA HARVESTED,,US TOTAL,00000000,FIELD CROPS,00,"SPRING, DURUM",2002,,,,,,ALL UTILIZATION PRACTICES,ANNUAL,WHEAT,"WHEAT, SPRING, DURUM, IRRIGATED - ACRES HARVESTED",2012-01-01 00:00:00.000
IRRIGATED,00,CROPS,US TOTAL,ACRES,,NATIONAL,,"48,194",,,9000,AREA HARVESTED,CENSUS,,AREA HARVESTED: (250 TO 499 ACRES),YEAR,99,,UNITED STATES,US,AREA HARVESTED,,US TOTAL,00000000,FIELD CROPS,00,"SPRING, DURUM",2002,,,,,,ALL UTILIZATION PRACTICES,ANNUAL,WHEAT,"WHEAT, SPRING, DURUM, IRRIGATED - ACRES HARVESTED",2012-01-01 00:00:00.000
IRRIGATED,00,CROPS,US TOTAL,ACRES,,NATIONAL,,                 (D),,,9000,AREA HARVESTED,CENSUS,,"AREA HARVESTED: (3,000 TO 4,999 ACRES)",YEAR,99,,UNITED STATES,US,AREA HARVESTED,,US TOTAL,00000000,FIELD CROPS,00,"SPRING, DURUM",2002,,,,,,ALL UTILIZATION PRACTICES,ANNUAL,WHEAT,"WHEAT, SPRING, DURUM, IRRIGATED - ACRES HARVESTED",2012-01-01 00:00:00.000
IRRIGATED,00,CROPS,US TOTAL,ACRES,,NATIONAL,,                 (D),,,9000,AREA HARVESTED,CENSUS,,"AREA HARVESTED: (5,000 OR MORE ACRES)",YEAR,99,,UNITED STATES,US,AREA HARVESTED,,US TOTAL,00000000,FIELD CROPS,00,"SPRING, DURUM",2002,,,,,,ALL UTILIZATION PRACTICES,ANNUAL,WHEAT,"WHEAT, SPRING, DURUM, IRRIGATED - ACRES HARVESTED",2012-01-01 00:00:00.000
IRRIGATED,00,CROPS,US TOTAL,ACRES,,NATIONAL,,"7,665",,,9000,AREA HARVESTED,CENSUS,,AREA HARVESTED: (50.0 TO 99.9 ACRES),YEAR,99,,UNITED STATES,US,AREA HARVESTED,,US TOTAL,00000000,FIELD CROPS,00,"SPRING, DURUM",2002,,,,,,ALL UTILIZATION PRACTICES,ANNUAL,WHEAT,"WHEAT, SPRING, DURUM, IRRIGATED - ACRES HARVESTED",2012-01-01 00:00:00.000
IRRIGATED,00,CROPS,US TOTAL,ACRES,,NATIONAL,,"46,693",,,9000,AREA HARVESTED,CENSUS,,AREA HARVESTED: (500 TO 999 ACRES),YEAR,99,,UNITED STATES,US,AREA HARVESTED,,US TOTAL,00000000,FIELD CROPS,00,"SPRING, DURUM",2002,,,,,,ALL UTILIZATION PRACTICES,ANNUAL,WHEAT,"WHEAT, SPRING, DURUM, IRRIGATED - ACRES HARVESTED",2012-01-01 00:00:00.000
IRRIGATED,00,CROPS,US TOTAL,ACRES,,NATIONAL,,"210,670",,,9000,AREA HARVESTED,CENSUS,,NOT SPECIFIED,YEAR,99,,UNITED STATES,US,TOTAL,,US TOTAL,00000000,FIELD CROPS,00,"SPRING, DURUM",2002,,,,,,ALL UTILIZATION PRACTICES,ANNUAL,WHEAT,"WHEAT, SPRING, DURUM, IRRIGATED - ACRES HARVESTED",2012-01-01 00:00:00.000
"IRRIGATED, ENTIRE CROP",00,CROPS,US TOTAL,ACRES,,NATIONAL,,"201,849",,,9000,AREA HARVESTED,CENSUS,,NOT SPECIFIED,YEAR,99,,UNITED STATES,US,TOTAL,,US TOTAL,00000000,FIELD CROPS,00,"SPRING, DURUM",2002,,,,,,ALL UTILIZATION PRACTICES,ANNUAL,WHEAT,"WHEAT, SPRING, DURUM, IRRIGATED, ENTIRE CROP - ACRES HARVESTED",2012-01-01 00:00:00.000
"IRRIGATED, NONE OF CROP",00,CROPS,US TOTAL,ACRES,,NATIONAL,,"2,475,586",,,9000,AREA HARVESTED,CENSUS,,NOT SPECIFIED,YEAR,99,,UNITED STATES,US,TOTAL,,US TOTAL,00000000,FIELD CROPS,00,"SPRING, DURUM",2002,,,,,,ALL UTILIZATION PRACTICES,ANNUAL,WHEAT,"WHEAT, SPRING, DURUM, IRRIGATED, NONE OF CROP - ACRES HARVESTED",2012-01-01 00:00:00.000
"IRRIGATED, PART OF CROP, IRRIGATED PORTION",00,CROPS,US TOTAL,ACRES,,NATIONAL,,"8,821",,,9000,AREA HARVESTED,CENSUS,,NOT SPECIFIED,YEAR,99,,UNITED STATES,US,TOTAL,,US TOTAL,00000000,FIELD CROPS,00,"SPRING, DURUM",2002,,,,,,ALL UTILIZATION PRACTICES,ANNUAL,WHEAT,"WHEAT, SPRING, DURUM, IRRIGATED, PART OF CROP, IRRIGATED PORTION - ACRES HARVESTED",2012-01-01 00:00:00.000
ALL PRODUCTION PRACTICES,00,CROPS,US TOTAL,ACRES,,NATIONAL,,"9,528,313",,,9000,AREA HARVESTED,CENSUS,,"AREA HARVESTED: (1,000 OR MORE ACRES)",YEAR,99,,UNITED STATES,US,AREA HARVESTED,,US TOTAL,00000000,FIELD CROPS,00,WINTER,2002,,,,,,ALL UTILIZATION PRACTICES,ANNUAL,WHEAT,"WHEAT, WINTER - ACRES HARVESTED",2012-01-01 00:00:00.000
ALL PRODUCTION PRACTICES,00,CROPS,US TOTAL,ACRES,,NATIONAL,,"6,185,494",,,9000,AREA HARVESTED,CENSUS,,"AREA HARVESTED: (1,000 TO 1,999 ACRES)",YEAR,99,,UNITED STATES,US,AREA HARVESTED,,US TOTAL,00000000,FIELD CROPS,00,WINTER,2002,,,,,,ALL UTILIZATION PRACTICES,ANNUAL,WHEAT,"WHEAT, WINTER - ACRES HARVESTED",2012-01-01 00:00:00.000
ALL PRODUCTION PRACTICES,00,CROPS,US TOTAL,ACRES,,NATIONAL,,"154,598",,,9000,AREA HARVESTED,CENSUS,,AREA HARVESTED: (1.0 TO 14.9 ACRES),YEAR,99,,UNITED STATES,US,AREA HARVESTED,,US TOTAL,00000000,FIELD CROPS,00,WINTER,2002,,,,,,ALL UTILIZATION PRACTICES,ANNUAL,WHEAT,"WHEAT, WINTER - ACRES HARVESTED",2012-01-01 00:00:00.000
ALL PRODUCTION PRACTICES,00,CROPS,US TOTAL,ACRES,,NATIONAL,,"4,426,126",,,9000,AREA HARVESTED,CENSUS,,AREA HARVESTED: (100 TO 249 ACRES),YEAR,99,,UNITED STATES,US,AREA HARVESTED,,US TOTAL,00000000,FIELD CROPS,00,WINTER,2002,,,,,,ALL UTILIZATION PRACTICES,ANNUAL,WHEAT,"WHEAT, WINTER - ACRES HARVESTED",2012-01-01 00:00:00.000
ALL PRODUCTION PRACTICES,00,CROPS,US TOTAL,ACRES,,NATIONAL,,"282,644",,,9000,AREA HARVESTED,CENSUS,,AREA HARVESTED: (15.0 TO 24.9 ACRES),YEAR,99,,UNITED STATES,US,AREA HARVESTED,,US TOTAL,00000000,FIELD CROPS,00,WINTER,2002,,,,,,ALL UTILIZATION PRACTICES,ANNUAL,WHEAT,"WHEAT, WINTER - ACRES HARVESTED",2012-01-01 00:00:00.000
ALL PRODUCTION PRACTICES,00,CROPS,US TOTAL,ACRES,,NATIONAL,,"1,785,631",,,9000,AREA HARVESTED,CENSUS,,"AREA HARVESTED: (2,000 TO 2,999 ACRES)",YEAR,99,,UNITED STATES,US,AREA HARVESTED,,US TOTAL,00000000,FIELD CROPS,00,WINTER,2002,,,,,,ALL UTILIZATION PRACTICES,ANNUAL,WHEAT,"WHEAT, WINTER - ACRES HARVESTED",2012-01-01 00:00:00.000
ALL PRODUCTION PRACTICES,00,CROPS,US TOTAL,ACRES,,NATIONAL,,"811,096",,,9000,AREA HARVESTED,CENSUS,,AREA HARVESTED: (25.0 TO 49.9 ACRES),YEAR,99,,UNITED STATES,US,AREA HARVESTED,,US TOTAL,00000000,FIELD CROPS,00,WINTER,2002,,,,,,ALL UTILIZATION PRACTICES,ANNUAL,WHEAT,"WHEAT, WINTER - ACRES HARVESTED",2012-01-01 00:00:00.000
ALL PRODUCTION PRACTICES,00,CROPS,US TOTAL,ACRES,,NATIONAL,,"5,438,966",,,9000,AREA HARVESTED,CENSUS,,AREA HARVESTED: (250 TO 499 ACRES),YEAR,99,,UNITED STATES,US,AREA HARVESTED,,US TOTAL,00000000,FIELD CROPS,00,WINTER,2002,,,,,,ALL UTILIZATION PRACTICES,ANNUAL,WHEAT,"WHEAT, WINTER - ACRES HARVESTED",2012-01-01 00:00:00.000
ALL PRODUCTION PRACTICES,00,CROPS,US TOTAL,ACRES,,NATIONAL,,"1,108,032",,,9000,AREA HARVESTED,CENSUS,,"AREA HARVESTED: (3,000 TO 4,999 ACRES)",YEAR,99,,UNITED STATES,US,AREA HARVESTED,,US TOTAL,00000000,FIELD CROPS,00,WINTER,2002,,,,,,ALL UTILIZATION PRACTICES,ANNUAL,WHEAT,"WHEAT, WINTER - ACRES HARVESTED",2012-01-01 00:00:00.000
ALL PRODUCTION PRACTICES,00,CROPS,US TOTAL,ACRES,,NATIONAL,,"449,156",,,9000,AREA HARVESTED,CENSUS,,"AREA HARVESTED: (5,000 OR MORE ACRES)",YEAR,99,,UNITED STATES,US,AREA HARVESTED,,US TOTAL,00000000,FIELD CROPS,00,WINTER,2002,,,,,,ALL UTILIZATION PRACTICES,ANNUAL,WHEAT,"WHEAT, WINTER - ACRES HARVESTED",2012-01-01 00:00:00.000
ALL PRODUCTION PRACTICES,00,CROPS,US TOTAL,ACRES,,NATIONAL,,"1,665,563",,,9000,AREA HARVESTED,CENSUS,,AREA HARVESTED: (50.0 TO 99.9 ACRES),YEAR,99,,UNITED STATES,US,AREA HARVESTED,,US TOTAL,00000000,FIELD CROPS,00,WINTER,2002,,,,,,ALL UTILIZATION PRACTICES,ANNUAL,WHEAT,"WHEAT, WINTER - ACRES HARVESTED",2012-01-01 00:00:00.000
ALL PRODUCTION PRACTICES,00,CROPS,US TOTAL,ACRES,,NATIONAL,,"6,995,987",,,9000,AREA HARVESTED,CENSUS,,AREA HARVESTED: (500 TO 999 ACRES),YEAR,99,,UNITED STATES,US,AREA HARVESTED,,US TOTAL,00000000,FIELD CROPS,00,WINTER,2002,,,,,,ALL UTILIZATION PRACTICES,ANNUAL,WHEAT,"WHEAT, WINTER - ACRES HARVESTED",2012-01-01 00:00:00.000
ALL PRODUCTION PRACTICES,00,CROPS,US TOTAL,ACRES,,NATIONAL,,"29,303,293",,,9000,AREA HARVESTED,CENSUS,,NOT SPECIFIED,YEAR,99,,UNITED STATES,US,TOTAL,,US TOTAL,00000000,FIELD CROPS,00,WINTER,2002,,,,,,ALL UTILIZATION PRACTICES,ANNUAL,WHEAT,"WHEAT, WINTER - ACRES HARVESTED",2012-01-01 00:00:00.000
IRRIGATED,00,CROPS,US TOTAL,ACRES,,NATIONAL,,"700,283",,,9000,AREA HARVESTED,CENSUS,,"AREA HARVESTED: (1,000 OR MORE ACRES)",YEAR,99,,UNITED STATES,US,AREA HARVESTED,,US TOTAL,00000000,FIELD CROPS,00,WINTER,2002,,,,,,ALL UTILIZATION PRACTICES,ANNUAL,WHEAT,"WHEAT, WINTER, IRRIGATED - ACRES HARVESTED",2012-01-01 00:00:00.000
IRRIGATED,00,CROPS,US TOTAL,ACRES,,NATIONAL,,"416,292",,,9000,AREA HARVESTED,CENSUS,,"AREA HARVESTED: (1,000 TO 1,999 ACRES)",YEAR,99,,UNITED STATES,US,AREA HARVESTED,,US TOTAL,00000000,FIELD CROPS,00,WINTER,2002,,,,,,ALL UTILIZATION PRACTICES,ANNUAL,WHEAT,"WHEAT, WINTER, IRRIGATED - ACRES HARVESTED",2012-01-01 00:00:00.000
IRRIGATED,00,CROPS,US TOTAL,ACRES,,NATIONAL,,"3,365",,,9000,AREA HARVESTED,CENSUS,,AREA HARVESTED: (1.0 TO 14.9 ACRES),YEAR,99,,UNITED STATES,US,AREA HARVESTED,,US TOTAL,00000000,FIELD CROPS,00,WINTER,2002,,,,,,ALL UTILIZATION PRACTICES,ANNUAL,WHEAT,"WHEAT, WINTER, IRRIGATED - ACRES HARVESTED",2012-01-01 00:00:00.000
IRRIGATED,00,CROPS,US TOTAL,ACRES,,NATIONAL,,"378,681",,,9000,AREA HARVESTED,CENSUS,,AREA HARVESTED: (100 TO 249 ACRES),YEAR,99,,UNITED STATES,US,AREA HARVESTED,,US TOTAL,00000000,FIELD CROPS,00,WINTER,2002,,,,,,ALL UTILIZATION PRACTICES,ANNUAL,WHEAT,"WHEAT, WINTER, IRRIGATED - ACRES HARVESTED",2012-01-01 00:00:00.000
IRRIGATED,00,CROPS,US TOTAL,ACRES,,NATIONAL,,"8,876",,,9000,AREA HARVESTED,CENSUS,,AREA HARVESTED: (15.0 TO 24.9 ACRES),YEAR,99,,UNITED STATES,US,AREA HARVESTED,,US TOTAL,00000000,FIELD CROPS,00,WINTER,2002,,,,,,ALL UTILIZATION PRACTICES,ANNUAL,WHEAT,"WHEAT, WINTER, IRRIGATED - ACRES HARVESTED",2012-01-01 00:00:00.000
IRRIGATED,00,CROPS,US TOTAL,ACRES,,NATIONAL,,"114,355",,,9000,AREA HARVESTED,CENSUS,,"AREA HARVESTED: (2,000 TO 2,999 ACRES)",YEAR,99,,UNITED STATES,US,AREA HARVESTED,,US TOTAL,00000000,FIELD CROPS,00,WINTER,2002,,,,,,ALL UTILIZATION PRACTICES,ANNUAL,WHEAT,"WHEAT, WINTER, IRRIGATED - ACRES HARVESTED",2012-01-01 00:00:00.000
IRRIGATED,00,CROPS,US TOTAL,ACRES,,NATIONAL,,"35,197",,,9000,AREA HARVESTED,CENSUS,,AREA HARVESTED: (25.0 TO 49.9 ACRES),YEAR,99,,UNITED STATES,US,AREA HARVESTED,,US TOTAL,00000000,FIELD CROPS,00,WINTER,2002,,,,,,ALL UTILIZATION PRACTICES,ANNUAL,WHEAT,"WHEAT, WINTER, IRRIGATED - ACRES HARVESTED",2012-01-01 00:00:00.000
IRRIGATED,00,CROPS,US TOTAL,ACRES,,NATIONAL,,"462,859",,,9000,AREA HARVESTED,CENSUS,,AREA HARVESTED: (250 TO 499 ACRES),YEAR,99,,UNITED STATES,US,AREA HARVESTED,,US TOTAL,00000000,FIELD CROPS,00,WINTER,2002,,,,,,ALL UTILIZATION PRACTICES,ANNUAL,WHEAT,"WHEAT, WINTER, IRRIGATED - ACRES HARVESTED",2012-01-01 00:00:00.000
IRRIGATED,00,CROPS,US TOTAL,ACRES,,NATIONAL,,"110,336",,,9000,AREA HARVESTED,CENSUS,,"AREA HARVESTED: (3,000 TO 4,999 ACRES)",YEAR,99,,UNITED STATES,US,AREA HARVESTED,,US TOTAL,00000000,FIELD CROPS,00,WINTER,2002,,,,,,ALL UTILIZATION PRACTICES,ANNUAL,WHEAT,"WHEAT, WINTER, IRRIGATED - ACRES HARVESTED",2012-01-01 00:00:00.000
IRRIGATED,00,CROPS,US TOTAL,ACRES,,NATIONAL,,"59,300",,,9000,AREA HARVESTED,CENSUS,,"AREA HARVESTED: (5,000 OR MORE ACRES)",YEAR,99,,UNITED STATES,US,AREA HARVESTED,,US TOTAL,00000000,FIELD CROPS,00,WINTER,2002,,,,,,ALL UTILIZATION PRACTICES,ANNUAL,WHEAT,"WHEAT, WINTER, IRRIGATED - ACRES HARVESTED",2012-01-01 00:00:00.000
IRRIGATED,00,CROPS,US TOTAL,ACRES,,NATIONAL,,"103,142",,,9000,AREA HARVESTED,CENSUS,,AREA HARVESTED: (50.0 TO 99.9 ACRES),YEAR,99,,UNITED STATES,US,AREA HARVESTED,,US TOTAL,00000000,FIELD CROPS,00,WINTER,2002,,,,,,ALL UTILIZATION PRACTICES,ANNUAL,WHEAT,"WHEAT, WINTER, IRRIGATED - ACRES HARVESTED",2012-01-01 00:00:00.000
IRRIGATED,00,CROPS,US TOTAL,ACRES,,NATIONAL,,"529,626",,,9000,AREA HARVESTED,CENSUS,,AREA HARVESTED: (500 TO 999 ACRES),YEAR,99,,UNITED STATES,US,AREA HARVESTED,,US TOTAL,00000000,FIELD CROPS,00,WINTER,2002,,,,,,ALL UTILIZATION PRACTICES,ANNUAL,WHEAT,"WHEAT, WINTER, IRRIGATED - ACRES HARVESTED",2012-01-01 00:00:00.000
IRRIGATED,00,CROPS,US TOTAL,ACRES,,NATIONAL,,"2,222,029",,,9000,AREA HARVESTED,CENSUS,,NOT SPECIFIED,YEAR,99,,UNITED STATES,US,TOTAL,,US TOTAL,00000000,FIELD CROPS,00,WINTER,2002,,,,,,ALL UTILIZATION PRACTICES,ANNUAL,WHEAT,"WHEAT, WINTER, IRRIGATED - ACRES HARVESTED",2012-01-01 00:00:00.000
"IRRIGATED, ENTIRE CROP",00,CROPS,US TOTAL,ACRES,,NATIONAL,,"1,499,653",,,9000,AREA HARVESTED,CENSUS,,NOT SPECIFIED,YEAR,99,,UNITED STATES,US,TOTAL,,US TOTAL,00000000,FIELD CROPS,00,WINTER,2002,,,,,,ALL UTILIZATION PRACTICES,ANNUAL,WHEAT,"WHEAT, WINTER, IRRIGATED, ENTIRE CROP - ACRES HARVESTED",2012-01-01 00:00:00.000
"IRRIGATED, NONE OF CROP",00,CROPS,US TOTAL,ACRES,,NATIONAL,,"25,571,794",,,9000,AREA HARVESTED,CENSUS,,NOT SPECIFIED,YEAR,99,,UNITED STATES,US,TOTAL,,US TOTAL,00000000,FIELD CROPS,00,WINTER,2002,,,,,,ALL UTILIZATION PRACTICES,ANNUAL,WHEAT,"WHEAT, WINTER, IRRIGATED, NONE OF CROP - ACRES HARVESTED",2012-01-01 00:00:00.000
"IRRIGATED, PART OF CROP, IRRIGATED PORTION",00,CROPS,US TOTAL,ACRES,,NATIONAL,,"722,376",,,9000,AREA HARVESTED,CENSUS,,NOT SPECIFIED,YEAR,99,,UNITED STATES,US,TOTAL,,US TOTAL,00000000,FIELD CROPS,00,WINTER,2002,,,,,,ALL UTILIZATION PRACTICES,ANNUAL,WHEAT,"WHEAT, WINTER, IRRIGATED, PART OF CROP, IRRIGATED PORTION - ACRES HARVESTED",2012-01-01 00:00:00.000
ALL PRODUCTION PRACTICES,00,CROPS,US TOTAL,ACRES,,NATIONAL,,"24,199,531",,,9000,AREA HARVESTED,CENSUS,,"AREA HARVESTED: (1,000 OR MORE ACRES)",YEAR,99,,UNITED STATES,US,AREA HARVESTED,,US TOTAL,00000000,FIELD CROPS,00,ALL CLASSES,2007,,,,,,ALL UTILIZATION PRACTICES,ANNUAL,WHEAT,WHEAT - ACRES HARVESTED,2012-01-01 00:00:00.000
ALL PRODUCTION PRACTICES,00,CROPS,US TOTAL,ACRES,,NATIONAL,,"12,418,248",,,9000,AREA HARVESTED,CENSUS,,"AREA HARVESTED: (1,000 TO 1,999 ACRES)",YEAR,99,,UNITED STATES,US,AREA HARVESTED,,US TOTAL,00000000,FIELD CROPS,00,ALL CLASSES,2007,,,,,,ALL UTILIZATION PRACTICES,ANNUAL,WHEAT,WHEAT - ACRES HARVESTED,2012-01-01 00:00:00.000
ALL PRODUCTION PRACTICES,00,CROPS,US TOTAL,ACRES,,NATIONAL,,"117,426",,,9000,AREA HARVESTED,CENSUS,,AREA HARVESTED: (1.0 TO 14.9 ACRES),YEAR,99,,UNITED STATES,US,AREA HARVESTED,,US TOTAL,00000000,FIELD CROPS,00,ALL CLASSES,2007,,,,,,ALL UTILIZATION PRACTICES,ANNUAL,WHEAT,WHEAT - ACRES HARVESTED,2012-01-01 00:00:00.000
ALL PRODUCTION PRACTICES,00,CROPS,US TOTAL,ACRES,,NATIONAL,,"5,439,157",,,9000,AREA HARVESTED,CENSUS,,AREA HARVESTED: (100 TO 249 ACRES),YEAR,99,,UNITED STATES,US,AREA HARVESTED,,US TOTAL,00000000,FIELD CROPS,00,ALL CLASSES,2007,,,,,,ALL UTILIZATION PRACTICES,ANNUAL,WHEAT,WHEAT - ACRES HARVESTED,2012-01-01 00:00:00.000
ALL PRODUCTION PRACTICES,00,CROPS,US TOTAL,ACRES,,NATIONAL,,"245,624",,,9000,AREA HARVESTED,CENSUS,,AREA HARVESTED: (15.0 TO 24.9 ACRES),YEAR,99,,UNITED STATES,US,AREA HARVESTED,,US TOTAL,00000000,FIELD CROPS,00,ALL CLASSES,2007,,,,,,ALL UTILIZATION PRACTICES,ANNUAL,WHEAT,WHEAT - ACRES HARVESTED,2012-01-01 00:00:00.000
ALL PRODUCTION PRACTICES,00,CROPS,US TOTAL,ACRES,,NATIONAL,,"5,625,869",,,9000,AREA HARVESTED,CENSUS,,"AREA HARVESTED: (2,000 TO 2,999 ACRES)",YEAR,99,,UNITED STATES,US,AREA HARVESTED,,US TOTAL,00000000,FIELD CROPS,00,ALL CLASSES,2007,,,,,,ALL UTILIZATION PRACTICES,ANNUAL,WHEAT,WHEAT - ACRES HARVESTED,2012-01-01 00:00:00.000
ALL PRODUCTION PRACTICES,00,CROPS,US TOTAL,ACRES,,NATIONAL,,"792,718",,,9000,AREA HARVESTED,CENSUS,,AREA HARVESTED: (25.0 TO 49.9 ACRES),YEAR,99,,UNITED STATES,US,AREA HARVESTED,,US TOTAL,00000000,FIELD CROPS,00,ALL CLASSES,2007,,,,,,ALL UTILIZATION PRACTICES,ANNUAL,WHEAT,WHEAT - ACRES HARVESTED,2012-01-01 00:00:00.000
ALL PRODUCTION PRACTICES,00,CROPS,US TOTAL,ACRES,,NATIONAL,,"7,412,051",,,9000,AREA HARVESTED,CENSUS,,AREA HARVESTED: (250 TO 499 ACRES),YEAR,99,,UNITED STATES,US,AREA HARVESTED,,US TOTAL,00000000,FIELD CROPS,00,ALL CLASSES,2007,,,,,,ALL UTILIZATION PRACTICES,ANNUAL,WHEAT,WHEAT - ACRES HARVESTED,2012-01-01 00:00:00.000
ALL PRODUCTION PRACTICES,00,CROPS,US TOTAL,ACRES,,NATIONAL,,"3,996,858",,,9000,AREA HARVESTED,CENSUS,,"AREA HARVESTED: (3,000 TO 4,999 ACRES)",YEAR,99,,UNITED STATES,US,AREA HARVESTED,,US TOTAL,00000000,FIELD CROPS,00,ALL CLASSES,2007,,,,,,ALL UTILIZATION PRACTICES,ANNUAL,WHEAT,WHEAT - ACRES HARVESTED,2012-01-01 00:00:00.000
ALL PRODUCTION PRACTICES,00,CROPS,US TOTAL,ACRES,,NATIONAL,,"2,158,556",,,9000,AREA HARVESTED,CENSUS,,"AREA HARVESTED: (5,000 OR MORE ACRES)",YEAR,99,,UNITED STATES,US,AREA HARVESTED,,US TOTAL,00000000,FIELD CROPS,00,ALL CLASSES,2007,,,,,,ALL UTILIZATION PRACTICES,ANNUAL,WHEAT,WHEAT - ACRES HARVESTED,2012-01-01 00:00:00.000
ALL PRODUCTION PRACTICES,00,CROPS,US TOTAL,ACRES,,NATIONAL,,"1,857,801",,,9000,AREA HARVESTED,CENSUS,,AREA HARVESTED: (50.0 TO 99.9 ACRES),YEAR,99,,UNITED STATES,US,AREA HARVESTED,,US TOTAL,00000000,FIELD CROPS,00,ALL CLASSES,2007,,,,,,ALL UTILIZATION PRACTICES,ANNUAL,WHEAT,WHEAT - ACRES HARVESTED,2012-01-01 00:00:00.000
ALL PRODUCTION PRACTICES,00,CROPS,US TOTAL,ACRES,,NATIONAL,,"10,868,661",,,9000,AREA HARVESTED,CENSUS,,AREA HARVESTED: (500 TO 999 ACRES),YEAR,99,,UNITED STATES,US,AREA HARVESTED,,US TOTAL,00000000,FIELD CROPS,00,ALL CLASSES,2007,,,,,,ALL UTILIZATION PRACTICES,ANNUAL,WHEAT,WHEAT - ACRES HARVESTED,2012-01-01 00:00:00.000
ALL PRODUCTION PRACTICES,00,CROPS,US TOTAL,ACRES,,NATIONAL,,"50,932,969",,,9000,AREA HARVESTED,CENSUS,,NOT SPECIFIED,YEAR,99,,UNITED STATES,US,TOTAL,,US TOTAL,00000000,FIELD CROPS,00,ALL CLASSES,2007,,,,,,ALL UTILIZATION PRACTICES,ANNUAL,WHEAT,WHEAT - ACRES HARVESTED,2012-01-01 00:00:00.000
IRRIGATED,00,CROPS,US TOTAL,ACRES,,NATIONAL,,"1,338,154",,,9000,AREA HARVESTED,CENSUS,,"AREA HARVESTED: (1,000 OR MORE ACRES)",YEAR,99,,UNITED STATES,US,AREA HARVESTED,,US TOTAL,00000000,FIELD CROPS,00,ALL CLASSES,2007,,,,,,ALL UTILIZATION PRACTICES,ANNUAL,WHEAT,"WHEAT, IRRIGATED - ACRES HARVESTED",2012-01-01 00:00:00.000
IRRIGATED,00,CROPS,US TOTAL,ACRES,,NATIONAL,,"716,301",,,9000,AREA HARVESTED,CENSUS,,"AREA HARVESTED: (1,000 TO 1,999 ACRES)",YEAR,99,,UNITED STATES,US,AREA HARVESTED,,US TOTAL,00000000,FIELD CROPS,00,ALL CLASSES,2007,,,,,,ALL UTILIZATION PRACTICES,ANNUAL,WHEAT,"WHEAT, IRRIGATED - ACRES HARVESTED",2012-01-01 00:00:00.000
IRRIGATED,00,CROPS,US TOTAL,ACRES,,NATIONAL,,"4,290",,,9000,AREA HARVESTED,CENSUS,,AREA HARVESTED: (1.0 TO 14.9 ACRES),YEAR,99,,UNITED STATES,US,AREA HARVESTED,,US TOTAL,00000000,FIELD CROPS,00,ALL CLASSES,2007,,,,,,ALL UTILIZATION PRACTICES,ANNUAL,WHEAT,"WHEAT, IRRIGATED - ACRES HARVESTED",2012-01-01 00:00:00.000
IRRIGATED,00,CROPS,US TOTAL,ACRES,,NATIONAL,,"477,553",,,9000,AREA HARVESTED,CENSUS,,AREA HARVESTED: (100 TO 249 ACRES),YEAR,99,,UNITED STATES,US,AREA HARVESTED,,US TOTAL,00000000,FIELD CROPS,00,ALL CLASSES,2007,,,,,,ALL UTILIZATION PRACTICES,ANNUAL,WHEAT,"WHEAT, IRRIGATED - ACRES HARVESTED",2012-01-01 00:00:00.000
IRRIGATED,00,CROPS,US TOTAL,ACRES,,NATIONAL,,"9,488",,,9000,AREA HARVESTED,CENSUS,,AREA HARVESTED: (15.0 TO 24.9 ACRES),YEAR,99,,UNITED STATES,US,AREA HARVESTED,,US TOTAL,00000000,FIELD CROPS,00,ALL CLASSES,2007,,,,,,ALL UTILIZATION PRACTICES,ANNUAL,WHEAT,"WHEAT, IRRIGATED - ACRES HARVESTED",2012-01-01 00:00:00.000
IRRIGATED,00,CROPS,US TOTAL,ACRES,,NATIONAL,,"313,685",,,9000,AREA HARVESTED,CENSUS,,"AREA HARVESTED: (2,000 TO 2,999 ACRES)",YEAR,99,,UNITED STATES,US,AREA HARVESTED,,US TOTAL,00000000,FIELD CROPS,00,ALL CLASSES,2007,,,,,,ALL UTILIZATION PRACTICES,ANNUAL,WHEAT,"WHEAT, IRRIGATED - ACRES HARVESTED",2012-01-01 00:00:00.000
IRRIGATED,00,CROPS,US TOTAL,ACRES,,NATIONAL,,"40,328",,,9000,AREA HARVESTED,CENSUS,,AREA HARVESTED: (25.0 TO 49.9 ACRES),YEAR,99,,UNITED STATES,US,AREA HARVESTED,,US TOTAL,00000000,FIELD CROPS,00,ALL CLASSES,2007,,,,,,ALL UTILIZATION PRACTICES,ANNUAL,WHEAT,"WHEAT, IRRIGATED - ACRES HARVESTED",2012-01-01 00:00:00.000
IRRIGATED,00,CROPS,US TOTAL,ACRES,,NATIONAL,,"620,383",,,9000,AREA HARVESTED,CENSUS,,AREA HARVESTED: (250 TO 499 ACRES),YEAR,99,,UNITED STATES,US,AREA HARVESTED,,US TOTAL,00000000,FIELD CROPS,00,ALL CLASSES,2007,,,,,,ALL UTILIZATION PRACTICES,ANNUAL,WHEAT,"WHEAT, IRRIGATED - ACRES HARVESTED",2012-01-01 00:00:00.000
IRRIGATED,00,CROPS,US TOTAL,ACRES,,NATIONAL,,"175,961",,,9000,AREA HARVESTED,CENSUS,,"AREA HARVESTED: (3,000 TO 4,999 ACRES)",YEAR,99,,UNITED STATES,US,AREA HARVESTED,,US TOTAL,00000000,FIELD CROPS,00,ALL CLASSES,2007,,,,,,ALL UTILIZATION PRACTICES,ANNUAL,WHEAT,"WHEAT, IRRIGATED - ACRES HARVESTED",2012-01-01 00:00:00.000
IRRIGATED,00,CROPS,US TOTAL,ACRES,,NATIONAL,,"132,207",,,9000,AREA HARVESTED,CENSUS,,"AREA HARVESTED: (5,000 OR MORE ACRES)",YEAR,99,,UNITED STATES,US,AREA HARVESTED,,US TOTAL,00000000,FIELD CROPS,00,ALL CLASSES,2007,,,,,,ALL UTILIZATION PRACTICES,ANNUAL,WHEAT,"WHEAT, IRRIGATED - ACRES HARVESTED",2012-01-01 00:00:00.000
IRRIGATED,00,CROPS,US TOTAL,ACRES,,NATIONAL,,"129,629",,,9000,AREA HARVESTED,CENSUS,,AREA HARVESTED: (50.0 TO 99.9 ACRES),YEAR,99,,UNITED STATES,US,AREA HARVESTED,,US TOTAL,00000000,FIELD CROPS,00,ALL CLASSES,2007,,,,,,ALL UTILIZATION PRACTICES,ANNUAL,WHEAT,"WHEAT, IRRIGATED - ACRES HARVESTED",2012-01-01 00:00:00.000
IRRIGATED,00,CROPS,US TOTAL,ACRES,,NATIONAL,,"744,254",,,9000,AREA HARVESTED,CENSUS,,AREA HARVESTED: (500 TO 999 ACRES),YEAR,99,,UNITED STATES,US,AREA HARVESTED,,US TOTAL,00000000,FIELD CROPS,00,ALL CLASSES,2007,,,,,,ALL UTILIZATION PRACTICES,ANNUAL,WHEAT,"WHEAT, IRRIGATED - ACRES HARVESTED",2012-01-01 00:00:00.000
IRRIGATED,00,CROPS,US TOTAL,ACRES,,NATIONAL,,"3,364,079",,,9000,AREA HARVESTED,CENSUS,,NOT SPECIFIED,YEAR,99,,UNITED STATES,US,TOTAL,,US TOTAL,00000000,FIELD CROPS,00,ALL CLASSES,2007,,,,,,ALL UTILIZATION PRACTICES,ANNUAL,WHEAT,"WHEAT, IRRIGATED - ACRES HARVESTED",2012-01-01 00:00:00.000
"IRRIGATED, ENTIRE CROP",00,CROPS,US TOTAL,ACRES,,NATIONAL,,"1,806,902",,,9000,AREA HARVESTED,CENSUS,,NOT SPECIFIED,YEAR,99,,UNITED STATES,US,TOTAL,,US TOTAL,00000000,FIELD CROPS,00,ALL CLASSES,2007,,,,,,ALL UTILIZATION PRACTICES,ANNUAL,WHEAT,"WHEAT, IRRIGATED, ENTIRE CROP - ACRES HARVESTED",2012-01-01 00:00:00.000
"IRRIGATED, NONE OF CROP",00,CROPS,US TOTAL,ACRES,,NATIONAL,,"43,865,291",,,9000,AREA HARVESTED,CENSUS,,NOT SPECIFIED,YEAR,99,,UNITED STATES,US,TOTAL,,US TOTAL,00000000,FIELD CROPS,00,ALL CLASSES,2007,,,,,,ALL UTILIZATION PRACTICES,ANNUAL,WHEAT,"WHEAT, IRRIGATED, NONE OF CROP - ACRES HARVESTED",2012-01-01 00:00:00.000
"IRRIGATED, PART OF CROP, IRRIGATED PORTION",00,CROPS,US TOTAL,ACRES,,NATIONAL,,"1,557,177",,,9000,AREA HARVESTED,CENSUS,,NOT SPECIFIED,YEAR,99,,UNITED STATES,US,TOTAL,,US TOTAL,00000000,FIELD CROPS,00,ALL CLASSES,2007,,,,,,ALL UTILIZATION PRACTICES,ANNUAL,WHEAT,"WHEAT, IRRIGATED, PART OF CROP, IRRIGATED PORTION - ACRES HARVESTED",2012-01-01 00:00:00.000
ALL PRODUCTION PRACTICES,00,CROPS,US TOTAL,ACRES,,NATIONAL,,"6,313,206",,,9000,AREA HARVESTED,CENSUS,,"AREA HARVESTED: (1,000 OR MORE ACRES)",YEAR,99,,UNITED STATES,US,AREA HARVESTED,,US TOTAL,00000000,FIELD CROPS,00,"SPRING, (EXCL DURUM)",2007,,,,,,ALL UTILIZATION PRACTICES,ANNUAL,WHEAT,"WHEAT, SPRING, (EXCL DURUM) - ACRES HARVESTED",2012-01-01 00:00:00.000
ALL PRODUCTION PRACTICES,00,CROPS,US TOTAL,ACRES,,NATIONAL,,"3,444,988",,,9000,AREA HARVESTED,CENSUS,,"AREA HARVESTED: (1,000 TO 1,999 ACRES)",YEAR,99,,UNITED STATES,US,AREA HARVESTED,,US TOTAL,00000000,FIELD CROPS,00,"SPRING, (EXCL DURUM)",2007,,,,,,ALL UTILIZATION PRACTICES,ANNUAL,WHEAT,"WHEAT, SPRING, (EXCL DURUM) - ACRES HARVESTED",2012-01-01 00:00:00.000
ALL PRODUCTION PRACTICES,00,CROPS,US TOTAL,ACRES,,NATIONAL,,"8,949",,,9000,AREA HARVESTED,CENSUS,,AREA HARVESTED: (1.0 TO 14.9 ACRES),YEAR,99,,UNITED STATES,US,AREA HARVESTED,,US TOTAL,00000000,FIELD CROPS,00,"SPRING, (EXCL DURUM)",2007,,,,,,ALL UTILIZATION PRACTICES,ANNUAL,WHEAT,"WHEAT, SPRING, (EXCL DURUM) - ACRES HARVESTED",2012-01-01 00:00:00.000
ALL PRODUCTION PRACTICES,00,CROPS,US TOTAL,ACRES,,NATIONAL,,"1,097,611",,,9000,AREA HARVESTED,CENSUS,,AREA HARVESTED: (100 TO 249 ACRES),YEAR,99,,UNITED STATES,US,AREA HARVESTED,,US TOTAL,00000000,FIELD CROPS,00,"SPRING, (EXCL DURUM)",2007,,,,,,ALL UTILIZATION PRACTICES,ANNUAL,WHEAT,"WHEAT, SPRING, (EXCL DURUM) - ACRES HARVESTED",2012-01-01 00:00:00.000
ALL PRODUCTION PRACTICES,00,CROPS,US TOTAL,ACRES,,NATIONAL,,"20,491",,,9000,AREA HARVESTED,CENSUS,,AREA HARVESTED: (15.0 TO 24.9 ACRES),YEAR,99,,UNITED STATES,US,AREA HARVESTED,,US TOTAL,00000000,FIELD CROPS,00,"SPRING, (EXCL DURUM)",2007,,,,,,ALL UTILIZATION PRACTICES,ANNUAL,WHEAT,"WHEAT, SPRING, (EXCL DURUM) - ACRES HARVESTED",2012-01-01 00:00:00.000
ALL PRODUCTION PRACTICES,00,CROPS,US TOTAL,ACRES,,NATIONAL,,"1,494,451",,,9000,AREA HARVESTED,CENSUS,,"AREA HARVESTED: (2,000 TO 2,999 ACRES)",YEAR,99,,UNITED STATES,US,AREA HARVESTED,,US TOTAL,00000000,FIELD CROPS,00,"SPRING, (EXCL DURUM)",2007,,,,,,ALL UTILIZATION PRACTICES,ANNUAL,WHEAT,"WHEAT, SPRING, (EXCL DURUM) - ACRES HARVESTED",2012-01-01 00:00:00.000
ALL PRODUCTION PRACTICES,00,CROPS,US TOTAL,ACRES,,NATIONAL,,"80,319",,,9000,AREA HARVESTED,CENSUS,,AREA HARVESTED: (25.0 TO 49.9 ACRES),YEAR,99,,UNITED STATES,US,AREA HARVESTED,,US TOTAL,00000000,FIELD CROPS,00,"SPRING, (EXCL DURUM)",2007,,,,,,ALL UTILIZATION PRACTICES,ANNUAL,WHEAT,"WHEAT, SPRING, (EXCL DURUM) - ACRES HARVESTED",2012-01-01 00:00:00.000
ALL PRODUCTION PRACTICES,00,CROPS,US TOTAL,ACRES,,NATIONAL,,"1,931,494",,,9000,AREA HARVESTED,CENSUS,,AREA HARVESTED: (250 TO 499 ACRES),YEAR,99,,UNITED STATES,US,AREA HARVESTED,,US TOTAL,00000000,FIELD CROPS,00,"SPRING, (EXCL DURUM)",2007,,,,,,ALL UTILIZATION PRACTICES,ANNUAL,WHEAT,"WHEAT, SPRING, (EXCL DURUM) - ACRES HARVESTED",2012-01-01 00:00:00.000
ALL PRODUCTION PRACTICES,00,CROPS,US TOTAL,ACRES,,NATIONAL,,"942,955",,,9000,AREA HARVESTED,CENSUS,,"AREA HARVESTED: (3,000 TO 4,999 ACRES)",YEAR,99,,UNITED STATES,US,AREA HARVESTED,,US TOTAL,00000000,FIELD CROPS,00,"SPRING, (EXCL DURUM)",2007,,,,,,ALL UTILIZATION PRACTICES,ANNUAL,WHEAT,"WHEAT, SPRING, (EXCL DURUM) - ACRES HARVESTED",2012-01-01 00:00:00.000
ALL PRODUCTION PRACTICES,00,CROPS,US TOTAL,ACRES,,NATIONAL,,"430,812",,,9000,AREA HARVESTED,CENSUS,,"AREA HARVESTED: (5,000 OR MORE ACRES)",YEAR,99,,UNITED STATES,US,AREA HARVESTED,,US TOTAL,00000000,FIELD CROPS,00,"SPRING, (EXCL DURUM)",2007,,,,,,ALL UTILIZATION PRACTICES,ANNUAL,WHEAT,"WHEAT, SPRING, (EXCL DURUM) - ACRES HARVESTED",2012-01-01 00:00:00.000
ALL PRODUCTION PRACTICES,00,CROPS,US TOTAL,ACRES,,NATIONAL,,"263,773",,,9000,AREA HARVESTED,CENSUS,,AREA HARVESTED: (50.0 TO 99.9 ACRES),YEAR,99,,UNITED STATES,US,AREA HARVESTED,,US TOTAL,00000000,FIELD CROPS,00,"SPRING, (EXCL DURUM)",2007,,,,,,ALL UTILIZATION PRACTICES,ANNUAL,WHEAT,"WHEAT, SPRING, (EXCL DURUM) - ACRES HARVESTED",2012-01-01 00:00:00.000
ALL PRODUCTION PRACTICES,00,CROPS,US TOTAL,ACRES,,NATIONAL,,"3,292,423",,,9000,AREA HARVESTED,CENSUS,,AREA HARVESTED: (500 TO 999 ACRES),YEAR,99,,UNITED STATES,US,AREA HARVESTED,,US TOTAL,00000000,FIELD CROPS,00,"SPRING, (EXCL DURUM)",2007,,,,,,ALL UTILIZATION PRACTICES,ANNUAL,WHEAT,"WHEAT, SPRING, (EXCL DURUM) - ACRES HARVESTED",2012-01-01 00:00:00.000
ALL PRODUCTION PRACTICES,00,CROPS,US TOTAL,ACRES,,NATIONAL,,"13,008,266",,,9000,AREA HARVESTED,CENSUS,,NOT SPECIFIED,YEAR,99,,UNITED STATES,US,TOTAL,,US TOTAL,00000000,FIELD CROPS,00,"SPRING, (EXCL DURUM)",2007,,,,,,ALL UTILIZATION PRACTICES,ANNUAL,WHEAT,"WHEAT, SPRING, (EXCL DURUM) - ACRES HARVESTED",2012-01-01 00:00:00.000
IRRIGATED,00,CROPS,US TOTAL,ACRES,,NATIONAL,,"157,122",,,9000,AREA HARVESTED,CENSUS,,"AREA HARVESTED: (1,000 OR MORE ACRES)",YEAR,99,,UNITED STATES,US,AREA HARVESTED,,US TOTAL,00000000,FIELD CROPS,00,"SPRING, (EXCL DURUM)",2007,,,,,,ALL UTILIZATION PRACTICES,ANNUAL,WHEAT,"WHEAT, SPRING, (EXCL DURUM), IRRIGATED - ACRES HARVESTED",2012-01-01 00:00:00.000
IRRIGATED,00,CROPS,US TOTAL,ACRES,,NATIONAL,,"97,270",,,9000,AREA HARVESTED,CENSUS,,"AREA HARVESTED: (1,000 TO 1,999 ACRES)",YEAR,99,,UNITED STATES,US,AREA HARVESTED,,US TOTAL,00000000,FIELD CROPS,00,"SPRING, (EXCL DURUM)",2007,,,,,,ALL UTILIZATION PRACTICES,ANNUAL,WHEAT,"WHEAT, SPRING, (EXCL DURUM), IRRIGATED - ACRES HARVESTED",2012-01-01 00:00:00.000
IRRIGATED,00,CROPS,US TOTAL,ACRES,,NATIONAL,,"1,442",,,9000,AREA HARVESTED,CENSUS,,AREA HARVESTED: (1.0 TO 14.9 ACRES),YEAR,99,,UNITED STATES,US,AREA HARVESTED,,US TOTAL,00000000,FIELD CROPS,00,"SPRING, (EXCL DURUM)",2007,,,,,,ALL UTILIZATION PRACTICES,ANNUAL,WHEAT,"WHEAT, SPRING, (EXCL DURUM), IRRIGATED - ACRES HARVESTED",2012-01-01 00:00:00.000
IRRIGATED,00,CROPS,US TOTAL,ACRES,,NATIONAL,,"98,555",,,9000,AREA HARVESTED,CENSUS,,AREA HARVESTED: (100 TO 249 ACRES),YEAR,99,,UNITED STATES,US,AREA HARVESTED,,US TOTAL,00000000,FIELD CROPS,00,"SPRING, (EXCL DURUM)",2007,,,,,,ALL UTILIZATION PRACTICES,ANNUAL,WHEAT,"WHEAT, SPRING, (EXCL DURUM), IRRIGATED - ACRES HARVESTED",2012-01-01 00:00:00.000
IRRIGATED,00,CROPS,US TOTAL,ACRES,,NATIONAL,,"3,155",,,9000,AREA HARVESTED,CENSUS,,AREA HARVESTED: (15.0 TO 24.9 ACRES),YEAR,99,,UNITED STATES,US,AREA HARVESTED,,US TOTAL,00000000,FIELD CROPS,00,"SPRING, (EXCL DURUM)",2007,,,,,,ALL UTILIZATION PRACTICES,ANNUAL,WHEAT,"WHEAT, SPRING, (EXCL DURUM), IRRIGATED - ACRES HARVESTED",2012-01-01 00:00:00.000
IRRIGATED,00,CROPS,US TOTAL,ACRES,,NATIONAL,,"39,742",,,9000,AREA HARVESTED,CENSUS,,"AREA HARVESTED: (2,000 TO 2,999 ACRES)",YEAR,99,,UNITED STATES,US,AREA HARVESTED,,US TOTAL,00000000,FIELD CROPS,00,"SPRING, (EXCL DURUM)",2007,,,,,,ALL UTILIZATION PRACTICES,ANNUAL,WHEAT,"WHEAT, SPRING, (EXCL DURUM), IRRIGATED - ACRES HARVESTED",2012-01-01 00:00:00.000
IRRIGATED,00,CROPS,US TOTAL,ACRES,,NATIONAL,,"11,007",,,9000,AREA HARVESTED,CENSUS,,AREA HARVESTED: (25.0 TO 49.9 ACRES),YEAR,99,,UNITED STATES,US,AREA HARVESTED,,US TOTAL,00000000,FIELD CROPS,00,"SPRING, (EXCL DURUM)",2007,,,,,,ALL UTILIZATION PRACTICES,ANNUAL,WHEAT,"WHEAT, SPRING, (EXCL DURUM), IRRIGATED - ACRES HARVESTED",2012-01-01 00:00:00.000
IRRIGATED,00,CROPS,US TOTAL,ACRES,,NATIONAL,,"96,134",,,9000,AREA HARVESTED,CENSUS,,AREA HARVESTED: (250 TO 499 ACRES),YEAR,99,,UNITED STATES,US,AREA HARVESTED,,US TOTAL,00000000,FIELD CROPS,00,"SPRING, (EXCL DURUM)",2007,,,,,,ALL UTILIZATION PRACTICES,ANNUAL,WHEAT,"WHEAT, SPRING, (EXCL DURUM), IRRIGATED - ACRES HARVESTED",2012-01-01 00:00:00.000
IRRIGATED,00,CROPS,US TOTAL,ACRES,,NATIONAL,,                 (D),,,9000,AREA HARVESTED,CENSUS,,"AREA HARVESTED: (3,000 TO 4,999 ACRES)",YEAR,99,,UNITED STATES,US,AREA HARVESTED,,US TOTAL,00000000,FIELD CROPS,00,"SPRING, (EXCL DURUM)",2007,,,,,,ALL UTILIZATION PRACTICES,ANNUAL,WHEAT,"WHEAT, SPRING, (EXCL DURUM), IRRIGATED - ACRES HARVESTED",2012-01-01 00:00:00.000
IRRIGATED,00,CROPS,US TOTAL,ACRES,,NATIONAL,,                 (D),,,9000,AREA HARVESTED,CENSUS,,"AREA HARVESTED: (5,000 OR MORE ACRES)",YEAR,99,,UNITED STATES,US,AREA HARVESTED,,US TOTAL,00000000,FIELD CROPS,00,"SPRING, (EXCL DURUM)",2007,,,,,,ALL UTILIZATION PRACTICES,ANNUAL,WHEAT,"WHEAT, SPRING, (EXCL DURUM), IRRIGATED - ACRES HARVESTED",2012-01-01 00:00:00.000
IRRIGATED,00,CROPS,US TOTAL,ACRES,,NATIONAL,,"34,229",,,9000,AREA HARVESTED,CENSUS,,AREA HARVESTED: (50.0 TO 99.9 ACRES),YEAR,99,,UNITED STATES,US,AREA HARVESTED,,US TOTAL,00000000,FIELD CROPS,00,"SPRING, (EXCL DURUM)",2007,,,,,,ALL UTILIZATION PRACTICES,ANNUAL,WHEAT,"WHEAT, SPRING, (EXCL DURUM), IRRIGATED - ACRES HARVESTED",2012-01-01 00:00:00.000
IRRIGATED,00,CROPS,US TOTAL,ACRES,,NATIONAL,,"120,236",,,9000,AREA HARVESTED,CENSUS,,AREA HARVESTED: (500 TO 999 ACRES),YEAR,99,,UNITED STATES,US,AREA HARVESTED,,US TOTAL,00000000,FIELD CROPS,00,"SPRING, (EXCL DURUM)",2007,,,,,,ALL UTILIZATION PRACTICES,ANNUAL,WHEAT,"WHEAT, SPRING, (EXCL DURUM), IRRIGATED - ACRES HARVESTED",2012-01-01 00:00:00.000
IRRIGATED,00,CROPS,US TOTAL,ACRES,,NATIONAL,,"521,880",,,9000,AREA HARVESTED,CENSUS,,NOT SPECIFIED,YEAR,99,,UNITED STATES,US,TOTAL,,US TOTAL,00000000,FIELD CROPS,00,"SPRING, (EXCL DURUM)",2007,,,,,,ALL UTILIZATION PRACTICES,ANNUAL,WHEAT,"WHEAT, SPRING, (EXCL DURUM), IRRIGATED - ACRES HARVESTED",2012-01-01 00:00:00.000
"IRRIGATED, ENTIRE CROP",00,CROPS,US TOTAL,ACRES,,NATIONAL,,"422,183",,,9000,AREA HARVESTED,CENSUS,,NOT SPECIFIED,YEAR,99,,UNITED STATES,US,TOTAL,,US TOTAL,00000000,FIELD CROPS,00,"SPRING, (EXCL DURUM)",2007,,,,,,ALL UTILIZATION PRACTICES,ANNUAL,WHEAT,"WHEAT, SPRING, (EXCL DURUM), IRRIGATED, ENTIRE CROP - ACRES HARVESTED",2012-01-01 00:00:00.000
"IRRIGATED, NONE OF CROP",00,CROPS,US TOTAL,ACRES,,NATIONAL,,"12,242,262",,,9000,AREA HARVESTED,CENSUS,,NOT SPECIFIED,YEAR,99,,UNITED STATES,US,TOTAL,,US TOTAL,00000000,FIELD CROPS,00,"SPRING, (EXCL DURUM)",2007,,,,,,ALL UTILIZATION PRACTICES,ANNUAL,WHEAT,"WHEAT, SPRING, (EXCL DURUM), IRRIGATED, NONE OF CROP - ACRES HARVESTED",2012-01-01 00:00:00.000
"IRRIGATED, PART OF CROP, IRRIGATED PORTION",00,CROPS,US TOTAL,ACRES,,NATIONAL,,"99,697",,,9000,AREA HARVESTED,CENSUS,,NOT SPECIFIED,YEAR,99,,UNITED STATES,US,TOTAL,,US TOTAL,00000000,FIELD CROPS,00,"SPRING, (EXCL DURUM)",2007,,,,,,ALL UTILIZATION PRACTICES,ANNUAL,WHEAT,"WHEAT, SPRING, (EXCL DURUM), IRRIGATED, PART OF CROP, IRRIGATED PORTION - ACRES HARVESTED",2012-01-01 00:00:00.000
ALL PRODUCTION PRACTICES,00,CROPS,US TOTAL,ACRES,,NATIONAL,,"1,139,029",,,9000,AREA HARVESTED,CENSUS,,"AREA HARVESTED: (1,000 OR MORE ACRES)",YEAR,99,,UNITED STATES,US,AREA HARVESTED,,US TOTAL,00000000,FIELD CROPS,00,"SPRING, DURUM",2007,,,,,,ALL UTILIZATION PRACTICES,ANNUAL,WHEAT,"WHEAT, SPRING, DURUM - ACRES HARVESTED",2012-01-01 00:00:00.000
ALL PRODUCTION PRACTICES,00,CROPS,US TOTAL,ACRES,,NATIONAL,,"615,189",,,9000,AREA HARVESTED,CENSUS,,"AREA HARVESTED: (1,000 TO 1,999 ACRES)",YEAR,99,,UNITED STATES,US,AREA HARVESTED,,US TOTAL,00000000,FIELD CROPS,00,"SPRING, DURUM",2007,,,,,,ALL UTILIZATION PRACTICES,ANNUAL,WHEAT,"WHEAT, SPRING, DURUM - ACRES HARVESTED",2012-01-01 00:00:00.000
ALL PRODUCTION PRACTICES,00,CROPS,US TOTAL,ACRES,,NATIONAL,,423,,,9000,AREA HARVESTED,CENSUS,,AREA HARVESTED: (1.0 TO 14.9 ACRES),YEAR,99,,UNITED STATES,US,AREA HARVESTED,,US TOTAL,00000000,FIELD CROPS,00,"SPRING, DURUM",2007,,,,,,ALL UTILIZATION PRACTICES,ANNUAL,WHEAT,"WHEAT, SPRING, DURUM - ACRES HARVESTED",2012-01-01 00:00:00.000
ALL PRODUCTION PRACTICES,00,CROPS,US TOTAL,ACRES,,NATIONAL,,"150,949",,,9000,AREA HARVESTED,CENSUS,,AREA HARVESTED: (100 TO 249 ACRES),YEAR,99,,UNITED STATES,US,AREA HARVESTED,,US TOTAL,00000000,FIELD CROPS,00,"SPRING, DURUM",2007,,,,,,ALL UTILIZATION PRACTICES,ANNUAL,WHEAT,"WHEAT, SPRING, DURUM - ACRES HARVESTED",2012-01-01 00:00:00.000
ALL PRODUCTION PRACTICES,00,CROPS,US TOTAL,ACRES,,NATIONAL,,683,,,9000,AREA HARVESTED,CENSUS,,AREA HARVESTED: (15.0 TO 24.9 ACRES),YEAR,99,,UNITED STATES,US,AREA HARVESTED,,US TOTAL,00000000,FIELD CROPS,00,"SPRING, DURUM",2007,,,,,,ALL UTILIZATION PRACTICES,ANNUAL,WHEAT,"WHEAT, SPRING, DURUM - ACRES HARVESTED",2012-01-01 00:00:00.000
ALL PRODUCTION PRACTICES,00,CROPS,US TOTAL,ACRES,,NATIONAL,,"296,895",,,9000,AREA HARVESTED,CENSUS,,"AREA HARVESTED: (2,000 TO 2,999 ACRES)",YEAR,99,,UNITED STATES,US,AREA HARVESTED,,US TOTAL,00000000,FIELD CROPS,00,"SPRING, DURUM",2007,,,,,,ALL UTILIZATION PRACTICES,ANNUAL,WHEAT,"WHEAT, SPRING, DURUM - ACRES HARVESTED",2012-01-01 00:00:00.000
ALL PRODUCTION PRACTICES,00,CROPS,US TOTAL,ACRES,,NATIONAL,,"5,117",,,9000,AREA HARVESTED,CENSUS,,AREA HARVESTED: (25.0 TO 49.9 ACRES),YEAR,99,,UNITED STATES,US,AREA HARVESTED,,US TOTAL,00000000,FIELD CROPS,00,"SPRING, DURUM",2007,,,,,,ALL UTILIZATION PRACTICES,ANNUAL,WHEAT,"WHEAT, SPRING, DURUM - ACRES HARVESTED",2012-01-01 00:00:00.000
ALL PRODUCTION PRACTICES,00,CROPS,US TOTAL,ACRES,,NATIONAL,,"296,771",,,9000,AREA HARVESTED,CENSUS,,AREA HARVESTED: (250 TO 499 ACRES),YEAR,99,,UNITED STATES,US,AREA HARVESTED,,US TOTAL,00000000,FIELD CROPS,00,"SPRING, DURUM",2007,,,,,,ALL UTILIZATION PRACTICES,ANNUAL,WHEAT,"WHEAT, SPRING, DURUM - ACRES HARVESTED",2012-01-01 00:00:00.000
ALL PRODUCTION PRACTICES,00,CROPS,US TOTAL,ACRES,,NATIONAL,,"179,087",,,9000,AREA HARVESTED,CENSUS,,"AREA HARVESTED: (3,000 TO 4,999 ACRES)",YEAR,99,,UNITED STATES,US,AREA HARVESTED,,US TOTAL,00000000,FIELD CROPS,00,"SPRING, DURUM",2007,,,,,,ALL UTILIZATION PRACTICES,ANNUAL,WHEAT,"WHEAT, SPRING, DURUM - ACRES HARVESTED",2012-01-01 00:00:00.000
ALL PRODUCTION PRACTICES,00,CROPS,US TOTAL,ACRES,,NATIONAL,,"47,858",,,9000,AREA HARVESTED,CENSUS,,"AREA HARVESTED: (5,000 OR MORE ACRES)",YEAR,99,,UNITED STATES,US,AREA HARVESTED,,US TOTAL,00000000,FIELD CROPS,00,"SPRING, DURUM",2007,,,,,,ALL UTILIZATION PRACTICES,ANNUAL,WHEAT,"WHEAT, SPRING, DURUM - ACRES HARVESTED",2012-01-01 00:00:00.000
ALL PRODUCTION PRACTICES,00,CROPS,US TOTAL,ACRES,,NATIONAL,,"21,780",,,9000,AREA HARVESTED,CENSUS,,AREA HARVESTED: (50.0 TO 99.9 ACRES),YEAR,99,,UNITED STATES,US,AREA HARVESTED,,US TOTAL,00000000,FIELD CROPS,00,"SPRING, DURUM",2007,,,,,,ALL UTILIZATION PRACTICES,ANNUAL,WHEAT,"WHEAT, SPRING, DURUM - ACRES HARVESTED",2012-01-01 00:00:00.000
ALL PRODUCTION PRACTICES,00,CROPS,US TOTAL,ACRES,,NATIONAL,,"523,982",,,9000,AREA HARVESTED,CENSUS,,AREA HARVESTED: (500 TO 999 ACRES),YEAR,99,,UNITED STATES,US,AREA HARVESTED,,US TOTAL,00000000,FIELD CROPS,00,"SPRING, DURUM",2007,,,,,,ALL UTILIZATION PRACTICES,ANNUAL,WHEAT,"WHEAT, SPRING, DURUM - ACRES HARVESTED",2012-01-01 00:00:00.000
ALL PRODUCTION PRACTICES,00,CROPS,US TOTAL,ACRES,,NATIONAL,,"2,138,734",,,9000,AREA HARVESTED,CENSUS,,NOT SPECIFIED,YEAR,99,,UNITED STATES,US,TOTAL,,US TOTAL,00000000,FIELD CROPS,00,"SPRING, DURUM",2007,,,,,,ALL UTILIZATION PRACTICES,ANNUAL,WHEAT,"WHEAT, SPRING, DURUM - ACRES HARVESTED",2012-01-01 00:00:00.000
IRRIGATED,00,CROPS,US TOTAL,ACRES,,NATIONAL,,"65,122",,,9000,AREA HARVESTED,CENSUS,,"AREA HARVESTED: (1,000 OR MORE ACRES)",YEAR,99,,UNITED STATES,US,AREA HARVESTED,,US TOTAL,00000000,FIELD CROPS,00,"SPRING, DURUM",2007,,,,,,ALL UTILIZATION PRACTICES,ANNUAL,WHEAT,"WHEAT, SPRING, DURUM, IRRIGATED - ACRES HARVESTED",2012-01-01 00:00:00.000
IRRIGATED,00,CROPS,US TOTAL,ACRES,,NATIONAL,,"37,530",,,9000,AREA HARVESTED,CENSUS,,"AREA HARVESTED: (1,000 TO 1,999 ACRES)",YEAR,99,,UNITED STATES,US,AREA HARVESTED,,US TOTAL,00000000,FIELD CROPS,00,"SPRING, DURUM",2007,,,,,,ALL UTILIZATION PRACTICES,ANNUAL,WHEAT,"WHEAT, SPRING, DURUM, IRRIGATED - ACRES HARVESTED",2012-01-01 00:00:00.000
IRRIGATED,00,CROPS,US TOTAL,ACRES,,NATIONAL,,66,,,9000,AREA HARVESTED,CENSUS,,AREA HARVESTED: (1.0 TO 14.9 ACRES),YEAR,99,,UNITED STATES,US,AREA HARVESTED,,US TOTAL,00000000,FIELD CROPS,00,"SPRING, DURUM",2007,,,,,,ALL UTILIZATION PRACTICES,ANNUAL,WHEAT,"WHEAT, SPRING, DURUM, IRRIGATED - ACRES HARVESTED",2012-01-01 00:00:00.000
IRRIGATED,00,CROPS,US TOTAL,ACRES,,NATIONAL,,"31,401",,,9000,AREA HARVESTED,CENSUS,,AREA HARVESTED: (100 TO 249 ACRES),YEAR,99,,UNITED STATES,US,AREA HARVESTED,,US TOTAL,00000000,FIELD CROPS,00,"SPRING, DURUM",2007,,,,,,ALL UTILIZATION PRACTICES,ANNUAL,WHEAT,"WHEAT, SPRING, DURUM, IRRIGATED - ACRES HARVESTED",2012-01-01 00:00:00.000
IRRIGATED,00,CROPS,US TOTAL,ACRES,,NATIONAL,,115,,,9000,AREA HARVESTED,CENSUS,,AREA HARVESTED: (15.0 TO 24.9 ACRES),YEAR,99,,UNITED STATES,US,AREA HARVESTED,,US TOTAL,00000000,FIELD CROPS,00,"SPRING, DURUM",2007,,,,,,ALL UTILIZATION PRACTICES,ANNUAL,WHEAT,"WHEAT, SPRING, DURUM, IRRIGATED - ACRES HARVESTED",2012-01-01 00:00:00.000
IRRIGATED,00,CROPS,US TOTAL,ACRES,,NATIONAL,,                 (D),,,9000,AREA HARVESTED,CENSUS,,"AREA HARVESTED: (2,000 TO 2,999 ACRES)",YEAR,99,,UNITED STATES,US,AREA HARVESTED,,US TOTAL,00000000,FIELD CROPS,00,"SPRING, DURUM",2007,,,,,,ALL UTILIZATION PRACTICES,ANNUAL,WHEAT,"WHEAT, SPRING, DURUM, IRRIGATED - ACRES HARVESTED",2012-01-01 00:00:00.000
IRRIGATED,00,CROPS,US TOTAL,ACRES,,NATIONAL,,"1,204",,,9000,AREA HARVESTED,CENSUS,,AREA HARVESTED: (25.0 TO 49.9 ACRES),YEAR,99,,UNITED STATES,US,AREA HARVESTED,,US TOTAL,00000000,FIELD CROPS,00,"SPRING, DURUM",2007,,,,,,ALL UTILIZATION PRACTICES,ANNUAL,WHEAT,"WHEAT, SPRING, DURUM, IRRIGATED - ACRES HARVESTED",2012-01-01 00:00:00.000
IRRIGATED,00,CROPS,US TOTAL,ACRES,,NATIONAL,,"37,025",,,9000,AREA HARVESTED,CENSUS,,AREA HARVESTED: (250 TO 499 ACRES),YEAR,99,,UNITED STATES,US,AREA HARVESTED,,US TOTAL,00000000,FIELD CROPS,00,"SPRING, DURUM",2007,,,,,,ALL UTILIZATION PRACTICES,ANNUAL,WHEAT,"WHEAT, SPRING, DURUM, IRRIGATED - ACRES HARVESTED",2012-01-01 00:00:00.000
IRRIGATED,00,CROPS,US TOTAL,ACRES,,NATIONAL,,"15,468",,,9000,AREA HARVESTED,CENSUS,,"AREA HARVESTED: (3,000 TO 4,999 ACRES)",YEAR,99,,UNITED STATES,US,AREA HARVESTED,,US TOTAL,00000000,FIELD CROPS,00,"SPRING, DURUM",2007,,,,,,ALL UTILIZATION PRACTICES,ANNUAL,WHEAT,"WHEAT, SPRING, DURUM, IRRIGATED - ACRES HARVESTED",2012-01-01 00:00:00.000
IRRIGATED,00,CROPS,US TOTAL,ACRES,,NATIONAL,,                 (D),,,9000,AREA HARVESTED,CENSUS,,"AREA HARVESTED: (5,000 OR MORE ACRES)",YEAR,99,,UNITED STATES,US,AREA HARVESTED,,US TOTAL,00000000,FIELD CROPS,00,"SPRING, DURUM",2007,,,,,,ALL UTILIZATION PRACTICES,ANNUAL,WHEAT,"WHEAT, SPRING, DURUM, IRRIGATED - ACRES HARVESTED",2012-01-01 00:00:00.000
IRRIGATED,00,CROPS,US TOTAL,ACRES,,NATIONAL,,"4,433",,,9000,AREA HARVESTED,CENSUS,,AREA HARVESTED: (50.0 TO 99.9 ACRES),YEAR,99,,UNITED STATES,US,AREA HARVESTED,,US TOTAL,00000000,FIELD CROPS,00,"SPRING, DURUM",2007,,,,,,ALL UTILIZATION PRACTICES,ANNUAL,WHEAT,"WHEAT, SPRING, DURUM, IRRIGATED - ACRES HARVESTED",2012-01-01 00:00:00.000
IRRIGATED,00,CROPS,US TOTAL,ACRES,,NATIONAL,,"48,785",,,9000,AREA HARVESTED,CENSUS,,AREA HARVESTED: (500 TO 999 ACRES),YEAR,99,,UNITED STATES,US,AREA HARVESTED,,US TOTAL,00000000,FIELD CROPS,00,"SPRING, DURUM",2007,,,,,,ALL UTILIZATION PRACTICES,ANNUAL,WHEAT,"WHEAT, SPRING, DURUM, IRRIGATED - ACRES HARVESTED",2012-01-01 00:00:00.000
IRRIGATED,00,CROPS,US TOTAL,ACRES,,NATIONAL,,"188,151",,,9000,AREA HARVESTED,CENSUS,,NOT SPECIFIED,YEAR,99,,UNITED STATES,US,TOTAL,,US TOTAL,00000000,FIELD CROPS,00,"SPRING, DURUM",2007,,,,,,ALL UTILIZATION PRACTICES,ANNUAL,WHEAT,"WHEAT, SPRING, DURUM, IRRIGATED - ACRES HARVESTED",2012-01-01 00:00:00.000
"IRRIGATED, ENTIRE CROP",00,CROPS,US TOTAL,ACRES,,NATIONAL,,"183,423",,,9000,AREA HARVESTED,CENSUS,,NOT SPECIFIED,YEAR,99,,UNITED STATES,US,TOTAL,,US TOTAL,00000000,FIELD CROPS,00,"SPRING, DURUM",2007,,,,,,ALL UTILIZATION PRACTICES,ANNUAL,WHEAT,"WHEAT, SPRING, DURUM, IRRIGATED, ENTIRE CROP - ACRES HARVESTED",2012-01-01 00:00:00.000
"IRRIGATED, NONE OF CROP",00,CROPS,US TOTAL,ACRES,,NATIONAL,,"1,921,893",,,9000,AREA HARVESTED,CENSUS,,NOT SPECIFIED,YEAR,99,,UNITED STATES,US,TOTAL,,US TOTAL,00000000,FIELD CROPS,00,"SPRING, DURUM",2007,,,,,,ALL UTILIZATION PRACTICES,ANNUAL,WHEAT,"WHEAT, SPRING, DURUM, IRRIGATED, NONE OF CROP - ACRES HARVESTED",2012-01-01 00:00:00.000
"IRRIGATED, PART OF CROP, IRRIGATED PORTION",00,CROPS,US TOTAL,ACRES,,NATIONAL,,"4,728",,,9000,AREA HARVESTED,CENSUS,,NOT SPECIFIED,YEAR,99,,UNITED STATES,US,TOTAL,,US TOTAL,00000000,FIELD CROPS,00,"SPRING, DURUM",2007,,,,,,ALL UTILIZATION PRACTICES,ANNUAL,WHEAT,"WHEAT, SPRING, DURUM, IRRIGATED, PART OF CROP, IRRIGATED PORTION - ACRES HARVESTED",2012-01-01 00:00:00.000
ALL PRODUCTION PRACTICES,00,CROPS,US TOTAL,ACRES,,NATIONAL,,"14,689,922",,,9000,AREA HARVESTED,CENSUS,,"AREA HARVESTED: (1,000 OR MORE ACRES)",YEAR,99,,UNITED STATES,US,AREA HARVESTED,,US TOTAL,00000000,FIELD CROPS,00,WINTER,2007,,,,,,ALL UTILIZATION PRACTICES,ANNUAL,WHEAT,"WHEAT, WINTER - ACRES HARVESTED",2012-01-01 00:00:00.000
ALL PRODUCTION PRACTICES,00,CROPS,US TOTAL,ACRES,,NATIONAL,,"8,173,443",,,9000,AREA HARVESTED,CENSUS,,"AREA HARVESTED: (1,000 TO 1,999 ACRES)",YEAR,99,,UNITED STATES,US,AREA HARVESTED,,US TOTAL,00000000,FIELD CROPS,00,WINTER,2007,,,,,,ALL UTILIZATION PRACTICES,ANNUAL,WHEAT,"WHEAT, WINTER - ACRES HARVESTED",2012-01-01 00:00:00.000
ALL PRODUCTION PRACTICES,00,CROPS,US TOTAL,ACRES,,NATIONAL,,"110,034",,,9000,AREA HARVESTED,CENSUS,,AREA HARVESTED: (1.0 TO 14.9 ACRES),YEAR,99,,UNITED STATES,US,AREA HARVESTED,,US TOTAL,00000000,FIELD CROPS,00,WINTER,2007,,,,,,ALL UTILIZATION PRACTICES,ANNUAL,WHEAT,"WHEAT, WINTER - ACRES HARVESTED",2012-01-01 00:00:00.000
ALL PRODUCTION PRACTICES,00,CROPS,US TOTAL,ACRES,,NATIONAL,,"4,642,675",,,9000,AREA HARVESTED,CENSUS,,AREA HARVESTED: (100 TO 249 ACRES),YEAR,99,,UNITED STATES,US,AREA HARVESTED,,US TOTAL,00000000,FIELD CROPS,00,WINTER,2007,,,,,,ALL UTILIZATION PRACTICES,ANNUAL,WHEAT,"WHEAT, WINTER - ACRES HARVESTED",2012-01-01 00:00:00.000
ALL PRODUCTION PRACTICES,00,CROPS,US TOTAL,ACRES,,NATIONAL,,"229,679",,,9000,AREA HARVESTED,CENSUS,,AREA HARVESTED: (15.0 TO 24.9 ACRES),YEAR,99,,UNITED STATES,US,AREA HARVESTED,,US TOTAL,00000000,FIELD CROPS,00,WINTER,2007,,,,,,ALL UTILIZATION PRACTICES,ANNUAL,WHEAT,"WHEAT, WINTER - ACRES HARVESTED",2012-01-01 00:00:00.000
ALL PRODUCTION PRACTICES,00,CROPS,US TOTAL,ACRES,,NATIONAL,,"3,346,576",,,9000,AREA HARVESTED,CENSUS,,"AREA HARVESTED: (2,000 TO 2,999 ACRES)",YEAR,99,,UNITED STATES,US,AREA HARVESTED,,US TOTAL,00000000,FIELD CROPS,00,WINTER,2007,,,,,,ALL UTILIZATION PRACTICES,ANNUAL,WHEAT,"WHEAT, WINTER - ACRES HARVESTED",2012-01-01 00:00:00.000
ALL PRODUCTION PRACTICES,00,CROPS,US TOTAL,ACRES,,NATIONAL,,"726,633",,,9000,AREA HARVESTED,CENSUS,,AREA HARVESTED: (25.0 TO 49.9 ACRES),YEAR,99,,UNITED STATES,US,AREA HARVESTED,,US TOTAL,00000000,FIELD CROPS,00,WINTER,2007,,,,,,ALL UTILIZATION PRACTICES,ANNUAL,WHEAT,"WHEAT, WINTER - ACRES HARVESTED",2012-01-01 00:00:00.000
ALL PRODUCTION PRACTICES,00,CROPS,US TOTAL,ACRES,,NATIONAL,,"5,915,926",,,9000,AREA HARVESTED,CENSUS,,AREA HARVESTED: (250 TO 499 ACRES),YEAR,99,,UNITED STATES,US,AREA HARVESTED,,US TOTAL,00000000,FIELD CROPS,00,WINTER,2007,,,,,,ALL UTILIZATION PRACTICES,ANNUAL,WHEAT,"WHEAT, WINTER - ACRES HARVESTED",2012-01-01 00:00:00.000
ALL PRODUCTION PRACTICES,00,CROPS,US TOTAL,ACRES,,NATIONAL,,"2,045,090",,,9000,AREA HARVESTED,CENSUS,,"AREA HARVESTED: (3,000 TO 4,999 ACRES)",YEAR,99,,UNITED STATES,US,AREA HARVESTED,,US TOTAL,00000000,FIELD CROPS,00,WINTER,2007,,,,,,ALL UTILIZATION PRACTICES,ANNUAL,WHEAT,"WHEAT, WINTER - ACRES HARVESTED",2012-01-01 00:00:00.000
ALL PRODUCTION PRACTICES,00,CROPS,US TOTAL,ACRES,,NATIONAL,,"1,124,813",,,9000,AREA HARVESTED,CENSUS,,"AREA HARVESTED: (5,000 OR MORE ACRES)",YEAR,99,,UNITED STATES,US,AREA HARVESTED,,US TOTAL,00000000,FIELD CROPS,00,WINTER,2007,,,,,,ALL UTILIZATION PRACTICES,ANNUAL,WHEAT,"WHEAT, WINTER - ACRES HARVESTED",2012-01-01 00:00:00.000
ALL PRODUCTION PRACTICES,00,CROPS,US TOTAL,ACRES,,NATIONAL,,"1,651,453",,,9000,AREA HARVESTED,CENSUS,,AREA HARVESTED: (50.0 TO 99.9 ACRES),YEAR,99,,UNITED STATES,US,AREA HARVESTED,,US TOTAL,00000000,FIELD CROPS,00,WINTER,2007,,,,,,ALL UTILIZATION PRACTICES,ANNUAL,WHEAT,"WHEAT, WINTER - ACRES HARVESTED",2012-01-01 00:00:00.000
ALL PRODUCTION PRACTICES,00,CROPS,US TOTAL,ACRES,,NATIONAL,,"7,819,647",,,9000,AREA HARVESTED,CENSUS,,AREA HARVESTED: (500 TO 999 ACRES),YEAR,99,,UNITED STATES,US,AREA HARVESTED,,US TOTAL,00000000,FIELD CROPS,00,WINTER,2007,,,,,,ALL UTILIZATION PRACTICES,ANNUAL,WHEAT,"WHEAT, WINTER - ACRES HARVESTED",2012-01-01 00:00:00.000
ALL PRODUCTION PRACTICES,00,CROPS,US TOTAL,ACRES,,NATIONAL,,"35,785,969",,,9000,AREA HARVESTED,CENSUS,,NOT SPECIFIED,YEAR,99,,UNITED STATES,US,TOTAL,,US TOTAL,00000000,FIELD CROPS,00,WINTER,2007,,,,,,ALL UTILIZATION PRACTICES,ANNUAL,WHEAT,"WHEAT, WINTER - ACRES HARVESTED",2012-01-01 00:00:00.000
IRRIGATED,00,CROPS,US TOTAL,ACRES,,NATIONAL,,"1,022,746",,,9000,AREA HARVESTED,CENSUS,,"AREA HARVESTED: (1,000 OR MORE ACRES)",YEAR,99,,UNITED STATES,US,AREA HARVESTED,,US TOTAL,00000000,FIELD CROPS,00,WINTER,2007,,,,,,ALL UTILIZATION PRACTICES,ANNUAL,WHEAT,"WHEAT, WINTER, IRRIGATED - ACRES HARVESTED",2012-01-01 00:00:00.000
IRRIGATED,00,CROPS,US TOTAL,ACRES,,NATIONAL,,"569,369",,,9000,AREA HARVESTED,CENSUS,,"AREA HARVESTED: (1,000 TO 1,999 ACRES)",YEAR,99,,UNITED STATES,US,AREA HARVESTED,,US TOTAL,00000000,FIELD CROPS,00,WINTER,2007,,,,,,ALL UTILIZATION PRACTICES,ANNUAL,WHEAT,"WHEAT, WINTER, IRRIGATED - ACRES HARVESTED",2012-01-01 00:00:00.000
IRRIGATED,00,CROPS,US TOTAL,ACRES,,NATIONAL,,"3,349",,,9000,AREA HARVESTED,CENSUS,,AREA HARVESTED: (1.0 TO 14.9 ACRES),YEAR,99,,UNITED STATES,US,AREA HARVESTED,,US TOTAL,00000000,FIELD CROPS,00,WINTER,2007,,,,,,ALL UTILIZATION PRACTICES,ANNUAL,WHEAT,"WHEAT, WINTER, IRRIGATED - ACRES HARVESTED",2012-01-01 00:00:00.000
IRRIGATED,00,CROPS,US TOTAL,ACRES,,NATIONAL,,"378,149",,,9000,AREA HARVESTED,CENSUS,,AREA HARVESTED: (100 TO 249 ACRES),YEAR,99,,UNITED STATES,US,AREA HARVESTED,,US TOTAL,00000000,FIELD CROPS,00,WINTER,2007,,,,,,ALL UTILIZATION PRACTICES,ANNUAL,WHEAT,"WHEAT, WINTER, IRRIGATED - ACRES HARVESTED",2012-01-01 00:00:00.000
IRRIGATED,00,CROPS,US TOTAL,ACRES,,NATIONAL,,"7,478",,,9000,AREA HARVESTED,CENSUS,,AREA HARVESTED: (15.0 TO 24.9 ACRES),YEAR,99,,UNITED STATES,US,AREA HARVESTED,,US TOTAL,00000000,FIELD CROPS,00,WINTER,2007,,,,,,ALL UTILIZATION PRACTICES,ANNUAL,WHEAT,"WHEAT, WINTER, IRRIGATED - ACRES HARVESTED",2012-01-01 00:00:00.000
IRRIGATED,00,CROPS,US TOTAL,ACRES,,NATIONAL,,"232,844",,,9000,AREA HARVESTED,CENSUS,,"AREA HARVESTED: (2,000 TO 2,999 ACRES)",YEAR,99,,UNITED STATES,US,AREA HARVESTED,,US TOTAL,00000000,FIELD CROPS,00,WINTER,2007,,,,,,ALL UTILIZATION PRACTICES,ANNUAL,WHEAT,"WHEAT, WINTER, IRRIGATED - ACRES HARVESTED",2012-01-01 00:00:00.000
IRRIGATED,00,CROPS,US TOTAL,ACRES,,NATIONAL,,"32,332",,,9000,AREA HARVESTED,CENSUS,,AREA HARVESTED: (25.0 TO 49.9 ACRES),YEAR,99,,UNITED STATES,US,AREA HARVESTED,,US TOTAL,00000000,FIELD CROPS,00,WINTER,2007,,,,,,ALL UTILIZATION PRACTICES,ANNUAL,WHEAT,"WHEAT, WINTER, IRRIGATED - ACRES HARVESTED",2012-01-01 00:00:00.000
IRRIGATED,00,CROPS,US TOTAL,ACRES,,NATIONAL,,"511,004",,,9000,AREA HARVESTED,CENSUS,,AREA HARVESTED: (250 TO 499 ACRES),YEAR,99,,UNITED STATES,US,AREA HARVESTED,,US TOTAL,00000000,FIELD CROPS,00,WINTER,2007,,,,,,ALL UTILIZATION PRACTICES,ANNUAL,WHEAT,"WHEAT, WINTER, IRRIGATED - ACRES HARVESTED",2012-01-01 00:00:00.000
IRRIGATED,00,CROPS,US TOTAL,ACRES,,NATIONAL,,"116,561",,,9000,AREA HARVESTED,CENSUS,,"AREA HARVESTED: (3,000 TO 4,999 ACRES)",YEAR,99,,UNITED STATES,US,AREA HARVESTED,,US TOTAL,00000000,FIELD CROPS,00,WINTER,2007,,,,,,ALL UTILIZATION PRACTICES,ANNUAL,WHEAT,"WHEAT, WINTER, IRRIGATED - ACRES HARVESTED",2012-01-01 00:00:00.000
IRRIGATED,00,CROPS,US TOTAL,ACRES,,NATIONAL,,"103,972",,,9000,AREA HARVESTED,CENSUS,,"AREA HARVESTED: (5,000 OR MORE ACRES)",YEAR,99,,UNITED STATES,US,AREA HARVESTED,,US TOTAL,00000000,FIELD CROPS,00,WINTER,2007,,,,,,ALL UTILIZATION PRACTICES,ANNUAL,WHEAT,"WHEAT, WINTER, IRRIGATED - ACRES HARVESTED",2012-01-01 00:00:00.000
IRRIGATED,00,CROPS,US TOTAL,ACRES,,NATIONAL,,"101,308",,,9000,AREA HARVESTED,CENSUS,,AREA HARVESTED: (50.0 TO 99.9 ACRES),YEAR,99,,UNITED STATES,US,AREA HARVESTED,,US TOTAL,00000000,FIELD CROPS,00,WINTER,2007,,,,,,ALL UTILIZATION PRACTICES,ANNUAL,WHEAT,"WHEAT, WINTER, IRRIGATED - ACRES HARVESTED",2012-01-01 00:00:00.000
IRRIGATED,00,CROPS,US TOTAL,ACRES,,NATIONAL,,"597,682",,,9000,AREA HARVESTED,CENSUS,,AREA HARVESTED: (500 TO 999 ACRES),YEAR,99,,UNITED STATES,US,AREA HARVESTED,,US TOTAL,00000000,FIELD CROPS,00,WINTER,2007,,,,,,ALL UTILIZATION PRACTICES,ANNUAL,WHEAT,"WHEAT, WINTER, IRRIGATED - ACRES HARVESTED",2012-01-01 00:00:00.000
IRRIGATED,00,CROPS,US TOTAL,ACRES,,NATIONAL,,"2,654,048",,,9000,AREA HARVESTED,CENSUS,,NOT SPECIFIED,YEAR,99,,UNITED STATES,US,TOTAL,,US TOTAL,00000000,FIELD CROPS,00,WINTER,2007,,,,,,ALL UTILIZATION PRACTICES,ANNUAL,WHEAT,"WHEAT, WINTER, IRRIGATED - ACRES HARVESTED",2012-01-01 00:00:00.000
"IRRIGATED, ENTIRE CROP",00,CROPS,US TOTAL,ACRES,,NATIONAL,,"1,251,920",,,9000,AREA HARVESTED,CENSUS,,NOT SPECIFIED,YEAR,99,,UNITED STATES,US,TOTAL,,US TOTAL,00000000,FIELD CROPS,00,WINTER,2007,,,,,,ALL UTILIZATION PRACTICES,ANNUAL,WHEAT,"WHEAT, WINTER, IRRIGATED, ENTIRE CROP - ACRES HARVESTED",2012-01-01 00:00:00.000
"IRRIGATED, NONE OF CROP",00,CROPS,US TOTAL,ACRES,,NATIONAL,,"29,877,566",,,9000,AREA HARVESTED,CENSUS,,NOT SPECIFIED,YEAR,99,,UNITED STATES,US,TOTAL,,US TOTAL,00000000,FIELD CROPS,00,WINTER,2007,,,,,,ALL UTILIZATION PRACTICES,ANNUAL,WHEAT,"WHEAT, WINTER, IRRIGATED, NONE OF CROP - ACRES HARVESTED",2012-01-01 00:00:00.000
"IRRIGATED, PART OF CROP, IRRIGATED PORTION",00,CROPS,US TOTAL,ACRES,,NATIONAL,,"1,402,128",,,9000,AREA HARVESTED,CENSUS,,NOT SPECIFIED,YEAR,99,,UNITED STATES,US,TOTAL,,US TOTAL,00000000,FIELD CROPS,00,WINTER,2007,,,,,,ALL UTILIZATION PRACTICES,ANNUAL,WHEAT,"WHEAT, WINTER, IRRIGATED, PART OF CROP, IRRIGATED PORTION - ACRES HARVESTED",2012-01-01 00:00:00.000
ORGANIC,00,CROPS,US TOTAL,ACRES,,NATIONAL,,"93,372",,,9000,AREA HARVESTED,CENSUS,,ORGANIC STATUS: (NOP USDA CERTIFIED & EXEMPT),YEAR,99,,UNITED STATES,US,ORGANIC STATUS,,US TOTAL,00000000,FIELD CROPS,00,"SPRING, (EXCL DURUM)",2008,,,,,,ALL UTILIZATION PRACTICES,ANNUAL,WHEAT,"WHEAT, SPRING, (EXCL DURUM), ORGANIC - ACRES HARVESTED",2012-01-01 00:00:00.000
ORGANIC,00,CROPS,US TOTAL,ACRES,,NATIONAL,,"93,082",,,9000,AREA HARVESTED,CENSUS,,ORGANIC STATUS: (NOP USDA CERTIFIED),YEAR,99,,UNITED STATES,US,ORGANIC STATUS,,US TOTAL,00000000,FIELD CROPS,00,"SPRING, (EXCL DURUM)",2008,,,,,,ALL UTILIZATION PRACTICES,ANNUAL,WHEAT,"WHEAT, SPRING, (EXCL DURUM), ORGANIC - ACRES HARVESTED",2012-01-01 00:00:00.000
ORGANIC,00,CROPS,US TOTAL,ACRES,,NATIONAL,,290,,,9000,AREA HARVESTED,CENSUS,,ORGANIC STATUS: (NOP USDA EXEMPT),YEAR,99,,UNITED STATES,US,ORGANIC STATUS,,US TOTAL,00000000,FIELD CROPS,00,"SPRING, (EXCL DURUM)",2008,,,,,,ALL UTILIZATION PRACTICES,ANNUAL,WHEAT,"WHEAT, SPRING, (EXCL DURUM), ORGANIC - ACRES HARVESTED",2012-01-01 00:00:00.000
ORGANIC,00,CROPS,US TOTAL,ACRES,,NATIONAL,,"22,038",,,9000,AREA HARVESTED,CENSUS,,ORGANIC STATUS: (NOP USDA CERTIFIED & EXEMPT),YEAR,99,,UNITED STATES,US,ORGANIC STATUS,,US TOTAL,00000000,FIELD CROPS,00,"SPRING, DURUM",2008,,,,,,ALL UTILIZATION PRACTICES,ANNUAL,WHEAT,"WHEAT, SPRING, DURUM, ORGANIC - ACRES HARVESTED",2012-01-01 00:00:00.000
ORGANIC,00,CROPS,US TOTAL,ACRES,,NATIONAL,,                 (D),,,9000,AREA HARVESTED,CENSUS,,ORGANIC STATUS: (NOP USDA CERTIFIED),YEAR,99,,UNITED STATES,US,ORGANIC STATUS,,US TOTAL,00000000,FIELD CROPS,00,"SPRING, DURUM",2008,,,,,,ALL UTILIZATION PRACTICES,ANNUAL,WHEAT,"WHEAT, SPRING, DURUM, ORGANIC - ACRES HARVESTED",2012-01-01 00:00:00.000
ORGANIC,00,CROPS,US TOTAL,ACRES,,NATIONAL,,                 (D),,,9000,AREA HARVESTED,CENSUS,,ORGANIC STATUS: (NOP USDA EXEMPT),YEAR,99,,UNITED STATES,US,ORGANIC STATUS,,US TOTAL,00000000,FIELD CROPS,00,"SPRING, DURUM",2008,,,,,,ALL UTILIZATION PRACTICES,ANNUAL,WHEAT,"WHEAT, SPRING, DURUM, ORGANIC - ACRES HARVESTED",2012-01-01 00:00:00.000
ORGANIC,00,CROPS,US TOTAL,ACRES,,NATIONAL,,"202,968",,,9000,AREA HARVESTED,CENSUS,,ORGANIC STATUS: (NOP USDA CERTIFIED & EXEMPT),YEAR,99,,UNITED STATES,US,ORGANIC STATUS,,US TOTAL,00000000,FIELD CROPS,00,WINTER,2008,,,,,,ALL UTILIZATION PRACTICES,ANNUAL,WHEAT,"WHEAT, WINTER, ORGANIC - ACRES HARVESTED",2012-01-01 00:00:00.000
ORGANIC,00,CROPS,US TOTAL,ACRES,,NATIONAL,,"202,848",,,9000,AREA HARVESTED,CENSUS,,ORGANIC STATUS: (NOP USDA CERTIFIED),YEAR,99,,UNITED STATES,US,ORGANIC STATUS,,US TOTAL,00000000,FIELD CROPS,00,WINTER,2008,,,,,,ALL UTILIZATION PRACTICES,ANNUAL,WHEAT,"WHEAT, WINTER, ORGANIC - ACRES HARVESTED",2012-01-01 00:00:00.000
ORGANIC,00,CROPS,US TOTAL,ACRES,,NATIONAL,,120,,,9000,AREA HARVESTED,CENSUS,,ORGANIC STATUS: (NOP USDA EXEMPT),YEAR,99,,UNITED STATES,US,ORGANIC STATUS,,US TOTAL,00000000,FIELD CROPS,00,WINTER,2008,,,,,,ALL UTILIZATION PRACTICES,ANNUAL,WHEAT,"WHEAT, WINTER, ORGANIC - ACRES HARVESTED",2012-01-01 00:00:00.000
ORGANIC,00,CROPS,US TOTAL,ACRES,,NATIONAL,,"76,372",,,9000,AREA HARVESTED,CENSUS,,ORGANIC STATUS: (NOP USDA CERTIFIED),YEAR,99,,UNITED STATES,US,ORGANIC STATUS,,US TOTAL,00000000,FIELD CROPS,00,"SPRING, (EXCL DURUM)",2011,,,,,,ALL UTILIZATION PRACTICES,ANNUAL,WHEAT,"WHEAT, SPRING, (EXCL DURUM), ORGANIC - ACRES HARVESTED",2012-12-31 00:00:00.000
ORGANIC,00,CROPS,US TOTAL,ACRES,,NATIONAL,,"18,452",,,9000,AREA HARVESTED,CENSUS,,ORGANIC STATUS: (NOP USDA CERTIFIED),YEAR,99,,UNITED STATES,US,ORGANIC STATUS,,US TOTAL,00000000,FIELD CROPS,00,"SPRING, DURUM",2011,,,,,,ALL UTILIZATION PRACTICES,ANNUAL,WHEAT,"WHEAT, SPRING, DURUM, ORGANIC - ACRES HARVESTED",2012-12-31 00:00:00.000
ORGANIC,00,CROPS,US TOTAL,ACRES,,NATIONAL,,"178,541",,,9000,AREA HARVESTED,CENSUS,,ORGANIC STATUS: (NOP USDA CERTIFIED),YEAR,99,,UNITED STATES,US,ORGANIC STATUS,,US TOTAL,00000000,FIELD CROPS,00,WINTER,2011,,,,,,ALL UTILIZATION PRACTICES,ANNUAL,WHEAT,"WHEAT, WINTER, ORGANIC - ACRES HARVESTED",2012-12-31 00:00:00.000
ALL PRODUCTION PRACTICES,00,CROPS,US TOTAL,ACRES,,NATIONAL,,"24,597,323",,,9000,AREA HARVESTED,CENSUS,,"AREA HARVESTED: (1,000 OR MORE ACRES)",YEAR,99,,UNITED STATES,US,AREA HARVESTED,,US TOTAL,00000000,FIELD CROPS,00,ALL CLASSES,2012,,,1.9,,,ALL UTILIZATION PRACTICES,ANNUAL,WHEAT,WHEAT - ACRES HARVESTED,2012-12-31 00:00:00.000
ALL PRODUCTION PRACTICES,00,CROPS,US TOTAL,ACRES,,NATIONAL,,"11,706,028",,,9000,AREA HARVESTED,CENSUS,,"AREA HARVESTED: (1,000 TO 1,999 ACRES)",YEAR,99,,UNITED STATES,US,AREA HARVESTED,,US TOTAL,00000000,FIELD CROPS,00,ALL CLASSES,2012,,,0.9,,,ALL UTILIZATION PRACTICES,ANNUAL,WHEAT,WHEAT - ACRES HARVESTED,2012-12-31 00:00:00.000
ALL PRODUCTION PRACTICES,00,CROPS,US TOTAL,ACRES,,NATIONAL,,"120,278",,,9000,AREA HARVESTED,CENSUS,,AREA HARVESTED: (1.0 TO 14.9 ACRES),YEAR,99,,UNITED STATES,US,AREA HARVESTED,,US TOTAL,00000000,FIELD CROPS,00,ALL CLASSES,2012,,,2.6,,,ALL UTILIZATION PRACTICES,ANNUAL,WHEAT,WHEAT - ACRES HARVESTED,2012-12-31 00:00:00.000
ALL PRODUCTION PRACTICES,00,CROPS,US TOTAL,ACRES,,NATIONAL,,"4,797,058",,,9000,AREA HARVESTED,CENSUS,,AREA HARVESTED: (100 TO 249 ACRES),YEAR,99,,UNITED STATES,US,AREA HARVESTED,,US TOTAL,00000000,FIELD CROPS,00,ALL CLASSES,2012,,,2.4,,,ALL UTILIZATION PRACTICES,ANNUAL,WHEAT,WHEAT - ACRES HARVESTED,2012-12-31 00:00:00.000
ALL PRODUCTION PRACTICES,00,CROPS,US TOTAL,ACRES,,NATIONAL,,"224,329",,,9000,AREA HARVESTED,CENSUS,,AREA HARVESTED: (15.0 TO 24.9 ACRES),YEAR,99,,UNITED STATES,US,AREA HARVESTED,,US TOTAL,00000000,FIELD CROPS,00,ALL CLASSES,2012,,,2.9,,,ALL UTILIZATION PRACTICES,ANNUAL,WHEAT,WHEAT - ACRES HARVESTED,2012-12-31 00:00:00.000
ALL PRODUCTION PRACTICES,00,CROPS,US TOTAL,ACRES,,NATIONAL,,"5,731,856",,,9000,AREA HARVESTED,CENSUS,,"AREA HARVESTED: (2,000 TO 2,999 ACRES)",YEAR,99,,UNITED STATES,US,AREA HARVESTED,,US TOTAL,00000000,FIELD CROPS,00,ALL CLASSES,2012,,,3.4,,,ALL UTILIZATION PRACTICES,ANNUAL,WHEAT,WHEAT - ACRES HARVESTED,2012-12-31 00:00:00.000
ALL PRODUCTION PRACTICES,00,CROPS,US TOTAL,ACRES,,NATIONAL,,"727,140",,,9000,AREA HARVESTED,CENSUS,,AREA HARVESTED: (25.0 TO 49.9 ACRES),YEAR,99,,UNITED STATES,US,AREA HARVESTED,,US TOTAL,00000000,FIELD CROPS,00,ALL CLASSES,2012,,,2.5,,,ALL UTILIZATION PRACTICES,ANNUAL,WHEAT,WHEAT - ACRES HARVESTED,2012-12-31 00:00:00.000
ALL PRODUCTION PRACTICES,00,CROPS,US TOTAL,ACRES,,NATIONAL,,"6,679,101",,,9000,AREA HARVESTED,CENSUS,,AREA HARVESTED: (250 TO 499 ACRES),YEAR,99,,UNITED STATES,US,AREA HARVESTED,,US TOTAL,00000000,FIELD CROPS,00,ALL CLASSES,2012,,,3.6,,,ALL UTILIZATION PRACTICES,ANNUAL,WHEAT,WHEAT - ACRES HARVESTED,2012-12-31 00:00:00.000
ALL PRODUCTION PRACTICES,00,CROPS,US TOTAL,ACRES,,NATIONAL,,"4,466,354",,,9000,AREA HARVESTED,CENSUS,,"AREA HARVESTED: (3,000 TO 4,999 ACRES)",YEAR,99,,UNITED STATES,US,AREA HARVESTED,,US TOTAL,00000000,FIELD CROPS,00,ALL CLASSES,2012,,,4.8,,,ALL UTILIZATION PRACTICES,ANNUAL,WHEAT,WHEAT - ACRES HARVESTED,2012-12-31 00:00:00.000
ALL PRODUCTION PRACTICES,00,CROPS,US TOTAL,ACRES,,NATIONAL,,"2,693,085",,,9000,AREA HARVESTED,CENSUS,,"AREA HARVESTED: (5,000 OR MORE ACRES)",YEAR,99,,UNITED STATES,US,AREA HARVESTED,,US TOTAL,00000000,FIELD CROPS,00,ALL CLASSES,2012,,,4.3,,,ALL UTILIZATION PRACTICES,ANNUAL,WHEAT,WHEAT - ACRES HARVESTED,2012-12-31 00:00:00.000
ALL PRODUCTION PRACTICES,00,CROPS,US TOTAL,ACRES,,NATIONAL,,"1,625,755",,,9000,AREA HARVESTED,CENSUS,,AREA HARVESTED: (50.0 TO 99.9 ACRES),YEAR,99,,UNITED STATES,US,AREA HARVESTED,,US TOTAL,00000000,FIELD CROPS,00,ALL CLASSES,2012,,,1.6,,,ALL UTILIZATION PRACTICES,ANNUAL,WHEAT,WHEAT - ACRES HARVESTED,2012-12-31 00:00:00.000
ALL PRODUCTION PRACTICES,00,CROPS,US TOTAL,ACRES,,NATIONAL,,"10,269,242",,,9000,AREA HARVESTED,CENSUS,,AREA HARVESTED: (500 TO 999 ACRES),YEAR,99,,UNITED STATES,US,AREA HARVESTED,,US TOTAL,00000000,FIELD CROPS,00,ALL CLASSES,2012,,,2.5,,,ALL UTILIZATION PRACTICES,ANNUAL,WHEAT,WHEAT - ACRES HARVESTED,2012-12-31 00:00:00.000
ALL PRODUCTION PRACTICES,00,CROPS,US TOTAL,ACRES,,NATIONAL,,"8,980,698",,,9000,AREA HARVESTED,CENSUS,,"AREA OPERATED: (1,000 TO 1,999 ACRES)",YEAR,99,,UNITED STATES,US,AREA OPERATED,,US TOTAL,00000000,FIELD CROPS,00,ALL CLASSES,2012,,,1.7,,,ALL UTILIZATION PRACTICES,ANNUAL,WHEAT,WHEAT - ACRES HARVESTED,2012-12-31 00:00:00.000
ALL PRODUCTION PRACTICES,00,CROPS,US TOTAL,ACRES,,NATIONAL,,"2,053",,,9000,AREA HARVESTED,CENSUS,,AREA OPERATED: (1.0 TO 9.9 ACRES),YEAR,99,,UNITED STATES,US,AREA OPERATED,,US TOTAL,00000000,FIELD CROPS,00,ALL CLASSES,2012,,,8.7,,,ALL UTILIZATION PRACTICES,ANNUAL,WHEAT,WHEAT - ACRES HARVESTED,2012-12-31 00:00:00.000
ALL PRODUCTION PRACTICES,00,CROPS,US TOTAL,ACRES,,NATIONAL,,"81,463",,,9000,AREA HARVESTED,CENSUS,,AREA OPERATED: (10.0 TO 49.9 ACRES),YEAR,99,,UNITED STATES,US,AREA OPERATED,,US TOTAL,00000000,FIELD CROPS,00,ALL CLASSES,2012,,,5.6,,,ALL UTILIZATION PRACTICES,ANNUAL,WHEAT,WHEAT - ACRES HARVESTED,2012-12-31 00:00:00.000
ALL PRODUCTION PRACTICES,00,CROPS,US TOTAL,ACRES,,NATIONAL,,"213,479",,,9000,AREA HARVESTED,CENSUS,,AREA OPERATED: (100 TO 139 ACRES),YEAR,99,,UNITED STATES,US,AREA OPERATED,,US TOTAL,00000000,FIELD CROPS,00,ALL CLASSES,2012,,,6.0,,,ALL UTILIZATION PRACTICES,ANNUAL,WHEAT,WHEAT - ACRES HARVESTED,2012-12-31 00:00:00.000
ALL PRODUCTION PRACTICES,00,CROPS,US TOTAL,ACRES,,NATIONAL,,"369,908",,,9000,AREA HARVESTED,CENSUS,,AREA OPERATED: (140 TO 179 ACRES),YEAR,99,,UNITED STATES,US,AREA OPERATED,,US TOTAL,00000000,FIELD CROPS,00,ALL CLASSES,2012,,,8.8,,,ALL UTILIZATION PRACTICES,ANNUAL,WHEAT,WHEAT - ACRES HARVESTED,2012-12-31 00:00:00.000
ALL PRODUCTION PRACTICES,00,CROPS,US TOTAL,ACRES,,NATIONAL,,"273,481",,,9000,AREA HARVESTED,CENSUS,,AREA OPERATED: (180 TO 219 ACRES),YEAR,99,,UNITED STATES,US,AREA OPERATED,,US TOTAL,00000000,FIELD CROPS,00,ALL CLASSES,2012,,,8.0,,,ALL UTILIZATION PRACTICES,ANNUAL,WHEAT,WHEAT - ACRES HARVESTED,2012-12-31 00:00:00.000
ALL PRODUCTION PRACTICES,00,CROPS,US TOTAL,ACRES,,NATIONAL,,"32,128,761",,,9000,AREA HARVESTED,CENSUS,,"AREA OPERATED: (2,000 OR MORE ACRES)",YEAR,99,,UNITED STATES,US,AREA OPERATED,,US TOTAL,00000000,FIELD CROPS,00,ALL CLASSES,2012,,,0.8,,,ALL UTILIZATION PRACTICES,ANNUAL,WHEAT,WHEAT - ACRES HARVESTED,2012-12-31 00:00:00.000
ALL PRODUCTION PRACTICES,00,CROPS,US TOTAL,ACRES,,NATIONAL,,"300,689",,,9000,AREA HARVESTED,CENSUS,,AREA OPERATED: (220 TO 259 ACRES),YEAR,99,,UNITED STATES,US,AREA OPERATED,,US TOTAL,00000000,FIELD CROPS,00,ALL CLASSES,2012,,,5.9,,,ALL UTILIZATION PRACTICES,ANNUAL,WHEAT,WHEAT - ACRES HARVESTED,2012-12-31 00:00:00.000
ALL PRODUCTION PRACTICES,00,CROPS,US TOTAL,ACRES,,NATIONAL,,"2,008,780",,,9000,AREA HARVESTED,CENSUS,,AREA OPERATED: (260 TO 499 ACRES),YEAR,99,,UNITED STATES,US,AREA OPERATED,,US TOTAL,00000000,FIELD CROPS,00,ALL CLASSES,2012,,,5.9,,,ALL UTILIZATION PRACTICES,ANNUAL,WHEAT,WHEAT - ACRES HARVESTED,2012-12-31 00:00:00.000
ALL PRODUCTION PRACTICES,00,CROPS,US TOTAL,ACRES,,NATIONAL,,"67,864",,,9000,AREA HARVESTED,CENSUS,,AREA OPERATED: (50.0 TO 69.9 ACRES),YEAR,99,,UNITED STATES,US,AREA OPERATED,,US TOTAL,00000000,FIELD CROPS,00,ALL CLASSES,2012,,,6.4,,,ALL UTILIZATION PRACTICES,ANNUAL,WHEAT,WHEAT - ACRES HARVESTED,2012-12-31 00:00:00.000
ALL PRODUCTION PRACTICES,00,CROPS,US TOTAL,ACRES,,NATIONAL,,"4,456,683",,,9000,AREA HARVESTED,CENSUS,,AREA OPERATED: (500 TO 999 ACRES),YEAR,99,,UNITED STATES,US,AREA OPERATED,,US TOTAL,00000000,FIELD CROPS,00,ALL CLASSES,2012,,,1.6,,,ALL UTILIZATION PRACTICES,ANNUAL,WHEAT,WHEAT - ACRES HARVESTED,2012-12-31 00:00:00.000
ALL PRODUCTION PRACTICES,00,CROPS,US TOTAL,ACRES,,NATIONAL,,"156,367",,,9000,AREA HARVESTED,CENSUS,,AREA OPERATED: (70.0 TO 99.9 ACRES),YEAR,99,,UNITED STATES,US,AREA OPERATED,,US TOTAL,00000000,FIELD CROPS,00,ALL CLASSES,2012,,,7.6,,,ALL UTILIZATION PRACTICES,ANNUAL,WHEAT,WHEAT - ACRES HARVESTED,2012-12-31 00:00:00.000
ALL PRODUCTION PRACTICES,00,CROPS,US TOTAL,ACRES,,NATIONAL,,"11,629",,,9000,AREA HARVESTED,CENSUS,,"ECONOMIC CLASS: (1,000 TO 2,499 $)",YEAR,99,,UNITED STATES,US,ECONOMIC CLASS,,US TOTAL,00000000,FIELD CROPS,00,ALL CLASSES,2012,,,18.9,,,ALL UTILIZATION PRACTICES,ANNUAL,WHEAT,WHEAT - ACRES HARVESTED,2012-12-31 00:00:00.000
ALL PRODUCTION PRACTICES,00,CROPS,US TOTAL,ACRES,,NATIONAL,,"19,157,692",,,9000,AREA HARVESTED,CENSUS,,"ECONOMIC CLASS: (1,000,000 OR MORE $)",YEAR,99,,UNITED STATES,US,ECONOMIC CLASS,,US TOTAL,00000000,FIELD CROPS,00,ALL CLASSES,2012,,,4.1,,,ALL UTILIZATION PRACTICES,ANNUAL,WHEAT,WHEAT - ACRES HARVESTED,2012-12-31 00:00:00.000
ALL PRODUCTION PRACTICES,00,CROPS,US TOTAL,ACRES,,NATIONAL,,"442,168",,,9000,AREA HARVESTED,CENSUS,,"ECONOMIC CLASS: (10,000 TO 24,999 $)",YEAR,99,,UNITED STATES,US,ECONOMIC CLASS,,US TOTAL,00000000,FIELD CROPS,00,ALL CLASSES,2012,,,9.3,,,ALL UTILIZATION PRACTICES,ANNUAL,WHEAT,WHEAT - ACRES HARVESTED,2012-12-31 00:00:00.000
ALL PRODUCTION PRACTICES,00,CROPS,US TOTAL,ACRES,,NATIONAL,,"5,970,865",,,9000,AREA HARVESTED,CENSUS,,"ECONOMIC CLASS: (100,000 TO 249,999 $)",YEAR,99,,UNITED STATES,US,ECONOMIC CLASS,,US TOTAL,00000000,FIELD CROPS,00,ALL CLASSES,2012,,,7.0,,,ALL UTILIZATION PRACTICES,ANNUAL,WHEAT,WHEAT - ACRES HARVESTED,2012-12-31 00:00:00.000
ALL PRODUCTION PRACTICES,00,CROPS,US TOTAL,ACRES,,NATIONAL,,"24,832",,,9000,AREA HARVESTED,CENSUS,,"ECONOMIC CLASS: (2,500 TO 4,999 $)",YEAR,99,,UNITED STATES,US,ECONOMIC CLASS,,US TOTAL,00000000,FIELD CROPS,00,ALL CLASSES,2012,,,6.4,,,ALL UTILIZATION PRACTICES,ANNUAL,WHEAT,WHEAT - ACRES HARVESTED,2012-12-31 00:00:00.000
ALL PRODUCTION PRACTICES,00,CROPS,US TOTAL,ACRES,,NATIONAL,,"954,572",,,9000,AREA HARVESTED,CENSUS,,"ECONOMIC CLASS: (25,000 TO 49,999 $)",YEAR,99,,UNITED STATES,US,ECONOMIC CLASS,,US TOTAL,00000000,FIELD CROPS,00,ALL CLASSES,2012,,,10.6,,,ALL UTILIZATION PRACTICES,ANNUAL,WHEAT,WHEAT - ACRES HARVESTED,2012-12-31 00:00:00.000
ALL PRODUCTION PRACTICES,00,CROPS,US TOTAL,ACRES,,NATIONAL,,"8,676,904",,,9000,AREA HARVESTED,CENSUS,,"ECONOMIC CLASS: (250,000 TO 499,999 $)",YEAR,99,,UNITED STATES,US,ECONOMIC CLASS,,US TOTAL,00000000,FIELD CROPS,00,ALL CLASSES,2012,,,1.8,,,ALL UTILIZATION PRACTICES,ANNUAL,WHEAT,WHEAT - ACRES HARVESTED,2012-12-31 00:00:00.000
ALL PRODUCTION PRACTICES,00,CROPS,US TOTAL,ACRES,,NATIONAL,,"97,410",,,9000,AREA HARVESTED,CENSUS,,"ECONOMIC CLASS: (5,000 TO 9,999 $)",YEAR,99,,UNITED STATES,US,ECONOMIC CLASS,,US TOTAL,00000000,FIELD CROPS,00,ALL CLASSES,2012,,,6.7,,,ALL UTILIZATION PRACTICES,ANNUAL,WHEAT,WHEAT - ACRES HARVESTED,2012-12-31 00:00:00.000
ALL PRODUCTION PRACTICES,00,CROPS,US TOTAL,ACRES,,NATIONAL,,"2,225,730",,,9000,AREA HARVESTED,CENSUS,,"ECONOMIC CLASS: (50,000 TO 99,999 $)",YEAR,99,,UNITED STATES,US,ECONOMIC CLASS,,US TOTAL,00000000,FIELD CROPS,00,ALL CLASSES,2012,,,11.8,,,ALL UTILIZATION PRACTICES,ANNUAL,WHEAT,WHEAT - ACRES HARVESTED,2012-12-31 00:00:00.000
ALL PRODUCTION PRACTICES,00,CROPS,US TOTAL,ACRES,,NATIONAL,,"11,476,179",,,9000,AREA HARVESTED,CENSUS,,"ECONOMIC CLASS: (500,000 TO 999,999 $)",YEAR,99,,UNITED STATES,US,ECONOMIC CLASS,,US TOTAL,00000000,FIELD CROPS,00,ALL CLASSES,2012,,,3.1,,,ALL UTILIZATION PRACTICES,ANNUAL,WHEAT,WHEAT - ACRES HARVESTED,2012-12-31 00:00:00.000
ALL PRODUCTION PRACTICES,00,CROPS,US TOTAL,ACRES,,NATIONAL,,"2,245",,,9000,AREA HARVESTED,CENSUS,,"ECONOMIC CLASS: (LESS THAN 1,000 $)",YEAR,99,,UNITED STATES,US,ECONOMIC CLASS,,US TOTAL,00000000,FIELD CROPS,00,ALL CLASSES,2012,,,26.1,,,ALL UTILIZATION PRACTICES,ANNUAL,WHEAT,WHEAT - ACRES HARVESTED,2012-12-31 00:00:00.000
ALL PRODUCTION PRACTICES,00,CROPS,US TOTAL,ACRES,,NATIONAL,,"11,417",,,9000,AREA HARVESTED,CENSUS,,"FARM SALES: (1,000 TO 2,499 $)",YEAR,99,,UNITED STATES,US,FARM SALES,,US TOTAL,00000000,FIELD CROPS,00,ALL CLASSES,2012,,,9.8,,,ALL UTILIZATION PRACTICES,ANNUAL,WHEAT,WHEAT - ACRES HARVESTED,2012-12-31 00:00:00.000
ALL PRODUCTION PRACTICES,00,CROPS,US TOTAL,ACRES,,NATIONAL,,"18,322,680",,,9000,AREA HARVESTED,CENSUS,,"FARM SALES: (1,000,000 OR MORE $)",YEAR,99,,UNITED STATES,US,FARM SALES,,US TOTAL,00000000,FIELD CROPS,00,ALL CLASSES,2012,,,4.3,,,ALL UTILIZATION PRACTICES,ANNUAL,WHEAT,WHEAT - ACRES HARVESTED,2012-12-31 00:00:00.000
ALL PRODUCTION PRACTICES,00,CROPS,US TOTAL,ACRES,,NATIONAL,,"532,353",,,9000,AREA HARVESTED,CENSUS,,"FARM SALES: (10,000 TO 24,999 $)",YEAR,99,,UNITED STATES,US,FARM SALES,,US TOTAL,00000000,FIELD CROPS,00,ALL CLASSES,2012,,,8.4,,,ALL UTILIZATION PRACTICES,ANNUAL,WHEAT,WHEAT - ACRES HARVESTED,2012-12-31 00:00:00.000
ALL PRODUCTION PRACTICES,00,CROPS,US TOTAL,ACRES,,NATIONAL,,"6,403,359",,,9000,AREA HARVESTED,CENSUS,,"FARM SALES: (100,000 TO 249,999 $)",YEAR,99,,UNITED STATES,US,FARM SALES,,US TOTAL,00000000,FIELD CROPS,00,ALL CLASSES,2012,,,7.8,,,ALL UTILIZATION PRACTICES,ANNUAL,WHEAT,WHEAT - ACRES HARVESTED,2012-12-31 00:00:00.000
ALL PRODUCTION PRACTICES,00,CROPS,US TOTAL,ACRES,,NATIONAL,,"38,131",,,9000,AREA HARVESTED,CENSUS,,"FARM SALES: (2,500 TO 4,999 $)",YEAR,99,,UNITED STATES,US,FARM SALES,,US TOTAL,00000000,FIELD CROPS,00,ALL CLASSES,2012,,,6.2,,,ALL UTILIZATION PRACTICES,ANNUAL,WHEAT,WHEAT - ACRES HARVESTED,2012-12-31 00:00:00.000
ALL PRODUCTION PRACTICES,00,CROPS,US TOTAL,ACRES,,NATIONAL,,"1,115,816",,,9000,AREA HARVESTED,CENSUS,,"FARM SALES: (25,000 TO 49,999 $)",YEAR,99,,UNITED STATES,US,FARM SALES,,US TOTAL,00000000,FIELD CROPS,00,ALL CLASSES,2012,,,11.1,,,ALL UTILIZATION PRACTICES,ANNUAL,WHEAT,WHEAT - ACRES HARVESTED,2012-12-31 00:00:00.000
ALL PRODUCTION PRACTICES,00,CROPS,US TOTAL,ACRES,,NATIONAL,,"8,867,168",,,9000,AREA HARVESTED,CENSUS,,"FARM SALES: (250,000 TO 499,999 $)",YEAR,99,,UNITED STATES,US,FARM SALES,,US TOTAL,00000000,FIELD CROPS,00,ALL CLASSES,2012,,,1.9,,,ALL UTILIZATION PRACTICES,ANNUAL,WHEAT,WHEAT - ACRES HARVESTED,2012-12-31 00:00:00.000
ALL PRODUCTION PRACTICES,00,CROPS,US TOTAL,ACRES,,NATIONAL,,"133,566",,,9000,AREA HARVESTED,CENSUS,,"FARM SALES: (5,000 TO 9,999 $)",YEAR,99,,UNITED STATES,US,FARM SALES,,US TOTAL,00000000,FIELD CROPS,00,ALL CLASSES,2012,,,7.5,,,ALL UTILIZATION PRACTICES,ANNUAL,WHEAT,WHEAT - ACRES HARVESTED,2012-12-31 00:00:00.000
ALL PRODUCTION PRACTICES,00,CROPS,US TOTAL,ACRES,,NATIONAL,,"2,427,747",,,9000,AREA HARVESTED,CENSUS,,"FARM SALES: (50,000 TO 99,999 $)",YEAR,99,,UNITED STATES,US,FARM SALES,,US TOTAL,00000000,FIELD CROPS,00,ALL CLASSES,2012,,,14.3,,,ALL UTILIZATION PRACTICES,ANNUAL,WHEAT,WHEAT - ACRES HARVESTED,2012-12-31 00:00:00.000
ALL PRODUCTION PRACTICES,00,CROPS,US TOTAL,ACRES,,NATIONAL,,"11,171,440",,,9000,AREA HARVESTED,CENSUS,,"FARM SALES: (500,000 TO 999,999 $)",YEAR,99,,UNITED STATES,US,FARM SALES,,US TOTAL,00000000,FIELD CROPS,00,ALL CLASSES,2012,,,3.5,,,ALL UTILIZATION PRACTICES,ANNUAL,WHEAT,WHEAT - ACRES HARVESTED,2012-12-31 00:00:00.000
ALL PRODUCTION PRACTICES,00,CROPS,US TOTAL,ACRES,,NATIONAL,,"16,549",,,9000,AREA HARVESTED,CENSUS,,"FARM SALES: (LESS THAN 1,000 $)",YEAR,99,,UNITED STATES,US,FARM SALES,,US TOTAL,00000000,FIELD CROPS,00,ALL CLASSES,2012,,,29.0,,,ALL UTILIZATION PRACTICES,ANNUAL,WHEAT,WHEAT - ACRES HARVESTED,2012-12-31 00:00:00.000
ALL PRODUCTION PRACTICES,00,CROPS,US TOTAL,ACRES,,NATIONAL,,"41,484,330",,,9000,AREA HARVESTED,CENSUS,,NAICS CLASSIFICATION: (1111),YEAR,99,,UNITED STATES,US,NAICS CLASSIFICATION,,US TOTAL,00000000,FIELD CROPS,00,ALL CLASSES,2012,,,0.9,,,ALL UTILIZATION PRACTICES,ANNUAL,WHEAT,WHEAT - ACRES HARVESTED,2012-12-31 00:00:00.000
ALL PRODUCTION PRACTICES,00,CROPS,US TOTAL,ACRES,,NATIONAL,,"706,417",,,9000,AREA HARVESTED,CENSUS,,NAICS CLASSIFICATION: (1112),YEAR,99,,UNITED STATES,US,NAICS CLASSIFICATION,,US TOTAL,00000000,FIELD CROPS,00,ALL CLASSES,2012,,,3.3,,,ALL UTILIZATION PRACTICES,ANNUAL,WHEAT,WHEAT - ACRES HARVESTED,2012-12-31 00:00:00.000
ALL PRODUCTION PRACTICES,00,CROPS,US TOTAL,ACRES,,NATIONAL,,"74,182",,,9000,AREA HARVESTED,CENSUS,,NAICS CLASSIFICATION: (1113),YEAR,99,,UNITED STATES,US,NAICS CLASSIFICATION,,US TOTAL,00000000,FIELD CROPS,00,ALL CLASSES,2012,,,4.2,,,ALL UTILIZATION PRACTICES,ANNUAL,WHEAT,WHEAT - ACRES HARVESTED,2012-12-31 00:00:00.000
ALL PRODUCTION PRACTICES,00,CROPS,US TOTAL,ACRES,,NATIONAL,,"22,921",,,9000,AREA HARVESTED,CENSUS,,NAICS CLASSIFICATION: (1114),YEAR,99,,UNITED STATES,US,NAICS CLASSIFICATION,,US TOTAL,00000000,FIELD CROPS,00,ALL CLASSES,2012,,,15.8,,,ALL UTILIZATION PRACTICES,ANNUAL,WHEAT,WHEAT - ACRES HARVESTED,2012-12-31 00:00:00.000
ALL PRODUCTION PRACTICES,00,CROPS,US TOTAL,ACRES,,NATIONAL,,"2,773,548",,,9000,AREA HARVESTED,CENSUS,,NAICS CLASSIFICATION: (1119),YEAR,99,,UNITED STATES,US,NAICS CLASSIFICATION,,US TOTAL,00000000,FIELD CROPS,00,ALL CLASSES,2012,,,1.6,,,ALL UTILIZATION PRACTICES,ANNUAL,WHEAT,WHEAT - ACRES HARVESTED,2012-12-31 00:00:00.000
ALL PRODUCTION PRACTICES,00,CROPS,US TOTAL,ACRES,,NATIONAL,,"99,639",,,9000,AREA HARVESTED,CENSUS,,NAICS CLASSIFICATION: (11191),YEAR,99,,UNITED STATES,US,NAICS CLASSIFICATION,,US TOTAL,00000000,FIELD CROPS,00,ALL CLASSES,2012,,,10.5,,,ALL UTILIZATION PRACTICES,ANNUAL,WHEAT,WHEAT - ACRES HARVESTED,2012-12-31 00:00:00.000
ALL PRODUCTION PRACTICES,00,CROPS,US TOTAL,ACRES,,NATIONAL,,"396,461",,,9000,AREA HARVESTED,CENSUS,,NAICS CLASSIFICATION: (11192),YEAR,99,,UNITED STATES,US,NAICS CLASSIFICATION,,US TOTAL,00000000,FIELD CROPS,00,ALL CLASSES,2012,,,5.7,,,ALL UTILIZATION PRACTICES,ANNUAL,WHEAT,WHEAT - ACRES HARVESTED,2012-12-31 00:00:00.000
ALL PRODUCTION PRACTICES,00,CROPS,US TOTAL,ACRES,,NATIONAL,,"2,277,448",,,9000,AREA HARVESTED,CENSUS,,NAICS CLASSIFICATION: (11193 & 11194 & 11199),YEAR,99,,UNITED STATES,US,NAICS CLASSIFICATION,,US TOTAL,00000000,FIELD CROPS,00,ALL CLASSES,2012,,,1.9,,,ALL UTILIZATION PRACTICES,ANNUAL,WHEAT,WHEAT - ACRES HARVESTED,2012-12-31 00:00:00.000
ALL PRODUCTION PRACTICES,00,CROPS,US TOTAL,ACRES,,NATIONAL,,"2,853,021",,,9000,AREA HARVESTED,CENSUS,,NAICS CLASSIFICATION: (112111),YEAR,99,,UNITED STATES,US,NAICS CLASSIFICATION,,US TOTAL,00000000,FIELD CROPS,00,ALL CLASSES,2012,,,4.9,,,ALL UTILIZATION PRACTICES,ANNUAL,WHEAT,WHEAT - ACRES HARVESTED,2012-12-31 00:00:00.000
ALL PRODUCTION PRACTICES,00,CROPS,US TOTAL,ACRES,,NATIONAL,,"234,221",,,9000,AREA HARVESTED,CENSUS,,NAICS CLASSIFICATION: (112112),YEAR,99,,UNITED STATES,US,NAICS CLASSIFICATION,,US TOTAL,00000000,FIELD CROPS,00,ALL CLASSES,2012,,,5.7,,,ALL UTILIZATION PRACTICES,ANNUAL,WHEAT,WHEAT - ACRES HARVESTED,2012-12-31 00:00:00.000
ALL PRODUCTION PRACTICES,00,CROPS,US TOTAL,ACRES,,NATIONAL,,"394,037",,,9000,AREA HARVESTED,CENSUS,,NAICS CLASSIFICATION: (11212),YEAR,99,,UNITED STATES,US,NAICS CLASSIFICATION,,US TOTAL,00000000,FIELD CROPS,00,ALL CLASSES,2012,,,3.7,,,ALL UTILIZATION PRACTICES,ANNUAL,WHEAT,WHEAT - ACRES HARVESTED,2012-12-31 00:00:00.000
ALL PRODUCTION PRACTICES,00,CROPS,US TOTAL,ACRES,,NATIONAL,,"156,167",,,9000,AREA HARVESTED,CENSUS,,NAICS CLASSIFICATION: (1122),YEAR,99,,UNITED STATES,US,NAICS CLASSIFICATION,,US TOTAL,00000000,FIELD CROPS,00,ALL CLASSES,2012,,,10.2,,,ALL UTILIZATION PRACTICES,ANNUAL,WHEAT,WHEAT - ACRES HARVESTED,2012-12-31 00:00:00.000
ALL PRODUCTION PRACTICES,00,CROPS,US TOTAL,ACRES,,NATIONAL,,"164,359",,,9000,AREA HARVESTED,CENSUS,,NAICS CLASSIFICATION: (1123),YEAR,99,,UNITED STATES,US,NAICS CLASSIFICATION,,US TOTAL,00000000,FIELD CROPS,00,ALL CLASSES,2012,,,6.2,,,ALL UTILIZATION PRACTICES,ANNUAL,WHEAT,WHEAT - ACRES HARVESTED,2012-12-31 00:00:00.000
ALL PRODUCTION PRACTICES,00,CROPS,US TOTAL,ACRES,,NATIONAL,,"14,243",,,9000,AREA HARVESTED,CENSUS,,NAICS CLASSIFICATION: (1124),YEAR,99,,UNITED STATES,US,NAICS CLASSIFICATION,,US TOTAL,00000000,FIELD CROPS,00,ALL CLASSES,2012,,,31.0,,,ALL UTILIZATION PRACTICES,ANNUAL,WHEAT,WHEAT - ACRES HARVESTED,2012-12-31 00:00:00.000
ALL PRODUCTION PRACTICES,00,CROPS,US TOTAL,ACRES,,NATIONAL,,"162,780",,,9000,AREA HARVESTED,CENSUS,,NAICS CLASSIFICATION: (1125 & 1129),YEAR,99,,UNITED STATES,US,NAICS CLASSIFICATION,,US TOTAL,00000000,FIELD CROPS,00,ALL CLASSES,2012,,,7.7,,,ALL UTILIZATION PRACTICES,ANNUAL,WHEAT,WHEAT - ACRES HARVESTED,2012-12-31 00:00:00.000
ALL PRODUCTION PRACTICES,00,CROPS,US TOTAL,ACRES,,NATIONAL,,"49,040,226",,,9000,AREA HARVESTED,CENSUS,,NOT SPECIFIED,YEAR,99,,UNITED STATES,US,TOTAL,,US TOTAL,00000000,FIELD CROPS,00,ALL CLASSES,2012,,,0.8,,,ALL UTILIZATION PRACTICES,ANNUAL,WHEAT,WHEAT - ACRES HARVESTED,2012-12-31 00:00:00.000
IRRIGATED,00,CROPS,US TOTAL,ACRES,,NATIONAL,,"1,417,212",,,9000,AREA HARVESTED,CENSUS,,"AREA HARVESTED: (1,000 OR MORE ACRES)",YEAR,99,,UNITED STATES,US,AREA HARVESTED,,US TOTAL,00000000,FIELD CROPS,00,ALL CLASSES,2012,,,2.3,,,ALL UTILIZATION PRACTICES,ANNUAL,WHEAT,"WHEAT, IRRIGATED - ACRES HARVESTED",2012-12-31 00:00:00.000
IRRIGATED,00,CROPS,US TOTAL,ACRES,,NATIONAL,,"702,956",,,9000,AREA HARVESTED,CENSUS,,"AREA HARVESTED: (1,000 TO 1,999 ACRES)",YEAR,99,,UNITED STATES,US,AREA HARVESTED,,US TOTAL,00000000,FIELD CROPS,00,ALL CLASSES,2012,,,6.5,,,ALL UTILIZATION PRACTICES,ANNUAL,WHEAT,"WHEAT, IRRIGATED - ACRES HARVESTED",2012-12-31 00:00:00.000
IRRIGATED,00,CROPS,US TOTAL,ACRES,,NATIONAL,,"5,781",,,9000,AREA HARVESTED,CENSUS,,AREA HARVESTED: (1.0 TO 14.9 ACRES),YEAR,99,,UNITED STATES,US,AREA HARVESTED,,US TOTAL,00000000,FIELD CROPS,00,ALL CLASSES,2012,,,9.6,,,ALL UTILIZATION PRACTICES,ANNUAL,WHEAT,"WHEAT, IRRIGATED - ACRES HARVESTED",2012-12-31 00:00:00.000
IRRIGATED,00,CROPS,US TOTAL,ACRES,,NATIONAL,,"446,932",,,9000,AREA HARVESTED,CENSUS,,AREA HARVESTED: (100 TO 249 ACRES),YEAR,99,,UNITED STATES,US,AREA HARVESTED,,US TOTAL,00000000,FIELD CROPS,00,ALL CLASSES,2012,,,4.5,,,ALL UTILIZATION PRACTICES,ANNUAL,WHEAT,"WHEAT, IRRIGATED - ACRES HARVESTED",2012-12-31 00:00:00.000
IRRIGATED,00,CROPS,US TOTAL,ACRES,,NATIONAL,,"11,842",,,9000,AREA HARVESTED,CENSUS,,AREA HARVESTED: (15.0 TO 24.9 ACRES),YEAR,99,,UNITED STATES,US,AREA HARVESTED,,US TOTAL,00000000,FIELD CROPS,00,ALL CLASSES,2012,,,7.9,,,ALL UTILIZATION PRACTICES,ANNUAL,WHEAT,"WHEAT, IRRIGATED - ACRES HARVESTED",2012-12-31 00:00:00.000
IRRIGATED,00,CROPS,US TOTAL,ACRES,,NATIONAL,,"279,284",,,9000,AREA HARVESTED,CENSUS,,"AREA HARVESTED: (2,000 TO 2,999 ACRES)",YEAR,99,,UNITED STATES,US,AREA HARVESTED,,US TOTAL,00000000,FIELD CROPS,00,ALL CLASSES,2012,,,5.6,,,ALL UTILIZATION PRACTICES,ANNUAL,WHEAT,"WHEAT, IRRIGATED - ACRES HARVESTED",2012-12-31 00:00:00.000
IRRIGATED,00,CROPS,US TOTAL,ACRES,,NATIONAL,,"46,585",,,9000,AREA HARVESTED,CENSUS,,AREA HARVESTED: (25.0 TO 49.9 ACRES),YEAR,99,,UNITED STATES,US,AREA HARVESTED,,US TOTAL,00000000,FIELD CROPS,00,ALL CLASSES,2012,,,2.6,,,ALL UTILIZATION PRACTICES,ANNUAL,WHEAT,"WHEAT, IRRIGATED - ACRES HARVESTED",2012-12-31 00:00:00.000
IRRIGATED,00,CROPS,US TOTAL,ACRES,,NATIONAL,,"591,262",,,9000,AREA HARVESTED,CENSUS,,AREA HARVESTED: (250 TO 499 ACRES),YEAR,99,,UNITED STATES,US,AREA HARVESTED,,US TOTAL,00000000,FIELD CROPS,00,ALL CLASSES,2012,,,4.3,,,ALL UTILIZATION PRACTICES,ANNUAL,WHEAT,"WHEAT, IRRIGATED - ACRES HARVESTED",2012-12-31 00:00:00.000
IRRIGATED,00,CROPS,US TOTAL,ACRES,,NATIONAL,,"238,772",,,9000,AREA HARVESTED,CENSUS,,"AREA HARVESTED: (3,000 TO 4,999 ACRES)",YEAR,99,,UNITED STATES,US,AREA HARVESTED,,US TOTAL,00000000,FIELD CROPS,00,ALL CLASSES,2012,,,13.8,,,ALL UTILIZATION PRACTICES,ANNUAL,WHEAT,"WHEAT, IRRIGATED - ACRES HARVESTED",2012-12-31 00:00:00.000
IRRIGATED,00,CROPS,US TOTAL,ACRES,,NATIONAL,,"196,200",,,9000,AREA HARVESTED,CENSUS,,"AREA HARVESTED: (5,000 OR MORE ACRES)",YEAR,99,,UNITED STATES,US,AREA HARVESTED,,US TOTAL,00000000,FIELD CROPS,00,ALL CLASSES,2012,,,8.4,,,ALL UTILIZATION PRACTICES,ANNUAL,WHEAT,"WHEAT, IRRIGATED - ACRES HARVESTED",2012-12-31 00:00:00.000
IRRIGATED,00,CROPS,US TOTAL,ACRES,,NATIONAL,,"134,531",,,9000,AREA HARVESTED,CENSUS,,AREA HARVESTED: (50.0 TO 99.9 ACRES),YEAR,99,,UNITED STATES,US,AREA HARVESTED,,US TOTAL,00000000,FIELD CROPS,00,ALL CLASSES,2012,,,2.9,,,ALL UTILIZATION PRACTICES,ANNUAL,WHEAT,"WHEAT, IRRIGATED - ACRES HARVESTED",2012-12-31 00:00:00.000
IRRIGATED,00,CROPS,US TOTAL,ACRES,,NATIONAL,,"714,020",,,9000,AREA HARVESTED,CENSUS,,AREA HARVESTED: (500 TO 999 ACRES),YEAR,99,,UNITED STATES,US,AREA HARVESTED,,US TOTAL,00000000,FIELD CROPS,00,ALL CLASSES,2012,,,4.7,,,ALL UTILIZATION PRACTICES,ANNUAL,WHEAT,"WHEAT, IRRIGATED - ACRES HARVESTED",2012-12-31 00:00:00.000
IRRIGATED,00,CROPS,US TOTAL,ACRES,,NATIONAL,,"633,974",,,9000,AREA HARVESTED,CENSUS,,"AREA OPERATED: (1,000 TO 1,999 ACRES)",YEAR,99,,UNITED STATES,US,AREA OPERATED,,US TOTAL,00000000,FIELD CROPS,00,ALL CLASSES,2012,,,7.7,,,ALL UTILIZATION PRACTICES,ANNUAL,WHEAT,"WHEAT, IRRIGATED - ACRES HARVESTED",2012-12-31 00:00:00.000
IRRIGATED,00,CROPS,US TOTAL,ACRES,,NATIONAL,,302,,,9000,AREA HARVESTED,CENSUS,,AREA OPERATED: (1.0 TO 9.9 ACRES),YEAR,99,,UNITED STATES,US,AREA OPERATED,,US TOTAL,00000000,FIELD CROPS,00,ALL CLASSES,2012,,,14.2,,,ALL UTILIZATION PRACTICES,ANNUAL,WHEAT,"WHEAT, IRRIGATED - ACRES HARVESTED",2012-12-31 00:00:00.000
IRRIGATED,00,CROPS,US TOTAL,ACRES,,NATIONAL,,"7,224",,,9000,AREA HARVESTED,CENSUS,,AREA OPERATED: (10.0 TO 49.9 ACRES),YEAR,99,,UNITED STATES,US,AREA OPERATED,,US TOTAL,00000000,FIELD CROPS,00,ALL CLASSES,2012,,,11.1,,,ALL UTILIZATION PRACTICES,ANNUAL,WHEAT,"WHEAT, IRRIGATED - ACRES HARVESTED",2012-12-31 00:00:00.000
IRRIGATED,00,CROPS,US TOTAL,ACRES,,NATIONAL,,"16,169",,,9000,AREA HARVESTED,CENSUS,,AREA OPERATED: (100 TO 139 ACRES),YEAR,99,,UNITED STATES,US,AREA OPERATED,,US TOTAL,00000000,FIELD CROPS,00,ALL CLASSES,2012,,,8.8,,,ALL UTILIZATION PRACTICES,ANNUAL,WHEAT,"WHEAT, IRRIGATED - ACRES HARVESTED",2012-12-31 00:00:00.000
IRRIGATED,00,CROPS,US TOTAL,ACRES,,NATIONAL,,"26,162",,,9000,AREA HARVESTED,CENSUS,,AREA OPERATED: (140 TO 179 ACRES),YEAR,99,,UNITED STATES,US,AREA OPERATED,,US TOTAL,00000000,FIELD CROPS,00,ALL CLASSES,2012,,,7.8,,,ALL UTILIZATION PRACTICES,ANNUAL,WHEAT,"WHEAT, IRRIGATED - ACRES HARVESTED",2012-12-31 00:00:00.000
IRRIGATED,00,CROPS,US TOTAL,ACRES,,NATIONAL,,"19,597",,,9000,AREA HARVESTED,CENSUS,,AREA OPERATED: (180 TO 219 ACRES),YEAR,99,,UNITED STATES,US,AREA OPERATED,,US TOTAL,00000000,FIELD CROPS,00,ALL CLASSES,2012,,,12.9,,,ALL UTILIZATION PRACTICES,ANNUAL,WHEAT,"WHEAT, IRRIGATED - ACRES HARVESTED",2012-12-31 00:00:00.000
IRRIGATED,00,CROPS,US TOTAL,ACRES,,NATIONAL,,"2,096,527",,,9000,AREA HARVESTED,CENSUS,,"AREA OPERATED: (2,000 OR MORE ACRES)",YEAR,99,,UNITED STATES,US,AREA OPERATED,,US TOTAL,00000000,FIELD CROPS,00,ALL CLASSES,2012,,,1.3,,,ALL UTILIZATION PRACTICES,ANNUAL,WHEAT,"WHEAT, IRRIGATED - ACRES HARVESTED",2012-12-31 00:00:00.000
IRRIGATED,00,CROPS,US TOTAL,ACRES,,NATIONAL,,"23,897",,,9000,AREA HARVESTED,CENSUS,,AREA OPERATED: (220 TO 259 ACRES),YEAR,99,,UNITED STATES,US,AREA OPERATED,,US TOTAL,00000000,FIELD CROPS,00,ALL CLASSES,2012,,,8.4,,,ALL UTILIZATION PRACTICES,ANNUAL,WHEAT,"WHEAT, IRRIGATED - ACRES HARVESTED",2012-12-31 00:00:00.000
IRRIGATED,00,CROPS,US TOTAL,ACRES,,NATIONAL,,"166,781",,,9000,AREA HARVESTED,CENSUS,,AREA OPERATED: (260 TO 499 ACRES),YEAR,99,,UNITED STATES,US,AREA OPERATED,,US TOTAL,00000000,FIELD CROPS,00,ALL CLASSES,2012,,,12.3,,,ALL UTILIZATION PRACTICES,ANNUAL,WHEAT,"WHEAT, IRRIGATED - ACRES HARVESTED",2012-12-31 00:00:00.000
IRRIGATED,00,CROPS,US TOTAL,ACRES,,NATIONAL,,"5,750",,,9000,AREA HARVESTED,CENSUS,,AREA OPERATED: (50.0 TO 69.9 ACRES),YEAR,99,,UNITED STATES,US,AREA OPERATED,,US TOTAL,00000000,FIELD CROPS,00,ALL CLASSES,2012,,,11.4,,,ALL UTILIZATION PRACTICES,ANNUAL,WHEAT,"WHEAT, IRRIGATED - ACRES HARVESTED",2012-12-31 00:00:00.000
IRRIGATED,00,CROPS,US TOTAL,ACRES,,NATIONAL,,"362,275",,,9000,AREA HARVESTED,CENSUS,,AREA OPERATED: (500 TO 999 ACRES),YEAR,99,,UNITED STATES,US,AREA OPERATED,,US TOTAL,00000000,FIELD CROPS,00,ALL CLASSES,2012,,,2.8,,,ALL UTILIZATION PRACTICES,ANNUAL,WHEAT,"WHEAT, IRRIGATED - ACRES HARVESTED",2012-12-31 00:00:00.000
IRRIGATED,00,CROPS,US TOTAL,ACRES,,NATIONAL,,"9,507",,,9000,AREA HARVESTED,CENSUS,,AREA OPERATED: (70.0 TO 99.9 ACRES),YEAR,99,,UNITED STATES,US,AREA OPERATED,,US TOTAL,00000000,FIELD CROPS,00,ALL CLASSES,2012,,,8.0,,,ALL UTILIZATION PRACTICES,ANNUAL,WHEAT,"WHEAT, IRRIGATED - ACRES HARVESTED",2012-12-31 00:00:00.000
IRRIGATED,00,CROPS,US TOTAL,ACRES,,NATIONAL,,399,,,9000,AREA HARVESTED,CENSUS,,"ECONOMIC CLASS: (1,000 TO 2,499 $)",YEAR,99,,UNITED STATES,US,ECONOMIC CLASS,,US TOTAL,00000000,FIELD CROPS,00,ALL CLASSES,2012,,,23.1,,,ALL UTILIZATION PRACTICES,ANNUAL,WHEAT,"WHEAT, IRRIGATED - ACRES HARVESTED",2012-12-31 00:00:00.000
IRRIGATED,00,CROPS,US TOTAL,ACRES,,NATIONAL,,"2,034,706",,,9000,AREA HARVESTED,CENSUS,,"ECONOMIC CLASS: (1,000,000 OR MORE $)",YEAR,99,,UNITED STATES,US,ECONOMIC CLASS,,US TOTAL,00000000,FIELD CROPS,00,ALL CLASSES,2012,,,5.4,,,ALL UTILIZATION PRACTICES,ANNUAL,WHEAT,"WHEAT, IRRIGATED - ACRES HARVESTED",2012-12-31 00:00:00.000
IRRIGATED,00,CROPS,US TOTAL,ACRES,,NATIONAL,,"11,347",,,9000,AREA HARVESTED,CENSUS,,"ECONOMIC CLASS: (10,000 TO 24,999 $)",YEAR,99,,UNITED STATES,US,ECONOMIC CLASS,,US TOTAL,00000000,FIELD CROPS,00,ALL CLASSES,2012,,,12.6,,,ALL UTILIZATION PRACTICES,ANNUAL,WHEAT,"WHEAT, IRRIGATED - ACRES HARVESTED",2012-12-31 00:00:00.000
IRRIGATED,00,CROPS,US TOTAL,ACRES,,NATIONAL,,"252,038",,,9000,AREA HARVESTED,CENSUS,,"ECONOMIC CLASS: (100,000 TO 249,999 $)",YEAR,99,,UNITED STATES,US,ECONOMIC CLASS,,US TOTAL,00000000,FIELD CROPS,00,ALL CLASSES,2012,,,19.4,,,ALL UTILIZATION PRACTICES,ANNUAL,WHEAT,"WHEAT, IRRIGATED - ACRES HARVESTED",2012-12-31 00:00:00.000
IRRIGATED,00,CROPS,US TOTAL,ACRES,,NATIONAL,,898,,,9000,AREA HARVESTED,CENSUS,,"ECONOMIC CLASS: (2,500 TO 4,999 $)",YEAR,99,,UNITED STATES,US,ECONOMIC CLASS,,US TOTAL,00000000,FIELD CROPS,00,ALL CLASSES,2012,,,24.8,,,ALL UTILIZATION PRACTICES,ANNUAL,WHEAT,"WHEAT, IRRIGATED - ACRES HARVESTED",2012-12-31 00:00:00.000
IRRIGATED,00,CROPS,US TOTAL,ACRES,,NATIONAL,,"28,750",,,9000,AREA HARVESTED,CENSUS,,"ECONOMIC CLASS: (25,000 TO 49,999 $)",YEAR,99,,UNITED STATES,US,ECONOMIC CLASS,,US TOTAL,00000000,FIELD CROPS,00,ALL CLASSES,2012,,,13.2,,,ALL UTILIZATION PRACTICES,ANNUAL,WHEAT,"WHEAT, IRRIGATED - ACRES HARVESTED",2012-12-31 00:00:00.000
IRRIGATED,00,CROPS,US TOTAL,ACRES,,NATIONAL,,"399,137",,,9000,AREA HARVESTED,CENSUS,,"ECONOMIC CLASS: (250,000 TO 499,999 $)",YEAR,99,,UNITED STATES,US,ECONOMIC CLASS,,US TOTAL,00000000,FIELD CROPS,00,ALL CLASSES,2012,,,18.2,,,ALL UTILIZATION PRACTICES,ANNUAL,WHEAT,"WHEAT, IRRIGATED - ACRES HARVESTED",2012-12-31 00:00:00.000
IRRIGATED,00,CROPS,US TOTAL,ACRES,,NATIONAL,,"2,722",,,9000,AREA HARVESTED,CENSUS,,"ECONOMIC CLASS: (5,000 TO 9,999 $)",YEAR,99,,UNITED STATES,US,ECONOMIC CLASS,,US TOTAL,00000000,FIELD CROPS,00,ALL CLASSES,2012,,,15.2,,,ALL UTILIZATION PRACTICES,ANNUAL,WHEAT,"WHEAT, IRRIGATED - ACRES HARVESTED",2012-12-31 00:00:00.000
IRRIGATED,00,CROPS,US TOTAL,ACRES,,NATIONAL,,"80,355",,,9000,AREA HARVESTED,CENSUS,,"ECONOMIC CLASS: (50,000 TO 99,999 $)",YEAR,99,,UNITED STATES,US,ECONOMIC CLASS,,US TOTAL,00000000,FIELD CROPS,00,ALL CLASSES,2012,,,19.6,,,ALL UTILIZATION PRACTICES,ANNUAL,WHEAT,"WHEAT, IRRIGATED - ACRES HARVESTED",2012-12-31 00:00:00.000
IRRIGATED,00,CROPS,US TOTAL,ACRES,,NATIONAL,,"557,674",,,9000,AREA HARVESTED,CENSUS,,"ECONOMIC CLASS: (500,000 TO 999,999 $)",YEAR,99,,UNITED STATES,US,ECONOMIC CLASS,,US TOTAL,00000000,FIELD CROPS,00,ALL CLASSES,2012,,,9.4,,,ALL UTILIZATION PRACTICES,ANNUAL,WHEAT,"WHEAT, IRRIGATED - ACRES HARVESTED",2012-12-31 00:00:00.000
IRRIGATED,00,CROPS,US TOTAL,ACRES,,NATIONAL,,139,,,9000,AREA HARVESTED,CENSUS,,"ECONOMIC CLASS: (LESS THAN 1,000 $)",YEAR,99,,UNITED STATES,US,ECONOMIC CLASS,,US TOTAL,00000000,FIELD CROPS,00,ALL CLASSES,2012,,,28.3,,,ALL UTILIZATION PRACTICES,ANNUAL,WHEAT,"WHEAT, IRRIGATED - ACRES HARVESTED",2012-12-31 00:00:00.000
IRRIGATED,00,CROPS,US TOTAL,ACRES,,NATIONAL,,501,,,9000,AREA HARVESTED,CENSUS,,"FARM SALES: (1,000 TO 2,499 $)",YEAR,99,,UNITED STATES,US,FARM SALES,,US TOTAL,00000000,FIELD CROPS,00,ALL CLASSES,2012,,,30.0,,,ALL UTILIZATION PRACTICES,ANNUAL,WHEAT,"WHEAT, IRRIGATED - ACRES HARVESTED",2012-12-31 00:00:00.000
IRRIGATED,00,CROPS,US TOTAL,ACRES,,NATIONAL,,"2,002,078",,,9000,AREA HARVESTED,CENSUS,,"FARM SALES: (1,000,000 OR MORE $)",YEAR,99,,UNITED STATES,US,FARM SALES,,US TOTAL,00000000,FIELD CROPS,00,ALL CLASSES,2012,,,5.7,,,ALL UTILIZATION PRACTICES,ANNUAL,WHEAT,"WHEAT, IRRIGATED - ACRES HARVESTED",2012-12-31 00:00:00.000
IRRIGATED,00,CROPS,US TOTAL,ACRES,,NATIONAL,,"16,222",,,9000,AREA HARVESTED,CENSUS,,"FARM SALES: (10,000 TO 24,999 $)",YEAR,99,,UNITED STATES,US,FARM SALES,,US TOTAL,00000000,FIELD CROPS,00,ALL CLASSES,2012,,,12.4,,,ALL UTILIZATION PRACTICES,ANNUAL,WHEAT,"WHEAT, IRRIGATED - ACRES HARVESTED",2012-12-31 00:00:00.000
IRRIGATED,00,CROPS,US TOTAL,ACRES,,NATIONAL,,"264,091",,,9000,AREA HARVESTED,CENSUS,,"FARM SALES: (100,000 TO 249,999 $)",YEAR,99,,UNITED STATES,US,FARM SALES,,US TOTAL,00000000,FIELD CROPS,00,ALL CLASSES,2012,,,17.9,,,ALL UTILIZATION PRACTICES,ANNUAL,WHEAT,"WHEAT, IRRIGATED - ACRES HARVESTED",2012-12-31 00:00:00.000
IRRIGATED,00,CROPS,US TOTAL,ACRES,,NATIONAL,,"1,282",,,9000,AREA HARVESTED,CENSUS,,"FARM SALES: (2,500 TO 4,999 $)",YEAR,99,,UNITED STATES,US,FARM SALES,,US TOTAL,00000000,FIELD CROPS,00,ALL CLASSES,2012,,,29.3,,,ALL UTILIZATION PRACTICES,ANNUAL,WHEAT,"WHEAT, IRRIGATED - ACRES HARVESTED",2012-12-31 00:00:00.000
IRRIGATED,00,CROPS,US TOTAL,ACRES,,NATIONAL,,"34,762",,,9000,AREA HARVESTED,CENSUS,,"FARM SALES: (25,000 TO 49,999 $)",YEAR,99,,UNITED STATES,US,FARM SALES,,US TOTAL,00000000,FIELD CROPS,00,ALL CLASSES,2012,,,22.3,,,ALL UTILIZATION PRACTICES,ANNUAL,WHEAT,"WHEAT, IRRIGATED - ACRES HARVESTED",2012-12-31 00:00:00.000
IRRIGATED,00,CROPS,US TOTAL,ACRES,,NATIONAL,,"401,097",,,9000,AREA HARVESTED,CENSUS,,"FARM SALES: (250,000 TO 499,999 $)",YEAR,99,,UNITED STATES,US,FARM SALES,,US TOTAL,00000000,FIELD CROPS,00,ALL CLASSES,2012,,,18.8,,,ALL UTILIZATION PRACTICES,ANNUAL,WHEAT,"WHEAT, IRRIGATED - ACRES HARVESTED",2012-12-31 00:00:00.000
IRRIGATED,00,CROPS,US TOTAL,ACRES,,NATIONAL,,"3,321",,,9000,AREA HARVESTED,CENSUS,,"FARM SALES: (5,000 TO 9,999 $)",YEAR,99,,UNITED STATES,US,FARM SALES,,US TOTAL,00000000,FIELD CROPS,00,ALL CLASSES,2012,,,10.3,,,ALL UTILIZATION PRACTICES,ANNUAL,WHEAT,"WHEAT, IRRIGATED - ACRES HARVESTED",2012-12-31 00:00:00.000
IRRIGATED,00,CROPS,US TOTAL,ACRES,,NATIONAL,,"94,812",,,9000,AREA HARVESTED,CENSUS,,"FARM SALES: (50,000 TO 99,999 $)",YEAR,99,,UNITED STATES,US,FARM SALES,,US TOTAL,00000000,FIELD CROPS,00,ALL CLASSES,2012,,,25.3,,,ALL UTILIZATION PRACTICES,ANNUAL,WHEAT,"WHEAT, IRRIGATED - ACRES HARVESTED",2012-12-31 00:00:00.000
IRRIGATED,00,CROPS,US TOTAL,ACRES,,NATIONAL,,"549,576",,,9000,AREA HARVESTED,CENSUS,,"FARM SALES: (500,000 TO 999,999 $)",YEAR,99,,UNITED STATES,US,FARM SALES,,US TOTAL,00000000,FIELD CROPS,00,ALL CLASSES,2012,,,7.8,,,ALL UTILIZATION PRACTICES,ANNUAL,WHEAT,"WHEAT, IRRIGATED - ACRES HARVESTED",2012-12-31 00:00:00.000
IRRIGATED,00,CROPS,US TOTAL,ACRES,,NATIONAL,,423,,,9000,AREA HARVESTED,CENSUS,,"FARM SALES: (LESS THAN 1,000 $)",YEAR,99,,UNITED STATES,US,FARM SALES,,US TOTAL,00000000,FIELD CROPS,00,ALL CLASSES,2012,,,82.0,,,ALL UTILIZATION PRACTICES,ANNUAL,WHEAT,"WHEAT, IRRIGATED - ACRES HARVESTED",2012-12-31 00:00:00.000
IRRIGATED,00,CROPS,US TOTAL,ACRES,,NATIONAL,,"1,872,454",,,9000,AREA HARVESTED,CENSUS,,NAICS CLASSIFICATION: (1111),YEAR,99,,UNITED STATES,US,NAICS CLASSIFICATION,,US TOTAL,00000000,FIELD CROPS,00,ALL CLASSES,2012,,,5.1,,,ALL UTILIZATION PRACTICES,ANNUAL,WHEAT,"WHEAT, IRRIGATED - ACRES HARVESTED",2012-12-31 00:00:00.000
IRRIGATED,00,CROPS,US TOTAL,ACRES,,NATIONAL,,"473,435",,,9000,AREA HARVESTED,CENSUS,,NAICS CLASSIFICATION: (1112),YEAR,99,,UNITED STATES,US,NAICS CLASSIFICATION,,US TOTAL,00000000,FIELD CROPS,00,ALL CLASSES,2012,,,2.7,,,ALL UTILIZATION PRACTICES,ANNUAL,WHEAT,"WHEAT, IRRIGATED - ACRES HARVESTED",2012-12-31 00:00:00.000
IRRIGATED,00,CROPS,US TOTAL,ACRES,,NATIONAL,,"42,039",,,9000,AREA HARVESTED,CENSUS,,NAICS CLASSIFICATION: (1113),YEAR,99,,UNITED STATES,US,NAICS CLASSIFICATION,,US TOTAL,00000000,FIELD CROPS,00,ALL CLASSES,2012,,,4.7,,,ALL UTILIZATION PRACTICES,ANNUAL,WHEAT,"WHEAT, IRRIGATED - ACRES HARVESTED",2012-12-31 00:00:00.000
IRRIGATED,00,CROPS,US TOTAL,ACRES,,NATIONAL,,"6,526",,,9000,AREA HARVESTED,CENSUS,,NAICS CLASSIFICATION: (1114),YEAR,99,,UNITED STATES,US,NAICS CLASSIFICATION,,US TOTAL,00000000,FIELD CROPS,00,ALL CLASSES,2012,,,43.5,,,ALL UTILIZATION PRACTICES,ANNUAL,WHEAT,"WHEAT, IRRIGATED - ACRES HARVESTED",2012-12-31 00:00:00.000
IRRIGATED,00,CROPS,US TOTAL,ACRES,,NATIONAL,,"732,151",,,9000,AREA HARVESTED,CENSUS,,NAICS CLASSIFICATION: (1119),YEAR,99,,UNITED STATES,US,NAICS CLASSIFICATION,,US TOTAL,00000000,FIELD CROPS,00,ALL CLASSES,2012,,,2.4,,,ALL UTILIZATION PRACTICES,ANNUAL,WHEAT,"WHEAT, IRRIGATED - ACRES HARVESTED",2012-12-31 00:00:00.000
IRRIGATED,00,CROPS,US TOTAL,ACRES,,NATIONAL,,908,,,9000,AREA HARVESTED,CENSUS,,NAICS CLASSIFICATION: (11191),YEAR,99,,UNITED STATES,US,NAICS CLASSIFICATION,,US TOTAL,00000000,FIELD CROPS,00,ALL CLASSES,2012,,,33.9,,,ALL UTILIZATION PRACTICES,ANNUAL,WHEAT,"WHEAT, IRRIGATED - ACRES HARVESTED",2012-12-31 00:00:00.000
IRRIGATED,00,CROPS,US TOTAL,ACRES,,NATIONAL,,"119,216",,,9000,AREA HARVESTED,CENSUS,,NAICS CLASSIFICATION: (11192),YEAR,99,,UNITED STATES,US,NAICS CLASSIFICATION,,US TOTAL,00000000,FIELD CROPS,00,ALL CLASSES,2012,,,5.7,,,ALL UTILIZATION PRACTICES,ANNUAL,WHEAT,"WHEAT, IRRIGATED - ACRES HARVESTED",2012-12-31 00:00:00.000
IRRIGATED,00,CROPS,US TOTAL,ACRES,,NATIONAL,,"612,027",,,9000,AREA HARVESTED,CENSUS,,NAICS CLASSIFICATION: (11193 & 11194 & 11199),YEAR,99,,UNITED STATES,US,NAICS CLASSIFICATION,,US TOTAL,00000000,FIELD CROPS,00,ALL CLASSES,2012,,,2.7,,,ALL UTILIZATION PRACTICES,ANNUAL,WHEAT,"WHEAT, IRRIGATED - ACRES HARVESTED",2012-12-31 00:00:00.000
IRRIGATED,00,CROPS,US TOTAL,ACRES,,NATIONAL,,"140,241",,,9000,AREA HARVESTED,CENSUS,,NAICS CLASSIFICATION: (112111),YEAR,99,,UNITED STATES,US,NAICS CLASSIFICATION,,US TOTAL,00000000,FIELD CROPS,00,ALL CLASSES,2012,,,6.2,,,ALL UTILIZATION PRACTICES,ANNUAL,WHEAT,"WHEAT, IRRIGATED - ACRES HARVESTED",2012-12-31 00:00:00.000
IRRIGATED,00,CROPS,US TOTAL,ACRES,,NATIONAL,,"22,741",,,9000,AREA HARVESTED,CENSUS,,NAICS CLASSIFICATION: (112112),YEAR,99,,UNITED STATES,US,NAICS CLASSIFICATION,,US TOTAL,00000000,FIELD CROPS,00,ALL CLASSES,2012,,,12.7,,,ALL UTILIZATION PRACTICES,ANNUAL,WHEAT,"WHEAT, IRRIGATED - ACRES HARVESTED",2012-12-31 00:00:00.000
IRRIGATED,00,CROPS,US TOTAL,ACRES,,NATIONAL,,"60,287",,,9000,AREA HARVESTED,CENSUS,,NAICS CLASSIFICATION: (11212),YEAR,99,,UNITED STATES,US,NAICS CLASSIFICATION,,US TOTAL,00000000,FIELD CROPS,00,ALL CLASSES,2012,,,2.5,,,ALL UTILIZATION PRACTICES,ANNUAL,WHEAT,"WHEAT, IRRIGATED - ACRES HARVESTED",2012-12-31 00:00:00.000
IRRIGATED,00,CROPS,US TOTAL,ACRES,,NATIONAL,,"5,108",,,9000,AREA HARVESTED,CENSUS,,NAICS CLASSIFICATION: (1122),YEAR,99,,UNITED STATES,US,NAICS CLASSIFICATION,,US TOTAL,00000000,FIELD CROPS,00,ALL CLASSES,2012,,,6.4,,,ALL UTILIZATION PRACTICES,ANNUAL,WHEAT,"WHEAT, IRRIGATED - ACRES HARVESTED",2012-12-31 00:00:00.000
IRRIGATED,00,CROPS,US TOTAL,ACRES,,NATIONAL,,"6,462",,,9000,AREA HARVESTED,CENSUS,,NAICS CLASSIFICATION: (1123),YEAR,99,,UNITED STATES,US,NAICS CLASSIFICATION,,US TOTAL,00000000,FIELD CROPS,00,ALL CLASSES,2012,,,12.3,,,ALL UTILIZATION PRACTICES,ANNUAL,WHEAT,"WHEAT, IRRIGATED - ACRES HARVESTED",2012-12-31 00:00:00.000
IRRIGATED,00,CROPS,US TOTAL,ACRES,,NATIONAL,,690,,,9000,AREA HARVESTED,CENSUS,,NAICS CLASSIFICATION: (1124),YEAR,99,,UNITED STATES,US,NAICS CLASSIFICATION,,US TOTAL,00000000,FIELD CROPS,00,ALL CLASSES,2012,,,22.1,,,ALL UTILIZATION PRACTICES,ANNUAL,WHEAT,"WHEAT, IRRIGATED - ACRES HARVESTED",2012-12-31 00:00:00.000
IRRIGATED,00,CROPS,US TOTAL,ACRES,,NATIONAL,,"6,031",,,9000,AREA HARVESTED,CENSUS,,NAICS CLASSIFICATION: (1125 & 1129),YEAR,99,,UNITED STATES,US,NAICS CLASSIFICATION,,US TOTAL,00000000,FIELD CROPS,00,ALL CLASSES,2012,,,47.0,,,ALL UTILIZATION PRACTICES,ANNUAL,WHEAT,"WHEAT, IRRIGATED - ACRES HARVESTED",2012-12-31 00:00:00.000
IRRIGATED,00,CROPS,US TOTAL,ACRES,,NATIONAL,,"3,368,165",,,9000,AREA HARVESTED,CENSUS,,NOT SPECIFIED,YEAR,99,,UNITED STATES,US,TOTAL,,US TOTAL,00000000,FIELD CROPS,00,ALL CLASSES,2012,,,2.6,,,ALL UTILIZATION PRACTICES,ANNUAL,WHEAT,"WHEAT, IRRIGATED - ACRES HARVESTED",2012-12-31 00:00:00.000
"IRRIGATED, ENTIRE CROP",00,CROPS,US TOTAL,ACRES,,NATIONAL,,"2,064,900",,,9000,AREA HARVESTED,CENSUS,,NOT SPECIFIED,YEAR,99,,UNITED STATES,US,TOTAL,,US TOTAL,00000000,FIELD CROPS,00,ALL CLASSES,2012,,,3.0,,,ALL UTILIZATION PRACTICES,ANNUAL,WHEAT,"WHEAT, IRRIGATED, ENTIRE CROP - ACRES HARVESTED",2012-12-31 00:00:00.000
"IRRIGATED, NONE OF CROP",00,CROPS,US TOTAL,ACRES,,NATIONAL,,"42,122,375",,,9000,AREA HARVESTED,CENSUS,,NOT SPECIFIED,YEAR,99,,UNITED STATES,US,TOTAL,,US TOTAL,00000000,FIELD CROPS,00,ALL CLASSES,2012,,,0.8,,,ALL UTILIZATION PRACTICES,ANNUAL,WHEAT,"WHEAT, IRRIGATED, NONE OF CROP - ACRES HARVESTED",2012-12-31 00:00:00.000
"IRRIGATED, PART OF CROP, IRRIGATED PORTION",00,CROPS,US TOTAL,ACRES,,NATIONAL,,"1,303,265",,,9000,AREA HARVESTED,CENSUS,,NOT SPECIFIED,YEAR,99,,UNITED STATES,US,TOTAL,,US TOTAL,00000000,FIELD CROPS,00,ALL CLASSES,2012,,,2.4,,,ALL UTILIZATION PRACTICES,ANNUAL,WHEAT,"WHEAT, IRRIGATED, PART OF CROP, IRRIGATED PORTION - ACRES HARVESTED",2012-12-31 00:00:00.000
"IRRIGATED, PART OF CROP, NON-IRRIGATED PORTION",00,CROPS,US TOTAL,ACRES,,NATIONAL,,"3,549,686",,,9000,AREA HARVESTED,CENSUS,,NOT SPECIFIED,YEAR,99,,UNITED STATES,US,TOTAL,,US TOTAL,00000000,FIELD CROPS,00,ALL CLASSES,2012,,,(L),,,ALL UTILIZATION PRACTICES,ANNUAL,WHEAT,"WHEAT, IRRIGATED, PART OF CROP, NON-IRRIGATED PORTION - ACRES HARVESTED",2012-12-31 00:00:00.000
ALL PRODUCTION PRACTICES,00,CROPS,US TOTAL,ACRES,,NATIONAL,,"6,313,969",,,9000,AREA HARVESTED,CENSUS,,"AREA HARVESTED: (1,000 OR MORE ACRES)",YEAR,99,,UNITED STATES,US,AREA HARVESTED,,US TOTAL,00000000,FIELD CROPS,00,"SPRING, (EXCL DURUM)",2012,,,5.5,,,ALL UTILIZATION PRACTICES,ANNUAL,WHEAT,"WHEAT, SPRING, (EXCL DURUM) - ACRES HARVESTED",2012-12-31 00:00:00.000
ALL PRODUCTION PRACTICES,00,CROPS,US TOTAL,ACRES,,NATIONAL,,"3,173,754",,,9000,AREA HARVESTED,CENSUS,,"AREA HARVESTED: (1,000 TO 1,999 ACRES)",YEAR,99,,UNITED STATES,US,AREA HARVESTED,,US TOTAL,00000000,FIELD CROPS,00,"SPRING, (EXCL DURUM)",2012,,,3.6,,,ALL UTILIZATION PRACTICES,ANNUAL,WHEAT,"WHEAT, SPRING, (EXCL DURUM) - ACRES HARVESTED",2012-12-31 00:00:00.000
ALL PRODUCTION PRACTICES,00,CROPS,US TOTAL,ACRES,,NATIONAL,,"10,013",,,9000,AREA HARVESTED,CENSUS,,AREA HARVESTED: (1.0 TO 14.9 ACRES),YEAR,99,,UNITED STATES,US,AREA HARVESTED,,US TOTAL,00000000,FIELD CROPS,00,"SPRING, (EXCL DURUM)",2012,,,3.4,,,ALL UTILIZATION PRACTICES,ANNUAL,WHEAT,"WHEAT, SPRING, (EXCL DURUM) - ACRES HARVESTED",2012-12-31 00:00:00.000
ALL PRODUCTION PRACTICES,00,CROPS,US TOTAL,ACRES,,NATIONAL,,"931,109",,,9000,AREA HARVESTED,CENSUS,,AREA HARVESTED: (100 TO 249 ACRES),YEAR,99,,UNITED STATES,US,AREA HARVESTED,,US TOTAL,00000000,FIELD CROPS,00,"SPRING, (EXCL DURUM)",2012,,,3.5,,,ALL UTILIZATION PRACTICES,ANNUAL,WHEAT,"WHEAT, SPRING, (EXCL DURUM) - ACRES HARVESTED",2012-12-31 00:00:00.000
ALL PRODUCTION PRACTICES,00,CROPS,US TOTAL,ACRES,,NATIONAL,,"21,752",,,9000,AREA HARVESTED,CENSUS,,AREA HARVESTED: (15.0 TO 24.9 ACRES),YEAR,99,,UNITED STATES,US,AREA HARVESTED,,US TOTAL,00000000,FIELD CROPS,00,"SPRING, (EXCL DURUM)",2012,,,5.7,,,ALL UTILIZATION PRACTICES,ANNUAL,WHEAT,"WHEAT, SPRING, (EXCL DURUM) - ACRES HARVESTED",2012-12-31 00:00:00.000
ALL PRODUCTION PRACTICES,00,CROPS,US TOTAL,ACRES,,NATIONAL,,"1,493,163",,,9000,AREA HARVESTED,CENSUS,,"AREA HARVESTED: (2,000 TO 2,999 ACRES)",YEAR,99,,UNITED STATES,US,AREA HARVESTED,,US TOTAL,00000000,FIELD CROPS,00,"SPRING, (EXCL DURUM)",2012,,,7.9,,,ALL UTILIZATION PRACTICES,ANNUAL,WHEAT,"WHEAT, SPRING, (EXCL DURUM) - ACRES HARVESTED",2012-12-31 00:00:00.000
ALL PRODUCTION PRACTICES,00,CROPS,US TOTAL,ACRES,,NATIONAL,,"74,936",,,9000,AREA HARVESTED,CENSUS,,AREA HARVESTED: (25.0 TO 49.9 ACRES),YEAR,99,,UNITED STATES,US,AREA HARVESTED,,US TOTAL,00000000,FIELD CROPS,00,"SPRING, (EXCL DURUM)",2012,,,7.0,,,ALL UTILIZATION PRACTICES,ANNUAL,WHEAT,"WHEAT, SPRING, (EXCL DURUM) - ACRES HARVESTED",2012-12-31 00:00:00.000
ALL PRODUCTION PRACTICES,00,CROPS,US TOTAL,ACRES,,NATIONAL,,"1,607,779",,,9000,AREA HARVESTED,CENSUS,,AREA HARVESTED: (250 TO 499 ACRES),YEAR,99,,UNITED STATES,US,AREA HARVESTED,,US TOTAL,00000000,FIELD CROPS,00,"SPRING, (EXCL DURUM)",2012,,,2.4,,,ALL UTILIZATION PRACTICES,ANNUAL,WHEAT,"WHEAT, SPRING, (EXCL DURUM) - ACRES HARVESTED",2012-12-31 00:00:00.000
ALL PRODUCTION PRACTICES,00,CROPS,US TOTAL,ACRES,,NATIONAL,,"1,169,746",,,9000,AREA HARVESTED,CENSUS,,"AREA HARVESTED: (3,000 TO 4,999 ACRES)",YEAR,99,,UNITED STATES,US,AREA HARVESTED,,US TOTAL,00000000,FIELD CROPS,00,"SPRING, (EXCL DURUM)",2012,,,9.2,,,ALL UTILIZATION PRACTICES,ANNUAL,WHEAT,"WHEAT, SPRING, (EXCL DURUM) - ACRES HARVESTED",2012-12-31 00:00:00.000
ALL PRODUCTION PRACTICES,00,CROPS,US TOTAL,ACRES,,NATIONAL,,"477,306",,,9000,AREA HARVESTED,CENSUS,,"AREA HARVESTED: (5,000 OR MORE ACRES)",YEAR,99,,UNITED STATES,US,AREA HARVESTED,,US TOTAL,00000000,FIELD CROPS,00,"SPRING, (EXCL DURUM)",2012,,,7.5,,,ALL UTILIZATION PRACTICES,ANNUAL,WHEAT,"WHEAT, SPRING, (EXCL DURUM) - ACRES HARVESTED",2012-12-31 00:00:00.000
ALL PRODUCTION PRACTICES,00,CROPS,US TOTAL,ACRES,,NATIONAL,,"227,598",,,9000,AREA HARVESTED,CENSUS,,AREA HARVESTED: (50.0 TO 99.9 ACRES),YEAR,99,,UNITED STATES,US,AREA HARVESTED,,US TOTAL,00000000,FIELD CROPS,00,"SPRING, (EXCL DURUM)",2012,,,3.3,,,ALL UTILIZATION PRACTICES,ANNUAL,WHEAT,"WHEAT, SPRING, (EXCL DURUM) - ACRES HARVESTED",2012-12-31 00:00:00.000
ALL PRODUCTION PRACTICES,00,CROPS,US TOTAL,ACRES,,NATIONAL,,"2,990,559",,,9000,AREA HARVESTED,CENSUS,,AREA HARVESTED: (500 TO 999 ACRES),YEAR,99,,UNITED STATES,US,AREA HARVESTED,,US TOTAL,00000000,FIELD CROPS,00,"SPRING, (EXCL DURUM)",2012,,,3.0,,,ALL UTILIZATION PRACTICES,ANNUAL,WHEAT,"WHEAT, SPRING, (EXCL DURUM) - ACRES HARVESTED",2012-12-31 00:00:00.000
ALL PRODUCTION PRACTICES,00,CROPS,US TOTAL,ACRES,,NATIONAL,,"12,177,715",,,9000,AREA HARVESTED,CENSUS,,NOT SPECIFIED,YEAR,99,,UNITED STATES,US,TOTAL,,US TOTAL,00000000,FIELD CROPS,00,"SPRING, (EXCL DURUM)",2012,,,3.2,,,ALL UTILIZATION PRACTICES,ANNUAL,WHEAT,"WHEAT, SPRING, (EXCL DURUM) - ACRES HARVESTED",2012-12-31 00:00:00.000
IRRIGATED,00,CROPS,US TOTAL,ACRES,,NATIONAL,,"211,378",,,9000,AREA HARVESTED,CENSUS,,"AREA HARVESTED: (1,000 OR MORE ACRES)",YEAR,99,,UNITED STATES,US,AREA HARVESTED,,US TOTAL,00000000,FIELD CROPS,00,"SPRING, (EXCL DURUM)",2012,,,4.1,,,ALL UTILIZATION PRACTICES,ANNUAL,WHEAT,"WHEAT, SPRING, (EXCL DURUM), IRRIGATED - ACRES HARVESTED",2012-12-31 00:00:00.000
IRRIGATED,00,CROPS,US TOTAL,ACRES,,NATIONAL,,"105,309",,,9000,AREA HARVESTED,CENSUS,,"AREA HARVESTED: (1,000 TO 1,999 ACRES)",YEAR,99,,UNITED STATES,US,AREA HARVESTED,,US TOTAL,00000000,FIELD CROPS,00,"SPRING, (EXCL DURUM)",2012,,,7.6,,,ALL UTILIZATION PRACTICES,ANNUAL,WHEAT,"WHEAT, SPRING, (EXCL DURUM), IRRIGATED - ACRES HARVESTED",2012-12-31 00:00:00.000
IRRIGATED,00,CROPS,US TOTAL,ACRES,,NATIONAL,,"2,073",,,9000,AREA HARVESTED,CENSUS,,AREA HARVESTED: (1.0 TO 14.9 ACRES),YEAR,99,,UNITED STATES,US,AREA HARVESTED,,US TOTAL,00000000,FIELD CROPS,00,"SPRING, (EXCL DURUM)",2012,,,11.1,,,ALL UTILIZATION PRACTICES,ANNUAL,WHEAT,"WHEAT, SPRING, (EXCL DURUM), IRRIGATED - ACRES HARVESTED",2012-12-31 00:00:00.000
IRRIGATED,00,CROPS,US TOTAL,ACRES,,NATIONAL,,"109,858",,,9000,AREA HARVESTED,CENSUS,,AREA HARVESTED: (100 TO 249 ACRES),YEAR,99,,UNITED STATES,US,AREA HARVESTED,,US TOTAL,00000000,FIELD CROPS,00,"SPRING, (EXCL DURUM)",2012,,,5.6,,,ALL UTILIZATION PRACTICES,ANNUAL,WHEAT,"WHEAT, SPRING, (EXCL DURUM), IRRIGATED - ACRES HARVESTED",2012-12-31 00:00:00.000
IRRIGATED,00,CROPS,US TOTAL,ACRES,,NATIONAL,,"4,053",,,9000,AREA HARVESTED,CENSUS,,AREA HARVESTED: (15.0 TO 24.9 ACRES),YEAR,99,,UNITED STATES,US,AREA HARVESTED,,US TOTAL,00000000,FIELD CROPS,00,"SPRING, (EXCL DURUM)",2012,,,13.2,,,ALL UTILIZATION PRACTICES,ANNUAL,WHEAT,"WHEAT, SPRING, (EXCL DURUM), IRRIGATED - ACRES HARVESTED",2012-12-31 00:00:00.000
IRRIGATED,00,CROPS,US TOTAL,ACRES,,NATIONAL,,"35,063",,,9000,AREA HARVESTED,CENSUS,,"AREA HARVESTED: (2,000 TO 2,999 ACRES)",YEAR,99,,UNITED STATES,US,AREA HARVESTED,,US TOTAL,00000000,FIELD CROPS,00,"SPRING, (EXCL DURUM)",2012,,,0.3,,,ALL UTILIZATION PRACTICES,ANNUAL,WHEAT,"WHEAT, SPRING, (EXCL DURUM), IRRIGATED - ACRES HARVESTED",2012-12-31 00:00:00.000
IRRIGATED,00,CROPS,US TOTAL,ACRES,,NATIONAL,,"14,260",,,9000,AREA HARVESTED,CENSUS,,AREA HARVESTED: (25.0 TO 49.9 ACRES),YEAR,99,,UNITED STATES,US,AREA HARVESTED,,US TOTAL,00000000,FIELD CROPS,00,"SPRING, (EXCL DURUM)",2012,,,6.1,,,ALL UTILIZATION PRACTICES,ANNUAL,WHEAT,"WHEAT, SPRING, (EXCL DURUM), IRRIGATED - ACRES HARVESTED",2012-12-31 00:00:00.000
IRRIGATED,00,CROPS,US TOTAL,ACRES,,NATIONAL,,"113,803",,,9000,AREA HARVESTED,CENSUS,,AREA HARVESTED: (250 TO 499 ACRES),YEAR,99,,UNITED STATES,US,AREA HARVESTED,,US TOTAL,00000000,FIELD CROPS,00,"SPRING, (EXCL DURUM)",2012,,,4.6,,,ALL UTILIZATION PRACTICES,ANNUAL,WHEAT,"WHEAT, SPRING, (EXCL DURUM), IRRIGATED - ACRES HARVESTED",2012-12-31 00:00:00.000
IRRIGATED,00,CROPS,US TOTAL,ACRES,,NATIONAL,,"47,527",,,9000,AREA HARVESTED,CENSUS,,"AREA HARVESTED: (3,000 TO 4,999 ACRES)",YEAR,99,,UNITED STATES,US,AREA HARVESTED,,US TOTAL,00000000,FIELD CROPS,00,"SPRING, (EXCL DURUM)",2012,,,6.3,,,ALL UTILIZATION PRACTICES,ANNUAL,WHEAT,"WHEAT, SPRING, (EXCL DURUM), IRRIGATED - ACRES HARVESTED",2012-12-31 00:00:00.000
IRRIGATED,00,CROPS,US TOTAL,ACRES,,NATIONAL,,"23,479",,,9000,AREA HARVESTED,CENSUS,,"AREA HARVESTED: (5,000 OR MORE ACRES)",YEAR,99,,UNITED STATES,US,AREA HARVESTED,,US TOTAL,00000000,FIELD CROPS,00,"SPRING, (EXCL DURUM)",2012,,,0.6,,,ALL UTILIZATION PRACTICES,ANNUAL,WHEAT,"WHEAT, SPRING, (EXCL DURUM), IRRIGATED - ACRES HARVESTED",2012-12-31 00:00:00.000
IRRIGATED,00,CROPS,US TOTAL,ACRES,,NATIONAL,,"34,343",,,9000,AREA HARVESTED,CENSUS,,AREA HARVESTED: (50.0 TO 99.9 ACRES),YEAR,99,,UNITED STATES,US,AREA HARVESTED,,US TOTAL,00000000,FIELD CROPS,00,"SPRING, (EXCL DURUM)",2012,,,3.8,,,ALL UTILIZATION PRACTICES,ANNUAL,WHEAT,"WHEAT, SPRING, (EXCL DURUM), IRRIGATED - ACRES HARVESTED",2012-12-31 00:00:00.000
IRRIGATED,00,CROPS,US TOTAL,ACRES,,NATIONAL,,"125,319",,,9000,AREA HARVESTED,CENSUS,,AREA HARVESTED: (500 TO 999 ACRES),YEAR,99,,UNITED STATES,US,AREA HARVESTED,,US TOTAL,00000000,FIELD CROPS,00,"SPRING, (EXCL DURUM)",2012,,,5.0,,,ALL UTILIZATION PRACTICES,ANNUAL,WHEAT,"WHEAT, SPRING, (EXCL DURUM), IRRIGATED - ACRES HARVESTED",2012-12-31 00:00:00.000
IRRIGATED,00,CROPS,US TOTAL,ACRES,,NATIONAL,,"615,087",,,9000,AREA HARVESTED,CENSUS,,NOT SPECIFIED,YEAR,99,,UNITED STATES,US,TOTAL,,US TOTAL,00000000,FIELD CROPS,00,"SPRING, (EXCL DURUM)",2012,,,1.7,,,ALL UTILIZATION PRACTICES,ANNUAL,WHEAT,"WHEAT, SPRING, (EXCL DURUM), IRRIGATED - ACRES HARVESTED",2012-12-31 00:00:00.000
"IRRIGATED, ENTIRE CROP",00,CROPS,US TOTAL,ACRES,,NATIONAL,,"490,505",,,9000,AREA HARVESTED,CENSUS,,NOT SPECIFIED,YEAR,99,,UNITED STATES,US,TOTAL,,US TOTAL,00000000,FIELD CROPS,00,"SPRING, (EXCL DURUM)",2012,,,1.5,,,ALL UTILIZATION PRACTICES,ANNUAL,WHEAT,"WHEAT, SPRING, (EXCL DURUM), IRRIGATED, ENTIRE CROP - ACRES HARVESTED",2012-12-31 00:00:00.000
"IRRIGATED, NONE OF CROP",00,CROPS,US TOTAL,ACRES,,NATIONAL,,"11,293,666",,,9000,AREA HARVESTED,CENSUS,,NOT SPECIFIED,YEAR,99,,UNITED STATES,US,TOTAL,,US TOTAL,00000000,FIELD CROPS,00,"SPRING, (EXCL DURUM)",2012,,,3.4,,,ALL UTILIZATION PRACTICES,ANNUAL,WHEAT,"WHEAT, SPRING, (EXCL DURUM), IRRIGATED, NONE OF CROP - ACRES HARVESTED",2012-12-31 00:00:00.000
"IRRIGATED, PART OF CROP, IRRIGATED PORTION",00,CROPS,US TOTAL,ACRES,,NATIONAL,,"124,582",,,9000,AREA HARVESTED,CENSUS,,NOT SPECIFIED,YEAR,99,,UNITED STATES,US,TOTAL,,US TOTAL,00000000,FIELD CROPS,00,"SPRING, (EXCL DURUM)",2012,,,7.0,,,ALL UTILIZATION PRACTICES,ANNUAL,WHEAT,"WHEAT, SPRING, (EXCL DURUM), IRRIGATED, PART OF CROP, IRRIGATED PORTION - ACRES HARVESTED",2012-12-31 00:00:00.000
"IRRIGATED, PART OF CROP, NON-IRRIGATED PORTION",00,CROPS,US TOTAL,ACRES,,NATIONAL,,"268,962",,,9000,AREA HARVESTED,CENSUS,,NOT SPECIFIED,YEAR,99,,UNITED STATES,US,TOTAL,,US TOTAL,00000000,FIELD CROPS,00,"SPRING, (EXCL DURUM)",2012,,,(L),,,ALL UTILIZATION PRACTICES,ANNUAL,WHEAT,"WHEAT, SPRING, (EXCL DURUM), IRRIGATED, PART OF CROP, NON-IRRIGATED PORTION - ACRES HARVESTED",2012-12-31 00:00:00.000
ALL PRODUCTION PRACTICES,00,CROPS,US TOTAL,ACRES,,NATIONAL,,"1,280,539",,,9000,AREA HARVESTED,CENSUS,,"AREA HARVESTED: (1,000 OR MORE ACRES)",YEAR,99,,UNITED STATES,US,AREA HARVESTED,,US TOTAL,00000000,FIELD CROPS,00,"SPRING, DURUM",2012,,,5.2,,,ALL UTILIZATION PRACTICES,ANNUAL,WHEAT,"WHEAT, SPRING, DURUM - ACRES HARVESTED",2012-12-31 00:00:00.000
ALL PRODUCTION PRACTICES,00,CROPS,US TOTAL,ACRES,,NATIONAL,,"632,864",,,9000,AREA HARVESTED,CENSUS,,"AREA HARVESTED: (1,000 TO 1,999 ACRES)",YEAR,99,,UNITED STATES,US,AREA HARVESTED,,US TOTAL,00000000,FIELD CROPS,00,"SPRING, DURUM",2012,,,10.5,,,ALL UTILIZATION PRACTICES,ANNUAL,WHEAT,"WHEAT, SPRING, DURUM - ACRES HARVESTED",2012-12-31 00:00:00.000
ALL PRODUCTION PRACTICES,00,CROPS,US TOTAL,ACRES,,NATIONAL,,434,,,9000,AREA HARVESTED,CENSUS,,AREA HARVESTED: (1.0 TO 14.9 ACRES),YEAR,99,,UNITED STATES,US,AREA HARVESTED,,US TOTAL,00000000,FIELD CROPS,00,"SPRING, DURUM",2012,,,20.6,,,ALL UTILIZATION PRACTICES,ANNUAL,WHEAT,"WHEAT, SPRING, DURUM - ACRES HARVESTED",2012-12-31 00:00:00.000
ALL PRODUCTION PRACTICES,00,CROPS,US TOTAL,ACRES,,NATIONAL,,"140,364",,,9000,AREA HARVESTED,CENSUS,,AREA HARVESTED: (100 TO 249 ACRES),YEAR,99,,UNITED STATES,US,AREA HARVESTED,,US TOTAL,00000000,FIELD CROPS,00,"SPRING, DURUM",2012,,,14.7,,,ALL UTILIZATION PRACTICES,ANNUAL,WHEAT,"WHEAT, SPRING, DURUM - ACRES HARVESTED",2012-12-31 00:00:00.000
ALL PRODUCTION PRACTICES,00,CROPS,US TOTAL,ACRES,,NATIONAL,,"1,038",,,9000,AREA HARVESTED,CENSUS,,AREA HARVESTED: (15.0 TO 24.9 ACRES),YEAR,99,,UNITED STATES,US,AREA HARVESTED,,US TOTAL,00000000,FIELD CROPS,00,"SPRING, DURUM",2012,,,15.1,,,ALL UTILIZATION PRACTICES,ANNUAL,WHEAT,"WHEAT, SPRING, DURUM - ACRES HARVESTED",2012-12-31 00:00:00.000
ALL PRODUCTION PRACTICES,00,CROPS,US TOTAL,ACRES,,NATIONAL,,"299,099",,,9000,AREA HARVESTED,CENSUS,,"AREA HARVESTED: (2,000 TO 2,999 ACRES)",YEAR,99,,UNITED STATES,US,AREA HARVESTED,,US TOTAL,00000000,FIELD CROPS,00,"SPRING, DURUM",2012,,,5.0,,,ALL UTILIZATION PRACTICES,ANNUAL,WHEAT,"WHEAT, SPRING, DURUM - ACRES HARVESTED",2012-12-31 00:00:00.000
ALL PRODUCTION PRACTICES,00,CROPS,US TOTAL,ACRES,,NATIONAL,,"5,477",,,9000,AREA HARVESTED,CENSUS,,AREA HARVESTED: (25.0 TO 49.9 ACRES),YEAR,99,,UNITED STATES,US,AREA HARVESTED,,US TOTAL,00000000,FIELD CROPS,00,"SPRING, DURUM",2012,,,14.3,,,ALL UTILIZATION PRACTICES,ANNUAL,WHEAT,"WHEAT, SPRING, DURUM - ACRES HARVESTED",2012-12-31 00:00:00.000
ALL PRODUCTION PRACTICES,00,CROPS,US TOTAL,ACRES,,NATIONAL,,"248,490",,,9000,AREA HARVESTED,CENSUS,,AREA HARVESTED: (250 TO 499 ACRES),YEAR,99,,UNITED STATES,US,AREA HARVESTED,,US TOTAL,00000000,FIELD CROPS,00,"SPRING, DURUM",2012,,,10.1,,,ALL UTILIZATION PRACTICES,ANNUAL,WHEAT,"WHEAT, SPRING, DURUM - ACRES HARVESTED",2012-12-31 00:00:00.000
ALL PRODUCTION PRACTICES,00,CROPS,US TOTAL,ACRES,,NATIONAL,,"302,781",,,9000,AREA HARVESTED,CENSUS,,"AREA HARVESTED: (3,000 TO 4,999 ACRES)",YEAR,99,,UNITED STATES,US,AREA HARVESTED,,US TOTAL,00000000,FIELD CROPS,00,"SPRING, DURUM",2012,,,4.8,,,ALL UTILIZATION PRACTICES,ANNUAL,WHEAT,"WHEAT, SPRING, DURUM - ACRES HARVESTED",2012-12-31 00:00:00.000
ALL PRODUCTION PRACTICES,00,CROPS,US TOTAL,ACRES,,NATIONAL,,"45,795",,,9000,AREA HARVESTED,CENSUS,,"AREA HARVESTED: (5,000 OR MORE ACRES)",YEAR,99,,UNITED STATES,US,AREA HARVESTED,,US TOTAL,00000000,FIELD CROPS,00,"SPRING, DURUM",2012,,,0.3,,,ALL UTILIZATION PRACTICES,ANNUAL,WHEAT,"WHEAT, SPRING, DURUM - ACRES HARVESTED",2012-12-31 00:00:00.000
ALL PRODUCTION PRACTICES,00,CROPS,US TOTAL,ACRES,,NATIONAL,,"26,519",,,9000,AREA HARVESTED,CENSUS,,AREA HARVESTED: (50.0 TO 99.9 ACRES),YEAR,99,,UNITED STATES,US,AREA HARVESTED,,US TOTAL,00000000,FIELD CROPS,00,"SPRING, DURUM",2012,,,6.4,,,ALL UTILIZATION PRACTICES,ANNUAL,WHEAT,"WHEAT, SPRING, DURUM - ACRES HARVESTED",2012-12-31 00:00:00.000
ALL PRODUCTION PRACTICES,00,CROPS,US TOTAL,ACRES,,NATIONAL,,"436,289",,,9000,AREA HARVESTED,CENSUS,,AREA HARVESTED: (500 TO 999 ACRES),YEAR,99,,UNITED STATES,US,AREA HARVESTED,,US TOTAL,00000000,FIELD CROPS,00,"SPRING, DURUM",2012,,,14.2,,,ALL UTILIZATION PRACTICES,ANNUAL,WHEAT,"WHEAT, SPRING, DURUM - ACRES HARVESTED",2012-12-31 00:00:00.000
ALL PRODUCTION PRACTICES,00,CROPS,US TOTAL,ACRES,,NATIONAL,,"2,139,150",,,9000,AREA HARVESTED,CENSUS,,NOT SPECIFIED,YEAR,99,,UNITED STATES,US,TOTAL,,US TOTAL,00000000,FIELD CROPS,00,"SPRING, DURUM",2012,,,8.0,,,ALL UTILIZATION PRACTICES,ANNUAL,WHEAT,"WHEAT, SPRING, DURUM - ACRES HARVESTED",2012-12-31 00:00:00.000
IRRIGATED,00,CROPS,US TOTAL,ACRES,,NATIONAL,,"111,060",,,9000,AREA HARVESTED,CENSUS,,"AREA HARVESTED: (1,000 OR MORE ACRES)",YEAR,99,,UNITED STATES,US,AREA HARVESTED,,US TOTAL,00000000,FIELD CROPS,00,"SPRING, DURUM",2012,,,4.0,,,ALL UTILIZATION PRACTICES,ANNUAL,WHEAT,"WHEAT, SPRING, DURUM, IRRIGATED - ACRES HARVESTED",2012-12-31 00:00:00.000
IRRIGATED,00,CROPS,US TOTAL,ACRES,,NATIONAL,,"74,045",,,9000,AREA HARVESTED,CENSUS,,"AREA HARVESTED: (1,000 TO 1,999 ACRES)",YEAR,99,,UNITED STATES,US,AREA HARVESTED,,US TOTAL,00000000,FIELD CROPS,00,"SPRING, DURUM",2012,,,5.9,,,ALL UTILIZATION PRACTICES,ANNUAL,WHEAT,"WHEAT, SPRING, DURUM, IRRIGATED - ACRES HARVESTED",2012-12-31 00:00:00.000
IRRIGATED,00,CROPS,US TOTAL,ACRES,,NATIONAL,,242,,,9000,AREA HARVESTED,CENSUS,,AREA HARVESTED: (1.0 TO 14.9 ACRES),YEAR,99,,UNITED STATES,US,AREA HARVESTED,,US TOTAL,00000000,FIELD CROPS,00,"SPRING, DURUM",2012,,,34.7,,,ALL UTILIZATION PRACTICES,ANNUAL,WHEAT,"WHEAT, SPRING, DURUM, IRRIGATED - ACRES HARVESTED",2012-12-31 00:00:00.000
IRRIGATED,00,CROPS,US TOTAL,ACRES,,NATIONAL,,"30,832",,,9000,AREA HARVESTED,CENSUS,,AREA HARVESTED: (100 TO 249 ACRES),YEAR,99,,UNITED STATES,US,AREA HARVESTED,,US TOTAL,00000000,FIELD CROPS,00,"SPRING, DURUM",2012,,,11.8,,,ALL UTILIZATION PRACTICES,ANNUAL,WHEAT,"WHEAT, SPRING, DURUM, IRRIGATED - ACRES HARVESTED",2012-12-31 00:00:00.000
IRRIGATED,00,CROPS,US TOTAL,ACRES,,NATIONAL,,239,,,9000,AREA HARVESTED,CENSUS,,AREA HARVESTED: (15.0 TO 24.9 ACRES),YEAR,99,,UNITED STATES,US,AREA HARVESTED,,US TOTAL,00000000,FIELD CROPS,00,"SPRING, DURUM",2012,,,36.4,,,ALL UTILIZATION PRACTICES,ANNUAL,WHEAT,"WHEAT, SPRING, DURUM, IRRIGATED - ACRES HARVESTED",2012-12-31 00:00:00.000
IRRIGATED,00,CROPS,US TOTAL,ACRES,,NATIONAL,,                 (D),,,9000,AREA HARVESTED,CENSUS,,"AREA HARVESTED: (2,000 TO 2,999 ACRES)",YEAR,99,,UNITED STATES,US,AREA HARVESTED,,US TOTAL,00000000,FIELD CROPS,00,"SPRING, DURUM",2012,,,(D),,,ALL UTILIZATION PRACTICES,ANNUAL,WHEAT,"WHEAT, SPRING, DURUM, IRRIGATED - ACRES HARVESTED",2012-12-31 00:00:00.000
IRRIGATED,00,CROPS,US TOTAL,ACRES,,NATIONAL,,"1,551",,,9000,AREA HARVESTED,CENSUS,,AREA HARVESTED: (25.0 TO 49.9 ACRES),YEAR,99,,UNITED STATES,US,AREA HARVESTED,,US TOTAL,00000000,FIELD CROPS,00,"SPRING, DURUM",2012,,,45.3,,,ALL UTILIZATION PRACTICES,ANNUAL,WHEAT,"WHEAT, SPRING, DURUM, IRRIGATED - ACRES HARVESTED",2012-12-31 00:00:00.000
IRRIGATED,00,CROPS,US TOTAL,ACRES,,NATIONAL,,"45,832",,,9000,AREA HARVESTED,CENSUS,,AREA HARVESTED: (250 TO 499 ACRES),YEAR,99,,UNITED STATES,US,AREA HARVESTED,,US TOTAL,00000000,FIELD CROPS,00,"SPRING, DURUM",2012,,,9.0,,,ALL UTILIZATION PRACTICES,ANNUAL,WHEAT,"WHEAT, SPRING, DURUM, IRRIGATED - ACRES HARVESTED",2012-12-31 00:00:00.000
IRRIGATED,00,CROPS,US TOTAL,ACRES,,NATIONAL,,                 (D),,,9000,AREA HARVESTED,CENSUS,,"AREA HARVESTED: (3,000 TO 4,999 ACRES)",YEAR,99,,UNITED STATES,US,AREA HARVESTED,,US TOTAL,00000000,FIELD CROPS,00,"SPRING, DURUM",2012,,,(D),,,ALL UTILIZATION PRACTICES,ANNUAL,WHEAT,"WHEAT, SPRING, DURUM, IRRIGATED - ACRES HARVESTED",2012-12-31 00:00:00.000
IRRIGATED,00,CROPS,US TOTAL,ACRES,,NATIONAL,,                 (D),,,9000,AREA HARVESTED,CENSUS,,"AREA HARVESTED: (5,000 OR MORE ACRES)",YEAR,99,,UNITED STATES,US,AREA HARVESTED,,US TOTAL,00000000,FIELD CROPS,00,"SPRING, DURUM",2012,,,(D),,,ALL UTILIZATION PRACTICES,ANNUAL,WHEAT,"WHEAT, SPRING, DURUM, IRRIGATED - ACRES HARVESTED",2012-12-31 00:00:00.000
IRRIGATED,00,CROPS,US TOTAL,ACRES,,NATIONAL,,"7,798",,,9000,AREA HARVESTED,CENSUS,,AREA HARVESTED: (50.0 TO 99.9 ACRES),YEAR,99,,UNITED STATES,US,AREA HARVESTED,,US TOTAL,00000000,FIELD CROPS,00,"SPRING, DURUM",2012,,,13.8,,,ALL UTILIZATION PRACTICES,ANNUAL,WHEAT,"WHEAT, SPRING, DURUM, IRRIGATED - ACRES HARVESTED",2012-12-31 00:00:00.000
IRRIGATED,00,CROPS,US TOTAL,ACRES,,NATIONAL,,"59,957",,,9000,AREA HARVESTED,CENSUS,,AREA HARVESTED: (500 TO 999 ACRES),YEAR,99,,UNITED STATES,US,AREA HARVESTED,,US TOTAL,00000000,FIELD CROPS,00,"SPRING, DURUM",2012,,,9.1,,,ALL UTILIZATION PRACTICES,ANNUAL,WHEAT,"WHEAT, SPRING, DURUM, IRRIGATED - ACRES HARVESTED",2012-12-31 00:00:00.000
IRRIGATED,00,CROPS,US TOTAL,ACRES,,NATIONAL,,"257,511",,,9000,AREA HARVESTED,CENSUS,,NOT SPECIFIED,YEAR,99,,UNITED STATES,US,TOTAL,,US TOTAL,00000000,FIELD CROPS,00,"SPRING, DURUM",2012,,,3.3,,,ALL UTILIZATION PRACTICES,ANNUAL,WHEAT,"WHEAT, SPRING, DURUM, IRRIGATED - ACRES HARVESTED",2012-12-31 00:00:00.000
"IRRIGATED, ENTIRE CROP",00,CROPS,US TOTAL,ACRES,,NATIONAL,,"247,959",,,9000,AREA HARVESTED,CENSUS,,NOT SPECIFIED,YEAR,99,,UNITED STATES,US,TOTAL,,US TOTAL,00000000,FIELD CROPS,00,"SPRING, DURUM",2012,,,3.5,,,ALL UTILIZATION PRACTICES,ANNUAL,WHEAT,"WHEAT, SPRING, DURUM, IRRIGATED, ENTIRE CROP - ACRES HARVESTED",2012-12-31 00:00:00.000
"IRRIGATED, NONE OF CROP",00,CROPS,US TOTAL,ACRES,,NATIONAL,,"1,842,273",,,9000,AREA HARVESTED,CENSUS,,NOT SPECIFIED,YEAR,99,,UNITED STATES,US,TOTAL,,US TOTAL,00000000,FIELD CROPS,00,"SPRING, DURUM",2012,,,9.1,,,ALL UTILIZATION PRACTICES,ANNUAL,WHEAT,"WHEAT, SPRING, DURUM, IRRIGATED, NONE OF CROP - ACRES HARVESTED",2012-12-31 00:00:00.000
"IRRIGATED, PART OF CROP, IRRIGATED PORTION",00,CROPS,US TOTAL,ACRES,,NATIONAL,,"9,552",,,9000,AREA HARVESTED,CENSUS,,NOT SPECIFIED,YEAR,99,,UNITED STATES,US,TOTAL,,US TOTAL,00000000,FIELD CROPS,00,"SPRING, DURUM",2012,,,7.6,,,ALL UTILIZATION PRACTICES,ANNUAL,WHEAT,"WHEAT, SPRING, DURUM, IRRIGATED, PART OF CROP, IRRIGATED PORTION - ACRES HARVESTED",2012-12-31 00:00:00.000
"IRRIGATED, PART OF CROP, NON-IRRIGATED PORTION",00,CROPS,US TOTAL,ACRES,,NATIONAL,,"39,366",,,9000,AREA HARVESTED,CENSUS,,NOT SPECIFIED,YEAR,99,,UNITED STATES,US,TOTAL,,US TOTAL,00000000,FIELD CROPS,00,"SPRING, DURUM",2012,,,(L),,,ALL UTILIZATION PRACTICES,ANNUAL,WHEAT,"WHEAT, SPRING, DURUM, IRRIGATED, PART OF CROP, NON-IRRIGATED PORTION - ACRES HARVESTED",2012-12-31 00:00:00.000
ALL PRODUCTION PRACTICES,00,CROPS,US TOTAL,ACRES,,NATIONAL,,"14,773,752",,,9000,AREA HARVESTED,CENSUS,,"AREA HARVESTED: (1,000 OR MORE ACRES)",YEAR,99,,UNITED STATES,US,AREA HARVESTED,,US TOTAL,00000000,FIELD CROPS,00,WINTER,2012,,,3.0,,,ALL UTILIZATION PRACTICES,ANNUAL,WHEAT,"WHEAT, WINTER - ACRES HARVESTED",2012-12-31 00:00:00.000
ALL PRODUCTION PRACTICES,00,CROPS,US TOTAL,ACRES,,NATIONAL,,"7,753,209",,,9000,AREA HARVESTED,CENSUS,,"AREA HARVESTED: (1,000 TO 1,999 ACRES)",YEAR,99,,UNITED STATES,US,AREA HARVESTED,,US TOTAL,00000000,FIELD CROPS,00,WINTER,2012,,,1.5,,,ALL UTILIZATION PRACTICES,ANNUAL,WHEAT,"WHEAT, WINTER - ACRES HARVESTED",2012-12-31 00:00:00.000
ALL PRODUCTION PRACTICES,00,CROPS,US TOTAL,ACRES,,NATIONAL,,"112,192",,,9000,AREA HARVESTED,CENSUS,,AREA HARVESTED: (1.0 TO 14.9 ACRES),YEAR,99,,UNITED STATES,US,AREA HARVESTED,,US TOTAL,00000000,FIELD CROPS,00,WINTER,2012,,,2.3,,,ALL UTILIZATION PRACTICES,ANNUAL,WHEAT,"WHEAT, WINTER - ACRES HARVESTED",2012-12-31 00:00:00.000
ALL PRODUCTION PRACTICES,00,CROPS,US TOTAL,ACRES,,NATIONAL,,"4,144,546",,,9000,AREA HARVESTED,CENSUS,,AREA HARVESTED: (100 TO 249 ACRES),YEAR,99,,UNITED STATES,US,AREA HARVESTED,,US TOTAL,00000000,FIELD CROPS,00,WINTER,2012,,,2.4,,,ALL UTILIZATION PRACTICES,ANNUAL,WHEAT,"WHEAT, WINTER - ACRES HARVESTED",2012-12-31 00:00:00.000
ALL PRODUCTION PRACTICES,00,CROPS,US TOTAL,ACRES,,NATIONAL,,"206,526",,,9000,AREA HARVESTED,CENSUS,,AREA HARVESTED: (15.0 TO 24.9 ACRES),YEAR,99,,UNITED STATES,US,AREA HARVESTED,,US TOTAL,00000000,FIELD CROPS,00,WINTER,2012,,,2.8,,,ALL UTILIZATION PRACTICES,ANNUAL,WHEAT,"WHEAT, WINTER - ACRES HARVESTED",2012-12-31 00:00:00.000
ALL PRODUCTION PRACTICES,00,CROPS,US TOTAL,ACRES,,NATIONAL,,"3,320,448",,,9000,AREA HARVESTED,CENSUS,,"AREA HARVESTED: (2,000 TO 2,999 ACRES)",YEAR,99,,UNITED STATES,US,AREA HARVESTED,,US TOTAL,00000000,FIELD CROPS,00,WINTER,2012,,,4.1,,,ALL UTILIZATION PRACTICES,ANNUAL,WHEAT,"WHEAT, WINTER - ACRES HARVESTED",2012-12-31 00:00:00.000
ALL PRODUCTION PRACTICES,00,CROPS,US TOTAL,ACRES,,NATIONAL,,"664,163",,,9000,AREA HARVESTED,CENSUS,,AREA HARVESTED: (25.0 TO 49.9 ACRES),YEAR,99,,UNITED STATES,US,AREA HARVESTED,,US TOTAL,00000000,FIELD CROPS,00,WINTER,2012,,,1.9,,,ALL UTILIZATION PRACTICES,ANNUAL,WHEAT,"WHEAT, WINTER - ACRES HARVESTED",2012-12-31 00:00:00.000
ALL PRODUCTION PRACTICES,00,CROPS,US TOTAL,ACRES,,NATIONAL,,"5,540,116",,,9000,AREA HARVESTED,CENSUS,,AREA HARVESTED: (250 TO 499 ACRES),YEAR,99,,UNITED STATES,US,AREA HARVESTED,,US TOTAL,00000000,FIELD CROPS,00,WINTER,2012,,,3.5,,,ALL UTILIZATION PRACTICES,ANNUAL,WHEAT,"WHEAT, WINTER - ACRES HARVESTED",2012-12-31 00:00:00.000
ALL PRODUCTION PRACTICES,00,CROPS,US TOTAL,ACRES,,NATIONAL,,"2,353,865",,,9000,AREA HARVESTED,CENSUS,,"AREA HARVESTED: (3,000 TO 4,999 ACRES)",YEAR,99,,UNITED STATES,US,AREA HARVESTED,,US TOTAL,00000000,FIELD CROPS,00,WINTER,2012,,,8.1,,,ALL UTILIZATION PRACTICES,ANNUAL,WHEAT,"WHEAT, WINTER - ACRES HARVESTED",2012-12-31 00:00:00.000
ALL PRODUCTION PRACTICES,00,CROPS,US TOTAL,ACRES,,NATIONAL,,"1,346,230",,,9000,AREA HARVESTED,CENSUS,,"AREA HARVESTED: (5,000 OR MORE ACRES)",YEAR,99,,UNITED STATES,US,AREA HARVESTED,,US TOTAL,00000000,FIELD CROPS,00,WINTER,2012,,,6.1,,,ALL UTILIZATION PRACTICES,ANNUAL,WHEAT,"WHEAT, WINTER - ACRES HARVESTED",2012-12-31 00:00:00.000
ALL PRODUCTION PRACTICES,00,CROPS,US TOTAL,ACRES,,NATIONAL,,"1,442,606",,,9000,AREA HARVESTED,CENSUS,,AREA HARVESTED: (50.0 TO 99.9 ACRES),YEAR,99,,UNITED STATES,US,AREA HARVESTED,,US TOTAL,00000000,FIELD CROPS,00,WINTER,2012,,,1.5,,,ALL UTILIZATION PRACTICES,ANNUAL,WHEAT,"WHEAT, WINTER - ACRES HARVESTED",2012-12-31 00:00:00.000
ALL PRODUCTION PRACTICES,00,CROPS,US TOTAL,ACRES,,NATIONAL,,"7,839,460",,,9000,AREA HARVESTED,CENSUS,,AREA HARVESTED: (500 TO 999 ACRES),YEAR,99,,UNITED STATES,US,AREA HARVESTED,,US TOTAL,00000000,FIELD CROPS,00,WINTER,2012,,,1.7,,,ALL UTILIZATION PRACTICES,ANNUAL,WHEAT,"WHEAT, WINTER - ACRES HARVESTED",2012-12-31 00:00:00.000
ALL PRODUCTION PRACTICES,00,CROPS,US TOTAL,ACRES,,NATIONAL,,"34,723,361",,,9000,AREA HARVESTED,CENSUS,,NOT SPECIFIED,YEAR,99,,UNITED STATES,US,TOTAL,,US TOTAL,00000000,FIELD CROPS,00,WINTER,2012,,,0.8,,,ALL UTILIZATION PRACTICES,ANNUAL,WHEAT,"WHEAT, WINTER - ACRES HARVESTED",2012-12-31 00:00:00.000
IRRIGATED,00,CROPS,US TOTAL,ACRES,,NATIONAL,,"995,146",,,9000,AREA HARVESTED,CENSUS,,"AREA HARVESTED: (1,000 OR MORE ACRES)",YEAR,99,,UNITED STATES,US,AREA HARVESTED,,US TOTAL,00000000,FIELD CROPS,00,WINTER,2012,,,2.8,,,ALL UTILIZATION PRACTICES,ANNUAL,WHEAT,"WHEAT, WINTER, IRRIGATED - ACRES HARVESTED",2012-12-31 00:00:00.000
IRRIGATED,00,CROPS,US TOTAL,ACRES,,NATIONAL,,"487,887",,,9000,AREA HARVESTED,CENSUS,,"AREA HARVESTED: (1,000 TO 1,999 ACRES)",YEAR,99,,UNITED STATES,US,AREA HARVESTED,,US TOTAL,00000000,FIELD CROPS,00,WINTER,2012,,,9.2,,,ALL UTILIZATION PRACTICES,ANNUAL,WHEAT,"WHEAT, WINTER, IRRIGATED - ACRES HARVESTED",2012-12-31 00:00:00.000
IRRIGATED,00,CROPS,US TOTAL,ACRES,,NATIONAL,,"4,293",,,9000,AREA HARVESTED,CENSUS,,AREA HARVESTED: (1.0 TO 14.9 ACRES),YEAR,99,,UNITED STATES,US,AREA HARVESTED,,US TOTAL,00000000,FIELD CROPS,00,WINTER,2012,,,8.5,,,ALL UTILIZATION PRACTICES,ANNUAL,WHEAT,"WHEAT, WINTER, IRRIGATED - ACRES HARVESTED",2012-12-31 00:00:00.000
IRRIGATED,00,CROPS,US TOTAL,ACRES,,NATIONAL,,"348,997",,,9000,AREA HARVESTED,CENSUS,,AREA HARVESTED: (100 TO 249 ACRES),YEAR,99,,UNITED STATES,US,AREA HARVESTED,,US TOTAL,00000000,FIELD CROPS,00,WINTER,2012,,,5.5,,,ALL UTILIZATION PRACTICES,ANNUAL,WHEAT,"WHEAT, WINTER, IRRIGATED - ACRES HARVESTED",2012-12-31 00:00:00.000
IRRIGATED,00,CROPS,US TOTAL,ACRES,,NATIONAL,,"9,099",,,9000,AREA HARVESTED,CENSUS,,AREA HARVESTED: (15.0 TO 24.9 ACRES),YEAR,99,,UNITED STATES,US,AREA HARVESTED,,US TOTAL,00000000,FIELD CROPS,00,WINTER,2012,,,10.7,,,ALL UTILIZATION PRACTICES,ANNUAL,WHEAT,"WHEAT, WINTER, IRRIGATED - ACRES HARVESTED",2012-12-31 00:00:00.000
IRRIGATED,00,CROPS,US TOTAL,ACRES,,NATIONAL,,"203,125",,,9000,AREA HARVESTED,CENSUS,,"AREA HARVESTED: (2,000 TO 2,999 ACRES)",YEAR,99,,UNITED STATES,US,AREA HARVESTED,,US TOTAL,00000000,FIELD CROPS,00,WINTER,2012,,,6.6,,,ALL UTILIZATION PRACTICES,ANNUAL,WHEAT,"WHEAT, WINTER, IRRIGATED - ACRES HARVESTED",2012-12-31 00:00:00.000
IRRIGATED,00,CROPS,US TOTAL,ACRES,,NATIONAL,,"36,263",,,9000,AREA HARVESTED,CENSUS,,AREA HARVESTED: (25.0 TO 49.9 ACRES),YEAR,99,,UNITED STATES,US,AREA HARVESTED,,US TOTAL,00000000,FIELD CROPS,00,WINTER,2012,,,3.4,,,ALL UTILIZATION PRACTICES,ANNUAL,WHEAT,"WHEAT, WINTER, IRRIGATED - ACRES HARVESTED",2012-12-31 00:00:00.000
IRRIGATED,00,CROPS,US TOTAL,ACRES,,NATIONAL,,"462,285",,,9000,AREA HARVESTED,CENSUS,,AREA HARVESTED: (250 TO 499 ACRES),YEAR,99,,UNITED STATES,US,AREA HARVESTED,,US TOTAL,00000000,FIELD CROPS,00,WINTER,2012,,,4.6,,,ALL UTILIZATION PRACTICES,ANNUAL,WHEAT,"WHEAT, WINTER, IRRIGATED - ACRES HARVESTED",2012-12-31 00:00:00.000
IRRIGATED,00,CROPS,US TOTAL,ACRES,,NATIONAL,,"183,901",,,9000,AREA HARVESTED,CENSUS,,"AREA HARVESTED: (3,000 TO 4,999 ACRES)",YEAR,99,,UNITED STATES,US,AREA HARVESTED,,US TOTAL,00000000,FIELD CROPS,00,WINTER,2012,,,18.2,,,ALL UTILIZATION PRACTICES,ANNUAL,WHEAT,"WHEAT, WINTER, IRRIGATED - ACRES HARVESTED",2012-12-31 00:00:00.000
IRRIGATED,00,CROPS,US TOTAL,ACRES,,NATIONAL,,"120,233",,,9000,AREA HARVESTED,CENSUS,,"AREA HARVESTED: (5,000 OR MORE ACRES)",YEAR,99,,UNITED STATES,US,AREA HARVESTED,,US TOTAL,00000000,FIELD CROPS,00,WINTER,2012,,,13.8,,,ALL UTILIZATION PRACTICES,ANNUAL,WHEAT,"WHEAT, WINTER, IRRIGATED - ACRES HARVESTED",2012-12-31 00:00:00.000
IRRIGATED,00,CROPS,US TOTAL,ACRES,,NATIONAL,,"102,875",,,9000,AREA HARVESTED,CENSUS,,AREA HARVESTED: (50.0 TO 99.9 ACRES),YEAR,99,,UNITED STATES,US,AREA HARVESTED,,US TOTAL,00000000,FIELD CROPS,00,WINTER,2012,,,4.0,,,ALL UTILIZATION PRACTICES,ANNUAL,WHEAT,"WHEAT, WINTER, IRRIGATED - ACRES HARVESTED",2012-12-31 00:00:00.000
IRRIGATED,00,CROPS,US TOTAL,ACRES,,NATIONAL,,"536,609",,,9000,AREA HARVESTED,CENSUS,,AREA HARVESTED: (500 TO 999 ACRES),YEAR,99,,UNITED STATES,US,AREA HARVESTED,,US TOTAL,00000000,FIELD CROPS,00,WINTER,2012,,,5.9,,,ALL UTILIZATION PRACTICES,ANNUAL,WHEAT,"WHEAT, WINTER, IRRIGATED - ACRES HARVESTED",2012-12-31 00:00:00.000
IRRIGATED,00,CROPS,US TOTAL,ACRES,,NATIONAL,,"2,495,567",,,9000,AREA HARVESTED,CENSUS,,NOT SPECIFIED,YEAR,99,,UNITED STATES,US,TOTAL,,US TOTAL,00000000,FIELD CROPS,00,WINTER,2012,,,3.2,,,ALL UTILIZATION PRACTICES,ANNUAL,WHEAT,"WHEAT, WINTER, IRRIGATED - ACRES HARVESTED",2012-12-31 00:00:00.000
"IRRIGATED, ENTIRE CROP",00,CROPS,US TOTAL,ACRES,,NATIONAL,,"1,382,395",,,9000,AREA HARVESTED,CENSUS,,NOT SPECIFIED,YEAR,99,,UNITED STATES,US,TOTAL,,US TOTAL,00000000,FIELD CROPS,00,WINTER,2012,,,4.5,,,ALL UTILIZATION PRACTICES,ANNUAL,WHEAT,"WHEAT, WINTER, IRRIGATED, ENTIRE CROP - ACRES HARVESTED",2012-12-31 00:00:00.000
"IRRIGATED, NONE OF CROP",00,CROPS,US TOTAL,ACRES,,NATIONAL,,"29,187,706",,,9000,AREA HARVESTED,CENSUS,,NOT SPECIFIED,YEAR,99,,UNITED STATES,US,TOTAL,,US TOTAL,00000000,FIELD CROPS,00,WINTER,2012,,,0.8,,,ALL UTILIZATION PRACTICES,ANNUAL,WHEAT,"WHEAT, WINTER, IRRIGATED, NONE OF CROP - ACRES HARVESTED",2012-12-31 00:00:00.000
"IRRIGATED, PART OF CROP, IRRIGATED PORTION",00,CROPS,US TOTAL,ACRES,,NATIONAL,,"1,113,172",,,9000,AREA HARVESTED,CENSUS,,NOT SPECIFIED,YEAR,99,,UNITED STATES,US,TOTAL,,US TOTAL,00000000,FIELD CROPS,00,WINTER,2012,,,2.1,,,ALL UTILIZATION PRACTICES,ANNUAL,WHEAT,"WHEAT, WINTER, IRRIGATED, PART OF CROP, IRRIGATED PORTION - ACRES HARVESTED",2012-12-31 00:00:00.000
"IRRIGATED, PART OF CROP, NON-IRRIGATED PORTION",00,CROPS,US TOTAL,ACRES,,NATIONAL,,"3,040,088",,,9000,AREA HARVESTED,CENSUS,,NOT SPECIFIED,YEAR,99,,UNITED STATES,US,TOTAL,,US TOTAL,00000000,FIELD CROPS,00,WINTER,2012,,,(L),,,ALL UTILIZATION PRACTICES,ANNUAL,WHEAT,"WHEAT, WINTER, IRRIGATED, PART OF CROP, NON-IRRIGATED PORTION - ACRES HARVESTED",2012-12-31 00:00:00.000
IRRIGATED,00,CROPS,US TOTAL,ACRES,,NATIONAL,,"543,059",,,9000,AREA HARVESTED,CENSUS,,"IRRIGATION METHOD, PRIMARY: (GRAVITY)",YEAR,99,,UNITED STATES,US,"IRRIGATION METHOD, PRIMARY",,US TOTAL,00000000,FIELD CROPS,00,ALL CLASSES,2013,,,,,,ALL UTILIZATION PRACTICES,ANNUAL,WHEAT,"WHEAT, IRRIGATED - ACRES HARVESTED",2012-12-31 00:00:00.000
IRRIGATED,00,CROPS,US TOTAL,ACRES,,NATIONAL,,"2,654,442",,,9000,AREA HARVESTED,CENSUS,,"IRRIGATION METHOD, PRIMARY: (PRESSURE)",YEAR,99,,UNITED STATES,US,"IRRIGATION METHOD, PRIMARY",,US TOTAL,00000000,FIELD CROPS,00,ALL CLASSES,2013,,,,,,ALL UTILIZATION PRACTICES,ANNUAL,WHEAT,"WHEAT, IRRIGATED - ACRES HARVESTED",2012-12-31 00:00:00.000
IRRIGATED,00,CROPS,US TOTAL,ACRES,,NATIONAL,,"3,197,501",,,9000,AREA HARVESTED,CENSUS,,NOT SPECIFIED,YEAR,99,,UNITED STATES,US,TOTAL,,US TOTAL,00000000,FIELD CROPS,00,ALL CLASSES,2013,,,,,,ALL UTILIZATION PRACTICES,ANNUAL,WHEAT,"WHEAT, IRRIGATED - ACRES HARVESTED",2012-12-31 00:00:00.000
IRRIGATED,00,CROPS,US TOTAL,ACRES,,NATIONAL,,"2,176,732",,,9000,AREA HARVESTED,CENSUS,,WATER SOURCE: (GROUND),YEAR,99,,UNITED STATES,US,WATER SOURCE,,US TOTAL,00000000,FIELD CROPS,00,ALL CLASSES,2013,,,,,,ALL UTILIZATION PRACTICES,ANNUAL,WHEAT,"WHEAT, IRRIGATED - ACRES HARVESTED",2012-12-31 00:00:00.000
IRRIGATED,00,CROPS,US TOTAL,ACRES,,NATIONAL,,"873,083",,,9000,AREA HARVESTED,CENSUS,,WATER SOURCE: (OFF FARM),YEAR,99,,UNITED STATES,US,WATER SOURCE,,US TOTAL,00000000,FIELD CROPS,00,ALL CLASSES,2013,,,,,,ALL UTILIZATION PRACTICES,ANNUAL,WHEAT,"WHEAT, IRRIGATED - ACRES HARVESTED",2012-12-31 00:00:00.000
IRRIGATED,00,CROPS,US TOTAL,ACRES,,NATIONAL,,"265,325",,,9000,AREA HARVESTED,CENSUS,,WATER SOURCE: (ON FARM SURFACE),YEAR,99,,UNITED STATES,US,WATER SOURCE,,US TOTAL,00000000,FIELD CROPS,00,ALL CLASSES,2013,,,,,,ALL UTILIZATION PRACTICES,ANNUAL,WHEAT,"WHEAT, IRRIGATED - ACRES HARVESTED",2012-12-31 00:00:00.000
NON-IRRIGATED,00,CROPS,US TOTAL,ACRES,,NATIONAL,,"6,847,838",,,9000,AREA HARVESTED,CENSUS,,IRRIGATION STATUS: (ANY ON OPERATION),YEAR,99,,UNITED STATES,US,IRRIGATION STATUS,,US TOTAL,00000000,FIELD CROPS,00,ALL CLASSES,2013,,,,,,ALL UTILIZATION PRACTICES,ANNUAL,WHEAT,"WHEAT, NON-IRRIGATED - ACRES HARVESTED",2012-12-31 00:00:00.000
ORGANIC,00,CROPS,US TOTAL,ACRES,,NATIONAL,,"263,939",,,9000,AREA HARVESTED,CENSUS,,ORGANIC STATUS: (NOP USDA CERTIFIED & EXEMPT),YEAR,99,,UNITED STATES,US,ORGANIC STATUS,,US TOTAL,00000000,FIELD CROPS,00,ALL CLASSES,2014,,,7.4,,,ALL UTILIZATION PRACTICES,ANNUAL,WHEAT,"WHEAT, ORGANIC - ACRES HARVESTED",2015-01-31 00:00:00.000
ORGANIC,00,CROPS,US TOTAL,ACRES,,NATIONAL,,"263,881",,,9000,AREA HARVESTED,CENSUS,,ORGANIC STATUS: (NOP USDA CERTIFIED),YEAR,99,,UNITED STATES,US,ORGANIC STATUS,,US TOTAL,00000000,FIELD CROPS,00,ALL CLASSES,2014,,,7.4,,,ALL UTILIZATION PRACTICES,ANNUAL,WHEAT,"WHEAT, ORGANIC - ACRES HARVESTED",2015-01-31 00:00:00.000
ORGANIC,00,CROPS,US TOTAL,ACRES,,NATIONAL,,58,,,9000,AREA HARVESTED,CENSUS,,ORGANIC STATUS: (NOP USDA EXEMPT),YEAR,99,,UNITED STATES,US,ORGANIC STATUS,,US TOTAL,00000000,FIELD CROPS,00,ALL CLASSES,2014,,,(H),,,ALL UTILIZATION PRACTICES,ANNUAL,WHEAT,"WHEAT, ORGANIC - ACRES HARVESTED",2015-01-31 00:00:00.000
ORGANIC,00,CROPS,US TOTAL,ACRES,,NATIONAL,,"79,912",,,9000,AREA HARVESTED,CENSUS,,ORGANIC STATUS: (NOP USDA CERTIFIED & EXEMPT),YEAR,99,,UNITED STATES,US,ORGANIC STATUS,,US TOTAL,00000000,FIELD CROPS,00,"SPRING, (EXCL DURUM)",2014,,,15.7,,,ALL UTILIZATION PRACTICES,ANNUAL,WHEAT,"WHEAT, SPRING, (EXCL DURUM), ORGANIC - ACRES HARVESTED",2015-01-31 00:00:00.000
ORGANIC,00,CROPS,US TOTAL,ACRES,,NATIONAL,,"79,912",,,9000,AREA HARVESTED,CENSUS,,ORGANIC STATUS: (NOP USDA CERTIFIED),YEAR,99,,UNITED STATES,US,ORGANIC STATUS,,US TOTAL,00000000,FIELD CROPS,00,"SPRING, (EXCL DURUM)",2014,,,15.7,,,ALL UTILIZATION PRACTICES,ANNUAL,WHEAT,"WHEAT, SPRING, (EXCL DURUM), ORGANIC - ACRES HARVESTED",2015-01-31 00:00:00.000
ORGANIC,00,CROPS,US TOTAL,ACRES,,NATIONAL,,"10,779",,,9000,AREA HARVESTED,CENSUS,,ORGANIC STATUS: (NOP USDA CERTIFIED & EXEMPT),YEAR,99,,UNITED STATES,US,ORGANIC STATUS,,US TOTAL,00000000,FIELD CROPS,00,"SPRING, DURUM",2014,,,36.6,,,ALL UTILIZATION PRACTICES,ANNUAL,WHEAT,"WHEAT, SPRING, DURUM, ORGANIC - ACRES HARVESTED",2015-01-31 00:00:00.000
ORGANIC,00,CROPS,US TOTAL,ACRES,,NATIONAL,,"10,779",,,9000,AREA HARVESTED,CENSUS,,ORGANIC STATUS: (NOP USDA CERTIFIED),YEAR,99,,UNITED STATES,US,ORGANIC STATUS,,US TOTAL,00000000,FIELD CROPS,00,"SPRING, DURUM",2014,,,36.6,,,ALL UTILIZATION PRACTICES,ANNUAL,WHEAT,"WHEAT, SPRING, DURUM, ORGANIC - ACRES HARVESTED",2015-01-31 00:00:00.000
ORGANIC,00,CROPS,US TOTAL,ACRES,,NATIONAL,,"173,248",,,9000,AREA HARVESTED,CENSUS,,ORGANIC STATUS: (NOP USDA CERTIFIED & EXEMPT),YEAR,99,,UNITED STATES,US,ORGANIC STATUS,,US TOTAL,00000000,FIELD CROPS,00,WINTER,2014,,,7.9,,,ALL UTILIZATION PRACTICES,ANNUAL,WHEAT,"WHEAT, WINTER, ORGANIC - ACRES HARVESTED",2015-01-31 00:00:00.000
ORGANIC,00,CROPS,US TOTAL,ACRES,,NATIONAL,,"173,190",,,9000,AREA HARVESTED,CENSUS,,ORGANIC STATUS: (NOP USDA CERTIFIED),YEAR,99,,UNITED STATES,US,ORGANIC STATUS,,US TOTAL,00000000,FIELD CROPS,00,WINTER,2014,,,7.9,,,ALL UTILIZATION PRACTICES,ANNUAL,WHEAT,"WHEAT, WINTER, ORGANIC - ACRES HARVESTED",2015-01-31 00:00:00.000
ORGANIC,00,CROPS,US TOTAL,ACRES,,NATIONAL,,58,,,9000,AREA HARVESTED,CENSUS,,ORGANIC STATUS: (NOP USDA EXEMPT),YEAR,99,,UNITED STATES,US,ORGANIC STATUS,,US TOTAL,00000000,FIELD CROPS,00,WINTER,2014,,,(H),,,ALL UTILIZATION PRACTICES,ANNUAL,WHEAT,"WHEAT, WINTER, ORGANIC - ACRES HARVESTED",2015-01-31 00:00:00.000
ORGANIC,00,CROPS,US TOTAL,ACRES,,NATIONAL,,"301,950",,,9000,AREA HARVESTED,CENSUS,,ORGANIC STATUS: (NOP USDA CERTIFIED),YEAR,99,,UNITED STATES,US,ORGANIC STATUS,,US TOTAL,00000000,FIELD CROPS,00,ALL CLASSES,2015,,,6.3,,,ALL UTILIZATION PRACTICES,ANNUAL,WHEAT,"WHEAT, ORGANIC - ACRES HARVESTED",2015-01-31 00:00:00.000
ORGANIC,00,CROPS,US TOTAL,ACRES,,NATIONAL,,"82,976",,,9000,AREA HARVESTED,CENSUS,,ORGANIC STATUS: (NOP USDA CERTIFIED),YEAR,99,,UNITED STATES,US,ORGANIC STATUS,,US TOTAL,00000000,FIELD CROPS,00,"SPRING, (EXCL DURUM)",2015,,,13.8,,,ALL UTILIZATION PRACTICES,ANNUAL,WHEAT,"WHEAT, SPRING, (EXCL DURUM), ORGANIC - ACRES HARVESTED",2015-01-31 00:00:00.000
ORGANIC,00,CROPS,US TOTAL,ACRES,,NATIONAL,,"10,544",,,9000,AREA HARVESTED,CENSUS,,ORGANIC STATUS: (NOP USDA CERTIFIED),YEAR,99,,UNITED STATES,US,ORGANIC STATUS,,US TOTAL,00000000,FIELD CROPS,00,"SPRING, DURUM",2015,,,34.9,,,ALL UTILIZATION PRACTICES,ANNUAL,WHEAT,"WHEAT, SPRING, DURUM, ORGANIC - ACRES HARVESTED",2015-01-31 00:00:00.000
ORGANIC,00,CROPS,US TOTAL,ACRES,,NATIONAL,,"208,430",,,9000,AREA HARVESTED,CENSUS,,ORGANIC STATUS: (NOP USDA CERTIFIED),YEAR,99,,UNITED STATES,US,ORGANIC STATUS,,US TOTAL,00000000,FIELD CROPS,00,WINTER,2015,,,7.2,,,ALL UTILIZATION PRACTICES,ANNUAL,WHEAT,"WHEAT, WINTER, ORGANIC - ACRES HARVESTED",2015-01-31 00:00:00.000
ORGANIC,00,CROPS,US TOTAL,ACRES,,NATIONAL,,"336,550",,,9000,AREA HARVESTED,CENSUS,,ORGANIC STATUS: (NOP USDA CERTIFIED),YEAR,99,,UNITED STATES,US,ORGANIC STATUS,,US TOTAL,00000000,FIELD CROPS,00,ALL CLASSES,2016,,,4.2,,,ALL UTILIZATION PRACTICES,ANNUAL,WHEAT,"WHEAT, ORGANIC - ACRES HARVESTED",2016-01-31 00:00:00.000
ORGANIC,00,CROPS,US TOTAL,ACRES,,NATIONAL,,"101,484",,,9000,AREA HARVESTED,CENSUS,,ORGANIC STATUS: (NOP USDA CERTIFIED),YEAR,99,,UNITED STATES,US,ORGANIC STATUS,,US TOTAL,00000000,FIELD CROPS,00,"SPRING, (EXCL DURUM)",2016,,,7.6,,,ALL UTILIZATION PRACTICES,ANNUAL,WHEAT,"WHEAT, SPRING, (EXCL DURUM), ORGANIC - ACRES HARVESTED",2016-01-31 00:00:00.000
ORGANIC,00,CROPS,US TOTAL,ACRES,,NATIONAL,,"12,176",,,9000,AREA HARVESTED,CENSUS,,ORGANIC STATUS: (NOP USDA CERTIFIED),YEAR,99,,UNITED STATES,US,ORGANIC STATUS,,US TOTAL,00000000,FIELD CROPS,00,"SPRING, DURUM",2016,,,10.5,,,ALL UTILIZATION PRACTICES,ANNUAL,WHEAT,"WHEAT, SPRING, DURUM, ORGANIC - ACRES HARVESTED",2016-01-31 00:00:00.000
ORGANIC,00,CROPS,US TOTAL,ACRES,,NATIONAL,,"222,890",,,9000,AREA HARVESTED,CENSUS,,ORGANIC STATUS: (NOP USDA CERTIFIED),YEAR,99,,UNITED STATES,US,ORGANIC STATUS,,US TOTAL,00000000,FIELD CROPS,00,WINTER,2016,,,4.4,,,ALL UTILIZATION PRACTICES,ANNUAL,WHEAT,"WHEAT, WINTER, ORGANIC - ACRES HARVESTED",2016-01-31 00:00:00.000
ALL PRODUCTION PRACTICES,00,CROPS,US TOTAL,ACRES,,NATIONAL,,"20,786,667",,,9000,AREA HARVESTED,CENSUS,,"AREA HARVESTED: (1,000 OR MORE ACRES)",YEAR,99,,UNITED STATES,US,AREA HARVESTED,,US TOTAL,00000000,FIELD CROPS,00,ALL CLASSES,2017,,,2.2,,,ALL UTILIZATION PRACTICES,ANNUAL,WHEAT,WHEAT - ACRES HARVESTED,2018-02-01 00:00:00.000
ALL PRODUCTION PRACTICES,00,CROPS,US TOTAL,ACRES,,NATIONAL,,"9,870,927",,,9000,AREA HARVESTED,CENSUS,,"AREA HARVESTED: (1,000 TO 1,999 ACRES)",YEAR,99,,UNITED STATES,US,AREA HARVESTED,,US TOTAL,00000000,FIELD CROPS,00,ALL CLASSES,2017,,,3.6,,,ALL UTILIZATION PRACTICES,ANNUAL,WHEAT,WHEAT - ACRES HARVESTED,2018-02-01 00:00:00.000
ALL PRODUCTION PRACTICES,00,CROPS,US TOTAL,ACRES,,NATIONAL,,"72,989",,,9000,AREA HARVESTED,CENSUS,,AREA HARVESTED: (1.0 TO 14.9 ACRES),YEAR,99,,UNITED STATES,US,AREA HARVESTED,,US TOTAL,00000000,FIELD CROPS,00,ALL CLASSES,2017,,,6.3,,,ALL UTILIZATION PRACTICES,ANNUAL,WHEAT,WHEAT - ACRES HARVESTED,2018-02-01 00:00:00.000
ALL PRODUCTION PRACTICES,00,CROPS,US TOTAL,ACRES,,NATIONAL,,"3,431,313",,,9000,AREA HARVESTED,CENSUS,,AREA HARVESTED: (100 TO 249 ACRES),YEAR,99,,UNITED STATES,US,AREA HARVESTED,,US TOTAL,00000000,FIELD CROPS,00,ALL CLASSES,2017,,,3.5,,,ALL UTILIZATION PRACTICES,ANNUAL,WHEAT,WHEAT - ACRES HARVESTED,2018-02-01 00:00:00.000
ALL PRODUCTION PRACTICES,00,CROPS,US TOTAL,ACRES,,NATIONAL,,"149,688",,,9000,AREA HARVESTED,CENSUS,,AREA HARVESTED: (15.0 TO 24.9 ACRES),YEAR,99,,UNITED STATES,US,AREA HARVESTED,,US TOTAL,00000000,FIELD CROPS,00,ALL CLASSES,2017,,,4.5,,,ALL UTILIZATION PRACTICES,ANNUAL,WHEAT,WHEAT - ACRES HARVESTED,2018-02-01 00:00:00.000
ALL PRODUCTION PRACTICES,00,CROPS,US TOTAL,ACRES,,NATIONAL,,"5,069,972",,,9000,AREA HARVESTED,CENSUS,,"AREA HARVESTED: (2,000 TO 2,999 ACRES)",YEAR,99,,UNITED STATES,US,AREA HARVESTED,,US TOTAL,00000000,FIELD CROPS,00,ALL CLASSES,2017,,,2.3,,,ALL UTILIZATION PRACTICES,ANNUAL,WHEAT,WHEAT - ACRES HARVESTED,2018-02-01 00:00:00.000
ALL PRODUCTION PRACTICES,00,CROPS,US TOTAL,ACRES,,NATIONAL,,"499,631",,,9000,AREA HARVESTED,CENSUS,,AREA HARVESTED: (25.0 TO 49.9 ACRES),YEAR,99,,UNITED STATES,US,AREA HARVESTED,,US TOTAL,00000000,FIELD CROPS,00,ALL CLASSES,2017,,,2.8,,,ALL UTILIZATION PRACTICES,ANNUAL,WHEAT,WHEAT - ACRES HARVESTED,2018-02-01 00:00:00.000
ALL PRODUCTION PRACTICES,00,CROPS,US TOTAL,ACRES,,NATIONAL,,"4,843,695",,,9000,AREA HARVESTED,CENSUS,,AREA HARVESTED: (250 TO 499 ACRES),YEAR,99,,UNITED STATES,US,AREA HARVESTED,,US TOTAL,00000000,FIELD CROPS,00,ALL CLASSES,2017,,,3.0,,,ALL UTILIZATION PRACTICES,ANNUAL,WHEAT,WHEAT - ACRES HARVESTED,2018-02-01 00:00:00.000
ALL PRODUCTION PRACTICES,00,CROPS,US TOTAL,ACRES,,NATIONAL,,"3,698,308",,,9000,AREA HARVESTED,CENSUS,,"AREA HARVESTED: (3,000 TO 4,999 ACRES)",YEAR,99,,UNITED STATES,US,AREA HARVESTED,,US TOTAL,00000000,FIELD CROPS,00,ALL CLASSES,2017,,,2.5,,,ALL UTILIZATION PRACTICES,ANNUAL,WHEAT,WHEAT - ACRES HARVESTED,2018-02-01 00:00:00.000
ALL PRODUCTION PRACTICES,00,CROPS,US TOTAL,ACRES,,NATIONAL,,"2,147,460",,,9000,AREA HARVESTED,CENSUS,,"AREA HARVESTED: (5,000 OR MORE ACRES)",YEAR,99,,UNITED STATES,US,AREA HARVESTED,,US TOTAL,00000000,FIELD CROPS,00,ALL CLASSES,2017,,,2.5,,,ALL UTILIZATION PRACTICES,ANNUAL,WHEAT,WHEAT - ACRES HARVESTED,2018-02-01 00:00:00.000
ALL PRODUCTION PRACTICES,00,CROPS,US TOTAL,ACRES,,NATIONAL,,"1,116,498",,,9000,AREA HARVESTED,CENSUS,,AREA HARVESTED: (50.0 TO 99.9 ACRES),YEAR,99,,UNITED STATES,US,AREA HARVESTED,,US TOTAL,00000000,FIELD CROPS,00,ALL CLASSES,2017,,,2.3,,,ALL UTILIZATION PRACTICES,ANNUAL,WHEAT,WHEAT - ACRES HARVESTED,2018-02-01 00:00:00.000
ALL PRODUCTION PRACTICES,00,CROPS,US TOTAL,ACRES,,NATIONAL,,"7,911,139",,,9000,AREA HARVESTED,CENSUS,,AREA HARVESTED: (500 TO 999 ACRES),YEAR,99,,UNITED STATES,US,AREA HARVESTED,,US TOTAL,00000000,FIELD CROPS,00,ALL CLASSES,2017,,,3.7,,,ALL UTILIZATION PRACTICES,ANNUAL,WHEAT,WHEAT - ACRES HARVESTED,2018-02-01 00:00:00.000
ALL PRODUCTION PRACTICES,00,CROPS,US TOTAL,ACRES,,NATIONAL,,"6,002,303",,,9000,AREA HARVESTED,CENSUS,,"AREA OPERATED: (1,000 TO 1,999 ACRES)",YEAR,99,,UNITED STATES,US,AREA OPERATED,,US TOTAL,00000000,FIELD CROPS,00,ALL CLASSES,2017,,,3.0,,,ALL UTILIZATION PRACTICES,ANNUAL,WHEAT,WHEAT - ACRES HARVESTED,2018-02-01 00:00:00.000
ALL PRODUCTION PRACTICES,00,CROPS,US TOTAL,ACRES,,NATIONAL,,"1,789",,,9000,AREA HARVESTED,CENSUS,,AREA OPERATED: (1.0 TO 9.9 ACRES),YEAR,99,,UNITED STATES,US,AREA OPERATED,,US TOTAL,00000000,FIELD CROPS,00,ALL CLASSES,2017,,,66.3,,,ALL UTILIZATION PRACTICES,ANNUAL,WHEAT,WHEAT - ACRES HARVESTED,2018-02-01 00:00:00.000
ALL PRODUCTION PRACTICES,00,CROPS,US TOTAL,ACRES,,NATIONAL,,"49,727",,,9000,AREA HARVESTED,CENSUS,,AREA OPERATED: (10.0 TO 49.9 ACRES),YEAR,99,,UNITED STATES,US,AREA OPERATED,,US TOTAL,00000000,FIELD CROPS,00,ALL CLASSES,2017,,,12.8,,,ALL UTILIZATION PRACTICES,ANNUAL,WHEAT,WHEAT - ACRES HARVESTED,2018-02-01 00:00:00.000
ALL PRODUCTION PRACTICES,00,CROPS,US TOTAL,ACRES,,NATIONAL,,"124,440",,,9000,AREA HARVESTED,CENSUS,,AREA OPERATED: (100 TO 139 ACRES),YEAR,99,,UNITED STATES,US,AREA OPERATED,,US TOTAL,00000000,FIELD CROPS,00,ALL CLASSES,2017,,,10.6,,,ALL UTILIZATION PRACTICES,ANNUAL,WHEAT,WHEAT - ACRES HARVESTED,2018-02-01 00:00:00.000
ALL PRODUCTION PRACTICES,00,CROPS,US TOTAL,ACRES,,NATIONAL,,"229,827",,,9000,AREA HARVESTED,CENSUS,,AREA OPERATED: (140 TO 179 ACRES),YEAR,99,,UNITED STATES,US,AREA OPERATED,,US TOTAL,00000000,FIELD CROPS,00,ALL CLASSES,2017,,,6.5,,,ALL UTILIZATION PRACTICES,ANNUAL,WHEAT,WHEAT - ACRES HARVESTED,2018-02-01 00:00:00.000
ALL PRODUCTION PRACTICES,00,CROPS,US TOTAL,ACRES,,NATIONAL,,"155,262",,,9000,AREA HARVESTED,CENSUS,,AREA OPERATED: (180 TO 219 ACRES),YEAR,99,,UNITED STATES,US,AREA OPERATED,,US TOTAL,00000000,FIELD CROPS,00,ALL CLASSES,2017,,,9.9,,,ALL UTILIZATION PRACTICES,ANNUAL,WHEAT,WHEAT - ACRES HARVESTED,2018-02-01 00:00:00.000
ALL PRODUCTION PRACTICES,00,CROPS,US TOTAL,ACRES,,NATIONAL,,"27,910,639",,,9000,AREA HARVESTED,CENSUS,,"AREA OPERATED: (2,000 OR MORE ACRES)",YEAR,99,,UNITED STATES,US,AREA OPERATED,,US TOTAL,00000000,FIELD CROPS,00,ALL CLASSES,2017,,,2.1,,,ALL UTILIZATION PRACTICES,ANNUAL,WHEAT,WHEAT - ACRES HARVESTED,2018-02-01 00:00:00.000
ALL PRODUCTION PRACTICES,00,CROPS,US TOTAL,ACRES,,NATIONAL,,"178,449",,,9000,AREA HARVESTED,CENSUS,,AREA OPERATED: (220 TO 259 ACRES),YEAR,99,,UNITED STATES,US,AREA OPERATED,,US TOTAL,00000000,FIELD CROPS,00,ALL CLASSES,2017,,,4.8,,,ALL UTILIZATION PRACTICES,ANNUAL,WHEAT,WHEAT - ACRES HARVESTED,2018-02-01 00:00:00.000
ALL PRODUCTION PRACTICES,00,CROPS,US TOTAL,ACRES,,NATIONAL,,"1,246,135",,,9000,AREA HARVESTED,CENSUS,,AREA OPERATED: (260 TO 499 ACRES),YEAR,99,,UNITED STATES,US,AREA OPERATED,,US TOTAL,00000000,FIELD CROPS,00,ALL CLASSES,2017,,,3.9,,,ALL UTILIZATION PRACTICES,ANNUAL,WHEAT,WHEAT - ACRES HARVESTED,2018-02-01 00:00:00.000
ALL PRODUCTION PRACTICES,00,CROPS,US TOTAL,ACRES,,NATIONAL,,"35,962",,,9000,AREA HARVESTED,CENSUS,,AREA OPERATED: (50.0 TO 69.9 ACRES),YEAR,99,,UNITED STATES,US,AREA OPERATED,,US TOTAL,00000000,FIELD CROPS,00,ALL CLASSES,2017,,,10.7,,,ALL UTILIZATION PRACTICES,ANNUAL,WHEAT,WHEAT - ACRES HARVESTED,2018-02-01 00:00:00.000
ALL PRODUCTION PRACTICES,00,CROPS,US TOTAL,ACRES,,NATIONAL,,"2,781,553",,,9000,AREA HARVESTED,CENSUS,,AREA OPERATED: (500 TO 999 ACRES),YEAR,99,,UNITED STATES,US,AREA OPERATED,,US TOTAL,00000000,FIELD CROPS,00,ALL CLASSES,2017,,,3.1,,,ALL UTILIZATION PRACTICES,ANNUAL,WHEAT,WHEAT - ACRES HARVESTED,2018-02-01 00:00:00.000
ALL PRODUCTION PRACTICES,00,CROPS,US TOTAL,ACRES,,NATIONAL,,"95,534",,,9000,AREA HARVESTED,CENSUS,,AREA OPERATED: (70.0 TO 99.9 ACRES),YEAR,99,,UNITED STATES,US,AREA OPERATED,,US TOTAL,00000000,FIELD CROPS,00,ALL CLASSES,2017,,,5.8,,,ALL UTILIZATION PRACTICES,ANNUAL,WHEAT,WHEAT - ACRES HARVESTED,2018-02-01 00:00:00.000
ALL PRODUCTION PRACTICES,00,CROPS,US TOTAL,ACRES,,NATIONAL,,"13,084",,,9000,AREA HARVESTED,CENSUS,,"ECONOMIC CLASS: (1,000 TO 2,499 $)",YEAR,99,,UNITED STATES,US,ECONOMIC CLASS,,US TOTAL,00000000,FIELD CROPS,00,ALL CLASSES,2017,,,35.2,,,ALL UTILIZATION PRACTICES,ANNUAL,WHEAT,WHEAT - ACRES HARVESTED,2018-02-01 00:00:00.000
ALL PRODUCTION PRACTICES,00,CROPS,US TOTAL,ACRES,,NATIONAL,,"13,859,872",,,9000,AREA HARVESTED,CENSUS,,"ECONOMIC CLASS: (1,000,000 OR MORE $)",YEAR,99,,UNITED STATES,US,ECONOMIC CLASS,,US TOTAL,00000000,FIELD CROPS,00,ALL CLASSES,2017,,,1.8,,,ALL UTILIZATION PRACTICES,ANNUAL,WHEAT,WHEAT - ACRES HARVESTED,2018-02-01 00:00:00.000
ALL PRODUCTION PRACTICES,00,CROPS,US TOTAL,ACRES,,NATIONAL,,"370,695",,,9000,AREA HARVESTED,CENSUS,,"ECONOMIC CLASS: (10,000 TO 24,999 $)",YEAR,99,,UNITED STATES,US,ECONOMIC CLASS,,US TOTAL,00000000,FIELD CROPS,00,ALL CLASSES,2017,,,5.8,,,ALL UTILIZATION PRACTICES,ANNUAL,WHEAT,WHEAT - ACRES HARVESTED,2018-02-01 00:00:00.000
ALL PRODUCTION PRACTICES,00,CROPS,US TOTAL,ACRES,,NATIONAL,,"4,738,893",,,9000,AREA HARVESTED,CENSUS,,"ECONOMIC CLASS: (100,000 TO 249,999 $)",YEAR,99,,UNITED STATES,US,ECONOMIC CLASS,,US TOTAL,00000000,FIELD CROPS,00,ALL CLASSES,2017,,,1.8,,,ALL UTILIZATION PRACTICES,ANNUAL,WHEAT,WHEAT - ACRES HARVESTED,2018-02-01 00:00:00.000
ALL PRODUCTION PRACTICES,00,CROPS,US TOTAL,ACRES,,NATIONAL,,"32,395",,,9000,AREA HARVESTED,CENSUS,,"ECONOMIC CLASS: (2,500 TO 4,999 $)",YEAR,99,,UNITED STATES,US,ECONOMIC CLASS,,US TOTAL,00000000,FIELD CROPS,00,ALL CLASSES,2017,,,9.1,,,ALL UTILIZATION PRACTICES,ANNUAL,WHEAT,WHEAT - ACRES HARVESTED,2018-02-01 00:00:00.000
ALL PRODUCTION PRACTICES,00,CROPS,US TOTAL,ACRES,,NATIONAL,,"739,631",,,9000,AREA HARVESTED,CENSUS,,"ECONOMIC CLASS: (25,000 TO 49,999 $)",YEAR,99,,UNITED STATES,US,ECONOMIC CLASS,,US TOTAL,00000000,FIELD CROPS,00,ALL CLASSES,2017,,,4.4,,,ALL UTILIZATION PRACTICES,ANNUAL,WHEAT,WHEAT - ACRES HARVESTED,2018-02-01 00:00:00.000
ALL PRODUCTION PRACTICES,00,CROPS,US TOTAL,ACRES,,NATIONAL,,"7,454,440",,,9000,AREA HARVESTED,CENSUS,,"ECONOMIC CLASS: (250,000 TO 499,999 $)",YEAR,99,,UNITED STATES,US,ECONOMIC CLASS,,US TOTAL,00000000,FIELD CROPS,00,ALL CLASSES,2017,,,3.2,,,ALL UTILIZATION PRACTICES,ANNUAL,WHEAT,WHEAT - ACRES HARVESTED,2018-02-01 00:00:00.000
ALL PRODUCTION PRACTICES,00,CROPS,US TOTAL,ACRES,,NATIONAL,,"95,955",,,9000,AREA HARVESTED,CENSUS,,"ECONOMIC CLASS: (5,000 TO 9,999 $)",YEAR,99,,UNITED STATES,US,ECONOMIC CLASS,,US TOTAL,00000000,FIELD CROPS,00,ALL CLASSES,2017,,,13.9,,,ALL UTILIZATION PRACTICES,ANNUAL,WHEAT,WHEAT - ACRES HARVESTED,2018-02-01 00:00:00.000
ALL PRODUCTION PRACTICES,00,CROPS,US TOTAL,ACRES,,NATIONAL,,"1,614,886",,,9000,AREA HARVESTED,CENSUS,,"ECONOMIC CLASS: (50,000 TO 99,999 $)",YEAR,99,,UNITED STATES,US,ECONOMIC CLASS,,US TOTAL,00000000,FIELD CROPS,00,ALL CLASSES,2017,,,5.1,,,ALL UTILIZATION PRACTICES,ANNUAL,WHEAT,WHEAT - ACRES HARVESTED,2018-02-01 00:00:00.000
ALL PRODUCTION PRACTICES,00,CROPS,US TOTAL,ACRES,,NATIONAL,,"9,887,281",,,9000,AREA HARVESTED,CENSUS,,"ECONOMIC CLASS: (500,000 TO 999,999 $)",YEAR,99,,UNITED STATES,US,ECONOMIC CLASS,,US TOTAL,00000000,FIELD CROPS,00,ALL CLASSES,2017,,,2.3,,,ALL UTILIZATION PRACTICES,ANNUAL,WHEAT,WHEAT - ACRES HARVESTED,2018-02-01 00:00:00.000
ALL PRODUCTION PRACTICES,00,CROPS,US TOTAL,ACRES,,NATIONAL,,"4,488",,,9000,AREA HARVESTED,CENSUS,,"ECONOMIC CLASS: (LESS THAN 1,000 $)",YEAR,99,,UNITED STATES,US,ECONOMIC CLASS,,US TOTAL,00000000,FIELD CROPS,00,ALL CLASSES,2017,,,46.9,,,ALL UTILIZATION PRACTICES,ANNUAL,WHEAT,WHEAT - ACRES HARVESTED,2018-02-01 00:00:00.000
ALL PRODUCTION PRACTICES,00,CROPS,US TOTAL,ACRES,,NATIONAL,,"22,016",,,9000,AREA HARVESTED,CENSUS,,"FARM SALES: (1,000 TO 2,499 $)",YEAR,99,,UNITED STATES,US,FARM SALES,,US TOTAL,00000000,FIELD CROPS,00,ALL CLASSES,2017,,,25.8,,,ALL UTILIZATION PRACTICES,ANNUAL,WHEAT,WHEAT - ACRES HARVESTED,2018-02-01 00:00:00.000
ALL PRODUCTION PRACTICES,00,CROPS,US TOTAL,ACRES,,NATIONAL,,"12,964,706",,,9000,AREA HARVESTED,CENSUS,,"FARM SALES: (1,000,000 OR MORE $)",YEAR,99,,UNITED STATES,US,FARM SALES,,US TOTAL,00000000,FIELD CROPS,00,ALL CLASSES,2017,,,2.0,,,ALL UTILIZATION PRACTICES,ANNUAL,WHEAT,WHEAT - ACRES HARVESTED,2018-02-01 00:00:00.000
ALL PRODUCTION PRACTICES,00,CROPS,US TOTAL,ACRES,,NATIONAL,,"468,322",,,9000,AREA HARVESTED,CENSUS,,"FARM SALES: (10,000 TO 24,999 $)",YEAR,99,,UNITED STATES,US,FARM SALES,,US TOTAL,00000000,FIELD CROPS,00,ALL CLASSES,2017,,,3.2,,,ALL UTILIZATION PRACTICES,ANNUAL,WHEAT,WHEAT - ACRES HARVESTED,2018-02-01 00:00:00.000
ALL PRODUCTION PRACTICES,00,CROPS,US TOTAL,ACRES,,NATIONAL,,"5,225,042",,,9000,AREA HARVESTED,CENSUS,,"FARM SALES: (100,000 TO 249,999 $)",YEAR,99,,UNITED STATES,US,FARM SALES,,US TOTAL,00000000,FIELD CROPS,00,ALL CLASSES,2017,,,3.1,,,ALL UTILIZATION PRACTICES,ANNUAL,WHEAT,WHEAT - ACRES HARVESTED,2018-02-01 00:00:00.000
ALL PRODUCTION PRACTICES,00,CROPS,US TOTAL,ACRES,,NATIONAL,,"52,285",,,9000,AREA HARVESTED,CENSUS,,"FARM SALES: (2,500 TO 4,999 $)",YEAR,99,,UNITED STATES,US,FARM SALES,,US TOTAL,00000000,FIELD CROPS,00,ALL CLASSES,2017,,,11.2,,,ALL UTILIZATION PRACTICES,ANNUAL,WHEAT,WHEAT - ACRES HARVESTED,2018-02-01 00:00:00.000
ALL PRODUCTION PRACTICES,00,CROPS,US TOTAL,ACRES,,NATIONAL,,"937,683",,,9000,AREA HARVESTED,CENSUS,,"FARM SALES: (25,000 TO 49,999 $)",YEAR,99,,UNITED STATES,US,FARM SALES,,US TOTAL,00000000,FIELD CROPS,00,ALL CLASSES,2017,,,9.3,,,ALL UTILIZATION PRACTICES,ANNUAL,WHEAT,WHEAT - ACRES HARVESTED,2018-02-01 00:00:00.000
ALL PRODUCTION PRACTICES,00,CROPS,US TOTAL,ACRES,,NATIONAL,,"7,815,517",,,9000,AREA HARVESTED,CENSUS,,"FARM SALES: (250,000 TO 499,999 $)",YEAR,99,,UNITED STATES,US,FARM SALES,,US TOTAL,00000000,FIELD CROPS,00,ALL CLASSES,2017,,,4.2,,,ALL UTILIZATION PRACTICES,ANNUAL,WHEAT,WHEAT - ACRES HARVESTED,2018-02-01 00:00:00.000
ALL PRODUCTION PRACTICES,00,CROPS,US TOTAL,ACRES,,NATIONAL,,"136,410",,,9000,AREA HARVESTED,CENSUS,,"FARM SALES: (5,000 TO 9,999 $)",YEAR,99,,UNITED STATES,US,FARM SALES,,US TOTAL,00000000,FIELD CROPS,00,ALL CLASSES,2017,,,14.1,,,ALL UTILIZATION PRACTICES,ANNUAL,WHEAT,WHEAT - ACRES HARVESTED,2018-02-01 00:00:00.000
ALL PRODUCTION PRACTICES,00,CROPS,US TOTAL,ACRES,,NATIONAL,,"1,794,782",,,9000,AREA HARVESTED,CENSUS,,"FARM SALES: (50,000 TO 99,999 $)",YEAR,99,,UNITED STATES,US,FARM SALES,,US TOTAL,00000000,FIELD CROPS,00,ALL CLASSES,2017,,,3.2,,,ALL UTILIZATION PRACTICES,ANNUAL,WHEAT,WHEAT - ACRES HARVESTED,2018-02-01 00:00:00.000
ALL PRODUCTION PRACTICES,00,CROPS,US TOTAL,ACRES,,NATIONAL,,"9,379,975",,,9000,AREA HARVESTED,CENSUS,,"FARM SALES: (500,000 TO 999,999 $)",YEAR,99,,UNITED STATES,US,FARM SALES,,US TOTAL,00000000,FIELD CROPS,00,ALL CLASSES,2017,,,1.8,,,ALL UTILIZATION PRACTICES,ANNUAL,WHEAT,WHEAT - ACRES HARVESTED,2018-02-01 00:00:00.000
ALL PRODUCTION PRACTICES,00,CROPS,US TOTAL,ACRES,,NATIONAL,,"14,882",,,9000,AREA HARVESTED,CENSUS,,"FARM SALES: (LESS THAN 1,000 $)",YEAR,99,,UNITED STATES,US,FARM SALES,,US TOTAL,00000000,FIELD CROPS,00,ALL CLASSES,2017,,,12.4,,,ALL UTILIZATION PRACTICES,ANNUAL,WHEAT,WHEAT - ACRES HARVESTED,2018-02-01 00:00:00.000
ALL PRODUCTION PRACTICES,00,CROPS,US TOTAL,ACRES,,NATIONAL,,"31,086,666",,,9000,AREA HARVESTED,CENSUS,,NAICS CLASSIFICATION: (1111),YEAR,99,,UNITED STATES,US,NAICS CLASSIFICATION,,US TOTAL,00000000,FIELD CROPS,00,ALL CLASSES,2017,,,1.8,,,ALL UTILIZATION PRACTICES,ANNUAL,WHEAT,WHEAT - ACRES HARVESTED,2018-02-01 00:00:00.000
ALL PRODUCTION PRACTICES,00,CROPS,US TOTAL,ACRES,,NATIONAL,,"769,267",,,9000,AREA HARVESTED,CENSUS,,NAICS CLASSIFICATION: (1112),YEAR,99,,UNITED STATES,US,NAICS CLASSIFICATION,,US TOTAL,00000000,FIELD CROPS,00,ALL CLASSES,2017,,,5.2,,,ALL UTILIZATION PRACTICES,ANNUAL,WHEAT,WHEAT - ACRES HARVESTED,2018-02-01 00:00:00.000
ALL PRODUCTION PRACTICES,00,CROPS,US TOTAL,ACRES,,NATIONAL,,"50,089",,,9000,AREA HARVESTED,CENSUS,,NAICS CLASSIFICATION: (1113),YEAR,99,,UNITED STATES,US,NAICS CLASSIFICATION,,US TOTAL,00000000,FIELD CROPS,00,ALL CLASSES,2017,,,4.0,,,ALL UTILIZATION PRACTICES,ANNUAL,WHEAT,WHEAT - ACRES HARVESTED,2018-02-01 00:00:00.000
ALL PRODUCTION PRACTICES,00,CROPS,US TOTAL,ACRES,,NATIONAL,,"14,483",,,9000,AREA HARVESTED,CENSUS,,NAICS CLASSIFICATION: (1114),YEAR,99,,UNITED STATES,US,NAICS CLASSIFICATION,,US TOTAL,00000000,FIELD CROPS,00,ALL CLASSES,2017,,,14.9,,,ALL UTILIZATION PRACTICES,ANNUAL,WHEAT,WHEAT - ACRES HARVESTED,2018-02-01 00:00:00.000
ALL PRODUCTION PRACTICES,00,CROPS,US TOTAL,ACRES,,NATIONAL,,"2,475,064",,,9000,AREA HARVESTED,CENSUS,,NAICS CLASSIFICATION: (1119),YEAR,99,,UNITED STATES,US,NAICS CLASSIFICATION,,US TOTAL,00000000,FIELD CROPS,00,ALL CLASSES,2017,,,3.6,,,ALL UTILIZATION PRACTICES,ANNUAL,WHEAT,WHEAT - ACRES HARVESTED,2018-02-01 00:00:00.000
ALL PRODUCTION PRACTICES,00,CROPS,US TOTAL,ACRES,,NATIONAL,,"76,587",,,9000,AREA HARVESTED,CENSUS,,NAICS CLASSIFICATION: (11191),YEAR,99,,UNITED STATES,US,NAICS CLASSIFICATION,,US TOTAL,00000000,FIELD CROPS,00,ALL CLASSES,2017,,,11.0,,,ALL UTILIZATION PRACTICES,ANNUAL,WHEAT,WHEAT - ACRES HARVESTED,2018-02-01 00:00:00.000
ALL PRODUCTION PRACTICES,00,CROPS,US TOTAL,ACRES,,NATIONAL,,"831,433",,,9000,AREA HARVESTED,CENSUS,,NAICS CLASSIFICATION: (11192),YEAR,99,,UNITED STATES,US,NAICS CLASSIFICATION,,US TOTAL,00000000,FIELD CROPS,00,ALL CLASSES,2017,,,7.2,,,ALL UTILIZATION PRACTICES,ANNUAL,WHEAT,WHEAT - ACRES HARVESTED,2018-02-01 00:00:00.000
ALL PRODUCTION PRACTICES,00,CROPS,US TOTAL,ACRES,,NATIONAL,,"1,567,044",,,9000,AREA HARVESTED,CENSUS,,NAICS CLASSIFICATION: (11193 & 11194 & 11199),YEAR,99,,UNITED STATES,US,NAICS CLASSIFICATION,,US TOTAL,00000000,FIELD CROPS,00,ALL CLASSES,2017,,,4.3,,,ALL UTILIZATION PRACTICES,ANNUAL,WHEAT,WHEAT - ACRES HARVESTED,2018-02-01 00:00:00.000
ALL PRODUCTION PRACTICES,00,CROPS,US TOTAL,ACRES,,NATIONAL,,"3,380,254",,,9000,AREA HARVESTED,CENSUS,,NAICS CLASSIFICATION: (112111),YEAR,99,,UNITED STATES,US,NAICS CLASSIFICATION,,US TOTAL,00000000,FIELD CROPS,00,ALL CLASSES,2017,,,3.8,,,ALL UTILIZATION PRACTICES,ANNUAL,WHEAT,WHEAT - ACRES HARVESTED,2018-02-01 00:00:00.000
ALL PRODUCTION PRACTICES,00,CROPS,US TOTAL,ACRES,,NATIONAL,,"256,086",,,9000,AREA HARVESTED,CENSUS,,NAICS CLASSIFICATION: (112112),YEAR,99,,UNITED STATES,US,NAICS CLASSIFICATION,,US TOTAL,00000000,FIELD CROPS,00,ALL CLASSES,2017,,,8.1,,,ALL UTILIZATION PRACTICES,ANNUAL,WHEAT,WHEAT - ACRES HARVESTED,2018-02-01 00:00:00.000
ALL PRODUCTION PRACTICES,00,CROPS,US TOTAL,ACRES,,NATIONAL,,"330,961",,,9000,AREA HARVESTED,CENSUS,,NAICS CLASSIFICATION: (11212),YEAR,99,,UNITED STATES,US,NAICS CLASSIFICATION,,US TOTAL,00000000,FIELD CROPS,00,ALL CLASSES,2017,,,4.9,,,ALL UTILIZATION PRACTICES,ANNUAL,WHEAT,WHEAT - ACRES HARVESTED,2018-02-01 00:00:00.000
ALL PRODUCTION PRACTICES,00,CROPS,US TOTAL,ACRES,,NATIONAL,,"128,386",,,9000,AREA HARVESTED,CENSUS,,NAICS CLASSIFICATION: (1122),YEAR,99,,UNITED STATES,US,NAICS CLASSIFICATION,,US TOTAL,00000000,FIELD CROPS,00,ALL CLASSES,2017,,,4.2,,,ALL UTILIZATION PRACTICES,ANNUAL,WHEAT,WHEAT - ACRES HARVESTED,2018-02-01 00:00:00.000
ALL PRODUCTION PRACTICES,00,CROPS,US TOTAL,ACRES,,NATIONAL,,"109,803",,,9000,AREA HARVESTED,CENSUS,,NAICS CLASSIFICATION: (1123),YEAR,99,,UNITED STATES,US,NAICS CLASSIFICATION,,US TOTAL,00000000,FIELD CROPS,00,ALL CLASSES,2017,,,4.2,,,ALL UTILIZATION PRACTICES,ANNUAL,WHEAT,WHEAT - ACRES HARVESTED,2018-02-01 00:00:00.000
ALL PRODUCTION PRACTICES,00,CROPS,US TOTAL,ACRES,,NATIONAL,,"16,739",,,9000,AREA HARVESTED,CENSUS,,NAICS CLASSIFICATION: (1124),YEAR,99,,UNITED STATES,US,NAICS CLASSIFICATION,,US TOTAL,00000000,FIELD CROPS,00,ALL CLASSES,2017,,,8.3,,,ALL UTILIZATION PRACTICES,ANNUAL,WHEAT,WHEAT - ACRES HARVESTED,2018-02-01 00:00:00.000
ALL PRODUCTION PRACTICES,00,CROPS,US TOTAL,ACRES,,NATIONAL,,"193,822",,,9000,AREA HARVESTED,CENSUS,,NAICS CLASSIFICATION: (1125 & 1129),YEAR,99,,UNITED STATES,US,NAICS CLASSIFICATION,,US TOTAL,00000000,FIELD CROPS,00,ALL CLASSES,2017,,,4.3,,,ALL UTILIZATION PRACTICES,ANNUAL,WHEAT,WHEAT - ACRES HARVESTED,2018-02-01 00:00:00.000
ALL PRODUCTION PRACTICES,00,CROPS,US TOTAL,ACRES,,NATIONAL,,"38,811,620",,,9000,AREA HARVESTED,CENSUS,,NOT SPECIFIED,YEAR,99,,UNITED STATES,US,TOTAL,,US TOTAL,00000000,FIELD CROPS,00,ALL CLASSES,2017,,,1.5,,,ALL UTILIZATION PRACTICES,ANNUAL,WHEAT,WHEAT - ACRES HARVESTED,2018-02-01 00:00:00.000
IRRIGATED,00,CROPS,US TOTAL,ACRES,,NATIONAL,,"1,111,952",,,9000,AREA HARVESTED,CENSUS,,"AREA HARVESTED: (1,000 OR MORE ACRES)",YEAR,99,,UNITED STATES,US,AREA HARVESTED,,US TOTAL,00000000,FIELD CROPS,00,ALL CLASSES,2017,,,6.2,,,ALL UTILIZATION PRACTICES,ANNUAL,WHEAT,"WHEAT, IRRIGATED - ACRES HARVESTED",2018-02-01 00:00:00.000
IRRIGATED,00,CROPS,US TOTAL,ACRES,,NATIONAL,,"474,591",,,9000,AREA HARVESTED,CENSUS,,"AREA HARVESTED: (1,000 TO 1,999 ACRES)",YEAR,99,,UNITED STATES,US,AREA HARVESTED,,US TOTAL,00000000,FIELD CROPS,00,ALL CLASSES,2017,,,9.7,,,ALL UTILIZATION PRACTICES,ANNUAL,WHEAT,"WHEAT, IRRIGATED - ACRES HARVESTED",2018-02-01 00:00:00.000
IRRIGATED,00,CROPS,US TOTAL,ACRES,,NATIONAL,,"2,861",,,9000,AREA HARVESTED,CENSUS,,AREA HARVESTED: (1.0 TO 14.9 ACRES),YEAR,99,,UNITED STATES,US,AREA HARVESTED,,US TOTAL,00000000,FIELD CROPS,00,ALL CLASSES,2017,,,23.2,,,ALL UTILIZATION PRACTICES,ANNUAL,WHEAT,"WHEAT, IRRIGATED - ACRES HARVESTED",2018-02-01 00:00:00.000
IRRIGATED,00,CROPS,US TOTAL,ACRES,,NATIONAL,,"311,874",,,9000,AREA HARVESTED,CENSUS,,AREA HARVESTED: (100 TO 249 ACRES),YEAR,99,,UNITED STATES,US,AREA HARVESTED,,US TOTAL,00000000,FIELD CROPS,00,ALL CLASSES,2017,,,15.2,,,ALL UTILIZATION PRACTICES,ANNUAL,WHEAT,"WHEAT, IRRIGATED - ACRES HARVESTED",2018-02-01 00:00:00.000
IRRIGATED,00,CROPS,US TOTAL,ACRES,,NATIONAL,,"7,100",,,9000,AREA HARVESTED,CENSUS,,AREA HARVESTED: (15.0 TO 24.9 ACRES),YEAR,99,,UNITED STATES,US,AREA HARVESTED,,US TOTAL,00000000,FIELD CROPS,00,ALL CLASSES,2017,,,11.6,,,ALL UTILIZATION PRACTICES,ANNUAL,WHEAT,"WHEAT, IRRIGATED - ACRES HARVESTED",2018-02-01 00:00:00.000
IRRIGATED,00,CROPS,US TOTAL,ACRES,,NATIONAL,,"266,270",,,9000,AREA HARVESTED,CENSUS,,"AREA HARVESTED: (2,000 TO 2,999 ACRES)",YEAR,99,,UNITED STATES,US,AREA HARVESTED,,US TOTAL,00000000,FIELD CROPS,00,ALL CLASSES,2017,,,15.6,,,ALL UTILIZATION PRACTICES,ANNUAL,WHEAT,"WHEAT, IRRIGATED - ACRES HARVESTED",2018-02-01 00:00:00.000
IRRIGATED,00,CROPS,US TOTAL,ACRES,,NATIONAL,,"26,488",,,9000,AREA HARVESTED,CENSUS,,AREA HARVESTED: (25.0 TO 49.9 ACRES),YEAR,99,,UNITED STATES,US,AREA HARVESTED,,US TOTAL,00000000,FIELD CROPS,00,ALL CLASSES,2017,,,16.8,,,ALL UTILIZATION PRACTICES,ANNUAL,WHEAT,"WHEAT, IRRIGATED - ACRES HARVESTED",2018-02-01 00:00:00.000
IRRIGATED,00,CROPS,US TOTAL,ACRES,,NATIONAL,,"383,069",,,9000,AREA HARVESTED,CENSUS,,AREA HARVESTED: (250 TO 499 ACRES),YEAR,99,,UNITED STATES,US,AREA HARVESTED,,US TOTAL,00000000,FIELD CROPS,00,ALL CLASSES,2017,,,9.9,,,ALL UTILIZATION PRACTICES,ANNUAL,WHEAT,"WHEAT, IRRIGATED - ACRES HARVESTED",2018-02-01 00:00:00.000
IRRIGATED,00,CROPS,US TOTAL,ACRES,,NATIONAL,,"178,986",,,9000,AREA HARVESTED,CENSUS,,"AREA HARVESTED: (3,000 TO 4,999 ACRES)",YEAR,99,,UNITED STATES,US,AREA HARVESTED,,US TOTAL,00000000,FIELD CROPS,00,ALL CLASSES,2017,,,18.9,,,ALL UTILIZATION PRACTICES,ANNUAL,WHEAT,"WHEAT, IRRIGATED - ACRES HARVESTED",2018-02-01 00:00:00.000
IRRIGATED,00,CROPS,US TOTAL,ACRES,,NATIONAL,,"192,105",,,9000,AREA HARVESTED,CENSUS,,"AREA HARVESTED: (5,000 OR MORE ACRES)",YEAR,99,,UNITED STATES,US,AREA HARVESTED,,US TOTAL,00000000,FIELD CROPS,00,ALL CLASSES,2017,,,2.0,,,ALL UTILIZATION PRACTICES,ANNUAL,WHEAT,"WHEAT, IRRIGATED - ACRES HARVESTED",2018-02-01 00:00:00.000
IRRIGATED,00,CROPS,US TOTAL,ACRES,,NATIONAL,,"76,486",,,9000,AREA HARVESTED,CENSUS,,AREA HARVESTED: (50.0 TO 99.9 ACRES),YEAR,99,,UNITED STATES,US,AREA HARVESTED,,US TOTAL,00000000,FIELD CROPS,00,ALL CLASSES,2017,,,8.3,,,ALL UTILIZATION PRACTICES,ANNUAL,WHEAT,"WHEAT, IRRIGATED - ACRES HARVESTED",2018-02-01 00:00:00.000
IRRIGATED,00,CROPS,US TOTAL,ACRES,,NATIONAL,,"469,355",,,9000,AREA HARVESTED,CENSUS,,AREA HARVESTED: (500 TO 999 ACRES),YEAR,99,,UNITED STATES,US,AREA HARVESTED,,US TOTAL,00000000,FIELD CROPS,00,ALL CLASSES,2017,,,8.2,,,ALL UTILIZATION PRACTICES,ANNUAL,WHEAT,"WHEAT, IRRIGATED - ACRES HARVESTED",2018-02-01 00:00:00.000
IRRIGATED,00,CROPS,US TOTAL,ACRES,,NATIONAL,,"389,496",,,9000,AREA HARVESTED,CENSUS,,"AREA OPERATED: (1,000 TO 1,999 ACRES)",YEAR,99,,UNITED STATES,US,AREA OPERATED,,US TOTAL,00000000,FIELD CROPS,00,ALL CLASSES,2017,,,9.1,,,ALL UTILIZATION PRACTICES,ANNUAL,WHEAT,"WHEAT, IRRIGATED - ACRES HARVESTED",2018-02-01 00:00:00.000
IRRIGATED,00,CROPS,US TOTAL,ACRES,,NATIONAL,,157,,,9000,AREA HARVESTED,CENSUS,,AREA OPERATED: (1.0 TO 9.9 ACRES),YEAR,99,,UNITED STATES,US,AREA OPERATED,,US TOTAL,00000000,FIELD CROPS,00,ALL CLASSES,2017,,,(H),,,ALL UTILIZATION PRACTICES,ANNUAL,WHEAT,"WHEAT, IRRIGATED - ACRES HARVESTED",2018-02-01 00:00:00.000
IRRIGATED,00,CROPS,US TOTAL,ACRES,,NATIONAL,,"3,175",,,9000,AREA HARVESTED,CENSUS,,AREA OPERATED: (10.0 TO 49.9 ACRES),YEAR,99,,UNITED STATES,US,AREA OPERATED,,US TOTAL,00000000,FIELD CROPS,00,ALL CLASSES,2017,,,30.2,,,ALL UTILIZATION PRACTICES,ANNUAL,WHEAT,"WHEAT, IRRIGATED - ACRES HARVESTED",2018-02-01 00:00:00.000
IRRIGATED,00,CROPS,US TOTAL,ACRES,,NATIONAL,,"8,014",,,9000,AREA HARVESTED,CENSUS,,AREA OPERATED: (100 TO 139 ACRES),YEAR,99,,UNITED STATES,US,AREA OPERATED,,US TOTAL,00000000,FIELD CROPS,00,ALL CLASSES,2017,,,14.3,,,ALL UTILIZATION PRACTICES,ANNUAL,WHEAT,"WHEAT, IRRIGATED - ACRES HARVESTED",2018-02-01 00:00:00.000
IRRIGATED,00,CROPS,US TOTAL,ACRES,,NATIONAL,,"14,871",,,9000,AREA HARVESTED,CENSUS,,AREA OPERATED: (140 TO 179 ACRES),YEAR,99,,UNITED STATES,US,AREA OPERATED,,US TOTAL,00000000,FIELD CROPS,00,ALL CLASSES,2017,,,89.7,,,ALL UTILIZATION PRACTICES,ANNUAL,WHEAT,"WHEAT, IRRIGATED - ACRES HARVESTED",2018-02-01 00:00:00.000
IRRIGATED,00,CROPS,US TOTAL,ACRES,,NATIONAL,,"11,535",,,9000,AREA HARVESTED,CENSUS,,AREA OPERATED: (180 TO 219 ACRES),YEAR,99,,UNITED STATES,US,AREA OPERATED,,US TOTAL,00000000,FIELD CROPS,00,ALL CLASSES,2017,,,37.3,,,ALL UTILIZATION PRACTICES,ANNUAL,WHEAT,"WHEAT, IRRIGATED - ACRES HARVESTED",2018-02-01 00:00:00.000
IRRIGATED,00,CROPS,US TOTAL,ACRES,,NATIONAL,,"1,628,893",,,9000,AREA HARVESTED,CENSUS,,"AREA OPERATED: (2,000 OR MORE ACRES)",YEAR,99,,UNITED STATES,US,AREA OPERATED,,US TOTAL,00000000,FIELD CROPS,00,ALL CLASSES,2017,,,5.3,,,ALL UTILIZATION PRACTICES,ANNUAL,WHEAT,"WHEAT, IRRIGATED - ACRES HARVESTED",2018-02-01 00:00:00.000
IRRIGATED,00,CROPS,US TOTAL,ACRES,,NATIONAL,,"13,737",,,9000,AREA HARVESTED,CENSUS,,AREA OPERATED: (220 TO 259 ACRES),YEAR,99,,UNITED STATES,US,AREA OPERATED,,US TOTAL,00000000,FIELD CROPS,00,ALL CLASSES,2017,,,10.9,,,ALL UTILIZATION PRACTICES,ANNUAL,WHEAT,"WHEAT, IRRIGATED - ACRES HARVESTED",2018-02-01 00:00:00.000
IRRIGATED,00,CROPS,US TOTAL,ACRES,,NATIONAL,,"80,726",,,9000,AREA HARVESTED,CENSUS,,AREA OPERATED: (260 TO 499 ACRES),YEAR,99,,UNITED STATES,US,AREA OPERATED,,US TOTAL,00000000,FIELD CROPS,00,ALL CLASSES,2017,,,14.5,,,ALL UTILIZATION PRACTICES,ANNUAL,WHEAT,"WHEAT, IRRIGATED - ACRES HARVESTED",2018-02-01 00:00:00.000
IRRIGATED,00,CROPS,US TOTAL,ACRES,,NATIONAL,,"2,222",,,9000,AREA HARVESTED,CENSUS,,AREA OPERATED: (50.0 TO 69.9 ACRES),YEAR,99,,UNITED STATES,US,AREA OPERATED,,US TOTAL,00000000,FIELD CROPS,00,ALL CLASSES,2017,,,28.4,,,ALL UTILIZATION PRACTICES,ANNUAL,WHEAT,"WHEAT, IRRIGATED - ACRES HARVESTED",2018-02-01 00:00:00.000
IRRIGATED,00,CROPS,US TOTAL,ACRES,,NATIONAL,,"230,714",,,9000,AREA HARVESTED,CENSUS,,AREA OPERATED: (500 TO 999 ACRES),YEAR,99,,UNITED STATES,US,AREA OPERATED,,US TOTAL,00000000,FIELD CROPS,00,ALL CLASSES,2017,,,13.2,,,ALL UTILIZATION PRACTICES,ANNUAL,WHEAT,"WHEAT, IRRIGATED - ACRES HARVESTED",2018-02-01 00:00:00.000
IRRIGATED,00,CROPS,US TOTAL,ACRES,,NATIONAL,,"5,645",,,9000,AREA HARVESTED,CENSUS,,AREA OPERATED: (70.0 TO 99.9 ACRES),YEAR,99,,UNITED STATES,US,AREA OPERATED,,US TOTAL,00000000,FIELD CROPS,00,ALL CLASSES,2017,,,33.4,,,ALL UTILIZATION PRACTICES,ANNUAL,WHEAT,"WHEAT, IRRIGATED - ACRES HARVESTED",2018-02-01 00:00:00.000
IRRIGATED,00,CROPS,US TOTAL,ACRES,,NATIONAL,,256,,,9000,AREA HARVESTED,CENSUS,,"ECONOMIC CLASS: (1,000 TO 2,499 $)",YEAR,99,,UNITED STATES,US,ECONOMIC CLASS,,US TOTAL,00000000,FIELD CROPS,00,ALL CLASSES,2017,,,27.1,,,ALL UTILIZATION PRACTICES,ANNUAL,WHEAT,"WHEAT, IRRIGATED - ACRES HARVESTED",2018-02-01 00:00:00.000
IRRIGATED,00,CROPS,US TOTAL,ACRES,,NATIONAL,,"1,507,912",,,9000,AREA HARVESTED,CENSUS,,"ECONOMIC CLASS: (1,000,000 OR MORE $)",YEAR,99,,UNITED STATES,US,ECONOMIC CLASS,,US TOTAL,00000000,FIELD CROPS,00,ALL CLASSES,2017,,,3.4,,,ALL UTILIZATION PRACTICES,ANNUAL,WHEAT,"WHEAT, IRRIGATED - ACRES HARVESTED",2018-02-01 00:00:00.000
IRRIGATED,00,CROPS,US TOTAL,ACRES,,NATIONAL,,"7,680",,,9000,AREA HARVESTED,CENSUS,,"ECONOMIC CLASS: (10,000 TO 24,999 $)",YEAR,99,,UNITED STATES,US,ECONOMIC CLASS,,US TOTAL,00000000,FIELD CROPS,00,ALL CLASSES,2017,,,22.2,,,ALL UTILIZATION PRACTICES,ANNUAL,WHEAT,"WHEAT, IRRIGATED - ACRES HARVESTED",2018-02-01 00:00:00.000
IRRIGATED,00,CROPS,US TOTAL,ACRES,,NATIONAL,,"139,353",,,9000,AREA HARVESTED,CENSUS,,"ECONOMIC CLASS: (100,000 TO 249,999 $)",YEAR,99,,UNITED STATES,US,ECONOMIC CLASS,,US TOTAL,00000000,FIELD CROPS,00,ALL CLASSES,2017,,,9.9,,,ALL UTILIZATION PRACTICES,ANNUAL,WHEAT,"WHEAT, IRRIGATED - ACRES HARVESTED",2018-02-01 00:00:00.000
IRRIGATED,00,CROPS,US TOTAL,ACRES,,NATIONAL,,457,,,9000,AREA HARVESTED,CENSUS,,"ECONOMIC CLASS: (2,500 TO 4,999 $)",YEAR,99,,UNITED STATES,US,ECONOMIC CLASS,,US TOTAL,00000000,FIELD CROPS,00,ALL CLASSES,2017,,,41.8,,,ALL UTILIZATION PRACTICES,ANNUAL,WHEAT,"WHEAT, IRRIGATED - ACRES HARVESTED",2018-02-01 00:00:00.000
IRRIGATED,00,CROPS,US TOTAL,ACRES,,NATIONAL,,"21,156",,,9000,AREA HARVESTED,CENSUS,,"ECONOMIC CLASS: (25,000 TO 49,999 $)",YEAR,99,,UNITED STATES,US,ECONOMIC CLASS,,US TOTAL,00000000,FIELD CROPS,00,ALL CLASSES,2017,,,24.2,,,ALL UTILIZATION PRACTICES,ANNUAL,WHEAT,"WHEAT, IRRIGATED - ACRES HARVESTED",2018-02-01 00:00:00.000
IRRIGATED,00,CROPS,US TOTAL,ACRES,,NATIONAL,,"239,810",,,9000,AREA HARVESTED,CENSUS,,"ECONOMIC CLASS: (250,000 TO 499,999 $)",YEAR,99,,UNITED STATES,US,ECONOMIC CLASS,,US TOTAL,00000000,FIELD CROPS,00,ALL CLASSES,2017,,,13.4,,,ALL UTILIZATION PRACTICES,ANNUAL,WHEAT,"WHEAT, IRRIGATED - ACRES HARVESTED",2018-02-01 00:00:00.000
IRRIGATED,00,CROPS,US TOTAL,ACRES,,NATIONAL,,"1,528",,,9000,AREA HARVESTED,CENSUS,,"ECONOMIC CLASS: (5,000 TO 9,999 $)",YEAR,99,,UNITED STATES,US,ECONOMIC CLASS,,US TOTAL,00000000,FIELD CROPS,00,ALL CLASSES,2017,,,56.8,,,ALL UTILIZATION PRACTICES,ANNUAL,WHEAT,"WHEAT, IRRIGATED - ACRES HARVESTED",2018-02-01 00:00:00.000
IRRIGATED,00,CROPS,US TOTAL,ACRES,,NATIONAL,,"42,273",,,9000,AREA HARVESTED,CENSUS,,"ECONOMIC CLASS: (50,000 TO 99,999 $)",YEAR,99,,UNITED STATES,US,ECONOMIC CLASS,,US TOTAL,00000000,FIELD CROPS,00,ALL CLASSES,2017,,,25.7,,,ALL UTILIZATION PRACTICES,ANNUAL,WHEAT,"WHEAT, IRRIGATED - ACRES HARVESTED",2018-02-01 00:00:00.000
IRRIGATED,00,CROPS,US TOTAL,ACRES,,NATIONAL,,"428,619",,,9000,AREA HARVESTED,CENSUS,,"ECONOMIC CLASS: (500,000 TO 999,999 $)",YEAR,99,,UNITED STATES,US,ECONOMIC CLASS,,US TOTAL,00000000,FIELD CROPS,00,ALL CLASSES,2017,,,17.6,,,ALL UTILIZATION PRACTICES,ANNUAL,WHEAT,"WHEAT, IRRIGATED - ACRES HARVESTED",2018-02-01 00:00:00.000
IRRIGATED,00,CROPS,US TOTAL,ACRES,,NATIONAL,,141,,,9000,AREA HARVESTED,CENSUS,,"ECONOMIC CLASS: (LESS THAN 1,000 $)",YEAR,99,,UNITED STATES,US,ECONOMIC CLASS,,US TOTAL,00000000,FIELD CROPS,00,ALL CLASSES,2017,,,70.4,,,ALL UTILIZATION PRACTICES,ANNUAL,WHEAT,"WHEAT, IRRIGATED - ACRES HARVESTED",2018-02-01 00:00:00.000
IRRIGATED,00,CROPS,US TOTAL,ACRES,,NATIONAL,,380,,,9000,AREA HARVESTED,CENSUS,,"FARM SALES: (1,000 TO 2,499 $)",YEAR,99,,UNITED STATES,US,FARM SALES,,US TOTAL,00000000,FIELD CROPS,00,ALL CLASSES,2017,,,20.9,,,ALL UTILIZATION PRACTICES,ANNUAL,WHEAT,"WHEAT, IRRIGATED - ACRES HARVESTED",2018-02-01 00:00:00.000
IRRIGATED,00,CROPS,US TOTAL,ACRES,,NATIONAL,,"1,467,577",,,9000,AREA HARVESTED,CENSUS,,"FARM SALES: (1,000,000 OR MORE $)",YEAR,99,,UNITED STATES,US,FARM SALES,,US TOTAL,00000000,FIELD CROPS,00,ALL CLASSES,2017,,,3.5,,,ALL UTILIZATION PRACTICES,ANNUAL,WHEAT,"WHEAT, IRRIGATED - ACRES HARVESTED",2018-02-01 00:00:00.000
IRRIGATED,00,CROPS,US TOTAL,ACRES,,NATIONAL,,"10,170",,,9000,AREA HARVESTED,CENSUS,,"FARM SALES: (10,000 TO 24,999 $)",YEAR,99,,UNITED STATES,US,FARM SALES,,US TOTAL,00000000,FIELD CROPS,00,ALL CLASSES,2017,,,15.9,,,ALL UTILIZATION PRACTICES,ANNUAL,WHEAT,"WHEAT, IRRIGATED - ACRES HARVESTED",2018-02-01 00:00:00.000
IRRIGATED,00,CROPS,US TOTAL,ACRES,,NATIONAL,,"158,242",,,9000,AREA HARVESTED,CENSUS,,"FARM SALES: (100,000 TO 249,999 $)",YEAR,99,,UNITED STATES,US,FARM SALES,,US TOTAL,00000000,FIELD CROPS,00,ALL CLASSES,2017,,,10.3,,,ALL UTILIZATION PRACTICES,ANNUAL,WHEAT,"WHEAT, IRRIGATED - ACRES HARVESTED",2018-02-01 00:00:00.000
IRRIGATED,00,CROPS,US TOTAL,ACRES,,NATIONAL,,675,,,9000,AREA HARVESTED,CENSUS,,"FARM SALES: (2,500 TO 4,999 $)",YEAR,99,,UNITED STATES,US,FARM SALES,,US TOTAL,00000000,FIELD CROPS,00,ALL CLASSES,2017,,,(H),,,ALL UTILIZATION PRACTICES,ANNUAL,WHEAT,"WHEAT, IRRIGATED - ACRES HARVESTED",2018-02-01 00:00:00.000
IRRIGATED,00,CROPS,US TOTAL,ACRES,,NATIONAL,,"23,788",,,9000,AREA HARVESTED,CENSUS,,"FARM SALES: (25,000 TO 49,999 $)",YEAR,99,,UNITED STATES,US,FARM SALES,,US TOTAL,00000000,FIELD CROPS,00,ALL CLASSES,2017,,,22.9,,,ALL UTILIZATION PRACTICES,ANNUAL,WHEAT,"WHEAT, IRRIGATED - ACRES HARVESTED",2018-02-01 00:00:00.000
IRRIGATED,00,CROPS,US TOTAL,ACRES,,NATIONAL,,"250,430",,,9000,AREA HARVESTED,CENSUS,,"FARM SALES: (250,000 TO 499,999 $)",YEAR,99,,UNITED STATES,US,FARM SALES,,US TOTAL,00000000,FIELD CROPS,00,ALL CLASSES,2017,,,19.4,,,ALL UTILIZATION PRACTICES,ANNUAL,WHEAT,"WHEAT, IRRIGATED - ACRES HARVESTED",2018-02-01 00:00:00.000
IRRIGATED,00,CROPS,US TOTAL,ACRES,,NATIONAL,,"1,872",,,9000,AREA HARVESTED,CENSUS,,"FARM SALES: (5,000 TO 9,999 $)",YEAR,99,,UNITED STATES,US,FARM SALES,,US TOTAL,00000000,FIELD CROPS,00,ALL CLASSES,2017,,,24.1,,,ALL UTILIZATION PRACTICES,ANNUAL,WHEAT,"WHEAT, IRRIGATED - ACRES HARVESTED",2018-02-01 00:00:00.000
IRRIGATED,00,CROPS,US TOTAL,ACRES,,NATIONAL,,"46,607",,,9000,AREA HARVESTED,CENSUS,,"FARM SALES: (50,000 TO 99,999 $)",YEAR,99,,UNITED STATES,US,FARM SALES,,US TOTAL,00000000,FIELD CROPS,00,ALL CLASSES,2017,,,23.6,,,ALL UTILIZATION PRACTICES,ANNUAL,WHEAT,"WHEAT, IRRIGATED - ACRES HARVESTED",2018-02-01 00:00:00.000
IRRIGATED,00,CROPS,US TOTAL,ACRES,,NATIONAL,,"429,293",,,9000,AREA HARVESTED,CENSUS,,"FARM SALES: (500,000 TO 999,999 $)",YEAR,99,,UNITED STATES,US,FARM SALES,,US TOTAL,00000000,FIELD CROPS,00,ALL CLASSES,2017,,,16.6,,,ALL UTILIZATION PRACTICES,ANNUAL,WHEAT,"WHEAT, IRRIGATED - ACRES HARVESTED",2018-02-01 00:00:00.000
IRRIGATED,00,CROPS,US TOTAL,ACRES,,NATIONAL,,151,,,9000,AREA HARVESTED,CENSUS,,"FARM SALES: (LESS THAN 1,000 $)",YEAR,99,,UNITED STATES,US,FARM SALES,,US TOTAL,00000000,FIELD CROPS,00,ALL CLASSES,2017,,,65.5,,,ALL UTILIZATION PRACTICES,ANNUAL,WHEAT,"WHEAT, IRRIGATED - ACRES HARVESTED",2018-02-01 00:00:00.000
IRRIGATED,00,CROPS,US TOTAL,ACRES,,NATIONAL,,"1,160,676",,,9000,AREA HARVESTED,CENSUS,,NAICS CLASSIFICATION: (1111),YEAR,99,,UNITED STATES,US,NAICS CLASSIFICATION,,US TOTAL,00000000,FIELD CROPS,00,ALL CLASSES,2017,,,8.8,,,ALL UTILIZATION PRACTICES,ANNUAL,WHEAT,"WHEAT, IRRIGATED - ACRES HARVESTED",2018-02-01 00:00:00.000
IRRIGATED,00,CROPS,US TOTAL,ACRES,,NATIONAL,,"524,434",,,9000,AREA HARVESTED,CENSUS,,NAICS CLASSIFICATION: (1112),YEAR,99,,UNITED STATES,US,NAICS CLASSIFICATION,,US TOTAL,00000000,FIELD CROPS,00,ALL CLASSES,2017,,,8.0,,,ALL UTILIZATION PRACTICES,ANNUAL,WHEAT,"WHEAT, IRRIGATED - ACRES HARVESTED",2018-02-01 00:00:00.000
IRRIGATED,00,CROPS,US TOTAL,ACRES,,NATIONAL,,"24,721",,,9000,AREA HARVESTED,CENSUS,,NAICS CLASSIFICATION: (1113),YEAR,99,,UNITED STATES,US,NAICS CLASSIFICATION,,US TOTAL,00000000,FIELD CROPS,00,ALL CLASSES,2017,,,5.5,,,ALL UTILIZATION PRACTICES,ANNUAL,WHEAT,"WHEAT, IRRIGATED - ACRES HARVESTED",2018-02-01 00:00:00.000
IRRIGATED,00,CROPS,US TOTAL,ACRES,,NATIONAL,,"3,501",,,9000,AREA HARVESTED,CENSUS,,NAICS CLASSIFICATION: (1114),YEAR,99,,UNITED STATES,US,NAICS CLASSIFICATION,,US TOTAL,00000000,FIELD CROPS,00,ALL CLASSES,2017,,,43.7,,,ALL UTILIZATION PRACTICES,ANNUAL,WHEAT,"WHEAT, IRRIGATED - ACRES HARVESTED",2018-02-01 00:00:00.000
IRRIGATED,00,CROPS,US TOTAL,ACRES,,NATIONAL,,"513,147",,,9000,AREA HARVESTED,CENSUS,,NAICS CLASSIFICATION: (1119),YEAR,99,,UNITED STATES,US,NAICS CLASSIFICATION,,US TOTAL,00000000,FIELD CROPS,00,ALL CLASSES,2017,,,5.5,,,ALL UTILIZATION PRACTICES,ANNUAL,WHEAT,"WHEAT, IRRIGATED - ACRES HARVESTED",2018-02-01 00:00:00.000
IRRIGATED,00,CROPS,US TOTAL,ACRES,,NATIONAL,,460,,,9000,AREA HARVESTED,CENSUS,,NAICS CLASSIFICATION: (11191),YEAR,99,,UNITED STATES,US,NAICS CLASSIFICATION,,US TOTAL,00000000,FIELD CROPS,00,ALL CLASSES,2017,,,9.2,,,ALL UTILIZATION PRACTICES,ANNUAL,WHEAT,"WHEAT, IRRIGATED - ACRES HARVESTED",2018-02-01 00:00:00.000
IRRIGATED,00,CROPS,US TOTAL,ACRES,,NATIONAL,,"100,678",,,9000,AREA HARVESTED,CENSUS,,NAICS CLASSIFICATION: (11192),YEAR,99,,UNITED STATES,US,NAICS CLASSIFICATION,,US TOTAL,00000000,FIELD CROPS,00,ALL CLASSES,2017,,,9.5,,,ALL UTILIZATION PRACTICES,ANNUAL,WHEAT,"WHEAT, IRRIGATED - ACRES HARVESTED",2018-02-01 00:00:00.000
IRRIGATED,00,CROPS,US TOTAL,ACRES,,NATIONAL,,"412,009",,,9000,AREA HARVESTED,CENSUS,,NAICS CLASSIFICATION: (11193 & 11194 & 11199),YEAR,99,,UNITED STATES,US,NAICS CLASSIFICATION,,US TOTAL,00000000,FIELD CROPS,00,ALL CLASSES,2017,,,6.4,,,ALL UTILIZATION PRACTICES,ANNUAL,WHEAT,"WHEAT, IRRIGATED - ACRES HARVESTED",2018-02-01 00:00:00.000
IRRIGATED,00,CROPS,US TOTAL,ACRES,,NATIONAL,,"105,361",,,9000,AREA HARVESTED,CENSUS,,NAICS CLASSIFICATION: (112111),YEAR,99,,UNITED STATES,US,NAICS CLASSIFICATION,,US TOTAL,00000000,FIELD CROPS,00,ALL CLASSES,2017,,,11.6,,,ALL UTILIZATION PRACTICES,ANNUAL,WHEAT,"WHEAT, IRRIGATED - ACRES HARVESTED",2018-02-01 00:00:00.000
IRRIGATED,00,CROPS,US TOTAL,ACRES,,NATIONAL,,"15,936",,,9000,AREA HARVESTED,CENSUS,,NAICS CLASSIFICATION: (112112),YEAR,99,,UNITED STATES,US,NAICS CLASSIFICATION,,US TOTAL,00000000,FIELD CROPS,00,ALL CLASSES,2017,,,14.7,,,ALL UTILIZATION PRACTICES,ANNUAL,WHEAT,"WHEAT, IRRIGATED - ACRES HARVESTED",2018-02-01 00:00:00.000
IRRIGATED,00,CROPS,US TOTAL,ACRES,,NATIONAL,,"20,322",,,9000,AREA HARVESTED,CENSUS,,NAICS CLASSIFICATION: (11212),YEAR,99,,UNITED STATES,US,NAICS CLASSIFICATION,,US TOTAL,00000000,FIELD CROPS,00,ALL CLASSES,2017,,,10.5,,,ALL UTILIZATION PRACTICES,ANNUAL,WHEAT,"WHEAT, IRRIGATED - ACRES HARVESTED",2018-02-01 00:00:00.000
IRRIGATED,00,CROPS,US TOTAL,ACRES,,NATIONAL,,"3,448",,,9000,AREA HARVESTED,CENSUS,,NAICS CLASSIFICATION: (1122),YEAR,99,,UNITED STATES,US,NAICS CLASSIFICATION,,US TOTAL,00000000,FIELD CROPS,00,ALL CLASSES,2017,,,7.9,,,ALL UTILIZATION PRACTICES,ANNUAL,WHEAT,"WHEAT, IRRIGATED - ACRES HARVESTED",2018-02-01 00:00:00.000
IRRIGATED,00,CROPS,US TOTAL,ACRES,,NATIONAL,,"5,126",,,9000,AREA HARVESTED,CENSUS,,NAICS CLASSIFICATION: (1123),YEAR,99,,UNITED STATES,US,NAICS CLASSIFICATION,,US TOTAL,00000000,FIELD CROPS,00,ALL CLASSES,2017,,,20.5,,,ALL UTILIZATION PRACTICES,ANNUAL,WHEAT,"WHEAT, IRRIGATED - ACRES HARVESTED",2018-02-01 00:00:00.000
IRRIGATED,00,CROPS,US TOTAL,ACRES,,NATIONAL,,"3,041",,,9000,AREA HARVESTED,CENSUS,,NAICS CLASSIFICATION: (1124),YEAR,99,,UNITED STATES,US,NAICS CLASSIFICATION,,US TOTAL,00000000,FIELD CROPS,00,ALL CLASSES,2017,,,8.7,,,ALL UTILIZATION PRACTICES,ANNUAL,WHEAT,"WHEAT, IRRIGATED - ACRES HARVESTED",2018-02-01 00:00:00.000
IRRIGATED,00,CROPS,US TOTAL,ACRES,,NATIONAL,,"9,472",,,9000,AREA HARVESTED,CENSUS,,NAICS CLASSIFICATION: (1125 & 1129),YEAR,99,,UNITED STATES,US,NAICS CLASSIFICATION,,US TOTAL,00000000,FIELD CROPS,00,ALL CLASSES,2017,,,3.4,,,ALL UTILIZATION PRACTICES,ANNUAL,WHEAT,"WHEAT, IRRIGATED - ACRES HARVESTED",2018-02-01 00:00:00.000
IRRIGATED,00,CROPS,US TOTAL,ACRES,,NATIONAL,,"2,389,185",,,9000,AREA HARVESTED,CENSUS,,NOT SPECIFIED,YEAR,99,,UNITED STATES,US,TOTAL,,US TOTAL,00000000,FIELD CROPS,00,ALL CLASSES,2017,,,4.1,,,ALL UTILIZATION PRACTICES,ANNUAL,WHEAT,"WHEAT, IRRIGATED - ACRES HARVESTED",2018-02-01 00:00:00.000
"IRRIGATED, ENTIRE CROP",00,CROPS,US TOTAL,ACRES,,NATIONAL,,"1,335,074",,,9000,AREA HARVESTED,CENSUS,,NOT SPECIFIED,YEAR,99,,UNITED STATES,US,TOTAL,,US TOTAL,00000000,FIELD CROPS,00,ALL CLASSES,2017,,,6.0,,,ALL UTILIZATION PRACTICES,ANNUAL,WHEAT,"WHEAT, IRRIGATED, ENTIRE CROP - ACRES HARVESTED",2018-02-01 00:00:00.000
"IRRIGATED, NONE OF CROP",00,CROPS,US TOTAL,ACRES,,NATIONAL,,"34,007,934",,,9000,AREA HARVESTED,CENSUS,,NOT SPECIFIED,YEAR,99,,UNITED STATES,US,TOTAL,,US TOTAL,00000000,FIELD CROPS,00,ALL CLASSES,2017,,,1.5,,,ALL UTILIZATION PRACTICES,ANNUAL,WHEAT,"WHEAT, IRRIGATED, NONE OF CROP - ACRES HARVESTED",2018-02-01 00:00:00.000
"IRRIGATED, PART OF CROP, IRRIGATED PORTION",00,CROPS,US TOTAL,ACRES,,NATIONAL,,"1,054,111",,,9000,AREA HARVESTED,CENSUS,,NOT SPECIFIED,YEAR,99,,UNITED STATES,US,TOTAL,,US TOTAL,00000000,FIELD CROPS,00,ALL CLASSES,2017,,,5.4,,,ALL UTILIZATION PRACTICES,ANNUAL,WHEAT,"WHEAT, IRRIGATED, PART OF CROP, IRRIGATED PORTION - ACRES HARVESTED",2018-02-01 00:00:00.000
"IRRIGATED, PART OF CROP, NON-IRRIGATED PORTION",00,CROPS,US TOTAL,ACRES,,NATIONAL,,"2,414,501",,,9000,AREA HARVESTED,CENSUS,,NOT SPECIFIED,YEAR,99,,UNITED STATES,US,TOTAL,,US TOTAL,00000000,FIELD CROPS,00,ALL CLASSES,2017,,,(L),,,ALL UTILIZATION PRACTICES,ANNUAL,WHEAT,"WHEAT, IRRIGATED, PART OF CROP, NON-IRRIGATED PORTION - ACRES HARVESTED",2018-02-01 00:00:00.000
ALL PRODUCTION PRACTICES,00,CROPS,US TOTAL,ACRES,,NATIONAL,,"5,628,257",,,9000,AREA HARVESTED,CENSUS,,"AREA HARVESTED: (1,000 OR MORE ACRES)",YEAR,99,,UNITED STATES,US,AREA HARVESTED,,US TOTAL,00000000,FIELD CROPS,00,"SPRING, (EXCL DURUM)",2017,,,7.1,,,ALL UTILIZATION PRACTICES,ANNUAL,WHEAT,"WHEAT, SPRING, (EXCL DURUM) - ACRES HARVESTED",2018-02-01 00:00:00.000
ALL PRODUCTION PRACTICES,00,CROPS,US TOTAL,ACRES,,NATIONAL,,"3,008,025",,,9000,AREA HARVESTED,CENSUS,,"AREA HARVESTED: (1,000 TO 1,999 ACRES)",YEAR,99,,UNITED STATES,US,AREA HARVESTED,,US TOTAL,00000000,FIELD CROPS,00,"SPRING, (EXCL DURUM)",2017,,,9.9,,,ALL UTILIZATION PRACTICES,ANNUAL,WHEAT,"WHEAT, SPRING, (EXCL DURUM) - ACRES HARVESTED",2018-02-01 00:00:00.000
ALL PRODUCTION PRACTICES,00,CROPS,US TOTAL,ACRES,,NATIONAL,,"5,975",,,9000,AREA HARVESTED,CENSUS,,AREA HARVESTED: (1.0 TO 14.9 ACRES),YEAR,99,,UNITED STATES,US,AREA HARVESTED,,US TOTAL,00000000,FIELD CROPS,00,"SPRING, (EXCL DURUM)",2017,,,7.5,,,ALL UTILIZATION PRACTICES,ANNUAL,WHEAT,"WHEAT, SPRING, (EXCL DURUM) - ACRES HARVESTED",2018-02-01 00:00:00.000
ALL PRODUCTION PRACTICES,00,CROPS,US TOTAL,ACRES,,NATIONAL,,"699,565",,,9000,AREA HARVESTED,CENSUS,,AREA HARVESTED: (100 TO 249 ACRES),YEAR,99,,UNITED STATES,US,AREA HARVESTED,,US TOTAL,00000000,FIELD CROPS,00,"SPRING, (EXCL DURUM)",2017,,,6.6,,,ALL UTILIZATION PRACTICES,ANNUAL,WHEAT,"WHEAT, SPRING, (EXCL DURUM) - ACRES HARVESTED",2018-02-01 00:00:00.000
ALL PRODUCTION PRACTICES,00,CROPS,US TOTAL,ACRES,,NATIONAL,,"12,857",,,9000,AREA HARVESTED,CENSUS,,AREA HARVESTED: (15.0 TO 24.9 ACRES),YEAR,99,,UNITED STATES,US,AREA HARVESTED,,US TOTAL,00000000,FIELD CROPS,00,"SPRING, (EXCL DURUM)",2017,,,18.2,,,ALL UTILIZATION PRACTICES,ANNUAL,WHEAT,"WHEAT, SPRING, (EXCL DURUM) - ACRES HARVESTED",2018-02-01 00:00:00.000
ALL PRODUCTION PRACTICES,00,CROPS,US TOTAL,ACRES,,NATIONAL,,"1,364,869",,,9000,AREA HARVESTED,CENSUS,,"AREA HARVESTED: (2,000 TO 2,999 ACRES)",YEAR,99,,UNITED STATES,US,AREA HARVESTED,,US TOTAL,00000000,FIELD CROPS,00,"SPRING, (EXCL DURUM)",2017,,,8.6,,,ALL UTILIZATION PRACTICES,ANNUAL,WHEAT,"WHEAT, SPRING, (EXCL DURUM) - ACRES HARVESTED",2018-02-01 00:00:00.000
ALL PRODUCTION PRACTICES,00,CROPS,US TOTAL,ACRES,,NATIONAL,,"51,964",,,9000,AREA HARVESTED,CENSUS,,AREA HARVESTED: (25.0 TO 49.9 ACRES),YEAR,99,,UNITED STATES,US,AREA HARVESTED,,US TOTAL,00000000,FIELD CROPS,00,"SPRING, (EXCL DURUM)",2017,,,9.5,,,ALL UTILIZATION PRACTICES,ANNUAL,WHEAT,"WHEAT, SPRING, (EXCL DURUM) - ACRES HARVESTED",2018-02-01 00:00:00.000
ALL PRODUCTION PRACTICES,00,CROPS,US TOTAL,ACRES,,NATIONAL,,"1,399,159",,,9000,AREA HARVESTED,CENSUS,,AREA HARVESTED: (250 TO 499 ACRES),YEAR,99,,UNITED STATES,US,AREA HARVESTED,,US TOTAL,00000000,FIELD CROPS,00,"SPRING, (EXCL DURUM)",2017,,,5.5,,,ALL UTILIZATION PRACTICES,ANNUAL,WHEAT,"WHEAT, SPRING, (EXCL DURUM) - ACRES HARVESTED",2018-02-01 00:00:00.000
ALL PRODUCTION PRACTICES,00,CROPS,US TOTAL,ACRES,,NATIONAL,,"886,546",,,9000,AREA HARVESTED,CENSUS,,"AREA HARVESTED: (3,000 TO 4,999 ACRES)",YEAR,99,,UNITED STATES,US,AREA HARVESTED,,US TOTAL,00000000,FIELD CROPS,00,"SPRING, (EXCL DURUM)",2017,,,8.6,,,ALL UTILIZATION PRACTICES,ANNUAL,WHEAT,"WHEAT, SPRING, (EXCL DURUM) - ACRES HARVESTED",2018-02-01 00:00:00.000
ALL PRODUCTION PRACTICES,00,CROPS,US TOTAL,ACRES,,NATIONAL,,"368,817",,,9000,AREA HARVESTED,CENSUS,,"AREA HARVESTED: (5,000 OR MORE ACRES)",YEAR,99,,UNITED STATES,US,AREA HARVESTED,,US TOTAL,00000000,FIELD CROPS,00,"SPRING, (EXCL DURUM)",2017,,,4.7,,,ALL UTILIZATION PRACTICES,ANNUAL,WHEAT,"WHEAT, SPRING, (EXCL DURUM) - ACRES HARVESTED",2018-02-01 00:00:00.000
ALL PRODUCTION PRACTICES,00,CROPS,US TOTAL,ACRES,,NATIONAL,,"156,955",,,9000,AREA HARVESTED,CENSUS,,AREA HARVESTED: (50.0 TO 99.9 ACRES),YEAR,99,,UNITED STATES,US,AREA HARVESTED,,US TOTAL,00000000,FIELD CROPS,00,"SPRING, (EXCL DURUM)",2017,,,7.8,,,ALL UTILIZATION PRACTICES,ANNUAL,WHEAT,"WHEAT, SPRING, (EXCL DURUM) - ACRES HARVESTED",2018-02-01 00:00:00.000
ALL PRODUCTION PRACTICES,00,CROPS,US TOTAL,ACRES,,NATIONAL,,"2,464,301",,,9000,AREA HARVESTED,CENSUS,,AREA HARVESTED: (500 TO 999 ACRES),YEAR,99,,UNITED STATES,US,AREA HARVESTED,,US TOTAL,00000000,FIELD CROPS,00,"SPRING, (EXCL DURUM)",2017,,,5.7,,,ALL UTILIZATION PRACTICES,ANNUAL,WHEAT,"WHEAT, SPRING, (EXCL DURUM) - ACRES HARVESTED",2018-02-01 00:00:00.000
ALL PRODUCTION PRACTICES,00,CROPS,US TOTAL,ACRES,,NATIONAL,,"10,419,033",,,9000,AREA HARVESTED,CENSUS,,NOT SPECIFIED,YEAR,99,,UNITED STATES,US,TOTAL,,US TOTAL,00000000,FIELD CROPS,00,"SPRING, (EXCL DURUM)",2017,,,4.9,,,ALL UTILIZATION PRACTICES,ANNUAL,WHEAT,"WHEAT, SPRING, (EXCL DURUM) - ACRES HARVESTED",2018-02-01 00:00:00.000
IRRIGATED,00,CROPS,US TOTAL,ACRES,,NATIONAL,,"175,410",,,9000,AREA HARVESTED,CENSUS,,"AREA HARVESTED: (1,000 OR MORE ACRES)",YEAR,99,,UNITED STATES,US,AREA HARVESTED,,US TOTAL,00000000,FIELD CROPS,00,"SPRING, (EXCL DURUM)",2017,,,25.0,,,ALL UTILIZATION PRACTICES,ANNUAL,WHEAT,"WHEAT, SPRING, (EXCL DURUM), IRRIGATED - ACRES HARVESTED",2018-02-01 00:00:00.000
IRRIGATED,00,CROPS,US TOTAL,ACRES,,NATIONAL,,"97,433",,,9000,AREA HARVESTED,CENSUS,,"AREA HARVESTED: (1,000 TO 1,999 ACRES)",YEAR,99,,UNITED STATES,US,AREA HARVESTED,,US TOTAL,00000000,FIELD CROPS,00,"SPRING, (EXCL DURUM)",2017,,,42.0,,,ALL UTILIZATION PRACTICES,ANNUAL,WHEAT,"WHEAT, SPRING, (EXCL DURUM), IRRIGATED - ACRES HARVESTED",2018-02-01 00:00:00.000
IRRIGATED,00,CROPS,US TOTAL,ACRES,,NATIONAL,,972,,,9000,AREA HARVESTED,CENSUS,,AREA HARVESTED: (1.0 TO 14.9 ACRES),YEAR,99,,UNITED STATES,US,AREA HARVESTED,,US TOTAL,00000000,FIELD CROPS,00,"SPRING, (EXCL DURUM)",2017,,,18.5,,,ALL UTILIZATION PRACTICES,ANNUAL,WHEAT,"WHEAT, SPRING, (EXCL DURUM), IRRIGATED - ACRES HARVESTED",2018-02-01 00:00:00.000
IRRIGATED,00,CROPS,US TOTAL,ACRES,,NATIONAL,,"91,047",,,9000,AREA HARVESTED,CENSUS,,AREA HARVESTED: (100 TO 249 ACRES),YEAR,99,,UNITED STATES,US,AREA HARVESTED,,US TOTAL,00000000,FIELD CROPS,00,"SPRING, (EXCL DURUM)",2017,,,18.5,,,ALL UTILIZATION PRACTICES,ANNUAL,WHEAT,"WHEAT, SPRING, (EXCL DURUM), IRRIGATED - ACRES HARVESTED",2018-02-01 00:00:00.000
IRRIGATED,00,CROPS,US TOTAL,ACRES,,NATIONAL,,"2,493",,,9000,AREA HARVESTED,CENSUS,,AREA HARVESTED: (15.0 TO 24.9 ACRES),YEAR,99,,UNITED STATES,US,AREA HARVESTED,,US TOTAL,00000000,FIELD CROPS,00,"SPRING, (EXCL DURUM)",2017,,,35.3,,,ALL UTILIZATION PRACTICES,ANNUAL,WHEAT,"WHEAT, SPRING, (EXCL DURUM), IRRIGATED - ACRES HARVESTED",2018-02-01 00:00:00.000
IRRIGATED,00,CROPS,US TOTAL,ACRES,,NATIONAL,,"31,951",,,9000,AREA HARVESTED,CENSUS,,"AREA HARVESTED: (2,000 TO 2,999 ACRES)",YEAR,99,,UNITED STATES,US,AREA HARVESTED,,US TOTAL,00000000,FIELD CROPS,00,"SPRING, (EXCL DURUM)",2017,,,1.3,,,ALL UTILIZATION PRACTICES,ANNUAL,WHEAT,"WHEAT, SPRING, (EXCL DURUM), IRRIGATED - ACRES HARVESTED",2018-02-01 00:00:00.000
IRRIGATED,00,CROPS,US TOTAL,ACRES,,NATIONAL,,"8,187",,,9000,AREA HARVESTED,CENSUS,,AREA HARVESTED: (25.0 TO 49.9 ACRES),YEAR,99,,UNITED STATES,US,AREA HARVESTED,,US TOTAL,00000000,FIELD CROPS,00,"SPRING, (EXCL DURUM)",2017,,,15.7,,,ALL UTILIZATION PRACTICES,ANNUAL,WHEAT,"WHEAT, SPRING, (EXCL DURUM), IRRIGATED - ACRES HARVESTED",2018-02-01 00:00:00.000
IRRIGATED,00,CROPS,US TOTAL,ACRES,,NATIONAL,,"105,432",,,9000,AREA HARVESTED,CENSUS,,AREA HARVESTED: (250 TO 499 ACRES),YEAR,99,,UNITED STATES,US,AREA HARVESTED,,US TOTAL,00000000,FIELD CROPS,00,"SPRING, (EXCL DURUM)",2017,,,18.1,,,ALL UTILIZATION PRACTICES,ANNUAL,WHEAT,"WHEAT, SPRING, (EXCL DURUM), IRRIGATED - ACRES HARVESTED",2018-02-01 00:00:00.000
IRRIGATED,00,CROPS,US TOTAL,ACRES,,NATIONAL,,"29,439",,,9000,AREA HARVESTED,CENSUS,,"AREA HARVESTED: (3,000 TO 4,999 ACRES)",YEAR,99,,UNITED STATES,US,AREA HARVESTED,,US TOTAL,00000000,FIELD CROPS,00,"SPRING, (EXCL DURUM)",2017,,,23.6,,,ALL UTILIZATION PRACTICES,ANNUAL,WHEAT,"WHEAT, SPRING, (EXCL DURUM), IRRIGATED - ACRES HARVESTED",2018-02-01 00:00:00.000
IRRIGATED,00,CROPS,US TOTAL,ACRES,,NATIONAL,,"16,587",,,9000,AREA HARVESTED,CENSUS,,"AREA HARVESTED: (5,000 OR MORE ACRES)",YEAR,99,,UNITED STATES,US,AREA HARVESTED,,US TOTAL,00000000,FIELD CROPS,00,"SPRING, (EXCL DURUM)",2017,,,3.5,,,ALL UTILIZATION PRACTICES,ANNUAL,WHEAT,"WHEAT, SPRING, (EXCL DURUM), IRRIGATED - ACRES HARVESTED",2018-02-01 00:00:00.000
IRRIGATED,00,CROPS,US TOTAL,ACRES,,NATIONAL,,"24,134",,,9000,AREA HARVESTED,CENSUS,,AREA HARVESTED: (50.0 TO 99.9 ACRES),YEAR,99,,UNITED STATES,US,AREA HARVESTED,,US TOTAL,00000000,FIELD CROPS,00,"SPRING, (EXCL DURUM)",2017,,,18.1,,,ALL UTILIZATION PRACTICES,ANNUAL,WHEAT,"WHEAT, SPRING, (EXCL DURUM), IRRIGATED - ACRES HARVESTED",2018-02-01 00:00:00.000
IRRIGATED,00,CROPS,US TOTAL,ACRES,,NATIONAL,,"106,969",,,9000,AREA HARVESTED,CENSUS,,AREA HARVESTED: (500 TO 999 ACRES),YEAR,99,,UNITED STATES,US,AREA HARVESTED,,US TOTAL,00000000,FIELD CROPS,00,"SPRING, (EXCL DURUM)",2017,,,9.2,,,ALL UTILIZATION PRACTICES,ANNUAL,WHEAT,"WHEAT, SPRING, (EXCL DURUM), IRRIGATED - ACRES HARVESTED",2018-02-01 00:00:00.000
IRRIGATED,00,CROPS,US TOTAL,ACRES,,NATIONAL,,"514,644",,,9000,AREA HARVESTED,CENSUS,,NOT SPECIFIED,YEAR,99,,UNITED STATES,US,TOTAL,,US TOTAL,00000000,FIELD CROPS,00,"SPRING, (EXCL DURUM)",2017,,,9.5,,,ALL UTILIZATION PRACTICES,ANNUAL,WHEAT,"WHEAT, SPRING, (EXCL DURUM), IRRIGATED - ACRES HARVESTED",2018-02-01 00:00:00.000
"IRRIGATED, ENTIRE CROP",00,CROPS,US TOTAL,ACRES,,NATIONAL,,"394,255",,,9000,AREA HARVESTED,CENSUS,,NOT SPECIFIED,YEAR,99,,UNITED STATES,US,TOTAL,,US TOTAL,00000000,FIELD CROPS,00,"SPRING, (EXCL DURUM)",2017,,,6.8,,,ALL UTILIZATION PRACTICES,ANNUAL,WHEAT,"WHEAT, SPRING, (EXCL DURUM), IRRIGATED, ENTIRE CROP - ACRES HARVESTED",2018-02-01 00:00:00.000
"IRRIGATED, NONE OF CROP",00,CROPS,US TOTAL,ACRES,,NATIONAL,,"9,709,255",,,9000,AREA HARVESTED,CENSUS,,NOT SPECIFIED,YEAR,99,,UNITED STATES,US,TOTAL,,US TOTAL,00000000,FIELD CROPS,00,"SPRING, (EXCL DURUM)",2017,,,5.0,,,ALL UTILIZATION PRACTICES,ANNUAL,WHEAT,"WHEAT, SPRING, (EXCL DURUM), IRRIGATED, NONE OF CROP - ACRES HARVESTED",2018-02-01 00:00:00.000
"IRRIGATED, PART OF CROP, IRRIGATED PORTION",00,CROPS,US TOTAL,ACRES,,NATIONAL,,"120,389",,,9000,AREA HARVESTED,CENSUS,,NOT SPECIFIED,YEAR,99,,UNITED STATES,US,TOTAL,,US TOTAL,00000000,FIELD CROPS,00,"SPRING, (EXCL DURUM)",2017,,,40.5,,,ALL UTILIZATION PRACTICES,ANNUAL,WHEAT,"WHEAT, SPRING, (EXCL DURUM), IRRIGATED, PART OF CROP, IRRIGATED PORTION - ACRES HARVESTED",2018-02-01 00:00:00.000
"IRRIGATED, PART OF CROP, NON-IRRIGATED PORTION",00,CROPS,US TOTAL,ACRES,,NATIONAL,,"195,134",,,9000,AREA HARVESTED,CENSUS,,NOT SPECIFIED,YEAR,99,,UNITED STATES,US,TOTAL,,US TOTAL,00000000,FIELD CROPS,00,"SPRING, (EXCL DURUM)",2017,,,(L),,,ALL UTILIZATION PRACTICES,ANNUAL,WHEAT,"WHEAT, SPRING, (EXCL DURUM), IRRIGATED, PART OF CROP, NON-IRRIGATED PORTION - ACRES HARVESTED",2018-02-01 00:00:00.000
ALL PRODUCTION PRACTICES,00,CROPS,US TOTAL,ACRES,,NATIONAL,,"1,358,464",,,9000,AREA HARVESTED,CENSUS,,"AREA HARVESTED: (1,000 OR MORE ACRES)",YEAR,99,,UNITED STATES,US,AREA HARVESTED,,US TOTAL,00000000,FIELD CROPS,00,"SPRING, DURUM",2017,,,7.3,,,ALL UTILIZATION PRACTICES,ANNUAL,WHEAT,"WHEAT, SPRING, DURUM - ACRES HARVESTED",2018-02-01 00:00:00.000
ALL PRODUCTION PRACTICES,00,CROPS,US TOTAL,ACRES,,NATIONAL,,"636,765",,,9000,AREA HARVESTED,CENSUS,,"AREA HARVESTED: (1,000 TO 1,999 ACRES)",YEAR,99,,UNITED STATES,US,AREA HARVESTED,,US TOTAL,00000000,FIELD CROPS,00,"SPRING, DURUM",2017,,,14.8,,,ALL UTILIZATION PRACTICES,ANNUAL,WHEAT,"WHEAT, SPRING, DURUM - ACRES HARVESTED",2018-02-01 00:00:00.000
ALL PRODUCTION PRACTICES,00,CROPS,US TOTAL,ACRES,,NATIONAL,,489,,,9000,AREA HARVESTED,CENSUS,,AREA HARVESTED: (1.0 TO 14.9 ACRES),YEAR,99,,UNITED STATES,US,AREA HARVESTED,,US TOTAL,00000000,FIELD CROPS,00,"SPRING, DURUM",2017,,,28.3,,,ALL UTILIZATION PRACTICES,ANNUAL,WHEAT,"WHEAT, SPRING, DURUM - ACRES HARVESTED",2018-02-01 00:00:00.000
ALL PRODUCTION PRACTICES,00,CROPS,US TOTAL,ACRES,,NATIONAL,,"106,076",,,9000,AREA HARVESTED,CENSUS,,AREA HARVESTED: (100 TO 249 ACRES),YEAR,99,,UNITED STATES,US,AREA HARVESTED,,US TOTAL,00000000,FIELD CROPS,00,"SPRING, DURUM",2017,,,13.9,,,ALL UTILIZATION PRACTICES,ANNUAL,WHEAT,"WHEAT, SPRING, DURUM - ACRES HARVESTED",2018-02-01 00:00:00.000
ALL PRODUCTION PRACTICES,00,CROPS,US TOTAL,ACRES,,NATIONAL,,680,,,9000,AREA HARVESTED,CENSUS,,AREA HARVESTED: (15.0 TO 24.9 ACRES),YEAR,99,,UNITED STATES,US,AREA HARVESTED,,US TOTAL,00000000,FIELD CROPS,00,"SPRING, DURUM",2017,,,59.6,,,ALL UTILIZATION PRACTICES,ANNUAL,WHEAT,"WHEAT, SPRING, DURUM - ACRES HARVESTED",2018-02-01 00:00:00.000
ALL PRODUCTION PRACTICES,00,CROPS,US TOTAL,ACRES,,NATIONAL,,"359,237",,,9000,AREA HARVESTED,CENSUS,,"AREA HARVESTED: (2,000 TO 2,999 ACRES)",YEAR,99,,UNITED STATES,US,AREA HARVESTED,,US TOTAL,00000000,FIELD CROPS,00,"SPRING, DURUM",2017,,,16.5,,,ALL UTILIZATION PRACTICES,ANNUAL,WHEAT,"WHEAT, SPRING, DURUM - ACRES HARVESTED",2018-02-01 00:00:00.000
ALL PRODUCTION PRACTICES,00,CROPS,US TOTAL,ACRES,,NATIONAL,,"3,467",,,9000,AREA HARVESTED,CENSUS,,AREA HARVESTED: (25.0 TO 49.9 ACRES),YEAR,99,,UNITED STATES,US,AREA HARVESTED,,US TOTAL,00000000,FIELD CROPS,00,"SPRING, DURUM",2017,,,10.6,,,ALL UTILIZATION PRACTICES,ANNUAL,WHEAT,"WHEAT, SPRING, DURUM - ACRES HARVESTED",2018-02-01 00:00:00.000
ALL PRODUCTION PRACTICES,00,CROPS,US TOTAL,ACRES,,NATIONAL,,"222,688",,,9000,AREA HARVESTED,CENSUS,,AREA HARVESTED: (250 TO 499 ACRES),YEAR,99,,UNITED STATES,US,AREA HARVESTED,,US TOTAL,00000000,FIELD CROPS,00,"SPRING, DURUM",2017,,,15.3,,,ALL UTILIZATION PRACTICES,ANNUAL,WHEAT,"WHEAT, SPRING, DURUM - ACRES HARVESTED",2018-02-01 00:00:00.000
ALL PRODUCTION PRACTICES,00,CROPS,US TOTAL,ACRES,,NATIONAL,,"303,782",,,9000,AREA HARVESTED,CENSUS,,"AREA HARVESTED: (3,000 TO 4,999 ACRES)",YEAR,99,,UNITED STATES,US,AREA HARVESTED,,US TOTAL,00000000,FIELD CROPS,00,"SPRING, DURUM",2017,,,6.1,,,ALL UTILIZATION PRACTICES,ANNUAL,WHEAT,"WHEAT, SPRING, DURUM - ACRES HARVESTED",2018-02-01 00:00:00.000
ALL PRODUCTION PRACTICES,00,CROPS,US TOTAL,ACRES,,NATIONAL,,"58,680",,,9000,AREA HARVESTED,CENSUS,,"AREA HARVESTED: (5,000 OR MORE ACRES)",YEAR,99,,UNITED STATES,US,AREA HARVESTED,,US TOTAL,00000000,FIELD CROPS,00,"SPRING, DURUM",2017,,,1.4,,,ALL UTILIZATION PRACTICES,ANNUAL,WHEAT,"WHEAT, SPRING, DURUM - ACRES HARVESTED",2018-02-01 00:00:00.000
ALL PRODUCTION PRACTICES,00,CROPS,US TOTAL,ACRES,,NATIONAL,,"11,625",,,9000,AREA HARVESTED,CENSUS,,AREA HARVESTED: (50.0 TO 99.9 ACRES),YEAR,99,,UNITED STATES,US,AREA HARVESTED,,US TOTAL,00000000,FIELD CROPS,00,"SPRING, DURUM",2017,,,12.0,,,ALL UTILIZATION PRACTICES,ANNUAL,WHEAT,"WHEAT, SPRING, DURUM - ACRES HARVESTED",2018-02-01 00:00:00.000
ALL PRODUCTION PRACTICES,00,CROPS,US TOTAL,ACRES,,NATIONAL,,"502,680",,,9000,AREA HARVESTED,CENSUS,,AREA HARVESTED: (500 TO 999 ACRES),YEAR,99,,UNITED STATES,US,AREA HARVESTED,,US TOTAL,00000000,FIELD CROPS,00,"SPRING, DURUM",2017,,,10.6,,,ALL UTILIZATION PRACTICES,ANNUAL,WHEAT,"WHEAT, SPRING, DURUM - ACRES HARVESTED",2018-02-01 00:00:00.000
ALL PRODUCTION PRACTICES,00,CROPS,US TOTAL,ACRES,,NATIONAL,,"2,206,169",,,9000,AREA HARVESTED,CENSUS,,NOT SPECIFIED,YEAR,99,,UNITED STATES,US,TOTAL,,US TOTAL,00000000,FIELD CROPS,00,"SPRING, DURUM",2017,,,5.3,,,ALL UTILIZATION PRACTICES,ANNUAL,WHEAT,"WHEAT, SPRING, DURUM - ACRES HARVESTED",2018-02-01 00:00:00.000
IRRIGATED,00,CROPS,US TOTAL,ACRES,,NATIONAL,,"73,245",,,9000,AREA HARVESTED,CENSUS,,"AREA HARVESTED: (1,000 OR MORE ACRES)",YEAR,99,,UNITED STATES,US,AREA HARVESTED,,US TOTAL,00000000,FIELD CROPS,00,"SPRING, DURUM",2017,,,5.7,,,ALL UTILIZATION PRACTICES,ANNUAL,WHEAT,"WHEAT, SPRING, DURUM, IRRIGATED - ACRES HARVESTED",2018-02-01 00:00:00.000
IRRIGATED,00,CROPS,US TOTAL,ACRES,,NATIONAL,,"41,887",,,9000,AREA HARVESTED,CENSUS,,"AREA HARVESTED: (1,000 TO 1,999 ACRES)",YEAR,99,,UNITED STATES,US,AREA HARVESTED,,US TOTAL,00000000,FIELD CROPS,00,"SPRING, DURUM",2017,,,4.4,,,ALL UTILIZATION PRACTICES,ANNUAL,WHEAT,"WHEAT, SPRING, DURUM, IRRIGATED - ACRES HARVESTED",2018-02-01 00:00:00.000
IRRIGATED,00,CROPS,US TOTAL,ACRES,,NATIONAL,,257,,,9000,AREA HARVESTED,CENSUS,,AREA HARVESTED: (1.0 TO 14.9 ACRES),YEAR,99,,UNITED STATES,US,AREA HARVESTED,,US TOTAL,00000000,FIELD CROPS,00,"SPRING, DURUM",2017,,,47.3,,,ALL UTILIZATION PRACTICES,ANNUAL,WHEAT,"WHEAT, SPRING, DURUM, IRRIGATED - ACRES HARVESTED",2018-02-01 00:00:00.000
IRRIGATED,00,CROPS,US TOTAL,ACRES,,NATIONAL,,"26,757",,,9000,AREA HARVESTED,CENSUS,,AREA HARVESTED: (100 TO 249 ACRES),YEAR,99,,UNITED STATES,US,AREA HARVESTED,,US TOTAL,00000000,FIELD CROPS,00,"SPRING, DURUM",2017,,,7.5,,,ALL UTILIZATION PRACTICES,ANNUAL,WHEAT,"WHEAT, SPRING, DURUM, IRRIGATED - ACRES HARVESTED",2018-02-01 00:00:00.000
IRRIGATED,00,CROPS,US TOTAL,ACRES,,NATIONAL,,190,,,9000,AREA HARVESTED,CENSUS,,AREA HARVESTED: (15.0 TO 24.9 ACRES),YEAR,99,,UNITED STATES,US,AREA HARVESTED,,US TOTAL,00000000,FIELD CROPS,00,"SPRING, DURUM",2017,,,43.2,,,ALL UTILIZATION PRACTICES,ANNUAL,WHEAT,"WHEAT, SPRING, DURUM, IRRIGATED - ACRES HARVESTED",2018-02-01 00:00:00.000
IRRIGATED,00,CROPS,US TOTAL,ACRES,,NATIONAL,,"19,256",,,9000,AREA HARVESTED,CENSUS,,"AREA HARVESTED: (2,000 TO 2,999 ACRES)",YEAR,99,,UNITED STATES,US,AREA HARVESTED,,US TOTAL,00000000,FIELD CROPS,00,"SPRING, DURUM",2017,,,1.5,,,ALL UTILIZATION PRACTICES,ANNUAL,WHEAT,"WHEAT, SPRING, DURUM, IRRIGATED - ACRES HARVESTED",2018-02-01 00:00:00.000
IRRIGATED,00,CROPS,US TOTAL,ACRES,,NATIONAL,,"1,328",,,9000,AREA HARVESTED,CENSUS,,AREA HARVESTED: (25.0 TO 49.9 ACRES),YEAR,99,,UNITED STATES,US,AREA HARVESTED,,US TOTAL,00000000,FIELD CROPS,00,"SPRING, DURUM",2017,,,13.8,,,ALL UTILIZATION PRACTICES,ANNUAL,WHEAT,"WHEAT, SPRING, DURUM, IRRIGATED - ACRES HARVESTED",2018-02-01 00:00:00.000
IRRIGATED,00,CROPS,US TOTAL,ACRES,,NATIONAL,,"32,405",,,9000,AREA HARVESTED,CENSUS,,AREA HARVESTED: (250 TO 499 ACRES),YEAR,99,,UNITED STATES,US,AREA HARVESTED,,US TOTAL,00000000,FIELD CROPS,00,"SPRING, DURUM",2017,,,17.3,,,ALL UTILIZATION PRACTICES,ANNUAL,WHEAT,"WHEAT, SPRING, DURUM, IRRIGATED - ACRES HARVESTED",2018-02-01 00:00:00.000
IRRIGATED,00,CROPS,US TOTAL,ACRES,,NATIONAL,,"12,102",,,9000,AREA HARVESTED,CENSUS,,"AREA HARVESTED: (3,000 TO 4,999 ACRES)",YEAR,99,,UNITED STATES,US,AREA HARVESTED,,US TOTAL,00000000,FIELD CROPS,00,"SPRING, DURUM",2017,,,30.4,,,ALL UTILIZATION PRACTICES,ANNUAL,WHEAT,"WHEAT, SPRING, DURUM, IRRIGATED - ACRES HARVESTED",2018-02-01 00:00:00.000
IRRIGATED,00,CROPS,US TOTAL,ACRES,,NATIONAL,,"5,358",,,9000,AREA HARVESTED,CENSUS,,AREA HARVESTED: (50.0 TO 99.9 ACRES),YEAR,99,,UNITED STATES,US,AREA HARVESTED,,US TOTAL,00000000,FIELD CROPS,00,"SPRING, DURUM",2017,,,28.6,,,ALL UTILIZATION PRACTICES,ANNUAL,WHEAT,"WHEAT, SPRING, DURUM, IRRIGATED - ACRES HARVESTED",2018-02-01 00:00:00.000
IRRIGATED,00,CROPS,US TOTAL,ACRES,,NATIONAL,,"43,230",,,9000,AREA HARVESTED,CENSUS,,AREA HARVESTED: (500 TO 999 ACRES),YEAR,99,,UNITED STATES,US,AREA HARVESTED,,US TOTAL,00000000,FIELD CROPS,00,"SPRING, DURUM",2017,,,9.6,,,ALL UTILIZATION PRACTICES,ANNUAL,WHEAT,"WHEAT, SPRING, DURUM, IRRIGATED - ACRES HARVESTED",2018-02-01 00:00:00.000
IRRIGATED,00,CROPS,US TOTAL,ACRES,,NATIONAL,,"182,770",,,9000,AREA HARVESTED,CENSUS,,NOT SPECIFIED,YEAR,99,,UNITED STATES,US,TOTAL,,US TOTAL,00000000,FIELD CROPS,00,"SPRING, DURUM",2017,,,3.5,,,ALL UTILIZATION PRACTICES,ANNUAL,WHEAT,"WHEAT, SPRING, DURUM, IRRIGATED - ACRES HARVESTED",2018-02-01 00:00:00.000
"IRRIGATED, ENTIRE CROP",00,CROPS,US TOTAL,ACRES,,NATIONAL,,"168,066",,,9000,AREA HARVESTED,CENSUS,,NOT SPECIFIED,YEAR,99,,UNITED STATES,US,TOTAL,,US TOTAL,00000000,FIELD CROPS,00,"SPRING, DURUM",2017,,,2.6,,,ALL UTILIZATION PRACTICES,ANNUAL,WHEAT,"WHEAT, SPRING, DURUM, IRRIGATED, ENTIRE CROP - ACRES HARVESTED",2018-02-01 00:00:00.000
"IRRIGATED, NONE OF CROP",00,CROPS,US TOTAL,ACRES,,NATIONAL,,"1,998,332",,,9000,AREA HARVESTED,CENSUS,,NOT SPECIFIED,YEAR,99,,UNITED STATES,US,TOTAL,,US TOTAL,00000000,FIELD CROPS,00,"SPRING, DURUM",2017,,,5.9,,,ALL UTILIZATION PRACTICES,ANNUAL,WHEAT,"WHEAT, SPRING, DURUM, IRRIGATED, NONE OF CROP - ACRES HARVESTED",2018-02-01 00:00:00.000
"IRRIGATED, PART OF CROP, IRRIGATED PORTION",00,CROPS,US TOTAL,ACRES,,NATIONAL,,"14,704",,,9000,AREA HARVESTED,CENSUS,,NOT SPECIFIED,YEAR,99,,UNITED STATES,US,TOTAL,,US TOTAL,00000000,FIELD CROPS,00,"SPRING, DURUM",2017,,,24.2,,,ALL UTILIZATION PRACTICES,ANNUAL,WHEAT,"WHEAT, SPRING, DURUM, IRRIGATED, PART OF CROP, IRRIGATED PORTION - ACRES HARVESTED",2018-02-01 00:00:00.000
"IRRIGATED, PART OF CROP, NON-IRRIGATED PORTION",00,CROPS,US TOTAL,ACRES,,NATIONAL,,"25,067",,,9000,AREA HARVESTED,CENSUS,,NOT SPECIFIED,YEAR,99,,UNITED STATES,US,TOTAL,,US TOTAL,00000000,FIELD CROPS,00,"SPRING, DURUM",2017,,,(L),,,ALL UTILIZATION PRACTICES,ANNUAL,WHEAT,"WHEAT, SPRING, DURUM, IRRIGATED, PART OF CROP, NON-IRRIGATED PORTION - ACRES HARVESTED",2018-02-01 00:00:00.000
ALL PRODUCTION PRACTICES,00,CROPS,US TOTAL,ACRES,,NATIONAL,,"12,254,030",,,9000,AREA HARVESTED,CENSUS,,"AREA HARVESTED: (1,000 OR MORE ACRES)",YEAR,99,,UNITED STATES,US,AREA HARVESTED,,US TOTAL,00000000,FIELD CROPS,00,WINTER,2017,,,2.1,,,ALL UTILIZATION PRACTICES,ANNUAL,WHEAT,"WHEAT, WINTER - ACRES HARVESTED",2018-02-01 00:00:00.000
ALL PRODUCTION PRACTICES,00,CROPS,US TOTAL,ACRES,,NATIONAL,,"6,388,233",,,9000,AREA HARVESTED,CENSUS,,"AREA HARVESTED: (1,000 TO 1,999 ACRES)",YEAR,99,,UNITED STATES,US,AREA HARVESTED,,US TOTAL,00000000,FIELD CROPS,00,WINTER,2017,,,2.9,,,ALL UTILIZATION PRACTICES,ANNUAL,WHEAT,"WHEAT, WINTER - ACRES HARVESTED",2018-02-01 00:00:00.000
ALL PRODUCTION PRACTICES,00,CROPS,US TOTAL,ACRES,,NATIONAL,,"67,616",,,9000,AREA HARVESTED,CENSUS,,AREA HARVESTED: (1.0 TO 14.9 ACRES),YEAR,99,,UNITED STATES,US,AREA HARVESTED,,US TOTAL,00000000,FIELD CROPS,00,WINTER,2017,,,6.8,,,ALL UTILIZATION PRACTICES,ANNUAL,WHEAT,"WHEAT, WINTER - ACRES HARVESTED",2018-02-01 00:00:00.000
ALL PRODUCTION PRACTICES,00,CROPS,US TOTAL,ACRES,,NATIONAL,,"2,863,798",,,9000,AREA HARVESTED,CENSUS,,AREA HARVESTED: (100 TO 249 ACRES),YEAR,99,,UNITED STATES,US,AREA HARVESTED,,US TOTAL,00000000,FIELD CROPS,00,WINTER,2017,,,4.7,,,ALL UTILIZATION PRACTICES,ANNUAL,WHEAT,"WHEAT, WINTER - ACRES HARVESTED",2018-02-01 00:00:00.000
ALL PRODUCTION PRACTICES,00,CROPS,US TOTAL,ACRES,,NATIONAL,,"138,477",,,9000,AREA HARVESTED,CENSUS,,AREA HARVESTED: (15.0 TO 24.9 ACRES),YEAR,99,,UNITED STATES,US,AREA HARVESTED,,US TOTAL,00000000,FIELD CROPS,00,WINTER,2017,,,3.9,,,ALL UTILIZATION PRACTICES,ANNUAL,WHEAT,"WHEAT, WINTER - ACRES HARVESTED",2018-02-01 00:00:00.000
ALL PRODUCTION PRACTICES,00,CROPS,US TOTAL,ACRES,,NATIONAL,,"2,979,701",,,9000,AREA HARVESTED,CENSUS,,"AREA HARVESTED: (2,000 TO 2,999 ACRES)",YEAR,99,,UNITED STATES,US,AREA HARVESTED,,US TOTAL,00000000,FIELD CROPS,00,WINTER,2017,,,4.0,,,ALL UTILIZATION PRACTICES,ANNUAL,WHEAT,"WHEAT, WINTER - ACRES HARVESTED",2018-02-01 00:00:00.000
ALL PRODUCTION PRACTICES,00,CROPS,US TOTAL,ACRES,,NATIONAL,,"453,947",,,9000,AREA HARVESTED,CENSUS,,AREA HARVESTED: (25.0 TO 49.9 ACRES),YEAR,99,,UNITED STATES,US,AREA HARVESTED,,US TOTAL,00000000,FIELD CROPS,00,WINTER,2017,,,2.4,,,ALL UTILIZATION PRACTICES,ANNUAL,WHEAT,"WHEAT, WINTER - ACRES HARVESTED",2018-02-01 00:00:00.000
ALL PRODUCTION PRACTICES,00,CROPS,US TOTAL,ACRES,,NATIONAL,,"3,762,607",,,9000,AREA HARVESTED,CENSUS,,AREA HARVESTED: (250 TO 499 ACRES),YEAR,99,,UNITED STATES,US,AREA HARVESTED,,US TOTAL,00000000,FIELD CROPS,00,WINTER,2017,,,2.8,,,ALL UTILIZATION PRACTICES,ANNUAL,WHEAT,"WHEAT, WINTER - ACRES HARVESTED",2018-02-01 00:00:00.000
ALL PRODUCTION PRACTICES,00,CROPS,US TOTAL,ACRES,,NATIONAL,,"1,834,472",,,9000,AREA HARVESTED,CENSUS,,"AREA HARVESTED: (3,000 TO 4,999 ACRES)",YEAR,99,,UNITED STATES,US,AREA HARVESTED,,US TOTAL,00000000,FIELD CROPS,00,WINTER,2017,,,5.0,,,ALL UTILIZATION PRACTICES,ANNUAL,WHEAT,"WHEAT, WINTER - ACRES HARVESTED",2018-02-01 00:00:00.000
ALL PRODUCTION PRACTICES,00,CROPS,US TOTAL,ACRES,,NATIONAL,,"1,051,624",,,9000,AREA HARVESTED,CENSUS,,"AREA HARVESTED: (5,000 OR MORE ACRES)",YEAR,99,,UNITED STATES,US,AREA HARVESTED,,US TOTAL,00000000,FIELD CROPS,00,WINTER,2017,,,2.5,,,ALL UTILIZATION PRACTICES,ANNUAL,WHEAT,"WHEAT, WINTER - ACRES HARVESTED",2018-02-01 00:00:00.000
ALL PRODUCTION PRACTICES,00,CROPS,US TOTAL,ACRES,,NATIONAL,,"992,591",,,9000,AREA HARVESTED,CENSUS,,AREA HARVESTED: (50.0 TO 99.9 ACRES),YEAR,99,,UNITED STATES,US,AREA HARVESTED,,US TOTAL,00000000,FIELD CROPS,00,WINTER,2017,,,2.5,,,ALL UTILIZATION PRACTICES,ANNUAL,WHEAT,"WHEAT, WINTER - ACRES HARVESTED",2018-02-01 00:00:00.000
ALL PRODUCTION PRACTICES,00,CROPS,US TOTAL,ACRES,,NATIONAL,,"5,653,351",,,9000,AREA HARVESTED,CENSUS,,AREA HARVESTED: (500 TO 999 ACRES),YEAR,99,,UNITED STATES,US,AREA HARVESTED,,US TOTAL,00000000,FIELD CROPS,00,WINTER,2017,,,2.8,,,ALL UTILIZATION PRACTICES,ANNUAL,WHEAT,"WHEAT, WINTER - ACRES HARVESTED",2018-02-01 00:00:00.000
ALL PRODUCTION PRACTICES,00,CROPS,US TOTAL,ACRES,,NATIONAL,,"26,186,417",,,9000,AREA HARVESTED,CENSUS,,NOT SPECIFIED,YEAR,99,,UNITED STATES,US,TOTAL,,US TOTAL,00000000,FIELD CROPS,00,WINTER,2017,,,0.8,,,ALL UTILIZATION PRACTICES,ANNUAL,WHEAT,"WHEAT, WINTER - ACRES HARVESTED",2018-02-01 00:00:00.000
IRRIGATED,00,CROPS,US TOTAL,ACRES,,NATIONAL,,"756,818",,,9000,AREA HARVESTED,CENSUS,,"AREA HARVESTED: (1,000 OR MORE ACRES)",YEAR,99,,UNITED STATES,US,AREA HARVESTED,,US TOTAL,00000000,FIELD CROPS,00,WINTER,2017,,,7.4,,,ALL UTILIZATION PRACTICES,ANNUAL,WHEAT,"WHEAT, WINTER, IRRIGATED - ACRES HARVESTED",2018-02-01 00:00:00.000
IRRIGATED,00,CROPS,US TOTAL,ACRES,,NATIONAL,,"331,106",,,9000,AREA HARVESTED,CENSUS,,"AREA HARVESTED: (1,000 TO 1,999 ACRES)",YEAR,99,,UNITED STATES,US,AREA HARVESTED,,US TOTAL,00000000,FIELD CROPS,00,WINTER,2017,,,3.5,,,ALL UTILIZATION PRACTICES,ANNUAL,WHEAT,"WHEAT, WINTER, IRRIGATED - ACRES HARVESTED",2018-02-01 00:00:00.000
IRRIGATED,00,CROPS,US TOTAL,ACRES,,NATIONAL,,"1,924",,,9000,AREA HARVESTED,CENSUS,,AREA HARVESTED: (1.0 TO 14.9 ACRES),YEAR,99,,UNITED STATES,US,AREA HARVESTED,,US TOTAL,00000000,FIELD CROPS,00,WINTER,2017,,,32.8,,,ALL UTILIZATION PRACTICES,ANNUAL,WHEAT,"WHEAT, WINTER, IRRIGATED - ACRES HARVESTED",2018-02-01 00:00:00.000
IRRIGATED,00,CROPS,US TOTAL,ACRES,,NATIONAL,,"225,866",,,9000,AREA HARVESTED,CENSUS,,AREA HARVESTED: (100 TO 249 ACRES),YEAR,99,,UNITED STATES,US,AREA HARVESTED,,US TOTAL,00000000,FIELD CROPS,00,WINTER,2017,,,24.0,,,ALL UTILIZATION PRACTICES,ANNUAL,WHEAT,"WHEAT, WINTER, IRRIGATED - ACRES HARVESTED",2018-02-01 00:00:00.000
IRRIGATED,00,CROPS,US TOTAL,ACRES,,NATIONAL,,"5,200",,,9000,AREA HARVESTED,CENSUS,,AREA HARVESTED: (15.0 TO 24.9 ACRES),YEAR,99,,UNITED STATES,US,AREA HARVESTED,,US TOTAL,00000000,FIELD CROPS,00,WINTER,2017,,,9.3,,,ALL UTILIZATION PRACTICES,ANNUAL,WHEAT,"WHEAT, WINTER, IRRIGATED - ACRES HARVESTED",2018-02-01 00:00:00.000
IRRIGATED,00,CROPS,US TOTAL,ACRES,,NATIONAL,,"184,043",,,9000,AREA HARVESTED,CENSUS,,"AREA HARVESTED: (2,000 TO 2,999 ACRES)",YEAR,99,,UNITED STATES,US,AREA HARVESTED,,US TOTAL,00000000,FIELD CROPS,00,WINTER,2017,,,24.7,,,ALL UTILIZATION PRACTICES,ANNUAL,WHEAT,"WHEAT, WINTER, IRRIGATED - ACRES HARVESTED",2018-02-01 00:00:00.000
IRRIGATED,00,CROPS,US TOTAL,ACRES,,NATIONAL,,"20,182",,,9000,AREA HARVESTED,CENSUS,,AREA HARVESTED: (25.0 TO 49.9 ACRES),YEAR,99,,UNITED STATES,US,AREA HARVESTED,,US TOTAL,00000000,FIELD CROPS,00,WINTER,2017,,,22.1,,,ALL UTILIZATION PRACTICES,ANNUAL,WHEAT,"WHEAT, WINTER, IRRIGATED - ACRES HARVESTED",2018-02-01 00:00:00.000
IRRIGATED,00,CROPS,US TOTAL,ACRES,,NATIONAL,,"270,578",,,9000,AREA HARVESTED,CENSUS,,AREA HARVESTED: (250 TO 499 ACRES),YEAR,99,,UNITED STATES,US,AREA HARVESTED,,US TOTAL,00000000,FIELD CROPS,00,WINTER,2017,,,9.7,,,ALL UTILIZATION PRACTICES,ANNUAL,WHEAT,"WHEAT, WINTER, IRRIGATED - ACRES HARVESTED",2018-02-01 00:00:00.000
IRRIGATED,00,CROPS,US TOTAL,ACRES,,NATIONAL,,"114,004",,,9000,AREA HARVESTED,CENSUS,,"AREA HARVESTED: (3,000 TO 4,999 ACRES)",YEAR,99,,UNITED STATES,US,AREA HARVESTED,,US TOTAL,00000000,FIELD CROPS,00,WINTER,2017,,,27.1,,,ALL UTILIZATION PRACTICES,ANNUAL,WHEAT,"WHEAT, WINTER, IRRIGATED - ACRES HARVESTED",2018-02-01 00:00:00.000
IRRIGATED,00,CROPS,US TOTAL,ACRES,,NATIONAL,,"127,665",,,9000,AREA HARVESTED,CENSUS,,"AREA HARVESTED: (5,000 OR MORE ACRES)",YEAR,99,,UNITED STATES,US,AREA HARVESTED,,US TOTAL,00000000,FIELD CROPS,00,WINTER,2017,,,2.2,,,ALL UTILIZATION PRACTICES,ANNUAL,WHEAT,"WHEAT, WINTER, IRRIGATED - ACRES HARVESTED",2018-02-01 00:00:00.000
IRRIGATED,00,CROPS,US TOTAL,ACRES,,NATIONAL,,"57,741",,,9000,AREA HARVESTED,CENSUS,,AREA HARVESTED: (50.0 TO 99.9 ACRES),YEAR,99,,UNITED STATES,US,AREA HARVESTED,,US TOTAL,00000000,FIELD CROPS,00,WINTER,2017,,,6.9,,,ALL UTILIZATION PRACTICES,ANNUAL,WHEAT,"WHEAT, WINTER, IRRIGATED - ACRES HARVESTED",2018-02-01 00:00:00.000
IRRIGATED,00,CROPS,US TOTAL,ACRES,,NATIONAL,,"353,462",,,9000,AREA HARVESTED,CENSUS,,AREA HARVESTED: (500 TO 999 ACRES),YEAR,99,,UNITED STATES,US,AREA HARVESTED,,US TOTAL,00000000,FIELD CROPS,00,WINTER,2017,,,8.3,,,ALL UTILIZATION PRACTICES,ANNUAL,WHEAT,"WHEAT, WINTER, IRRIGATED - ACRES HARVESTED",2018-02-01 00:00:00.000
IRRIGATED,00,CROPS,US TOTAL,ACRES,,NATIONAL,,"1,691,771",,,9000,AREA HARVESTED,CENSUS,,NOT SPECIFIED,YEAR,99,,UNITED STATES,US,TOTAL,,US TOTAL,00000000,FIELD CROPS,00,WINTER,2017,,,3.9,,,ALL UTILIZATION PRACTICES,ANNUAL,WHEAT,"WHEAT, WINTER, IRRIGATED - ACRES HARVESTED",2018-02-01 00:00:00.000
"IRRIGATED, ENTIRE CROP",00,CROPS,US TOTAL,ACRES,,NATIONAL,,"831,920",,,9000,AREA HARVESTED,CENSUS,,NOT SPECIFIED,YEAR,99,,UNITED STATES,US,TOTAL,,US TOTAL,00000000,FIELD CROPS,00,WINTER,2017,,,7.5,,,ALL UTILIZATION PRACTICES,ANNUAL,WHEAT,"WHEAT, WINTER, IRRIGATED, ENTIRE CROP - ACRES HARVESTED",2018-02-01 00:00:00.000
"IRRIGATED, NONE OF CROP",00,CROPS,US TOTAL,ACRES,,NATIONAL,,"22,483,500",,,9000,AREA HARVESTED,CENSUS,,NOT SPECIFIED,YEAR,99,,UNITED STATES,US,TOTAL,,US TOTAL,00000000,FIELD CROPS,00,WINTER,2017,,,0.9,,,ALL UTILIZATION PRACTICES,ANNUAL,WHEAT,"WHEAT, WINTER, IRRIGATED, NONE OF CROP - ACRES HARVESTED",2018-02-01 00:00:00.000
"IRRIGATED, PART OF CROP, IRRIGATED PORTION",00,CROPS,US TOTAL,ACRES,,NATIONAL,,"859,851",,,9000,AREA HARVESTED,CENSUS,,NOT SPECIFIED,YEAR,99,,UNITED STATES,US,TOTAL,,US TOTAL,00000000,FIELD CROPS,00,WINTER,2017,,,2.6,,,ALL UTILIZATION PRACTICES,ANNUAL,WHEAT,"WHEAT, WINTER, IRRIGATED, PART OF CROP, IRRIGATED PORTION - ACRES HARVESTED",2018-02-01 00:00:00.000
"IRRIGATED, PART OF CROP, NON-IRRIGATED PORTION",00,CROPS,US TOTAL,ACRES,,NATIONAL,,"2,011,146",,,9000,AREA HARVESTED,CENSUS,,NOT SPECIFIED,YEAR,99,,UNITED STATES,US,TOTAL,,US TOTAL,00000000,FIELD CROPS,00,WINTER,2017,,,(L),,,ALL UTILIZATION PRACTICES,ANNUAL,WHEAT,"WHEAT, WINTER, IRRIGATED, PART OF CROP, NON-IRRIGATED PORTION - ACRES HARVESTED",2018-02-01 00:00:00.000
IRRIGATED,00,CROPS,US TOTAL,ACRES,,NATIONAL,,"480,539",,,9000,AREA HARVESTED,CENSUS,,"IRRIGATION METHOD, PRIMARY: (GRAVITY)",YEAR,99,,UNITED STATES,US,"IRRIGATION METHOD, PRIMARY",,US TOTAL,00000000,FIELD CROPS,00,ALL CLASSES,2018,,,7.3,,,ALL UTILIZATION PRACTICES,ANNUAL,WHEAT,"WHEAT, IRRIGATED - ACRES HARVESTED",2018-02-01 00:00:00.000
IRRIGATED,00,CROPS,US TOTAL,ACRES,,NATIONAL,,"1,831,164",,,9000,AREA HARVESTED,CENSUS,,"IRRIGATION METHOD, PRIMARY: (PRESSURE)",YEAR,99,,UNITED STATES,US,"IRRIGATION METHOD, PRIMARY",,US TOTAL,00000000,FIELD CROPS,00,ALL CLASSES,2018,,,4.6,,,ALL UTILIZATION PRACTICES,ANNUAL,WHEAT,"WHEAT, IRRIGATED - ACRES HARVESTED",2018-02-01 00:00:00.000
IRRIGATED,00,CROPS,US TOTAL,ACRES,,NATIONAL,,"2,311,703",,,9000,AREA HARVESTED,CENSUS,,NOT SPECIFIED,YEAR,99,,UNITED STATES,US,TOTAL,,US TOTAL,00000000,FIELD CROPS,00,ALL CLASSES,2018,,,3.8,,,ALL UTILIZATION PRACTICES,ANNUAL,WHEAT,"WHEAT, IRRIGATED - ACRES HARVESTED",2018-02-01 00:00:00.000
IRRIGATED,00,CROPS,US TOTAL,ACRES,,NATIONAL,,"1,423,482",,,9000,AREA HARVESTED,CENSUS,,WATER SOURCE: (GROUND),YEAR,99,,UNITED STATES,US,WATER SOURCE,,US TOTAL,00000000,FIELD CROPS,00,ALL CLASSES,2018,,,4.6,,,ALL UTILIZATION PRACTICES,ANNUAL,WHEAT,"WHEAT, IRRIGATED - ACRES HARVESTED",2018-02-01 00:00:00.000
IRRIGATED,00,CROPS,US TOTAL,ACRES,,NATIONAL,,"826,783",,,9000,AREA HARVESTED,CENSUS,,WATER SOURCE: (OFF FARM),YEAR,99,,UNITED STATES,US,WATER SOURCE,,US TOTAL,00000000,FIELD CROPS,00,ALL CLASSES,2018,,,5.3,,,ALL UTILIZATION PRACTICES,ANNUAL,WHEAT,"WHEAT, IRRIGATED - ACRES HARVESTED",2018-02-01 00:00:00.000
IRRIGATED,00,CROPS,US TOTAL,ACRES,,NATIONAL,,"165,315",,,9000,AREA HARVESTED,CENSUS,,WATER SOURCE: (ON FARM SURFACE),YEAR,99,,UNITED STATES,US,WATER SOURCE,,US TOTAL,00000000,FIELD CROPS,00,ALL CLASSES,2018,,,19.0,,,ALL UTILIZATION PRACTICES,ANNUAL,WHEAT,"WHEAT, IRRIGATED - ACRES HARVESTED",2018-02-01 00:00:00.000
ORGANIC,00,CROPS,US TOTAL,ACRES,,NATIONAL,,"450,854",,,9000,AREA HARVESTED,CENSUS,,ORGANIC STATUS: (NOP USDA CERTIFIED),YEAR,99,,UNITED STATES,US,ORGANIC STATUS,,US TOTAL,00000000,FIELD CROPS,00,ALL CLASSES,2019,,,7.5,,,ALL UTILIZATION PRACTICES,ANNUAL,WHEAT,"WHEAT, ORGANIC - ACRES HARVESTED",2018-02-01 00:00:00.000
ORGANIC,00,CROPS,US TOTAL,ACRES,,NATIONAL,,"164,697",,,9000,AREA HARVESTED,CENSUS,,ORGANIC STATUS: (NOP USDA CERTIFIED),YEAR,99,,UNITED STATES,US,ORGANIC STATUS,,US TOTAL,00000000,FIELD CROPS,00,"SPRING, (EXCL DURUM)",2019,,,10.4,,,ALL UTILIZATION PRACTICES,ANNUAL,WHEAT,"WHEAT, SPRING, (EXCL DURUM), ORGANIC - ACRES HARVESTED",2018-02-01 00:00:00.000
ORGANIC,00,CROPS,US TOTAL,ACRES,,NATIONAL,,"11,076",,,9000,AREA HARVESTED,CENSUS,,ORGANIC STATUS: (NOP USDA CERTIFIED),YEAR,99,,UNITED STATES,US,ORGANIC STATUS,,US TOTAL,00000000,FIELD CROPS,00,"SPRING, DURUM",2019,,,34.0,,,ALL UTILIZATION PRACTICES,ANNUAL,WHEAT,"WHEAT, SPRING, DURUM, ORGANIC - ACRES HARVESTED",2018-02-01 00:00:00.000
ORGANIC,00,CROPS,US TOTAL,ACRES,,NATIONAL,,"275,081",,,9000,AREA HARVESTED,CENSUS,,ORGANIC STATUS: (NOP USDA CERTIFIED),YEAR,99,,UNITED STATES,US,ORGANIC STATUS,,US TOTAL,00000000,FIELD CROPS,00,WINTER,2019,,,11.4,,,ALL UTILIZATION PRACTICES,ANNUAL,WHEAT,"WHEAT, WINTER, ORGANIC - ACRES HARVESTED",2018-02-01 00:00:00.000
ORGANIC,00,CROPS,US TOTAL,ACRES,,NATIONAL,,"376,682",,,9000,AREA HARVESTED,CENSUS,,ORGANIC STATUS: (NOP USDA CERTIFIED),YEAR,99,,UNITED STATES,US,ORGANIC STATUS,,US TOTAL,00000000,FIELD CROPS,00,ALL CLASSES,2021,,,8.6,,,ALL UTILIZATION PRACTICES,ANNUAL,WHEAT,"WHEAT, ORGANIC - ACRES HARVESTED",2022-12-15 12:00:00.000
ORGANIC,00,CROPS,US TOTAL,ACRES,,NATIONAL,,"126,189",,,9000,AREA HARVESTED,CENSUS,,ORGANIC STATUS: (NOP USDA CERTIFIED),YEAR,99,,UNITED STATES,US,ORGANIC STATUS,,US TOTAL,00000000,FIELD CROPS,00,"SPRING, (EXCL DURUM)",2021,,,10.2,,,ALL UTILIZATION PRACTICES,ANNUAL,WHEAT,"WHEAT, SPRING, (EXCL DURUM), ORGANIC - ACRES HARVESTED",2022-12-15 12:00:00.000
ORGANIC,00,CROPS,US TOTAL,ACRES,,NATIONAL,,"9,041",,,9000,AREA HARVESTED,CENSUS,,ORGANIC STATUS: (NOP USDA CERTIFIED),YEAR,99,,UNITED STATES,US,ORGANIC STATUS,,US TOTAL,00000000,FIELD CROPS,00,"SPRING, DURUM",2021,,,51.2,,,ALL UTILIZATION PRACTICES,ANNUAL,WHEAT,"WHEAT, SPRING, DURUM, ORGANIC - ACRES HARVESTED",2022-12-15 12:00:00.000
ORGANIC,00,CROPS,US TOTAL,ACRES,,NATIONAL,,"241,452",,,9000,AREA HARVESTED,CENSUS,,ORGANIC STATUS: (NOP USDA CERTIFIED),YEAR,99,,UNITED STATES,US,ORGANIC STATUS,,US TOTAL,00000000,FIELD CROPS,00,WINTER,2021,,,9.0,,,ALL UTILIZATION PRACTICES,ANNUAL,WHEAT,"WHEAT, WINTER, ORGANIC - ACRES HARVESTED",2022-12-15 12:00:00.000
ALL PRODUCTION PRACTICES,00,CROPS,US TOTAL,ACRES,,NATIONAL,,"20,881,540",,,9000,AREA HARVESTED,CENSUS,,"AREA HARVESTED: (1,000 OR MORE ACRES)",YEAR,99,,UNITED STATES,US,AREA HARVESTED,,US TOTAL,00000000,FIELD CROPS,00,ALL CLASSES,2022,,,8.2,,,ALL UTILIZATION PRACTICES,ANNUAL,WHEAT,WHEAT - ACRES HARVESTED,2024-07-02 12:00:00.000
ALL PRODUCTION PRACTICES,00,CROPS,US TOTAL,ACRES,,NATIONAL,,"9,266,322",,,9000,AREA HARVESTED,CENSUS,,"AREA HARVESTED: (1,000 TO 1,999 ACRES)",YEAR,99,,UNITED STATES,US,AREA HARVESTED,,US TOTAL,00000000,FIELD CROPS,00,ALL CLASSES,2022,,,9.1,,,ALL UTILIZATION PRACTICES,ANNUAL,WHEAT,WHEAT - ACRES HARVESTED,2024-07-02 12:00:00.000
ALL PRODUCTION PRACTICES,00,CROPS,US TOTAL,ACRES,,NATIONAL,,"64,825",,,9000,AREA HARVESTED,CENSUS,,AREA HARVESTED: (1.0 TO 14.9 ACRES),YEAR,99,,UNITED STATES,US,AREA HARVESTED,,US TOTAL,00000000,FIELD CROPS,00,ALL CLASSES,2022,,,7.8,,,ALL UTILIZATION PRACTICES,ANNUAL,WHEAT,WHEAT - ACRES HARVESTED,2024-07-02 12:00:00.000
ALL PRODUCTION PRACTICES,00,CROPS,US TOTAL,ACRES,,NATIONAL,,"3,268,698",,,9000,AREA HARVESTED,CENSUS,,AREA HARVESTED: (100 TO 249 ACRES),YEAR,99,,UNITED STATES,US,AREA HARVESTED,,US TOTAL,00000000,FIELD CROPS,00,ALL CLASSES,2022,,,5.6,,,ALL UTILIZATION PRACTICES,ANNUAL,WHEAT,WHEAT - ACRES HARVESTED,2024-07-02 12:00:00.000
ALL PRODUCTION PRACTICES,00,CROPS,US TOTAL,ACRES,,NATIONAL,,"135,848",,,9000,AREA HARVESTED,CENSUS,,AREA HARVESTED: (15.0 TO 24.9 ACRES),YEAR,99,,UNITED STATES,US,AREA HARVESTED,,US TOTAL,00000000,FIELD CROPS,00,ALL CLASSES,2022,,,6.9,,,ALL UTILIZATION PRACTICES,ANNUAL,WHEAT,WHEAT - ACRES HARVESTED,2024-07-02 12:00:00.000
ALL PRODUCTION PRACTICES,00,CROPS,US TOTAL,ACRES,,NATIONAL,,"4,604,221",,,9000,AREA HARVESTED,CENSUS,,"AREA HARVESTED: (2,000 TO 2,999 ACRES)",YEAR,99,,UNITED STATES,US,AREA HARVESTED,,US TOTAL,00000000,FIELD CROPS,00,ALL CLASSES,2022,,,9.9,,,ALL UTILIZATION PRACTICES,ANNUAL,WHEAT,WHEAT - ACRES HARVESTED,2024-07-02 12:00:00.000
ALL PRODUCTION PRACTICES,00,CROPS,US TOTAL,ACRES,,NATIONAL,,"453,521",,,9000,AREA HARVESTED,CENSUS,,AREA HARVESTED: (25.0 TO 49.9 ACRES),YEAR,99,,UNITED STATES,US,AREA HARVESTED,,US TOTAL,00000000,FIELD CROPS,00,ALL CLASSES,2022,,,5.6,,,ALL UTILIZATION PRACTICES,ANNUAL,WHEAT,WHEAT - ACRES HARVESTED,2024-07-02 12:00:00.000
ALL PRODUCTION PRACTICES,00,CROPS,US TOTAL,ACRES,,NATIONAL,,"4,290,145",,,9000,AREA HARVESTED,CENSUS,,AREA HARVESTED: (250 TO 499 ACRES),YEAR,99,,UNITED STATES,US,AREA HARVESTED,,US TOTAL,00000000,FIELD CROPS,00,ALL CLASSES,2022,,,6.6,,,ALL UTILIZATION PRACTICES,ANNUAL,WHEAT,WHEAT - ACRES HARVESTED,2024-07-02 12:00:00.000
ALL PRODUCTION PRACTICES,00,CROPS,US TOTAL,ACRES,,NATIONAL,,"4,191,797",,,9000,AREA HARVESTED,CENSUS,,"AREA HARVESTED: (3,000 TO 4,999 ACRES)",YEAR,99,,UNITED STATES,US,AREA HARVESTED,,US TOTAL,00000000,FIELD CROPS,00,ALL CLASSES,2022,,,10.0,,,ALL UTILIZATION PRACTICES,ANNUAL,WHEAT,WHEAT - ACRES HARVESTED,2024-07-02 12:00:00.000
ALL PRODUCTION PRACTICES,00,CROPS,US TOTAL,ACRES,,NATIONAL,,"2,819,200",,,9000,AREA HARVESTED,CENSUS,,"AREA HARVESTED: (5,000 OR MORE ACRES)",YEAR,99,,UNITED STATES,US,AREA HARVESTED,,US TOTAL,00000000,FIELD CROPS,00,ALL CLASSES,2022,,,4.1,,,ALL UTILIZATION PRACTICES,ANNUAL,WHEAT,WHEAT - ACRES HARVESTED,2024-07-02 12:00:00.000
ALL PRODUCTION PRACTICES,00,CROPS,US TOTAL,ACRES,,NATIONAL,,"1,055,908",,,9000,AREA HARVESTED,CENSUS,,AREA HARVESTED: (50.0 TO 99.9 ACRES),YEAR,99,,UNITED STATES,US,AREA HARVESTED,,US TOTAL,00000000,FIELD CROPS,00,ALL CLASSES,2022,,,5.6,,,ALL UTILIZATION PRACTICES,ANNUAL,WHEAT,WHEAT - ACRES HARVESTED,2024-07-02 12:00:00.000
ALL PRODUCTION PRACTICES,00,CROPS,US TOTAL,ACRES,,NATIONAL,,"7,061,509",,,9000,AREA HARVESTED,CENSUS,,AREA HARVESTED: (500 TO 999 ACRES),YEAR,99,,UNITED STATES,US,AREA HARVESTED,,US TOTAL,00000000,FIELD CROPS,00,ALL CLASSES,2022,,,8.2,,,ALL UTILIZATION PRACTICES,ANNUAL,WHEAT,WHEAT - ACRES HARVESTED,2024-07-02 12:00:00.000
ALL PRODUCTION PRACTICES,00,CROPS,US TOTAL,ACRES,,NATIONAL,,"5,376,657",,,9000,AREA HARVESTED,CENSUS,,"AREA OPERATED: (1,000 TO 1,999 ACRES)",YEAR,99,,UNITED STATES,US,AREA OPERATED,,US TOTAL,00000000,FIELD CROPS,00,ALL CLASSES,2022,,,7.4,,,ALL UTILIZATION PRACTICES,ANNUAL,WHEAT,WHEAT - ACRES HARVESTED,2024-07-02 12:00:00.000
ALL PRODUCTION PRACTICES,00,CROPS,US TOTAL,ACRES,,NATIONAL,,"1,948",,,9000,AREA HARVESTED,CENSUS,,AREA OPERATED: (1.0 TO 9.9 ACRES),YEAR,99,,UNITED STATES,US,AREA OPERATED,,US TOTAL,00000000,FIELD CROPS,00,ALL CLASSES,2022,,,11.9,,,ALL UTILIZATION PRACTICES,ANNUAL,WHEAT,WHEAT - ACRES HARVESTED,2024-07-02 12:00:00.000
ALL PRODUCTION PRACTICES,00,CROPS,US TOTAL,ACRES,,NATIONAL,,"64,047",,,9000,AREA HARVESTED,CENSUS,,AREA OPERATED: (10.0 TO 49.9 ACRES),YEAR,99,,UNITED STATES,US,AREA OPERATED,,US TOTAL,00000000,FIELD CROPS,00,ALL CLASSES,2022,,,12.9,,,ALL UTILIZATION PRACTICES,ANNUAL,WHEAT,WHEAT - ACRES HARVESTED,2024-07-02 12:00:00.000
ALL PRODUCTION PRACTICES,00,CROPS,US TOTAL,ACRES,,NATIONAL,,"134,908",,,9000,AREA HARVESTED,CENSUS,,AREA OPERATED: (100 TO 139 ACRES),YEAR,99,,UNITED STATES,US,AREA OPERATED,,US TOTAL,00000000,FIELD CROPS,00,ALL CLASSES,2022,,,9.0,,,ALL UTILIZATION PRACTICES,ANNUAL,WHEAT,WHEAT - ACRES HARVESTED,2024-07-02 12:00:00.000
ALL PRODUCTION PRACTICES,00,CROPS,US TOTAL,ACRES,,NATIONAL,,"254,611",,,9000,AREA HARVESTED,CENSUS,,AREA OPERATED: (140 TO 179 ACRES),YEAR,99,,UNITED STATES,US,AREA OPERATED,,US TOTAL,00000000,FIELD CROPS,00,ALL CLASSES,2022,,,7.4,,,ALL UTILIZATION PRACTICES,ANNUAL,WHEAT,WHEAT - ACRES HARVESTED,2024-07-02 12:00:00.000
ALL PRODUCTION PRACTICES,00,CROPS,US TOTAL,ACRES,,NATIONAL,,"177,993",,,9000,AREA HARVESTED,CENSUS,,AREA OPERATED: (180 TO 219 ACRES),YEAR,99,,UNITED STATES,US,AREA OPERATED,,US TOTAL,00000000,FIELD CROPS,00,ALL CLASSES,2022,,,9.4,,,ALL UTILIZATION PRACTICES,ANNUAL,WHEAT,WHEAT - ACRES HARVESTED,2024-07-02 12:00:00.000
ALL PRODUCTION PRACTICES,00,CROPS,US TOTAL,ACRES,,NATIONAL,,"26,966,650",,,9000,AREA HARVESTED,CENSUS,,"AREA OPERATED: (2,000 OR MORE ACRES)",YEAR,99,,UNITED STATES,US,AREA OPERATED,,US TOTAL,00000000,FIELD CROPS,00,ALL CLASSES,2022,,,7.2,,,ALL UTILIZATION PRACTICES,ANNUAL,WHEAT,WHEAT - ACRES HARVESTED,2024-07-02 12:00:00.000
ALL PRODUCTION PRACTICES,00,CROPS,US TOTAL,ACRES,,NATIONAL,,"189,227",,,9000,AREA HARVESTED,CENSUS,,AREA OPERATED: (220 TO 259 ACRES),YEAR,99,,UNITED STATES,US,AREA OPERATED,,US TOTAL,00000000,FIELD CROPS,00,ALL CLASSES,2022,,,4.8,,,ALL UTILIZATION PRACTICES,ANNUAL,WHEAT,WHEAT - ACRES HARVESTED,2024-07-02 12:00:00.000
ALL PRODUCTION PRACTICES,00,CROPS,US TOTAL,ACRES,,NATIONAL,,"1,225,351",,,9000,AREA HARVESTED,CENSUS,,AREA OPERATED: (260 TO 499 ACRES),YEAR,99,,UNITED STATES,US,AREA OPERATED,,US TOTAL,00000000,FIELD CROPS,00,ALL CLASSES,2022,,,6.0,,,ALL UTILIZATION PRACTICES,ANNUAL,WHEAT,WHEAT - ACRES HARVESTED,2024-07-02 12:00:00.000
ALL PRODUCTION PRACTICES,00,CROPS,US TOTAL,ACRES,,NATIONAL,,"45,371",,,9000,AREA HARVESTED,CENSUS,,AREA OPERATED: (50.0 TO 69.9 ACRES),YEAR,99,,UNITED STATES,US,AREA OPERATED,,US TOTAL,00000000,FIELD CROPS,00,ALL CLASSES,2022,,,14.4,,,ALL UTILIZATION PRACTICES,ANNUAL,WHEAT,WHEAT - ACRES HARVESTED,2024-07-02 12:00:00.000
ALL PRODUCTION PRACTICES,00,CROPS,US TOTAL,ACRES,,NATIONAL,,"2,666,720",,,9000,AREA HARVESTED,CENSUS,,AREA OPERATED: (500 TO 999 ACRES),YEAR,99,,UNITED STATES,US,AREA OPERATED,,US TOTAL,00000000,FIELD CROPS,00,ALL CLASSES,2022,,,5.6,,,ALL UTILIZATION PRACTICES,ANNUAL,WHEAT,WHEAT - ACRES HARVESTED,2024-07-02 12:00:00.000
ALL PRODUCTION PRACTICES,00,CROPS,US TOTAL,ACRES,,NATIONAL,,"108,511",,,9000,AREA HARVESTED,CENSUS,,AREA OPERATED: (70.0 TO 99.9 ACRES),YEAR,99,,UNITED STATES,US,AREA OPERATED,,US TOTAL,00000000,FIELD CROPS,00,ALL CLASSES,2022,,,13.1,,,ALL UTILIZATION PRACTICES,ANNUAL,WHEAT,WHEAT - ACRES HARVESTED,2024-07-02 12:00:00.000
ALL PRODUCTION PRACTICES,00,CROPS,US TOTAL,ACRES,,NATIONAL,,"9,774",,,9000,AREA HARVESTED,CENSUS,,"ECONOMIC CLASS: (1,000 TO 2,499 $)",YEAR,99,,UNITED STATES,US,ECONOMIC CLASS,,US TOTAL,00000000,FIELD CROPS,00,ALL CLASSES,2022,,,10.4,,,ALL UTILIZATION PRACTICES,ANNUAL,WHEAT,WHEAT - ACRES HARVESTED,2024-07-02 12:00:00.000
ALL PRODUCTION PRACTICES,00,CROPS,US TOTAL,ACRES,,NATIONAL,,"19,997,420",,,9000,AREA HARVESTED,CENSUS,,"ECONOMIC CLASS: (1,000,000 OR MORE $)",YEAR,99,,UNITED STATES,US,ECONOMIC CLASS,,US TOTAL,00000000,FIELD CROPS,00,ALL CLASSES,2022,,,3.8,,,ALL UTILIZATION PRACTICES,ANNUAL,WHEAT,WHEAT - ACRES HARVESTED,2024-07-02 12:00:00.000
ALL PRODUCTION PRACTICES,00,CROPS,US TOTAL,ACRES,,NATIONAL,,"249,411",,,9000,AREA HARVESTED,CENSUS,,"ECONOMIC CLASS: (10,000 TO 24,999 $)",YEAR,99,,UNITED STATES,US,ECONOMIC CLASS,,US TOTAL,00000000,FIELD CROPS,00,ALL CLASSES,2022,,,8.5,,,ALL UTILIZATION PRACTICES,ANNUAL,WHEAT,WHEAT - ACRES HARVESTED,2024-07-02 12:00:00.000
ALL PRODUCTION PRACTICES,00,CROPS,US TOTAL,ACRES,,NATIONAL,,"2,726,266",,,9000,AREA HARVESTED,CENSUS,,"ECONOMIC CLASS: (100,000 TO 249,999 $)",YEAR,99,,UNITED STATES,US,ECONOMIC CLASS,,US TOTAL,00000000,FIELD CROPS,00,ALL CLASSES,2022,,,8.1,,,ALL UTILIZATION PRACTICES,ANNUAL,WHEAT,WHEAT - ACRES HARVESTED,2024-07-02 12:00:00.000
ALL PRODUCTION PRACTICES,00,CROPS,US TOTAL,ACRES,,NATIONAL,,"21,519",,,9000,AREA HARVESTED,CENSUS,,"ECONOMIC CLASS: (2,500 TO 4,999 $)",YEAR,99,,UNITED STATES,US,ECONOMIC CLASS,,US TOTAL,00000000,FIELD CROPS,00,ALL CLASSES,2022,,,13.3,,,ALL UTILIZATION PRACTICES,ANNUAL,WHEAT,WHEAT - ACRES HARVESTED,2024-07-02 12:00:00.000
ALL PRODUCTION PRACTICES,00,CROPS,US TOTAL,ACRES,,NATIONAL,,"479,415",,,9000,AREA HARVESTED,CENSUS,,"ECONOMIC CLASS: (25,000 TO 49,999 $)",YEAR,99,,UNITED STATES,US,ECONOMIC CLASS,,US TOTAL,00000000,FIELD CROPS,00,ALL CLASSES,2022,,,9.0,,,ALL UTILIZATION PRACTICES,ANNUAL,WHEAT,WHEAT - ACRES HARVESTED,2024-07-02 12:00:00.000
ALL PRODUCTION PRACTICES,00,CROPS,US TOTAL,ACRES,,NATIONAL,,"4,985,175",,,9000,AREA HARVESTED,CENSUS,,"ECONOMIC CLASS: (250,000 TO 499,999 $)",YEAR,99,,UNITED STATES,US,ECONOMIC CLASS,,US TOTAL,00000000,FIELD CROPS,00,ALL CLASSES,2022,,,15.9,,,ALL UTILIZATION PRACTICES,ANNUAL,WHEAT,WHEAT - ACRES HARVESTED,2024-07-02 12:00:00.000
ALL PRODUCTION PRACTICES,00,CROPS,US TOTAL,ACRES,,NATIONAL,,"72,718",,,9000,AREA HARVESTED,CENSUS,,"ECONOMIC CLASS: (5,000 TO 9,999 $)",YEAR,99,,UNITED STATES,US,ECONOMIC CLASS,,US TOTAL,00000000,FIELD CROPS,00,ALL CLASSES,2022,,,10.7,,,ALL UTILIZATION PRACTICES,ANNUAL,WHEAT,WHEAT - ACRES HARVESTED,2024-07-02 12:00:00.000
ALL PRODUCTION PRACTICES,00,CROPS,US TOTAL,ACRES,,NATIONAL,,"962,633",,,9000,AREA HARVESTED,CENSUS,,"ECONOMIC CLASS: (50,000 TO 99,999 $)",YEAR,99,,UNITED STATES,US,ECONOMIC CLASS,,US TOTAL,00000000,FIELD CROPS,00,ALL CLASSES,2022,,,6.4,,,ALL UTILIZATION PRACTICES,ANNUAL,WHEAT,WHEAT - ACRES HARVESTED,2024-07-02 12:00:00.000
ALL PRODUCTION PRACTICES,00,CROPS,US TOTAL,ACRES,,NATIONAL,,"7,705,210",,,9000,AREA HARVESTED,CENSUS,,"ECONOMIC CLASS: (500,000 TO 999,999 $)",YEAR,99,,UNITED STATES,US,ECONOMIC CLASS,,US TOTAL,00000000,FIELD CROPS,00,ALL CLASSES,2022,,,10.4,,,ALL UTILIZATION PRACTICES,ANNUAL,WHEAT,WHEAT - ACRES HARVESTED,2024-07-02 12:00:00.000
ALL PRODUCTION PRACTICES,00,CROPS,US TOTAL,ACRES,,NATIONAL,,"2,453",,,9000,AREA HARVESTED,CENSUS,,"ECONOMIC CLASS: (LESS THAN 1,000 $)",YEAR,99,,UNITED STATES,US,ECONOMIC CLASS,,US TOTAL,00000000,FIELD CROPS,00,ALL CLASSES,2022,,,17.4,,,ALL UTILIZATION PRACTICES,ANNUAL,WHEAT,WHEAT - ACRES HARVESTED,2024-07-02 12:00:00.000
ALL PRODUCTION PRACTICES,00,CROPS,US TOTAL,ACRES,,NATIONAL,,"12,854",,,9000,AREA HARVESTED,CENSUS,,"FARM SALES: (1,000 TO 2,499 $)",YEAR,99,,UNITED STATES,US,FARM SALES,,US TOTAL,00000000,FIELD CROPS,00,ALL CLASSES,2022,,,7.6,,,ALL UTILIZATION PRACTICES,ANNUAL,WHEAT,WHEAT - ACRES HARVESTED,2024-07-02 12:00:00.000
ALL PRODUCTION PRACTICES,00,CROPS,US TOTAL,ACRES,,NATIONAL,,"18,892,101",,,9000,AREA HARVESTED,CENSUS,,"FARM SALES: (1,000,000 OR MORE $)",YEAR,99,,UNITED STATES,US,FARM SALES,,US TOTAL,00000000,FIELD CROPS,00,ALL CLASSES,2022,,,3.3,,,ALL UTILIZATION PRACTICES,ANNUAL,WHEAT,WHEAT - ACRES HARVESTED,2024-07-02 12:00:00.000
ALL PRODUCTION PRACTICES,00,CROPS,US TOTAL,ACRES,,NATIONAL,,"304,230",,,9000,AREA HARVESTED,CENSUS,,"FARM SALES: (10,000 TO 24,999 $)",YEAR,99,,UNITED STATES,US,FARM SALES,,US TOTAL,00000000,FIELD CROPS,00,ALL CLASSES,2022,,,8.4,,,ALL UTILIZATION PRACTICES,ANNUAL,WHEAT,WHEAT - ACRES HARVESTED,2024-07-02 12:00:00.000
ALL PRODUCTION PRACTICES,00,CROPS,US TOTAL,ACRES,,NATIONAL,,"3,068,893",,,9000,AREA HARVESTED,CENSUS,,"FARM SALES: (100,000 TO 249,999 $)",YEAR,99,,UNITED STATES,US,FARM SALES,,US TOTAL,00000000,FIELD CROPS,00,ALL CLASSES,2022,,,7.9,,,ALL UTILIZATION PRACTICES,ANNUAL,WHEAT,WHEAT - ACRES HARVESTED,2024-07-02 12:00:00.000
ALL PRODUCTION PRACTICES,00,CROPS,US TOTAL,ACRES,,NATIONAL,,"27,236",,,9000,AREA HARVESTED,CENSUS,,"FARM SALES: (2,500 TO 4,999 $)",YEAR,99,,UNITED STATES,US,FARM SALES,,US TOTAL,00000000,FIELD CROPS,00,ALL CLASSES,2022,,,14.2,,,ALL UTILIZATION PRACTICES,ANNUAL,WHEAT,WHEAT - ACRES HARVESTED,2024-07-02 12:00:00.000
ALL PRODUCTION PRACTICES,00,CROPS,US TOTAL,ACRES,,NATIONAL,,"547,269",,,9000,AREA HARVESTED,CENSUS,,"FARM SALES: (25,000 TO 49,999 $)",YEAR,99,,UNITED STATES,US,FARM SALES,,US TOTAL,00000000,FIELD CROPS,00,ALL CLASSES,2022,,,9.4,,,ALL UTILIZATION PRACTICES,ANNUAL,WHEAT,WHEAT - ACRES HARVESTED,2024-07-02 12:00:00.000
ALL PRODUCTION PRACTICES,00,CROPS,US TOTAL,ACRES,,NATIONAL,,"5,415,956",,,9000,AREA HARVESTED,CENSUS,,"FARM SALES: (250,000 TO 499,999 $)",YEAR,99,,UNITED STATES,US,FARM SALES,,US TOTAL,00000000,FIELD CROPS,00,ALL CLASSES,2022,,,16.7,,,ALL UTILIZATION PRACTICES,ANNUAL,WHEAT,WHEAT - ACRES HARVESTED,2024-07-02 12:00:00.000
ALL PRODUCTION PRACTICES,00,CROPS,US TOTAL,ACRES,,NATIONAL,,"91,571",,,9000,AREA HARVESTED,CENSUS,,"FARM SALES: (5,000 TO 9,999 $)",YEAR,99,,UNITED STATES,US,FARM SALES,,US TOTAL,00000000,FIELD CROPS,00,ALL CLASSES,2022,,,13.0,,,ALL UTILIZATION PRACTICES,ANNUAL,WHEAT,WHEAT - ACRES HARVESTED,2024-07-02 12:00:00.000
ALL PRODUCTION PRACTICES,00,CROPS,US TOTAL,ACRES,,NATIONAL,,"1,116,390",,,9000,AREA HARVESTED,CENSUS,,"FARM SALES: (50,000 TO 99,999 $)",YEAR,99,,UNITED STATES,US,FARM SALES,,US TOTAL,00000000,FIELD CROPS,00,ALL CLASSES,2022,,,7.1,,,ALL UTILIZATION PRACTICES,ANNUAL,WHEAT,WHEAT - ACRES HARVESTED,2024-07-02 12:00:00.000
ALL PRODUCTION PRACTICES,00,CROPS,US TOTAL,ACRES,,NATIONAL,,"7,728,296",,,9000,AREA HARVESTED,CENSUS,,"FARM SALES: (500,000 TO 999,999 $)",YEAR,99,,UNITED STATES,US,FARM SALES,,US TOTAL,00000000,FIELD CROPS,00,ALL CLASSES,2022,,,10.4,,,ALL UTILIZATION PRACTICES,ANNUAL,WHEAT,WHEAT - ACRES HARVESTED,2024-07-02 12:00:00.000
ALL PRODUCTION PRACTICES,00,CROPS,US TOTAL,ACRES,,NATIONAL,,"7,198",,,9000,AREA HARVESTED,CENSUS,,"FARM SALES: (LESS THAN 1,000 $)",YEAR,99,,UNITED STATES,US,FARM SALES,,US TOTAL,00000000,FIELD CROPS,00,ALL CLASSES,2022,,,71.4,,,ALL UTILIZATION PRACTICES,ANNUAL,WHEAT,WHEAT - ACRES HARVESTED,2024-07-02 12:00:00.000
ALL PRODUCTION PRACTICES,00,CROPS,US TOTAL,ACRES,,NATIONAL,,"31,829,696",,,9000,AREA HARVESTED,CENSUS,,NAICS CLASSIFICATION: (1111),YEAR,99,,UNITED STATES,US,NAICS CLASSIFICATION,,US TOTAL,00000000,FIELD CROPS,00,ALL CLASSES,2022,,,7.2,,,ALL UTILIZATION PRACTICES,ANNUAL,WHEAT,WHEAT - ACRES HARVESTED,2024-07-02 12:00:00.000
ALL PRODUCTION PRACTICES,00,CROPS,US TOTAL,ACRES,,NATIONAL,,"629,139",,,9000,AREA HARVESTED,CENSUS,,NAICS CLASSIFICATION: (1112),YEAR,99,,UNITED STATES,US,NAICS CLASSIFICATION,,US TOTAL,00000000,FIELD CROPS,00,ALL CLASSES,2022,,,2.2,,,ALL UTILIZATION PRACTICES,ANNUAL,WHEAT,WHEAT - ACRES HARVESTED,2024-07-02 12:00:00.000
ALL PRODUCTION PRACTICES,00,CROPS,US TOTAL,ACRES,,NATIONAL,,"32,291",,,9000,AREA HARVESTED,CENSUS,,NAICS CLASSIFICATION: (1113),YEAR,99,,UNITED STATES,US,NAICS CLASSIFICATION,,US TOTAL,00000000,FIELD CROPS,00,ALL CLASSES,2022,,,5.3,,,ALL UTILIZATION PRACTICES,ANNUAL,WHEAT,WHEAT - ACRES HARVESTED,2024-07-02 12:00:00.000
ALL PRODUCTION PRACTICES,00,CROPS,US TOTAL,ACRES,,NATIONAL,,"18,254",,,9000,AREA HARVESTED,CENSUS,,NAICS CLASSIFICATION: (1114),YEAR,99,,UNITED STATES,US,NAICS CLASSIFICATION,,US TOTAL,00000000,FIELD CROPS,00,ALL CLASSES,2022,,,9.0,,,ALL UTILIZATION PRACTICES,ANNUAL,WHEAT,WHEAT - ACRES HARVESTED,2024-07-02 12:00:00.000
ALL PRODUCTION PRACTICES,00,CROPS,US TOTAL,ACRES,,NATIONAL,,"1,783,686",,,9000,AREA HARVESTED,CENSUS,,NAICS CLASSIFICATION: (1119),YEAR,99,,UNITED STATES,US,NAICS CLASSIFICATION,,US TOTAL,00000000,FIELD CROPS,00,ALL CLASSES,2022,,,7.2,,,ALL UTILIZATION PRACTICES,ANNUAL,WHEAT,WHEAT - ACRES HARVESTED,2024-07-02 12:00:00.000
ALL PRODUCTION PRACTICES,00,CROPS,US TOTAL,ACRES,,NATIONAL,,"37,490",,,9000,AREA HARVESTED,CENSUS,,NAICS CLASSIFICATION: (11191),YEAR,99,,UNITED STATES,US,NAICS CLASSIFICATION,,US TOTAL,00000000,FIELD CROPS,00,ALL CLASSES,2022,,,8.5,,,ALL UTILIZATION PRACTICES,ANNUAL,WHEAT,WHEAT - ACRES HARVESTED,2024-07-02 12:00:00.000
ALL PRODUCTION PRACTICES,00,CROPS,US TOTAL,ACRES,,NATIONAL,,"360,102",,,9000,AREA HARVESTED,CENSUS,,NAICS CLASSIFICATION: (11192),YEAR,99,,UNITED STATES,US,NAICS CLASSIFICATION,,US TOTAL,00000000,FIELD CROPS,00,ALL CLASSES,2022,,,7.9,,,ALL UTILIZATION PRACTICES,ANNUAL,WHEAT,WHEAT - ACRES HARVESTED,2024-07-02 12:00:00.000
ALL PRODUCTION PRACTICES,00,CROPS,US TOTAL,ACRES,,NATIONAL,,"1,386,094",,,9000,AREA HARVESTED,CENSUS,,NAICS CLASSIFICATION: (11193 & 11194 & 11199),YEAR,99,,UNITED STATES,US,NAICS CLASSIFICATION,,US TOTAL,00000000,FIELD CROPS,00,ALL CLASSES,2022,,,8.3,,,ALL UTILIZATION PRACTICES,ANNUAL,WHEAT,WHEAT - ACRES HARVESTED,2024-07-02 12:00:00.000
ALL PRODUCTION PRACTICES,00,CROPS,US TOTAL,ACRES,,NATIONAL,,"2,043,934",,,9000,AREA HARVESTED,CENSUS,,NAICS CLASSIFICATION: (112111),YEAR,99,,UNITED STATES,US,NAICS CLASSIFICATION,,US TOTAL,00000000,FIELD CROPS,00,ALL CLASSES,2022,,,4.4,,,ALL UTILIZATION PRACTICES,ANNUAL,WHEAT,WHEAT - ACRES HARVESTED,2024-07-02 12:00:00.000
ALL PRODUCTION PRACTICES,00,CROPS,US TOTAL,ACRES,,NATIONAL,,"155,306",,,9000,AREA HARVESTED,CENSUS,,NAICS CLASSIFICATION: (112112),YEAR,99,,UNITED STATES,US,NAICS CLASSIFICATION,,US TOTAL,00000000,FIELD CROPS,00,ALL CLASSES,2022,,,16.6,,,ALL UTILIZATION PRACTICES,ANNUAL,WHEAT,WHEAT - ACRES HARVESTED,2024-07-02 12:00:00.000
ALL PRODUCTION PRACTICES,00,CROPS,US TOTAL,ACRES,,NATIONAL,,"294,360",,,9000,AREA HARVESTED,CENSUS,,NAICS CLASSIFICATION: (11212),YEAR,99,,UNITED STATES,US,NAICS CLASSIFICATION,,US TOTAL,00000000,FIELD CROPS,00,ALL CLASSES,2022,,,6.0,,,ALL UTILIZATION PRACTICES,ANNUAL,WHEAT,WHEAT - ACRES HARVESTED,2024-07-02 12:00:00.000
ALL PRODUCTION PRACTICES,00,CROPS,US TOTAL,ACRES,,NATIONAL,,"124,786",,,9000,AREA HARVESTED,CENSUS,,NAICS CLASSIFICATION: (1122),YEAR,99,,UNITED STATES,US,NAICS CLASSIFICATION,,US TOTAL,00000000,FIELD CROPS,00,ALL CLASSES,2022,,,12.4,,,ALL UTILIZATION PRACTICES,ANNUAL,WHEAT,WHEAT - ACRES HARVESTED,2024-07-02 12:00:00.000
ALL PRODUCTION PRACTICES,00,CROPS,US TOTAL,ACRES,,NATIONAL,,"132,812",,,9000,AREA HARVESTED,CENSUS,,NAICS CLASSIFICATION: (1123),YEAR,99,,UNITED STATES,US,NAICS CLASSIFICATION,,US TOTAL,00000000,FIELD CROPS,00,ALL CLASSES,2022,,,6.8,,,ALL UTILIZATION PRACTICES,ANNUAL,WHEAT,WHEAT - ACRES HARVESTED,2024-07-02 12:00:00.000
ALL PRODUCTION PRACTICES,00,CROPS,US TOTAL,ACRES,,NATIONAL,,"9,105",,,9000,AREA HARVESTED,CENSUS,,NAICS CLASSIFICATION: (1124),YEAR,99,,UNITED STATES,US,NAICS CLASSIFICATION,,US TOTAL,00000000,FIELD CROPS,00,ALL CLASSES,2022,,,10.7,,,ALL UTILIZATION PRACTICES,ANNUAL,WHEAT,WHEAT - ACRES HARVESTED,2024-07-02 12:00:00.000
ALL PRODUCTION PRACTICES,00,CROPS,US TOTAL,ACRES,,NATIONAL,,"158,625",,,9000,AREA HARVESTED,CENSUS,,NAICS CLASSIFICATION: (1125 & 1129),YEAR,99,,UNITED STATES,US,NAICS CLASSIFICATION,,US TOTAL,00000000,FIELD CROPS,00,ALL CLASSES,2022,,,3.4,,,ALL UTILIZATION PRACTICES,ANNUAL,WHEAT,WHEAT - ACRES HARVESTED,2024-07-02 12:00:00.000
ALL PRODUCTION PRACTICES,00,CROPS,US TOTAL,ACRES,,NATIONAL,,"37,211,994",,,9000,AREA HARVESTED,CENSUS,,NOT SPECIFIED,YEAR,99,,UNITED STATES,US,TOTAL,,US TOTAL,00000000,FIELD CROPS,00,ALL CLASSES,2022,,,6.6,,,ALL UTILIZATION PRACTICES,ANNUAL,WHEAT,WHEAT - ACRES HARVESTED,2025-08-19 12:00:00.000
IRRIGATED,00,CROPS,US TOTAL,ACRES,,NATIONAL,,"931,332",,,9000,AREA HARVESTED,CENSUS,,"AREA HARVESTED: (1,000 OR MORE ACRES)",YEAR,99,,UNITED STATES,US,AREA HARVESTED,,US TOTAL,00000000,FIELD CROPS,00,ALL CLASSES,2022,,,5.4,,,ALL UTILIZATION PRACTICES,ANNUAL,WHEAT,"WHEAT, IRRIGATED - ACRES HARVESTED",2024-07-02 12:00:00.000
IRRIGATED,00,CROPS,US TOTAL,ACRES,,NATIONAL,,"412,668",,,9000,AREA HARVESTED,CENSUS,,"AREA HARVESTED: (1,000 TO 1,999 ACRES)",YEAR,99,,UNITED STATES,US,AREA HARVESTED,,US TOTAL,00000000,FIELD CROPS,00,ALL CLASSES,2022,,,4.1,,,ALL UTILIZATION PRACTICES,ANNUAL,WHEAT,"WHEAT, IRRIGATED - ACRES HARVESTED",2024-07-02 12:00:00.000
IRRIGATED,00,CROPS,US TOTAL,ACRES,,NATIONAL,,"3,337",,,9000,AREA HARVESTED,CENSUS,,AREA HARVESTED: (1.0 TO 14.9 ACRES),YEAR,99,,UNITED STATES,US,AREA HARVESTED,,US TOTAL,00000000,FIELD CROPS,00,ALL CLASSES,2022,,,11.1,,,ALL UTILIZATION PRACTICES,ANNUAL,WHEAT,"WHEAT, IRRIGATED - ACRES HARVESTED",2024-07-02 12:00:00.000
IRRIGATED,00,CROPS,US TOTAL,ACRES,,NATIONAL,,"274,657",,,9000,AREA HARVESTED,CENSUS,,AREA HARVESTED: (100 TO 249 ACRES),YEAR,99,,UNITED STATES,US,AREA HARVESTED,,US TOTAL,00000000,FIELD CROPS,00,ALL CLASSES,2022,,,7.0,,,ALL UTILIZATION PRACTICES,ANNUAL,WHEAT,"WHEAT, IRRIGATED - ACRES HARVESTED",2024-07-02 12:00:00.000
IRRIGATED,00,CROPS,US TOTAL,ACRES,,NATIONAL,,"4,706",,,9000,AREA HARVESTED,CENSUS,,AREA HARVESTED: (15.0 TO 24.9 ACRES),YEAR,99,,UNITED STATES,US,AREA HARVESTED,,US TOTAL,00000000,FIELD CROPS,00,ALL CLASSES,2022,,,16.7,,,ALL UTILIZATION PRACTICES,ANNUAL,WHEAT,"WHEAT, IRRIGATED - ACRES HARVESTED",2024-07-02 12:00:00.000
IRRIGATED,00,CROPS,US TOTAL,ACRES,,NATIONAL,,"223,184",,,9000,AREA HARVESTED,CENSUS,,"AREA HARVESTED: (2,000 TO 2,999 ACRES)",YEAR,99,,UNITED STATES,US,AREA HARVESTED,,US TOTAL,00000000,FIELD CROPS,00,ALL CLASSES,2022,,,13.9,,,ALL UTILIZATION PRACTICES,ANNUAL,WHEAT,"WHEAT, IRRIGATED - ACRES HARVESTED",2024-07-02 12:00:00.000
IRRIGATED,00,CROPS,US TOTAL,ACRES,,NATIONAL,,"22,299",,,9000,AREA HARVESTED,CENSUS,,AREA HARVESTED: (25.0 TO 49.9 ACRES),YEAR,99,,UNITED STATES,US,AREA HARVESTED,,US TOTAL,00000000,FIELD CROPS,00,ALL CLASSES,2022,,,8.7,,,ALL UTILIZATION PRACTICES,ANNUAL,WHEAT,"WHEAT, IRRIGATED - ACRES HARVESTED",2024-07-02 12:00:00.000
IRRIGATED,00,CROPS,US TOTAL,ACRES,,NATIONAL,,"357,826",,,9000,AREA HARVESTED,CENSUS,,AREA HARVESTED: (250 TO 499 ACRES),YEAR,99,,UNITED STATES,US,AREA HARVESTED,,US TOTAL,00000000,FIELD CROPS,00,ALL CLASSES,2022,,,10.7,,,ALL UTILIZATION PRACTICES,ANNUAL,WHEAT,"WHEAT, IRRIGATED - ACRES HARVESTED",2024-07-02 12:00:00.000
IRRIGATED,00,CROPS,US TOTAL,ACRES,,NATIONAL,,"178,873",,,9000,AREA HARVESTED,CENSUS,,"AREA HARVESTED: (3,000 TO 4,999 ACRES)",YEAR,99,,UNITED STATES,US,AREA HARVESTED,,US TOTAL,00000000,FIELD CROPS,00,ALL CLASSES,2022,,,4.8,,,ALL UTILIZATION PRACTICES,ANNUAL,WHEAT,"WHEAT, IRRIGATED - ACRES HARVESTED",2024-07-02 12:00:00.000
IRRIGATED,00,CROPS,US TOTAL,ACRES,,NATIONAL,,"116,607",,,9000,AREA HARVESTED,CENSUS,,"AREA HARVESTED: (5,000 OR MORE ACRES)",YEAR,99,,UNITED STATES,US,AREA HARVESTED,,US TOTAL,00000000,FIELD CROPS,00,ALL CLASSES,2022,,,2.2,,,ALL UTILIZATION PRACTICES,ANNUAL,WHEAT,"WHEAT, IRRIGATED - ACRES HARVESTED",2024-07-02 12:00:00.000
IRRIGATED,00,CROPS,US TOTAL,ACRES,,NATIONAL,,"75,185",,,9000,AREA HARVESTED,CENSUS,,AREA HARVESTED: (50.0 TO 99.9 ACRES),YEAR,99,,UNITED STATES,US,AREA HARVESTED,,US TOTAL,00000000,FIELD CROPS,00,ALL CLASSES,2022,,,14.8,,,ALL UTILIZATION PRACTICES,ANNUAL,WHEAT,"WHEAT, IRRIGATED - ACRES HARVESTED",2024-07-02 12:00:00.000
IRRIGATED,00,CROPS,US TOTAL,ACRES,,NATIONAL,,"442,848",,,9000,AREA HARVESTED,CENSUS,,AREA HARVESTED: (500 TO 999 ACRES),YEAR,99,,UNITED STATES,US,AREA HARVESTED,,US TOTAL,00000000,FIELD CROPS,00,ALL CLASSES,2022,,,10.7,,,ALL UTILIZATION PRACTICES,ANNUAL,WHEAT,"WHEAT, IRRIGATED - ACRES HARVESTED",2024-07-02 12:00:00.000
IRRIGATED,00,CROPS,US TOTAL,ACRES,,NATIONAL,,"379,011",,,9000,AREA HARVESTED,CENSUS,,"AREA OPERATED: (1,000 TO 1,999 ACRES)",YEAR,99,,UNITED STATES,US,AREA OPERATED,,US TOTAL,00000000,FIELD CROPS,00,ALL CLASSES,2022,,,11.3,,,ALL UTILIZATION PRACTICES,ANNUAL,WHEAT,"WHEAT, IRRIGATED - ACRES HARVESTED",2024-07-02 12:00:00.000
IRRIGATED,00,CROPS,US TOTAL,ACRES,,NATIONAL,,416,,,9000,AREA HARVESTED,CENSUS,,AREA OPERATED: (1.0 TO 9.9 ACRES),YEAR,99,,UNITED STATES,US,AREA OPERATED,,US TOTAL,00000000,FIELD CROPS,00,ALL CLASSES,2022,,,20.0,,,ALL UTILIZATION PRACTICES,ANNUAL,WHEAT,"WHEAT, IRRIGATED - ACRES HARVESTED",2024-07-02 12:00:00.000
IRRIGATED,00,CROPS,US TOTAL,ACRES,,NATIONAL,,"4,630",,,9000,AREA HARVESTED,CENSUS,,AREA OPERATED: (10.0 TO 49.9 ACRES),YEAR,99,,UNITED STATES,US,AREA OPERATED,,US TOTAL,00000000,FIELD CROPS,00,ALL CLASSES,2022,,,18.3,,,ALL UTILIZATION PRACTICES,ANNUAL,WHEAT,"WHEAT, IRRIGATED - ACRES HARVESTED",2024-07-02 12:00:00.000
IRRIGATED,00,CROPS,US TOTAL,ACRES,,NATIONAL,,"8,399",,,9000,AREA HARVESTED,CENSUS,,AREA OPERATED: (100 TO 139 ACRES),YEAR,99,,UNITED STATES,US,AREA OPERATED,,US TOTAL,00000000,FIELD CROPS,00,ALL CLASSES,2022,,,20.0,,,ALL UTILIZATION PRACTICES,ANNUAL,WHEAT,"WHEAT, IRRIGATED - ACRES HARVESTED",2024-07-02 12:00:00.000
IRRIGATED,00,CROPS,US TOTAL,ACRES,,NATIONAL,,"19,520",,,9000,AREA HARVESTED,CENSUS,,AREA OPERATED: (140 TO 179 ACRES),YEAR,99,,UNITED STATES,US,AREA OPERATED,,US TOTAL,00000000,FIELD CROPS,00,ALL CLASSES,2022,,,31.5,,,ALL UTILIZATION PRACTICES,ANNUAL,WHEAT,"WHEAT, IRRIGATED - ACRES HARVESTED",2024-07-02 12:00:00.000
IRRIGATED,00,CROPS,US TOTAL,ACRES,,NATIONAL,,"9,268",,,9000,AREA HARVESTED,CENSUS,,AREA OPERATED: (180 TO 219 ACRES),YEAR,99,,UNITED STATES,US,AREA OPERATED,,US TOTAL,00000000,FIELD CROPS,00,ALL CLASSES,2022,,,13.7,,,ALL UTILIZATION PRACTICES,ANNUAL,WHEAT,"WHEAT, IRRIGATED - ACRES HARVESTED",2024-07-02 12:00:00.000
IRRIGATED,00,CROPS,US TOTAL,ACRES,,NATIONAL,,"1,397,562",,,9000,AREA HARVESTED,CENSUS,,"AREA OPERATED: (2,000 OR MORE ACRES)",YEAR,99,,UNITED STATES,US,AREA OPERATED,,US TOTAL,00000000,FIELD CROPS,00,ALL CLASSES,2022,,,5.0,,,ALL UTILIZATION PRACTICES,ANNUAL,WHEAT,"WHEAT, IRRIGATED - ACRES HARVESTED",2024-07-02 12:00:00.000
IRRIGATED,00,CROPS,US TOTAL,ACRES,,NATIONAL,,"10,544",,,9000,AREA HARVESTED,CENSUS,,AREA OPERATED: (220 TO 259 ACRES),YEAR,99,,UNITED STATES,US,AREA OPERATED,,US TOTAL,00000000,FIELD CROPS,00,ALL CLASSES,2022,,,40.7,,,ALL UTILIZATION PRACTICES,ANNUAL,WHEAT,"WHEAT, IRRIGATED - ACRES HARVESTED",2024-07-02 12:00:00.000
IRRIGATED,00,CROPS,US TOTAL,ACRES,,NATIONAL,,"78,269",,,9000,AREA HARVESTED,CENSUS,,AREA OPERATED: (260 TO 499 ACRES),YEAR,99,,UNITED STATES,US,AREA OPERATED,,US TOTAL,00000000,FIELD CROPS,00,ALL CLASSES,2022,,,18.6,,,ALL UTILIZATION PRACTICES,ANNUAL,WHEAT,"WHEAT, IRRIGATED - ACRES HARVESTED",2024-07-02 12:00:00.000
IRRIGATED,00,CROPS,US TOTAL,ACRES,,NATIONAL,,"2,730",,,9000,AREA HARVESTED,CENSUS,,AREA OPERATED: (50.0 TO 69.9 ACRES),YEAR,99,,UNITED STATES,US,AREA OPERATED,,US TOTAL,00000000,FIELD CROPS,00,ALL CLASSES,2022,,,13.0,,,ALL UTILIZATION PRACTICES,ANNUAL,WHEAT,"WHEAT, IRRIGATED - ACRES HARVESTED",2024-07-02 12:00:00.000
IRRIGATED,00,CROPS,US TOTAL,ACRES,,NATIONAL,,"194,524",,,9000,AREA HARVESTED,CENSUS,,AREA OPERATED: (500 TO 999 ACRES),YEAR,99,,UNITED STATES,US,AREA OPERATED,,US TOTAL,00000000,FIELD CROPS,00,ALL CLASSES,2022,,,17.5,,,ALL UTILIZATION PRACTICES,ANNUAL,WHEAT,"WHEAT, IRRIGATED - ACRES HARVESTED",2024-07-02 12:00:00.000
IRRIGATED,00,CROPS,US TOTAL,ACRES,,NATIONAL,,"7,317",,,9000,AREA HARVESTED,CENSUS,,AREA OPERATED: (70.0 TO 99.9 ACRES),YEAR,99,,UNITED STATES,US,AREA OPERATED,,US TOTAL,00000000,FIELD CROPS,00,ALL CLASSES,2022,,,17.3,,,ALL UTILIZATION PRACTICES,ANNUAL,WHEAT,"WHEAT, IRRIGATED - ACRES HARVESTED",2024-07-02 12:00:00.000
IRRIGATED,00,CROPS,US TOTAL,ACRES,,NATIONAL,,269,,,9000,AREA HARVESTED,CENSUS,,"ECONOMIC CLASS: (1,000 TO 2,499 $)",YEAR,99,,UNITED STATES,US,ECONOMIC CLASS,,US TOTAL,00000000,FIELD CROPS,00,ALL CLASSES,2022,,,39.6,,,ALL UTILIZATION PRACTICES,ANNUAL,WHEAT,"WHEAT, IRRIGATED - ACRES HARVESTED",2024-07-02 12:00:00.000
IRRIGATED,00,CROPS,US TOTAL,ACRES,,NATIONAL,,"1,472,206",,,9000,AREA HARVESTED,CENSUS,,"ECONOMIC CLASS: (1,000,000 OR MORE $)",YEAR,99,,UNITED STATES,US,ECONOMIC CLASS,,US TOTAL,00000000,FIELD CROPS,00,ALL CLASSES,2022,,,5.0,,,ALL UTILIZATION PRACTICES,ANNUAL,WHEAT,"WHEAT, IRRIGATED - ACRES HARVESTED",2024-07-02 12:00:00.000
IRRIGATED,00,CROPS,US TOTAL,ACRES,,NATIONAL,,"5,856",,,9000,AREA HARVESTED,CENSUS,,"ECONOMIC CLASS: (10,000 TO 24,999 $)",YEAR,99,,UNITED STATES,US,ECONOMIC CLASS,,US TOTAL,00000000,FIELD CROPS,00,ALL CLASSES,2022,,,15.5,,,ALL UTILIZATION PRACTICES,ANNUAL,WHEAT,"WHEAT, IRRIGATED - ACRES HARVESTED",2024-07-02 12:00:00.000
IRRIGATED,00,CROPS,US TOTAL,ACRES,,NATIONAL,,"96,077",,,9000,AREA HARVESTED,CENSUS,,"ECONOMIC CLASS: (100,000 TO 249,999 $)",YEAR,99,,UNITED STATES,US,ECONOMIC CLASS,,US TOTAL,00000000,FIELD CROPS,00,ALL CLASSES,2022,,,17.6,,,ALL UTILIZATION PRACTICES,ANNUAL,WHEAT,"WHEAT, IRRIGATED - ACRES HARVESTED",2024-07-02 12:00:00.000
IRRIGATED,00,CROPS,US TOTAL,ACRES,,NATIONAL,,582,,,9000,AREA HARVESTED,CENSUS,,"ECONOMIC CLASS: (2,500 TO 4,999 $)",YEAR,99,,UNITED STATES,US,ECONOMIC CLASS,,US TOTAL,00000000,FIELD CROPS,00,ALL CLASSES,2022,,,41.9,,,ALL UTILIZATION PRACTICES,ANNUAL,WHEAT,"WHEAT, IRRIGATED - ACRES HARVESTED",2024-07-02 12:00:00.000
IRRIGATED,00,CROPS,US TOTAL,ACRES,,NATIONAL,,"11,469",,,9000,AREA HARVESTED,CENSUS,,"ECONOMIC CLASS: (25,000 TO 49,999 $)",YEAR,99,,UNITED STATES,US,ECONOMIC CLASS,,US TOTAL,00000000,FIELD CROPS,00,ALL CLASSES,2022,,,17.0,,,ALL UTILIZATION PRACTICES,ANNUAL,WHEAT,"WHEAT, IRRIGATED - ACRES HARVESTED",2024-07-02 12:00:00.000
IRRIGATED,00,CROPS,US TOTAL,ACRES,,NATIONAL,,"185,436",,,9000,AREA HARVESTED,CENSUS,,"ECONOMIC CLASS: (250,000 TO 499,999 $)",YEAR,99,,UNITED STATES,US,ECONOMIC CLASS,,US TOTAL,00000000,FIELD CROPS,00,ALL CLASSES,2022,,,18.1,,,ALL UTILIZATION PRACTICES,ANNUAL,WHEAT,"WHEAT, IRRIGATED - ACRES HARVESTED",2024-07-02 12:00:00.000
IRRIGATED,00,CROPS,US TOTAL,ACRES,,NATIONAL,,"1,652",,,9000,AREA HARVESTED,CENSUS,,"ECONOMIC CLASS: (5,000 TO 9,999 $)",YEAR,99,,UNITED STATES,US,ECONOMIC CLASS,,US TOTAL,00000000,FIELD CROPS,00,ALL CLASSES,2022,,,14.0,,,ALL UTILIZATION PRACTICES,ANNUAL,WHEAT,"WHEAT, IRRIGATED - ACRES HARVESTED",2024-07-02 12:00:00.000
IRRIGATED,00,CROPS,US TOTAL,ACRES,,NATIONAL,,"34,644",,,9000,AREA HARVESTED,CENSUS,,"ECONOMIC CLASS: (50,000 TO 99,999 $)",YEAR,99,,UNITED STATES,US,ECONOMIC CLASS,,US TOTAL,00000000,FIELD CROPS,00,ALL CLASSES,2022,,,7.7,,,ALL UTILIZATION PRACTICES,ANNUAL,WHEAT,"WHEAT, IRRIGATED - ACRES HARVESTED",2024-07-02 12:00:00.000
IRRIGATED,00,CROPS,US TOTAL,ACRES,,NATIONAL,,"303,921",,,9000,AREA HARVESTED,CENSUS,,"ECONOMIC CLASS: (500,000 TO 999,999 $)",YEAR,99,,UNITED STATES,US,ECONOMIC CLASS,,US TOTAL,00000000,FIELD CROPS,00,ALL CLASSES,2022,,,16.6,,,ALL UTILIZATION PRACTICES,ANNUAL,WHEAT,"WHEAT, IRRIGATED - ACRES HARVESTED",2024-07-02 12:00:00.000
IRRIGATED,00,CROPS,US TOTAL,ACRES,,NATIONAL,,78,,,9000,AREA HARVESTED,CENSUS,,"ECONOMIC CLASS: (LESS THAN 1,000 $)",YEAR,99,,UNITED STATES,US,ECONOMIC CLASS,,US TOTAL,00000000,FIELD CROPS,00,ALL CLASSES,2022,,,83.6,,,ALL UTILIZATION PRACTICES,ANNUAL,WHEAT,"WHEAT, IRRIGATED - ACRES HARVESTED",2024-07-02 12:00:00.000
IRRIGATED,00,CROPS,US TOTAL,ACRES,,NATIONAL,,274,,,9000,AREA HARVESTED,CENSUS,,"FARM SALES: (1,000 TO 2,499 $)",YEAR,99,,UNITED STATES,US,FARM SALES,,US TOTAL,00000000,FIELD CROPS,00,ALL CLASSES,2022,,,39.2,,,ALL UTILIZATION PRACTICES,ANNUAL,WHEAT,"WHEAT, IRRIGATED - ACRES HARVESTED",2024-07-02 12:00:00.000
IRRIGATED,00,CROPS,US TOTAL,ACRES,,NATIONAL,,"1,442,562",,,9000,AREA HARVESTED,CENSUS,,"FARM SALES: (1,000,000 OR MORE $)",YEAR,99,,UNITED STATES,US,FARM SALES,,US TOTAL,00000000,FIELD CROPS,00,ALL CLASSES,2022,,,4.8,,,ALL UTILIZATION PRACTICES,ANNUAL,WHEAT,"WHEAT, IRRIGATED - ACRES HARVESTED",2024-07-02 12:00:00.000
IRRIGATED,00,CROPS,US TOTAL,ACRES,,NATIONAL,,"8,203",,,9000,AREA HARVESTED,CENSUS,,"FARM SALES: (10,000 TO 24,999 $)",YEAR,99,,UNITED STATES,US,FARM SALES,,US TOTAL,00000000,FIELD CROPS,00,ALL CLASSES,2022,,,13.6,,,ALL UTILIZATION PRACTICES,ANNUAL,WHEAT,"WHEAT, IRRIGATED - ACRES HARVESTED",2024-07-02 12:00:00.000
IRRIGATED,00,CROPS,US TOTAL,ACRES,,NATIONAL,,"106,840",,,9000,AREA HARVESTED,CENSUS,,"FARM SALES: (100,000 TO 249,999 $)",YEAR,99,,UNITED STATES,US,FARM SALES,,US TOTAL,00000000,FIELD CROPS,00,ALL CLASSES,2022,,,14.8,,,ALL UTILIZATION PRACTICES,ANNUAL,WHEAT,"WHEAT, IRRIGATED - ACRES HARVESTED",2024-07-02 12:00:00.000
IRRIGATED,00,CROPS,US TOTAL,ACRES,,NATIONAL,,579,,,9000,AREA HARVESTED,CENSUS,,"FARM SALES: (2,500 TO 4,999 $)",YEAR,99,,UNITED STATES,US,FARM SALES,,US TOTAL,00000000,FIELD CROPS,00,ALL CLASSES,2022,,,42.3,,,ALL UTILIZATION PRACTICES,ANNUAL,WHEAT,"WHEAT, IRRIGATED - ACRES HARVESTED",2024-07-02 12:00:00.000
IRRIGATED,00,CROPS,US TOTAL,ACRES,,NATIONAL,,"13,308",,,9000,AREA HARVESTED,CENSUS,,"FARM SALES: (25,000 TO 49,999 $)",YEAR,99,,UNITED STATES,US,FARM SALES,,US TOTAL,00000000,FIELD CROPS,00,ALL CLASSES,2022,,,16.9,,,ALL UTILIZATION PRACTICES,ANNUAL,WHEAT,"WHEAT, IRRIGATED - ACRES HARVESTED",2024-07-02 12:00:00.000
IRRIGATED,00,CROPS,US TOTAL,ACRES,,NATIONAL,,"202,615",,,9000,AREA HARVESTED,CENSUS,,"FARM SALES: (250,000 TO 499,999 $)",YEAR,99,,UNITED STATES,US,FARM SALES,,US TOTAL,00000000,FIELD CROPS,00,ALL CLASSES,2022,,,19.1,,,ALL UTILIZATION PRACTICES,ANNUAL,WHEAT,"WHEAT, IRRIGATED - ACRES HARVESTED",2024-07-02 12:00:00.000
IRRIGATED,00,CROPS,US TOTAL,ACRES,,NATIONAL,,"1,806",,,9000,AREA HARVESTED,CENSUS,,"FARM SALES: (5,000 TO 9,999 $)",YEAR,99,,UNITED STATES,US,FARM SALES,,US TOTAL,00000000,FIELD CROPS,00,ALL CLASSES,2022,,,11.8,,,ALL UTILIZATION PRACTICES,ANNUAL,WHEAT,"WHEAT, IRRIGATED - ACRES HARVESTED",2024-07-02 12:00:00.000
IRRIGATED,00,CROPS,US TOTAL,ACRES,,NATIONAL,,"35,431",,,9000,AREA HARVESTED,CENSUS,,"FARM SALES: (50,000 TO 99,999 $)",YEAR,99,,UNITED STATES,US,FARM SALES,,US TOTAL,00000000,FIELD CROPS,00,ALL CLASSES,2022,,,8.6,,,ALL UTILIZATION PRACTICES,ANNUAL,WHEAT,"WHEAT, IRRIGATED - ACRES HARVESTED",2024-07-02 12:00:00.000
IRRIGATED,00,CROPS,US TOTAL,ACRES,,NATIONAL,,"300,494",,,9000,AREA HARVESTED,CENSUS,,"FARM SALES: (500,000 TO 999,999 $)",YEAR,99,,UNITED STATES,US,FARM SALES,,US TOTAL,00000000,FIELD CROPS,00,ALL CLASSES,2022,,,17.8,,,ALL UTILIZATION PRACTICES,ANNUAL,WHEAT,"WHEAT, IRRIGATED - ACRES HARVESTED",2024-07-02 12:00:00.000
IRRIGATED,00,CROPS,US TOTAL,ACRES,,NATIONAL,,78,,,9000,AREA HARVESTED,CENSUS,,"FARM SALES: (LESS THAN 1,000 $)",YEAR,99,,UNITED STATES,US,FARM SALES,,US TOTAL,00000000,FIELD CROPS,00,ALL CLASSES,2022,,,83.6,,,ALL UTILIZATION PRACTICES,ANNUAL,WHEAT,"WHEAT, IRRIGATED - ACRES HARVESTED",2024-07-02 12:00:00.000
IRRIGATED,00,CROPS,US TOTAL,ACRES,,NATIONAL,,"1,237,607",,,9000,AREA HARVESTED,CENSUS,,NAICS CLASSIFICATION: (1111),YEAR,99,,UNITED STATES,US,NAICS CLASSIFICATION,,US TOTAL,00000000,FIELD CROPS,00,ALL CLASSES,2022,,,8.6,,,ALL UTILIZATION PRACTICES,ANNUAL,WHEAT,"WHEAT, IRRIGATED - ACRES HARVESTED",2024-07-02 12:00:00.000
IRRIGATED,00,CROPS,US TOTAL,ACRES,,NATIONAL,,"339,847",,,9000,AREA HARVESTED,CENSUS,,NAICS CLASSIFICATION: (1112),YEAR,99,,UNITED STATES,US,NAICS CLASSIFICATION,,US TOTAL,00000000,FIELD CROPS,00,ALL CLASSES,2022,,,2.1,,,ALL UTILIZATION PRACTICES,ANNUAL,WHEAT,"WHEAT, IRRIGATED - ACRES HARVESTED",2024-07-02 12:00:00.000
IRRIGATED,00,CROPS,US TOTAL,ACRES,,NATIONAL,,"7,352",,,9000,AREA HARVESTED,CENSUS,,NAICS CLASSIFICATION: (1113),YEAR,99,,UNITED STATES,US,NAICS CLASSIFICATION,,US TOTAL,00000000,FIELD CROPS,00,ALL CLASSES,2022,,,12.7,,,ALL UTILIZATION PRACTICES,ANNUAL,WHEAT,"WHEAT, IRRIGATED - ACRES HARVESTED",2024-07-02 12:00:00.000
IRRIGATED,00,CROPS,US TOTAL,ACRES,,NATIONAL,,"2,195",,,9000,AREA HARVESTED,CENSUS,,NAICS CLASSIFICATION: (1114),YEAR,99,,UNITED STATES,US,NAICS CLASSIFICATION,,US TOTAL,00000000,FIELD CROPS,00,ALL CLASSES,2022,,,40.7,,,ALL UTILIZATION PRACTICES,ANNUAL,WHEAT,"WHEAT, IRRIGATED - ACRES HARVESTED",2024-07-02 12:00:00.000
IRRIGATED,00,CROPS,US TOTAL,ACRES,,NATIONAL,,"409,119",,,9000,AREA HARVESTED,CENSUS,,NAICS CLASSIFICATION: (1119),YEAR,99,,UNITED STATES,US,NAICS CLASSIFICATION,,US TOTAL,00000000,FIELD CROPS,00,ALL CLASSES,2022,,,9.9,,,ALL UTILIZATION PRACTICES,ANNUAL,WHEAT,"WHEAT, IRRIGATED - ACRES HARVESTED",2024-07-02 12:00:00.000
IRRIGATED,00,CROPS,US TOTAL,ACRES,,NATIONAL,,497,,,9000,AREA HARVESTED,CENSUS,,NAICS CLASSIFICATION: (11191),YEAR,99,,UNITED STATES,US,NAICS CLASSIFICATION,,US TOTAL,00000000,FIELD CROPS,00,ALL CLASSES,2022,,,20.5,,,ALL UTILIZATION PRACTICES,ANNUAL,WHEAT,"WHEAT, IRRIGATED - ACRES HARVESTED",2024-07-02 12:00:00.000
IRRIGATED,00,CROPS,US TOTAL,ACRES,,NATIONAL,,"63,269",,,9000,AREA HARVESTED,CENSUS,,NAICS CLASSIFICATION: (11192),YEAR,99,,UNITED STATES,US,NAICS CLASSIFICATION,,US TOTAL,00000000,FIELD CROPS,00,ALL CLASSES,2022,,,11.5,,,ALL UTILIZATION PRACTICES,ANNUAL,WHEAT,"WHEAT, IRRIGATED - ACRES HARVESTED",2024-07-02 12:00:00.000
IRRIGATED,00,CROPS,US TOTAL,ACRES,,NATIONAL,,"345,353",,,9000,AREA HARVESTED,CENSUS,,NAICS CLASSIFICATION: (11193 & 11194 & 11199),YEAR,99,,UNITED STATES,US,NAICS CLASSIFICATION,,US TOTAL,00000000,FIELD CROPS,00,ALL CLASSES,2022,,,11.5,,,ALL UTILIZATION PRACTICES,ANNUAL,WHEAT,"WHEAT, IRRIGATED - ACRES HARVESTED",2024-07-02 12:00:00.000
IRRIGATED,00,CROPS,US TOTAL,ACRES,,NATIONAL,,"68,859",,,9000,AREA HARVESTED,CENSUS,,NAICS CLASSIFICATION: (112111),YEAR,99,,UNITED STATES,US,NAICS CLASSIFICATION,,US TOTAL,00000000,FIELD CROPS,00,ALL CLASSES,2022,,,13.3,,,ALL UTILIZATION PRACTICES,ANNUAL,WHEAT,"WHEAT, IRRIGATED - ACRES HARVESTED",2024-07-02 12:00:00.000
IRRIGATED,00,CROPS,US TOTAL,ACRES,,NATIONAL,,"10,728",,,9000,AREA HARVESTED,CENSUS,,NAICS CLASSIFICATION: (112112),YEAR,99,,UNITED STATES,US,NAICS CLASSIFICATION,,US TOTAL,00000000,FIELD CROPS,00,ALL CLASSES,2022,,,3.7,,,ALL UTILIZATION PRACTICES,ANNUAL,WHEAT,"WHEAT, IRRIGATED - ACRES HARVESTED",2024-07-02 12:00:00.000
IRRIGATED,00,CROPS,US TOTAL,ACRES,,NATIONAL,,"21,847",,,9000,AREA HARVESTED,CENSUS,,NAICS CLASSIFICATION: (11212),YEAR,99,,UNITED STATES,US,NAICS CLASSIFICATION,,US TOTAL,00000000,FIELD CROPS,00,ALL CLASSES,2022,,,15.6,,,ALL UTILIZATION PRACTICES,ANNUAL,WHEAT,"WHEAT, IRRIGATED - ACRES HARVESTED",2024-07-02 12:00:00.000
IRRIGATED,00,CROPS,US TOTAL,ACRES,,NATIONAL,,"3,438",,,9000,AREA HARVESTED,CENSUS,,NAICS CLASSIFICATION: (1122),YEAR,99,,UNITED STATES,US,NAICS CLASSIFICATION,,US TOTAL,00000000,FIELD CROPS,00,ALL CLASSES,2022,,,43.6,,,ALL UTILIZATION PRACTICES,ANNUAL,WHEAT,"WHEAT, IRRIGATED - ACRES HARVESTED",2024-07-02 12:00:00.000
IRRIGATED,00,CROPS,US TOTAL,ACRES,,NATIONAL,,"6,586",,,9000,AREA HARVESTED,CENSUS,,NAICS CLASSIFICATION: (1123),YEAR,99,,UNITED STATES,US,NAICS CLASSIFICATION,,US TOTAL,00000000,FIELD CROPS,00,ALL CLASSES,2022,,,17.5,,,ALL UTILIZATION PRACTICES,ANNUAL,WHEAT,"WHEAT, IRRIGATED - ACRES HARVESTED",2024-07-02 12:00:00.000
IRRIGATED,00,CROPS,US TOTAL,ACRES,,NATIONAL,,322,,,9000,AREA HARVESTED,CENSUS,,NAICS CLASSIFICATION: (1124),YEAR,99,,UNITED STATES,US,NAICS CLASSIFICATION,,US TOTAL,00000000,FIELD CROPS,00,ALL CLASSES,2022,,,4.3,,,ALL UTILIZATION PRACTICES,ANNUAL,WHEAT,"WHEAT, IRRIGATED - ACRES HARVESTED",2024-07-02 12:00:00.000
IRRIGATED,00,CROPS,US TOTAL,ACRES,,NATIONAL,,"4,290",,,9000,AREA HARVESTED,CENSUS,,NAICS CLASSIFICATION: (1125 & 1129),YEAR,99,,UNITED STATES,US,NAICS CLASSIFICATION,,US TOTAL,00000000,FIELD CROPS,00,ALL CLASSES,2022,,,48.9,,,ALL UTILIZATION PRACTICES,ANNUAL,WHEAT,"WHEAT, IRRIGATED - ACRES HARVESTED",2024-07-02 12:00:00.000
IRRIGATED,00,CROPS,US TOTAL,ACRES,,NATIONAL,,"2,112,190",,,9000,AREA HARVESTED,CENSUS,,NOT SPECIFIED,YEAR,99,,UNITED STATES,US,TOTAL,,US TOTAL,00000000,FIELD CROPS,00,ALL CLASSES,2022,,,7.2,,,ALL UTILIZATION PRACTICES,ANNUAL,WHEAT,"WHEAT, IRRIGATED - ACRES HARVESTED",2025-08-19 12:00:00.000
"IRRIGATED, ENTIRE CROP",00,CROPS,US TOTAL,ACRES,,NATIONAL,,"1,258,641",,,9000,AREA HARVESTED,CENSUS,,NOT SPECIFIED,YEAR,99,,UNITED STATES,US,TOTAL,,US TOTAL,00000000,FIELD CROPS,00,ALL CLASSES,2022,,,8.7,,,ALL UTILIZATION PRACTICES,ANNUAL,WHEAT,"WHEAT, IRRIGATED, ENTIRE CROP - ACRES HARVESTED",2024-07-02 12:00:00.000
"IRRIGATED, NONE OF CROP",00,CROPS,US TOTAL,ACRES,,NATIONAL,,"32,682,483",,,9000,AREA HARVESTED,CENSUS,,NOT SPECIFIED,YEAR,99,,UNITED STATES,US,TOTAL,,US TOTAL,00000000,FIELD CROPS,00,ALL CLASSES,2022,,,6.8,,,ALL UTILIZATION PRACTICES,ANNUAL,WHEAT,"WHEAT, IRRIGATED, NONE OF CROP - ACRES HARVESTED",2024-07-02 12:00:00.000
"IRRIGATED, PART OF CROP, IRRIGATED PORTION",00,CROPS,US TOTAL,ACRES,,NATIONAL,,"853,549",,,9000,AREA HARVESTED,CENSUS,,NOT SPECIFIED,YEAR,99,,UNITED STATES,US,TOTAL,,US TOTAL,00000000,FIELD CROPS,00,ALL CLASSES,2022,,,5.8,,,ALL UTILIZATION PRACTICES,ANNUAL,WHEAT,"WHEAT, IRRIGATED, PART OF CROP, IRRIGATED PORTION - ACRES HARVESTED",2024-07-02 12:00:00.000
"IRRIGATED, PART OF CROP, NON-IRRIGATED PORTION",00,CROPS,US TOTAL,ACRES,,NATIONAL,,"2,417,321",,,9000,AREA HARVESTED,CENSUS,,NOT SPECIFIED,YEAR,99,,UNITED STATES,US,TOTAL,,US TOTAL,00000000,FIELD CROPS,00,ALL CLASSES,2022,,,5.1,,,ALL UTILIZATION PRACTICES,ANNUAL,WHEAT,"WHEAT, IRRIGATED, PART OF CROP, NON-IRRIGATED PORTION - ACRES HARVESTED",2024-07-02 12:00:00.000
ALL PRODUCTION PRACTICES,00,CROPS,US TOTAL,ACRES,,NATIONAL,,"6,088,760",,,9000,AREA HARVESTED,CENSUS,,"AREA HARVESTED: (1,000 OR MORE ACRES)",YEAR,99,,UNITED STATES,US,AREA HARVESTED,,US TOTAL,00000000,FIELD CROPS,00,"SPRING, (EXCL DURUM)",2022,,,12.2,,,ALL UTILIZATION PRACTICES,ANNUAL,WHEAT,"WHEAT, SPRING, (EXCL DURUM) - ACRES HARVESTED",2024-07-02 12:00:00.000
ALL PRODUCTION PRACTICES,00,CROPS,US TOTAL,ACRES,,NATIONAL,,"2,921,437",,,9000,AREA HARVESTED,CENSUS,,"AREA HARVESTED: (1,000 TO 1,999 ACRES)",YEAR,99,,UNITED STATES,US,AREA HARVESTED,,US TOTAL,00000000,FIELD CROPS,00,"SPRING, (EXCL DURUM)",2022,,,12.0,,,ALL UTILIZATION PRACTICES,ANNUAL,WHEAT,"WHEAT, SPRING, (EXCL DURUM) - ACRES HARVESTED",2024-07-02 12:00:00.000
ALL PRODUCTION PRACTICES,00,CROPS,US TOTAL,ACRES,,NATIONAL,,"3,947",,,9000,AREA HARVESTED,CENSUS,,AREA HARVESTED: (1.0 TO 14.9 ACRES),YEAR,99,,UNITED STATES,US,AREA HARVESTED,,US TOTAL,00000000,FIELD CROPS,00,"SPRING, (EXCL DURUM)",2022,,,13.9,,,ALL UTILIZATION PRACTICES,ANNUAL,WHEAT,"WHEAT, SPRING, (EXCL DURUM) - ACRES HARVESTED",2024-07-02 12:00:00.000
ALL PRODUCTION PRACTICES,00,CROPS,US TOTAL,ACRES,,NATIONAL,,"585,511",,,9000,AREA HARVESTED,CENSUS,,AREA HARVESTED: (100 TO 249 ACRES),YEAR,99,,UNITED STATES,US,AREA HARVESTED,,US TOTAL,00000000,FIELD CROPS,00,"SPRING, (EXCL DURUM)",2022,,,18.0,,,ALL UTILIZATION PRACTICES,ANNUAL,WHEAT,"WHEAT, SPRING, (EXCL DURUM) - ACRES HARVESTED",2024-07-02 12:00:00.000
ALL PRODUCTION PRACTICES,00,CROPS,US TOTAL,ACRES,,NATIONAL,,"9,812",,,9000,AREA HARVESTED,CENSUS,,AREA HARVESTED: (15.0 TO 24.9 ACRES),YEAR,99,,UNITED STATES,US,AREA HARVESTED,,US TOTAL,00000000,FIELD CROPS,00,"SPRING, (EXCL DURUM)",2022,,,25.8,,,ALL UTILIZATION PRACTICES,ANNUAL,WHEAT,"WHEAT, SPRING, (EXCL DURUM) - ACRES HARVESTED",2024-07-02 12:00:00.000
ALL PRODUCTION PRACTICES,00,CROPS,US TOTAL,ACRES,,NATIONAL,,"1,218,459",,,9000,AREA HARVESTED,CENSUS,,"AREA HARVESTED: (2,000 TO 2,999 ACRES)",YEAR,99,,UNITED STATES,US,AREA HARVESTED,,US TOTAL,00000000,FIELD CROPS,00,"SPRING, (EXCL DURUM)",2022,,,12.2,,,ALL UTILIZATION PRACTICES,ANNUAL,WHEAT,"WHEAT, SPRING, (EXCL DURUM) - ACRES HARVESTED",2024-07-02 12:00:00.000
ALL PRODUCTION PRACTICES,00,CROPS,US TOTAL,ACRES,,NATIONAL,,"38,976",,,9000,AREA HARVESTED,CENSUS,,AREA HARVESTED: (25.0 TO 49.9 ACRES),YEAR,99,,UNITED STATES,US,AREA HARVESTED,,US TOTAL,00000000,FIELD CROPS,00,"SPRING, (EXCL DURUM)",2022,,,27.4,,,ALL UTILIZATION PRACTICES,ANNUAL,WHEAT,"WHEAT, SPRING, (EXCL DURUM) - ACRES HARVESTED",2024-07-02 12:00:00.000
ALL PRODUCTION PRACTICES,00,CROPS,US TOTAL,ACRES,,NATIONAL,,"1,187,399",,,9000,AREA HARVESTED,CENSUS,,AREA HARVESTED: (250 TO 499 ACRES),YEAR,99,,UNITED STATES,US,AREA HARVESTED,,US TOTAL,00000000,FIELD CROPS,00,"SPRING, (EXCL DURUM)",2022,,,13.2,,,ALL UTILIZATION PRACTICES,ANNUAL,WHEAT,"WHEAT, SPRING, (EXCL DURUM) - ACRES HARVESTED",2024-07-02 12:00:00.000
ALL PRODUCTION PRACTICES,00,CROPS,US TOTAL,ACRES,,NATIONAL,,"1,257,116",,,9000,AREA HARVESTED,CENSUS,,"AREA HARVESTED: (3,000 TO 4,999 ACRES)",YEAR,99,,UNITED STATES,US,AREA HARVESTED,,US TOTAL,00000000,FIELD CROPS,00,"SPRING, (EXCL DURUM)",2022,,,23.2,,,ALL UTILIZATION PRACTICES,ANNUAL,WHEAT,"WHEAT, SPRING, (EXCL DURUM) - ACRES HARVESTED",2024-07-02 12:00:00.000
ALL PRODUCTION PRACTICES,00,CROPS,US TOTAL,ACRES,,NATIONAL,,"691,748",,,9000,AREA HARVESTED,CENSUS,,"AREA HARVESTED: (5,000 OR MORE ACRES)",YEAR,99,,UNITED STATES,US,AREA HARVESTED,,US TOTAL,00000000,FIELD CROPS,00,"SPRING, (EXCL DURUM)",2022,,,9.4,,,ALL UTILIZATION PRACTICES,ANNUAL,WHEAT,"WHEAT, SPRING, (EXCL DURUM) - ACRES HARVESTED",2024-07-02 12:00:00.000
ALL PRODUCTION PRACTICES,00,CROPS,US TOTAL,ACRES,,NATIONAL,,"116,656",,,9000,AREA HARVESTED,CENSUS,,AREA HARVESTED: (50.0 TO 99.9 ACRES),YEAR,99,,UNITED STATES,US,AREA HARVESTED,,US TOTAL,00000000,FIELD CROPS,00,"SPRING, (EXCL DURUM)",2022,,,22.7,,,ALL UTILIZATION PRACTICES,ANNUAL,WHEAT,"WHEAT, SPRING, (EXCL DURUM) - ACRES HARVESTED",2024-07-02 12:00:00.000
ALL PRODUCTION PRACTICES,00,CROPS,US TOTAL,ACRES,,NATIONAL,,"2,375,429",,,9000,AREA HARVESTED,CENSUS,,AREA HARVESTED: (500 TO 999 ACRES),YEAR,99,,UNITED STATES,US,AREA HARVESTED,,US TOTAL,00000000,FIELD CROPS,00,"SPRING, (EXCL DURUM)",2022,,,17.1,,,ALL UTILIZATION PRACTICES,ANNUAL,WHEAT,"WHEAT, SPRING, (EXCL DURUM) - ACRES HARVESTED",2024-07-02 12:00:00.000
ALL PRODUCTION PRACTICES,00,CROPS,US TOTAL,ACRES,,NATIONAL,,"10,406,490",,,9000,AREA HARVESTED,CENSUS,,NOT SPECIFIED,YEAR,99,,UNITED STATES,US,TOTAL,,US TOTAL,00000000,FIELD CROPS,00,"SPRING, (EXCL DURUM)",2022,,,13.4,,,ALL UTILIZATION PRACTICES,ANNUAL,WHEAT,"WHEAT, SPRING, (EXCL DURUM) - ACRES HARVESTED",2024-07-02 12:00:00.000
IRRIGATED,00,CROPS,US TOTAL,ACRES,,NATIONAL,,"129,592",,,9000,AREA HARVESTED,CENSUS,,"AREA HARVESTED: (1,000 OR MORE ACRES)",YEAR,99,,UNITED STATES,US,AREA HARVESTED,,US TOTAL,00000000,FIELD CROPS,00,"SPRING, (EXCL DURUM)",2022,,,10.4,,,ALL UTILIZATION PRACTICES,ANNUAL,WHEAT,"WHEAT, SPRING, (EXCL DURUM), IRRIGATED - ACRES HARVESTED",2024-07-02 12:00:00.000
IRRIGATED,00,CROPS,US TOTAL,ACRES,,NATIONAL,,"80,448",,,9000,AREA HARVESTED,CENSUS,,"AREA HARVESTED: (1,000 TO 1,999 ACRES)",YEAR,99,,UNITED STATES,US,AREA HARVESTED,,US TOTAL,00000000,FIELD CROPS,00,"SPRING, (EXCL DURUM)",2022,,,14.6,,,ALL UTILIZATION PRACTICES,ANNUAL,WHEAT,"WHEAT, SPRING, (EXCL DURUM), IRRIGATED - ACRES HARVESTED",2024-07-02 12:00:00.000
IRRIGATED,00,CROPS,US TOTAL,ACRES,,NATIONAL,,666,,,9000,AREA HARVESTED,CENSUS,,AREA HARVESTED: (1.0 TO 14.9 ACRES),YEAR,99,,UNITED STATES,US,AREA HARVESTED,,US TOTAL,00000000,FIELD CROPS,00,"SPRING, (EXCL DURUM)",2022,,,17.8,,,ALL UTILIZATION PRACTICES,ANNUAL,WHEAT,"WHEAT, SPRING, (EXCL DURUM), IRRIGATED - ACRES HARVESTED",2024-07-02 12:00:00.000
IRRIGATED,00,CROPS,US TOTAL,ACRES,,NATIONAL,,"51,870",,,9000,AREA HARVESTED,CENSUS,,AREA HARVESTED: (100 TO 249 ACRES),YEAR,99,,UNITED STATES,US,AREA HARVESTED,,US TOTAL,00000000,FIELD CROPS,00,"SPRING, (EXCL DURUM)",2022,,,18.7,,,ALL UTILIZATION PRACTICES,ANNUAL,WHEAT,"WHEAT, SPRING, (EXCL DURUM), IRRIGATED - ACRES HARVESTED",2024-07-02 12:00:00.000
IRRIGATED,00,CROPS,US TOTAL,ACRES,,NATIONAL,,"1,307",,,9000,AREA HARVESTED,CENSUS,,AREA HARVESTED: (15.0 TO 24.9 ACRES),YEAR,99,,UNITED STATES,US,AREA HARVESTED,,US TOTAL,00000000,FIELD CROPS,00,"SPRING, (EXCL DURUM)",2022,,,37.0,,,ALL UTILIZATION PRACTICES,ANNUAL,WHEAT,"WHEAT, SPRING, (EXCL DURUM), IRRIGATED - ACRES HARVESTED",2024-07-02 12:00:00.000
IRRIGATED,00,CROPS,US TOTAL,ACRES,,NATIONAL,,"21,281",,,9000,AREA HARVESTED,CENSUS,,"AREA HARVESTED: (2,000 TO 2,999 ACRES)",YEAR,99,,UNITED STATES,US,AREA HARVESTED,,US TOTAL,00000000,FIELD CROPS,00,"SPRING, (EXCL DURUM)",2022,,,9.0,,,ALL UTILIZATION PRACTICES,ANNUAL,WHEAT,"WHEAT, SPRING, (EXCL DURUM), IRRIGATED - ACRES HARVESTED",2024-07-02 12:00:00.000
IRRIGATED,00,CROPS,US TOTAL,ACRES,,NATIONAL,,"5,336",,,9000,AREA HARVESTED,CENSUS,,AREA HARVESTED: (25.0 TO 49.9 ACRES),YEAR,99,,UNITED STATES,US,AREA HARVESTED,,US TOTAL,00000000,FIELD CROPS,00,"SPRING, (EXCL DURUM)",2022,,,5.6,,,ALL UTILIZATION PRACTICES,ANNUAL,WHEAT,"WHEAT, SPRING, (EXCL DURUM), IRRIGATED - ACRES HARVESTED",2024-07-02 12:00:00.000
IRRIGATED,00,CROPS,US TOTAL,ACRES,,NATIONAL,,"56,681",,,9000,AREA HARVESTED,CENSUS,,AREA HARVESTED: (250 TO 499 ACRES),YEAR,99,,UNITED STATES,US,AREA HARVESTED,,US TOTAL,00000000,FIELD CROPS,00,"SPRING, (EXCL DURUM)",2022,,,22.8,,,ALL UTILIZATION PRACTICES,ANNUAL,WHEAT,"WHEAT, SPRING, (EXCL DURUM), IRRIGATED - ACRES HARVESTED",2024-07-02 12:00:00.000
IRRIGATED,00,CROPS,US TOTAL,ACRES,,NATIONAL,,"11,430",,,9000,AREA HARVESTED,CENSUS,,"AREA HARVESTED: (3,000 TO 4,999 ACRES)",YEAR,99,,UNITED STATES,US,AREA HARVESTED,,US TOTAL,00000000,FIELD CROPS,00,"SPRING, (EXCL DURUM)",2022,,,9.4,,,ALL UTILIZATION PRACTICES,ANNUAL,WHEAT,"WHEAT, SPRING, (EXCL DURUM), IRRIGATED - ACRES HARVESTED",2024-07-02 12:00:00.000
IRRIGATED,00,CROPS,US TOTAL,ACRES,,NATIONAL,,"16,433",,,9000,AREA HARVESTED,CENSUS,,"AREA HARVESTED: (5,000 OR MORE ACRES)",YEAR,99,,UNITED STATES,US,AREA HARVESTED,,US TOTAL,00000000,FIELD CROPS,00,"SPRING, (EXCL DURUM)",2022,,,10.9,,,ALL UTILIZATION PRACTICES,ANNUAL,WHEAT,"WHEAT, SPRING, (EXCL DURUM), IRRIGATED - ACRES HARVESTED",2024-07-02 12:00:00.000
IRRIGATED,00,CROPS,US TOTAL,ACRES,,NATIONAL,,"14,783",,,9000,AREA HARVESTED,CENSUS,,AREA HARVESTED: (50.0 TO 99.9 ACRES),YEAR,99,,UNITED STATES,US,AREA HARVESTED,,US TOTAL,00000000,FIELD CROPS,00,"SPRING, (EXCL DURUM)",2022,,,13.4,,,ALL UTILIZATION PRACTICES,ANNUAL,WHEAT,"WHEAT, SPRING, (EXCL DURUM), IRRIGATED - ACRES HARVESTED",2024-07-02 12:00:00.000
IRRIGATED,00,CROPS,US TOTAL,ACRES,,NATIONAL,,"54,986",,,9000,AREA HARVESTED,CENSUS,,AREA HARVESTED: (500 TO 999 ACRES),YEAR,99,,UNITED STATES,US,AREA HARVESTED,,US TOTAL,00000000,FIELD CROPS,00,"SPRING, (EXCL DURUM)",2022,,,17.5,,,ALL UTILIZATION PRACTICES,ANNUAL,WHEAT,"WHEAT, SPRING, (EXCL DURUM), IRRIGATED - ACRES HARVESTED",2024-07-02 12:00:00.000
IRRIGATED,00,CROPS,US TOTAL,ACRES,,NATIONAL,,"315,221",,,9000,AREA HARVESTED,CENSUS,,NOT SPECIFIED,YEAR,99,,UNITED STATES,US,TOTAL,,US TOTAL,00000000,FIELD CROPS,00,"SPRING, (EXCL DURUM)",2022,,,13.5,,,ALL UTILIZATION PRACTICES,ANNUAL,WHEAT,"WHEAT, SPRING, (EXCL DURUM), IRRIGATED - ACRES HARVESTED",2024-07-02 12:00:00.000
"IRRIGATED, ENTIRE CROP",00,CROPS,US TOTAL,ACRES,,NATIONAL,,"256,144",,,9000,AREA HARVESTED,CENSUS,,NOT SPECIFIED,YEAR,99,,UNITED STATES,US,TOTAL,,US TOTAL,00000000,FIELD CROPS,00,"SPRING, (EXCL DURUM)",2022,,,12.3,,,ALL UTILIZATION PRACTICES,ANNUAL,WHEAT,"WHEAT, SPRING, (EXCL DURUM), IRRIGATED, ENTIRE CROP - ACRES HARVESTED",2024-07-02 12:00:00.000
"IRRIGATED, NONE OF CROP",00,CROPS,US TOTAL,ACRES,,NATIONAL,,"9,885,444",,,9000,AREA HARVESTED,CENSUS,,NOT SPECIFIED,YEAR,99,,UNITED STATES,US,TOTAL,,US TOTAL,00000000,FIELD CROPS,00,"SPRING, (EXCL DURUM)",2022,,,13.2,,,ALL UTILIZATION PRACTICES,ANNUAL,WHEAT,"WHEAT, SPRING, (EXCL DURUM), IRRIGATED, NONE OF CROP - ACRES HARVESTED",2024-07-02 12:00:00.000
"IRRIGATED, PART OF CROP, IRRIGATED PORTION",00,CROPS,US TOTAL,ACRES,,NATIONAL,,"59,077",,,9000,AREA HARVESTED,CENSUS,,NOT SPECIFIED,YEAR,99,,UNITED STATES,US,TOTAL,,US TOTAL,00000000,FIELD CROPS,00,"SPRING, (EXCL DURUM)",2022,,,20.7,,,ALL UTILIZATION PRACTICES,ANNUAL,WHEAT,"WHEAT, SPRING, (EXCL DURUM), IRRIGATED, PART OF CROP, IRRIGATED PORTION - ACRES HARVESTED",2024-07-02 12:00:00.000
"IRRIGATED, PART OF CROP, NON-IRRIGATED PORTION",00,CROPS,US TOTAL,ACRES,,NATIONAL,,"205,825",,,9000,AREA HARVESTED,CENSUS,,NOT SPECIFIED,YEAR,99,,UNITED STATES,US,TOTAL,,US TOTAL,00000000,FIELD CROPS,00,"SPRING, (EXCL DURUM)",2022,,,26.1,,,ALL UTILIZATION PRACTICES,ANNUAL,WHEAT,"WHEAT, SPRING, (EXCL DURUM), IRRIGATED, PART OF CROP, NON-IRRIGATED PORTION - ACRES HARVESTED",2024-07-02 12:00:00.000
ALL PRODUCTION PRACTICES,00,CROPS,US TOTAL,ACRES,,NATIONAL,,"1,015,891",,,9000,AREA HARVESTED,CENSUS,,"AREA HARVESTED: (1,000 OR MORE ACRES)",YEAR,99,,UNITED STATES,US,AREA HARVESTED,,US TOTAL,00000000,FIELD CROPS,00,"SPRING, DURUM",2022,,,9.7,,,ALL UTILIZATION PRACTICES,ANNUAL,WHEAT,"WHEAT, SPRING, DURUM - ACRES HARVESTED",2024-07-02 12:00:00.000
ALL PRODUCTION PRACTICES,00,CROPS,US TOTAL,ACRES,,NATIONAL,,"442,328",,,9000,AREA HARVESTED,CENSUS,,"AREA HARVESTED: (1,000 TO 1,999 ACRES)",YEAR,99,,UNITED STATES,US,AREA HARVESTED,,US TOTAL,00000000,FIELD CROPS,00,"SPRING, DURUM",2022,,,14.4,,,ALL UTILIZATION PRACTICES,ANNUAL,WHEAT,"WHEAT, SPRING, DURUM - ACRES HARVESTED",2024-07-02 12:00:00.000
ALL PRODUCTION PRACTICES,00,CROPS,US TOTAL,ACRES,,NATIONAL,,303,,,9000,AREA HARVESTED,CENSUS,,AREA HARVESTED: (1.0 TO 14.9 ACRES),YEAR,99,,UNITED STATES,US,AREA HARVESTED,,US TOTAL,00000000,FIELD CROPS,00,"SPRING, DURUM",2022,,,51.3,,,ALL UTILIZATION PRACTICES,ANNUAL,WHEAT,"WHEAT, SPRING, DURUM - ACRES HARVESTED",2024-07-02 12:00:00.000
ALL PRODUCTION PRACTICES,00,CROPS,US TOTAL,ACRES,,NATIONAL,,"68,956",,,9000,AREA HARVESTED,CENSUS,,AREA HARVESTED: (100 TO 249 ACRES),YEAR,99,,UNITED STATES,US,AREA HARVESTED,,US TOTAL,00000000,FIELD CROPS,00,"SPRING, DURUM",2022,,,15.8,,,ALL UTILIZATION PRACTICES,ANNUAL,WHEAT,"WHEAT, SPRING, DURUM - ACRES HARVESTED",2024-07-02 12:00:00.000
ALL PRODUCTION PRACTICES,00,CROPS,US TOTAL,ACRES,,NATIONAL,,387,,,9000,AREA HARVESTED,CENSUS,,AREA HARVESTED: (15.0 TO 24.9 ACRES),YEAR,99,,UNITED STATES,US,AREA HARVESTED,,US TOTAL,00000000,FIELD CROPS,00,"SPRING, DURUM",2022,,,30.2,,,ALL UTILIZATION PRACTICES,ANNUAL,WHEAT,"WHEAT, SPRING, DURUM - ACRES HARVESTED",2024-07-02 12:00:00.000
ALL PRODUCTION PRACTICES,00,CROPS,US TOTAL,ACRES,,NATIONAL,,"320,357",,,9000,AREA HARVESTED,CENSUS,,"AREA HARVESTED: (2,000 TO 2,999 ACRES)",YEAR,99,,UNITED STATES,US,AREA HARVESTED,,US TOTAL,00000000,FIELD CROPS,00,"SPRING, DURUM",2022,,,14.1,,,ALL UTILIZATION PRACTICES,ANNUAL,WHEAT,"WHEAT, SPRING, DURUM - ACRES HARVESTED",2024-07-02 12:00:00.000
ALL PRODUCTION PRACTICES,00,CROPS,US TOTAL,ACRES,,NATIONAL,,"2,963",,,9000,AREA HARVESTED,CENSUS,,AREA HARVESTED: (25.0 TO 49.9 ACRES),YEAR,99,,UNITED STATES,US,AREA HARVESTED,,US TOTAL,00000000,FIELD CROPS,00,"SPRING, DURUM",2022,,,22.0,,,ALL UTILIZATION PRACTICES,ANNUAL,WHEAT,"WHEAT, SPRING, DURUM - ACRES HARVESTED",2024-07-02 12:00:00.000
ALL PRODUCTION PRACTICES,00,CROPS,US TOTAL,ACRES,,NATIONAL,,"175,878",,,9000,AREA HARVESTED,CENSUS,,AREA HARVESTED: (250 TO 499 ACRES),YEAR,99,,UNITED STATES,US,AREA HARVESTED,,US TOTAL,00000000,FIELD CROPS,00,"SPRING, DURUM",2022,,,16.4,,,ALL UTILIZATION PRACTICES,ANNUAL,WHEAT,"WHEAT, SPRING, DURUM - ACRES HARVESTED",2024-07-02 12:00:00.000
ALL PRODUCTION PRACTICES,00,CROPS,US TOTAL,ACRES,,NATIONAL,,"179,093",,,9000,AREA HARVESTED,CENSUS,,"AREA HARVESTED: (3,000 TO 4,999 ACRES)",YEAR,99,,UNITED STATES,US,AREA HARVESTED,,US TOTAL,00000000,FIELD CROPS,00,"SPRING, DURUM",2022,,,19.1,,,ALL UTILIZATION PRACTICES,ANNUAL,WHEAT,"WHEAT, SPRING, DURUM - ACRES HARVESTED",2024-07-02 12:00:00.000
ALL PRODUCTION PRACTICES,00,CROPS,US TOTAL,ACRES,,NATIONAL,,"74,113",,,9000,AREA HARVESTED,CENSUS,,"AREA HARVESTED: (5,000 OR MORE ACRES)",YEAR,99,,UNITED STATES,US,AREA HARVESTED,,US TOTAL,00000000,FIELD CROPS,00,"SPRING, DURUM",2022,,,(L),,,ALL UTILIZATION PRACTICES,ANNUAL,WHEAT,"WHEAT, SPRING, DURUM - ACRES HARVESTED",2024-07-02 12:00:00.000
ALL PRODUCTION PRACTICES,00,CROPS,US TOTAL,ACRES,,NATIONAL,,"9,451",,,9000,AREA HARVESTED,CENSUS,,AREA HARVESTED: (50.0 TO 99.9 ACRES),YEAR,99,,UNITED STATES,US,AREA HARVESTED,,US TOTAL,00000000,FIELD CROPS,00,"SPRING, DURUM",2022,,,17.6,,,ALL UTILIZATION PRACTICES,ANNUAL,WHEAT,"WHEAT, SPRING, DURUM - ACRES HARVESTED",2024-07-02 12:00:00.000
ALL PRODUCTION PRACTICES,00,CROPS,US TOTAL,ACRES,,NATIONAL,,"337,483",,,9000,AREA HARVESTED,CENSUS,,AREA HARVESTED: (500 TO 999 ACRES),YEAR,99,,UNITED STATES,US,AREA HARVESTED,,US TOTAL,00000000,FIELD CROPS,00,"SPRING, DURUM",2022,,,15.8,,,ALL UTILIZATION PRACTICES,ANNUAL,WHEAT,"WHEAT, SPRING, DURUM - ACRES HARVESTED",2024-07-02 12:00:00.000
ALL PRODUCTION PRACTICES,00,CROPS,US TOTAL,ACRES,,NATIONAL,,"1,611,312",,,9000,AREA HARVESTED,CENSUS,,NOT SPECIFIED,YEAR,99,,UNITED STATES,US,TOTAL,,US TOTAL,00000000,FIELD CROPS,00,"SPRING, DURUM",2022,,,11.2,,,ALL UTILIZATION PRACTICES,ANNUAL,WHEAT,"WHEAT, SPRING, DURUM - ACRES HARVESTED",2024-07-02 12:00:00.000
IRRIGATED,00,CROPS,US TOTAL,ACRES,,NATIONAL,,"39,140",,,9000,AREA HARVESTED,CENSUS,,"AREA HARVESTED: (1,000 OR MORE ACRES)",YEAR,99,,UNITED STATES,US,AREA HARVESTED,,US TOTAL,00000000,FIELD CROPS,00,"SPRING, DURUM",2022,,,1.7,,,ALL UTILIZATION PRACTICES,ANNUAL,WHEAT,"WHEAT, SPRING, DURUM, IRRIGATED - ACRES HARVESTED",2024-07-02 12:00:00.000
IRRIGATED,00,CROPS,US TOTAL,ACRES,,NATIONAL,,"24,140",,,9000,AREA HARVESTED,CENSUS,,"AREA HARVESTED: (1,000 TO 1,999 ACRES)",YEAR,99,,UNITED STATES,US,AREA HARVESTED,,US TOTAL,00000000,FIELD CROPS,00,"SPRING, DURUM",2022,,,2.9,,,ALL UTILIZATION PRACTICES,ANNUAL,WHEAT,"WHEAT, SPRING, DURUM, IRRIGATED - ACRES HARVESTED",2024-07-02 12:00:00.000
IRRIGATED,00,CROPS,US TOTAL,ACRES,,NATIONAL,,186,,,9000,AREA HARVESTED,CENSUS,,AREA HARVESTED: (1.0 TO 14.9 ACRES),YEAR,99,,UNITED STATES,US,AREA HARVESTED,,US TOTAL,00000000,FIELD CROPS,00,"SPRING, DURUM",2022,,,57.2,,,ALL UTILIZATION PRACTICES,ANNUAL,WHEAT,"WHEAT, SPRING, DURUM, IRRIGATED - ACRES HARVESTED",2024-07-02 12:00:00.000
IRRIGATED,00,CROPS,US TOTAL,ACRES,,NATIONAL,,"17,150",,,9000,AREA HARVESTED,CENSUS,,AREA HARVESTED: (100 TO 249 ACRES),YEAR,99,,UNITED STATES,US,AREA HARVESTED,,US TOTAL,00000000,FIELD CROPS,00,"SPRING, DURUM",2022,,,21.1,,,ALL UTILIZATION PRACTICES,ANNUAL,WHEAT,"WHEAT, SPRING, DURUM, IRRIGATED - ACRES HARVESTED",2024-07-02 12:00:00.000
IRRIGATED,00,CROPS,US TOTAL,ACRES,,NATIONAL,,166,,,9000,AREA HARVESTED,CENSUS,,AREA HARVESTED: (15.0 TO 24.9 ACRES),YEAR,99,,UNITED STATES,US,AREA HARVESTED,,US TOTAL,00000000,FIELD CROPS,00,"SPRING, DURUM",2022,,,47.0,,,ALL UTILIZATION PRACTICES,ANNUAL,WHEAT,"WHEAT, SPRING, DURUM, IRRIGATED - ACRES HARVESTED",2024-07-02 12:00:00.000
IRRIGATED,00,CROPS,US TOTAL,ACRES,,NATIONAL,,                 (D),,,9000,AREA HARVESTED,CENSUS,,"AREA HARVESTED: (2,000 TO 2,999 ACRES)",YEAR,99,,UNITED STATES,US,AREA HARVESTED,,US TOTAL,00000000,FIELD CROPS,00,"SPRING, DURUM",2022,,,(D),,,ALL UTILIZATION PRACTICES,ANNUAL,WHEAT,"WHEAT, SPRING, DURUM, IRRIGATED - ACRES HARVESTED",2024-07-02 12:00:00.000
IRRIGATED,00,CROPS,US TOTAL,ACRES,,NATIONAL,,841,,,9000,AREA HARVESTED,CENSUS,,AREA HARVESTED: (25.0 TO 49.9 ACRES),YEAR,99,,UNITED STATES,US,AREA HARVESTED,,US TOTAL,00000000,FIELD CROPS,00,"SPRING, DURUM",2022,,,48.7,,,ALL UTILIZATION PRACTICES,ANNUAL,WHEAT,"WHEAT, SPRING, DURUM, IRRIGATED - ACRES HARVESTED",2024-07-02 12:00:00.000
IRRIGATED,00,CROPS,US TOTAL,ACRES,,NATIONAL,,"31,568",,,9000,AREA HARVESTED,CENSUS,,AREA HARVESTED: (250 TO 499 ACRES),YEAR,99,,UNITED STATES,US,AREA HARVESTED,,US TOTAL,00000000,FIELD CROPS,00,"SPRING, DURUM",2022,,,47.5,,,ALL UTILIZATION PRACTICES,ANNUAL,WHEAT,"WHEAT, SPRING, DURUM, IRRIGATED - ACRES HARVESTED",2024-07-02 12:00:00.000
IRRIGATED,00,CROPS,US TOTAL,ACRES,,NATIONAL,,                 (D),,,9000,AREA HARVESTED,CENSUS,,"AREA HARVESTED: (3,000 TO 4,999 ACRES)",YEAR,99,,UNITED STATES,US,AREA HARVESTED,,US TOTAL,00000000,FIELD CROPS,00,"SPRING, DURUM",2022,,,(D),,,ALL UTILIZATION PRACTICES,ANNUAL,WHEAT,"WHEAT, SPRING, DURUM, IRRIGATED - ACRES HARVESTED",2024-07-02 12:00:00.000
IRRIGATED,00,CROPS,US TOTAL,ACRES,,NATIONAL,,"3,597",,,9000,AREA HARVESTED,CENSUS,,AREA HARVESTED: (50.0 TO 99.9 ACRES),YEAR,99,,UNITED STATES,US,AREA HARVESTED,,US TOTAL,00000000,FIELD CROPS,00,"SPRING, DURUM",2022,,,37.0,,,ALL UTILIZATION PRACTICES,ANNUAL,WHEAT,"WHEAT, SPRING, DURUM, IRRIGATED - ACRES HARVESTED",2024-07-02 12:00:00.000
IRRIGATED,00,CROPS,US TOTAL,ACRES,,NATIONAL,,"47,346",,,9000,AREA HARVESTED,CENSUS,,AREA HARVESTED: (500 TO 999 ACRES),YEAR,99,,UNITED STATES,US,AREA HARVESTED,,US TOTAL,00000000,FIELD CROPS,00,"SPRING, DURUM",2022,,,27.5,,,ALL UTILIZATION PRACTICES,ANNUAL,WHEAT,"WHEAT, SPRING, DURUM, IRRIGATED - ACRES HARVESTED",2024-07-02 12:00:00.000
IRRIGATED,00,CROPS,US TOTAL,ACRES,,NATIONAL,,"139,994",,,9000,AREA HARVESTED,CENSUS,,NOT SPECIFIED,YEAR,99,,UNITED STATES,US,TOTAL,,US TOTAL,00000000,FIELD CROPS,00,"SPRING, DURUM",2022,,,21.5,,,ALL UTILIZATION PRACTICES,ANNUAL,WHEAT,"WHEAT, SPRING, DURUM, IRRIGATED - ACRES HARVESTED",2024-07-02 12:00:00.000
"IRRIGATED, ENTIRE CROP",00,CROPS,US TOTAL,ACRES,,NATIONAL,,"133,074",,,9000,AREA HARVESTED,CENSUS,,NOT SPECIFIED,YEAR,99,,UNITED STATES,US,TOTAL,,US TOTAL,00000000,FIELD CROPS,00,"SPRING, DURUM",2022,,,20.3,,,ALL UTILIZATION PRACTICES,ANNUAL,WHEAT,"WHEAT, SPRING, DURUM, IRRIGATED, ENTIRE CROP - ACRES HARVESTED",2024-07-02 12:00:00.000
"IRRIGATED, NONE OF CROP",00,CROPS,US TOTAL,ACRES,,NATIONAL,,"1,433,284",,,9000,AREA HARVESTED,CENSUS,,NOT SPECIFIED,YEAR,99,,UNITED STATES,US,TOTAL,,US TOTAL,00000000,FIELD CROPS,00,"SPRING, DURUM",2022,,,12.0,,,ALL UTILIZATION PRACTICES,ANNUAL,WHEAT,"WHEAT, SPRING, DURUM, IRRIGATED, NONE OF CROP - ACRES HARVESTED",2024-07-02 12:00:00.000
"IRRIGATED, PART OF CROP, IRRIGATED PORTION",00,CROPS,US TOTAL,ACRES,,NATIONAL,,"6,920",,,9000,AREA HARVESTED,CENSUS,,NOT SPECIFIED,YEAR,99,,UNITED STATES,US,TOTAL,,US TOTAL,00000000,FIELD CROPS,00,"SPRING, DURUM",2022,,,57.9,,,ALL UTILIZATION PRACTICES,ANNUAL,WHEAT,"WHEAT, SPRING, DURUM, IRRIGATED, PART OF CROP, IRRIGATED PORTION - ACRES HARVESTED",2024-07-02 12:00:00.000
"IRRIGATED, PART OF CROP, NON-IRRIGATED PORTION",00,CROPS,US TOTAL,ACRES,,NATIONAL,,"38,034",,,9000,AREA HARVESTED,CENSUS,,NOT SPECIFIED,YEAR,99,,UNITED STATES,US,TOTAL,,US TOTAL,00000000,FIELD CROPS,00,"SPRING, DURUM",2022,,,24.5,,,ALL UTILIZATION PRACTICES,ANNUAL,WHEAT,"WHEAT, SPRING, DURUM, IRRIGATED, PART OF CROP, NON-IRRIGATED PORTION - ACRES HARVESTED",2024-07-02 12:00:00.000
ALL PRODUCTION PRACTICES,00,CROPS,US TOTAL,ACRES,,NATIONAL,,"12,416,386",,,9000,AREA HARVESTED,CENSUS,,"AREA HARVESTED: (1,000 OR MORE ACRES)",YEAR,99,,UNITED STATES,US,AREA HARVESTED,,US TOTAL,00000000,FIELD CROPS,00,WINTER,2022,,,5.1,,,ALL UTILIZATION PRACTICES,ANNUAL,WHEAT,"WHEAT, WINTER - ACRES HARVESTED",2024-07-02 12:00:00.000
ALL PRODUCTION PRACTICES,00,CROPS,US TOTAL,ACRES,,NATIONAL,,"6,022,328",,,9000,AREA HARVESTED,CENSUS,,"AREA HARVESTED: (1,000 TO 1,999 ACRES)",YEAR,99,,UNITED STATES,US,AREA HARVESTED,,US TOTAL,00000000,FIELD CROPS,00,WINTER,2022,,,6.3,,,ALL UTILIZATION PRACTICES,ANNUAL,WHEAT,"WHEAT, WINTER - ACRES HARVESTED",2024-07-02 12:00:00.000
ALL PRODUCTION PRACTICES,00,CROPS,US TOTAL,ACRES,,NATIONAL,,"61,526",,,9000,AREA HARVESTED,CENSUS,,AREA HARVESTED: (1.0 TO 14.9 ACRES),YEAR,99,,UNITED STATES,US,AREA HARVESTED,,US TOTAL,00000000,FIELD CROPS,00,WINTER,2022,,,8.3,,,ALL UTILIZATION PRACTICES,ANNUAL,WHEAT,"WHEAT, WINTER - ACRES HARVESTED",2024-07-02 12:00:00.000
ALL PRODUCTION PRACTICES,00,CROPS,US TOTAL,ACRES,,NATIONAL,,"2,795,947",,,9000,AREA HARVESTED,CENSUS,,AREA HARVESTED: (100 TO 249 ACRES),YEAR,99,,UNITED STATES,US,AREA HARVESTED,,US TOTAL,00000000,FIELD CROPS,00,WINTER,2022,,,7.9,,,ALL UTILIZATION PRACTICES,ANNUAL,WHEAT,"WHEAT, WINTER - ACRES HARVESTED",2024-07-02 12:00:00.000
ALL PRODUCTION PRACTICES,00,CROPS,US TOTAL,ACRES,,NATIONAL,,"127,701",,,9000,AREA HARVESTED,CENSUS,,AREA HARVESTED: (15.0 TO 24.9 ACRES),YEAR,99,,UNITED STATES,US,AREA HARVESTED,,US TOTAL,00000000,FIELD CROPS,00,WINTER,2022,,,8.6,,,ALL UTILIZATION PRACTICES,ANNUAL,WHEAT,"WHEAT, WINTER - ACRES HARVESTED",2024-07-02 12:00:00.000
ALL PRODUCTION PRACTICES,00,CROPS,US TOTAL,ACRES,,NATIONAL,,"2,886,971",,,9000,AREA HARVESTED,CENSUS,,"AREA HARVESTED: (2,000 TO 2,999 ACRES)",YEAR,99,,UNITED STATES,US,AREA HARVESTED,,US TOTAL,00000000,FIELD CROPS,00,WINTER,2022,,,8.3,,,ALL UTILIZATION PRACTICES,ANNUAL,WHEAT,"WHEAT, WINTER - ACRES HARVESTED",2024-07-02 12:00:00.000
ALL PRODUCTION PRACTICES,00,CROPS,US TOTAL,ACRES,,NATIONAL,,"418,885",,,9000,AREA HARVESTED,CENSUS,,AREA HARVESTED: (25.0 TO 49.9 ACRES),YEAR,99,,UNITED STATES,US,AREA HARVESTED,,US TOTAL,00000000,FIELD CROPS,00,WINTER,2022,,,7.2,,,ALL UTILIZATION PRACTICES,ANNUAL,WHEAT,"WHEAT, WINTER - ACRES HARVESTED",2024-07-02 12:00:00.000
ALL PRODUCTION PRACTICES,00,CROPS,US TOTAL,ACRES,,NATIONAL,,"3,363,092",,,9000,AREA HARVESTED,CENSUS,,AREA HARVESTED: (250 TO 499 ACRES),YEAR,99,,UNITED STATES,US,AREA HARVESTED,,US TOTAL,00000000,FIELD CROPS,00,WINTER,2022,,,8.2,,,ALL UTILIZATION PRACTICES,ANNUAL,WHEAT,"WHEAT, WINTER - ACRES HARVESTED",2024-07-02 12:00:00.000
ALL PRODUCTION PRACTICES,00,CROPS,US TOTAL,ACRES,,NATIONAL,,"2,204,822",,,9000,AREA HARVESTED,CENSUS,,"AREA HARVESTED: (3,000 TO 4,999 ACRES)",YEAR,99,,UNITED STATES,US,AREA HARVESTED,,US TOTAL,00000000,FIELD CROPS,00,WINTER,2022,,,4.1,,,ALL UTILIZATION PRACTICES,ANNUAL,WHEAT,"WHEAT, WINTER - ACRES HARVESTED",2024-07-02 12:00:00.000
ALL PRODUCTION PRACTICES,00,CROPS,US TOTAL,ACRES,,NATIONAL,,"1,302,265",,,9000,AREA HARVESTED,CENSUS,,"AREA HARVESTED: (5,000 OR MORE ACRES)",YEAR,99,,UNITED STATES,US,AREA HARVESTED,,US TOTAL,00000000,FIELD CROPS,00,WINTER,2022,,,2.9,,,ALL UTILIZATION PRACTICES,ANNUAL,WHEAT,"WHEAT, WINTER - ACRES HARVESTED",2024-07-02 12:00:00.000
ALL PRODUCTION PRACTICES,00,CROPS,US TOTAL,ACRES,,NATIONAL,,"958,513",,,9000,AREA HARVESTED,CENSUS,,AREA HARVESTED: (50.0 TO 99.9 ACRES),YEAR,99,,UNITED STATES,US,AREA HARVESTED,,US TOTAL,00000000,FIELD CROPS,00,WINTER,2022,,,7.2,,,ALL UTILIZATION PRACTICES,ANNUAL,WHEAT,"WHEAT, WINTER - ACRES HARVESTED",2024-07-02 12:00:00.000
ALL PRODUCTION PRACTICES,00,CROPS,US TOTAL,ACRES,,NATIONAL,,"5,052,142",,,9000,AREA HARVESTED,CENSUS,,AREA HARVESTED: (500 TO 999 ACRES),YEAR,99,,UNITED STATES,US,AREA HARVESTED,,US TOTAL,00000000,FIELD CROPS,00,WINTER,2022,,,7.3,,,ALL UTILIZATION PRACTICES,ANNUAL,WHEAT,"WHEAT, WINTER - ACRES HARVESTED",2024-07-02 12:00:00.000
ALL PRODUCTION PRACTICES,00,CROPS,US TOTAL,ACRES,,NATIONAL,,"25,194,192",,,9000,AREA HARVESTED,CENSUS,,NOT SPECIFIED,YEAR,99,,UNITED STATES,US,TOTAL,,US TOTAL,00000000,FIELD CROPS,00,WINTER,2022,,,4.4,,,ALL UTILIZATION PRACTICES,ANNUAL,WHEAT,"WHEAT, WINTER - ACRES HARVESTED",2024-07-02 12:00:00.000
IRRIGATED,00,CROPS,US TOTAL,ACRES,,NATIONAL,,"718,769",,,9000,AREA HARVESTED,CENSUS,,"AREA HARVESTED: (1,000 OR MORE ACRES)",YEAR,99,,UNITED STATES,US,AREA HARVESTED,,US TOTAL,00000000,FIELD CROPS,00,WINTER,2022,,,4.6,,,ALL UTILIZATION PRACTICES,ANNUAL,WHEAT,"WHEAT, WINTER, IRRIGATED - ACRES HARVESTED",2024-07-02 12:00:00.000
IRRIGATED,00,CROPS,US TOTAL,ACRES,,NATIONAL,,"341,777",,,9000,AREA HARVESTED,CENSUS,,"AREA HARVESTED: (1,000 TO 1,999 ACRES)",YEAR,99,,UNITED STATES,US,AREA HARVESTED,,US TOTAL,00000000,FIELD CROPS,00,WINTER,2022,,,4.6,,,ALL UTILIZATION PRACTICES,ANNUAL,WHEAT,"WHEAT, WINTER, IRRIGATED - ACRES HARVESTED",2024-07-02 12:00:00.000
IRRIGATED,00,CROPS,US TOTAL,ACRES,,NATIONAL,,"2,615",,,9000,AREA HARVESTED,CENSUS,,AREA HARVESTED: (1.0 TO 14.9 ACRES),YEAR,99,,UNITED STATES,US,AREA HARVESTED,,US TOTAL,00000000,FIELD CROPS,00,WINTER,2022,,,15.4,,,ALL UTILIZATION PRACTICES,ANNUAL,WHEAT,"WHEAT, WINTER, IRRIGATED - ACRES HARVESTED",2024-07-02 12:00:00.000
IRRIGATED,00,CROPS,US TOTAL,ACRES,,NATIONAL,,"230,598",,,9000,AREA HARVESTED,CENSUS,,AREA HARVESTED: (100 TO 249 ACRES),YEAR,99,,UNITED STATES,US,AREA HARVESTED,,US TOTAL,00000000,FIELD CROPS,00,WINTER,2022,,,5.8,,,ALL UTILIZATION PRACTICES,ANNUAL,WHEAT,"WHEAT, WINTER, IRRIGATED - ACRES HARVESTED",2024-07-02 12:00:00.000
IRRIGATED,00,CROPS,US TOTAL,ACRES,,NATIONAL,,"3,747",,,9000,AREA HARVESTED,CENSUS,,AREA HARVESTED: (15.0 TO 24.9 ACRES),YEAR,99,,UNITED STATES,US,AREA HARVESTED,,US TOTAL,00000000,FIELD CROPS,00,WINTER,2022,,,15.4,,,ALL UTILIZATION PRACTICES,ANNUAL,WHEAT,"WHEAT, WINTER, IRRIGATED - ACRES HARVESTED",2024-07-02 12:00:00.000
IRRIGATED,00,CROPS,US TOTAL,ACRES,,NATIONAL,,"170,269",,,9000,AREA HARVESTED,CENSUS,,"AREA HARVESTED: (2,000 TO 2,999 ACRES)",YEAR,99,,UNITED STATES,US,AREA HARVESTED,,US TOTAL,00000000,FIELD CROPS,00,WINTER,2022,,,12.1,,,ALL UTILIZATION PRACTICES,ANNUAL,WHEAT,"WHEAT, WINTER, IRRIGATED - ACRES HARVESTED",2024-07-02 12:00:00.000
IRRIGATED,00,CROPS,US TOTAL,ACRES,,NATIONAL,,"18,111",,,9000,AREA HARVESTED,CENSUS,,AREA HARVESTED: (25.0 TO 49.9 ACRES),YEAR,99,,UNITED STATES,US,AREA HARVESTED,,US TOTAL,00000000,FIELD CROPS,00,WINTER,2022,,,8.2,,,ALL UTILIZATION PRACTICES,ANNUAL,WHEAT,"WHEAT, WINTER, IRRIGATED - ACRES HARVESTED",2024-07-02 12:00:00.000
IRRIGATED,00,CROPS,US TOTAL,ACRES,,NATIONAL,,"283,807",,,9000,AREA HARVESTED,CENSUS,,AREA HARVESTED: (250 TO 499 ACRES),YEAR,99,,UNITED STATES,US,AREA HARVESTED,,US TOTAL,00000000,FIELD CROPS,00,WINTER,2022,,,7.5,,,ALL UTILIZATION PRACTICES,ANNUAL,WHEAT,"WHEAT, WINTER, IRRIGATED - ACRES HARVESTED",2024-07-02 12:00:00.000
IRRIGATED,00,CROPS,US TOTAL,ACRES,,NATIONAL,,"114,037",,,9000,AREA HARVESTED,CENSUS,,"AREA HARVESTED: (3,000 TO 4,999 ACRES)",YEAR,99,,UNITED STATES,US,AREA HARVESTED,,US TOTAL,00000000,FIELD CROPS,00,WINTER,2022,,,6.7,,,ALL UTILIZATION PRACTICES,ANNUAL,WHEAT,"WHEAT, WINTER, IRRIGATED - ACRES HARVESTED",2024-07-02 12:00:00.000
IRRIGATED,00,CROPS,US TOTAL,ACRES,,NATIONAL,,"92,686",,,9000,AREA HARVESTED,CENSUS,,"AREA HARVESTED: (5,000 OR MORE ACRES)",YEAR,99,,UNITED STATES,US,AREA HARVESTED,,US TOTAL,00000000,FIELD CROPS,00,WINTER,2022,,,0.5,,,ALL UTILIZATION PRACTICES,ANNUAL,WHEAT,"WHEAT, WINTER, IRRIGATED - ACRES HARVESTED",2024-07-02 12:00:00.000
IRRIGATED,00,CROPS,US TOTAL,ACRES,,NATIONAL,,"61,391",,,9000,AREA HARVESTED,CENSUS,,AREA HARVESTED: (50.0 TO 99.9 ACRES),YEAR,99,,UNITED STATES,US,AREA HARVESTED,,US TOTAL,00000000,FIELD CROPS,00,WINTER,2022,,,14.9,,,ALL UTILIZATION PRACTICES,ANNUAL,WHEAT,"WHEAT, WINTER, IRRIGATED - ACRES HARVESTED",2024-07-02 12:00:00.000
IRRIGATED,00,CROPS,US TOTAL,ACRES,,NATIONAL,,"337,937",,,9000,AREA HARVESTED,CENSUS,,AREA HARVESTED: (500 TO 999 ACRES),YEAR,99,,UNITED STATES,US,AREA HARVESTED,,US TOTAL,00000000,FIELD CROPS,00,WINTER,2022,,,7.9,,,ALL UTILIZATION PRACTICES,ANNUAL,WHEAT,"WHEAT, WINTER, IRRIGATED - ACRES HARVESTED",2024-07-02 12:00:00.000
IRRIGATED,00,CROPS,US TOTAL,ACRES,,NATIONAL,,"1,656,975",,,9000,AREA HARVESTED,CENSUS,,NOT SPECIFIED,YEAR,99,,UNITED STATES,US,TOTAL,,US TOTAL,00000000,FIELD CROPS,00,WINTER,2022,,,5.1,,,ALL UTILIZATION PRACTICES,ANNUAL,WHEAT,"WHEAT, WINTER, IRRIGATED - ACRES HARVESTED",2024-07-02 12:00:00.000
"IRRIGATED, ENTIRE CROP",00,CROPS,US TOTAL,ACRES,,NATIONAL,,"926,395",,,9000,AREA HARVESTED,CENSUS,,NOT SPECIFIED,YEAR,99,,UNITED STATES,US,TOTAL,,US TOTAL,00000000,FIELD CROPS,00,WINTER,2022,,,6.8,,,ALL UTILIZATION PRACTICES,ANNUAL,WHEAT,"WHEAT, WINTER, IRRIGATED, ENTIRE CROP - ACRES HARVESTED",2024-07-02 12:00:00.000
"IRRIGATED, NONE OF CROP",00,CROPS,US TOTAL,ACRES,,NATIONAL,,"21,519,277",,,9000,AREA HARVESTED,CENSUS,,NOT SPECIFIED,YEAR,99,,UNITED STATES,US,TOTAL,,US TOTAL,00000000,FIELD CROPS,00,WINTER,2022,,,4.8,,,ALL UTILIZATION PRACTICES,ANNUAL,WHEAT,"WHEAT, WINTER, IRRIGATED, NONE OF CROP - ACRES HARVESTED",2024-07-02 12:00:00.000
"IRRIGATED, PART OF CROP, IRRIGATED PORTION",00,CROPS,US TOTAL,ACRES,,NATIONAL,,"730,580",,,9000,AREA HARVESTED,CENSUS,,NOT SPECIFIED,YEAR,99,,UNITED STATES,US,TOTAL,,US TOTAL,00000000,FIELD CROPS,00,WINTER,2022,,,3.7,,,ALL UTILIZATION PRACTICES,ANNUAL,WHEAT,"WHEAT, WINTER, IRRIGATED, PART OF CROP, IRRIGATED PORTION - ACRES HARVESTED",2024-07-02 12:00:00.000
"IRRIGATED, PART OF CROP, NON-IRRIGATED PORTION",00,CROPS,US TOTAL,ACRES,,NATIONAL,,"2,017,940",,,9000,AREA HARVESTED,CENSUS,,NOT SPECIFIED,YEAR,99,,UNITED STATES,US,TOTAL,,US TOTAL,00000000,FIELD CROPS,00,WINTER,2022,,,3.1,,,ALL UTILIZATION PRACTICES,ANNUAL,WHEAT,"WHEAT, WINTER, IRRIGATED, PART OF CROP, NON-IRRIGATED PORTION - ACRES HARVESTED",2024-07-02 12:00:00.000
IRRIGATED,00,CROPS,US TOTAL,ACRES,,NATIONAL,,"280,633",,,9000,AREA HARVESTED,CENSUS,,"IRRIGATION METHOD, PRIMARY: (GRAVITY)",YEAR,99,,UNITED STATES,US,"IRRIGATION METHOD, PRIMARY",,US TOTAL,00000000,FIELD CROPS,00,ALL CLASSES,2023,,,11.7,,,ALL UTILIZATION PRACTICES,ANNUAL,WHEAT,"WHEAT, IRRIGATED - ACRES HARVESTED",2024-10-31 12:00:00.000
IRRIGATED,00,CROPS,US TOTAL,ACRES,,NATIONAL,,"1,863,002",,,9000,AREA HARVESTED,CENSUS,,"IRRIGATION METHOD, PRIMARY: (PRESSURE)",YEAR,99,,UNITED STATES,US,"IRRIGATION METHOD, PRIMARY",,US TOTAL,00000000,FIELD CROPS,00,ALL CLASSES,2023,,,7.2,,,ALL UTILIZATION PRACTICES,ANNUAL,WHEAT,"WHEAT, IRRIGATED - ACRES HARVESTED",2024-10-31 12:00:00.000
IRRIGATED,00,CROPS,US TOTAL,ACRES,,NATIONAL,,"2,143,635",,,9000,AREA HARVESTED,CENSUS,,NOT SPECIFIED,YEAR,99,,UNITED STATES,US,TOTAL,,US TOTAL,00000000,FIELD CROPS,00,ALL CLASSES,2023,,,6.3,,,ALL UTILIZATION PRACTICES,ANNUAL,WHEAT,"WHEAT, IRRIGATED - ACRES HARVESTED",2024-10-31 12:00:00.000
IRRIGATED,00,CROPS,US TOTAL,ACRES,,NATIONAL,,"1,512,061",,,9000,AREA HARVESTED,CENSUS,,WATER SOURCE: (GROUND),YEAR,99,,UNITED STATES,US,WATER SOURCE,,US TOTAL,00000000,FIELD CROPS,00,ALL CLASSES,2023,,,7.4,,,ALL UTILIZATION PRACTICES,ANNUAL,WHEAT,"WHEAT, IRRIGATED - ACRES HARVESTED",2024-10-31 12:00:00.000
IRRIGATED,00,CROPS,US TOTAL,ACRES,,NATIONAL,,"492,349",,,9000,AREA HARVESTED,CENSUS,,WATER SOURCE: (OFF FARM),YEAR,99,,UNITED STATES,US,WATER SOURCE,,US TOTAL,00000000,FIELD CROPS,00,ALL CLASSES,2023,,,8.4,,,ALL UTILIZATION PRACTICES,ANNUAL,WHEAT,"WHEAT, IRRIGATED - ACRES HARVESTED",2024-10-31 12:00:00.000
IRRIGATED,00,CROPS,US TOTAL,ACRES,,NATIONAL,,"186,836",,,9000,AREA HARVESTED,CENSUS,,WATER SOURCE: (ON FARM SURFACE),YEAR,99,,UNITED STATES,US,WATER SOURCE,,US TOTAL,00000000,FIELD CROPS,00,ALL CLASSES,2023,,,17.1,,,ALL UTILIZATION PRACTICES,ANNUAL,WHEAT,"WHEAT, IRRIGATED - ACRES HARVESTED",2024-10-31 12:00:00.000
