Value,week_ending,country_code,statisticcat_desc,county_code,state_ansi,source_desc,end_code,prodn_practice_desc,sector_desc,location_desc,agg_level_desc,congr_district_code,unit_desc,watershed_desc,state_fips_code,state_alpha,country_name,domain_desc,asd_code,domaincat_desc,reference_period_desc,class_desc,region_desc,year,zip_5,county_name,state_name,begin_code,group_desc,watershed_code,county_ansi,freq_desc,util_practice_desc,asd_desc,commodity_desc,load_time,short_desc,CV (%)
26.1,,9000,YIELD,,,SURVEY,00,ALL PRODUCTION PRACTICES,CROPS,US TOTAL,NATIONAL,,BU / ACRE,,99,US,UNITED STATES,TOTAL,,NOT SPECIFIED,YEAR,ALL CLASSES,,1960,,,US TOTAL,00,FIELD CROPS,00000000,,ANNUAL,ALL UTILIZATION PRACTICES,,WHEAT,2012-01-01 00:00:00.000,"WHEAT - YIELD, MEASURED IN BU / ACRE",
20.5,,9000,YIELD,,,SURVEY,00,ALL PRODUCTION PRACTICES,CROPS,US TOTAL,NATIONAL,,BU / ACRE,,99,US,UNITED STATES,TOTAL,,NOT SPECIFIED,YEAR,"SPRING, (EXCL DURUM)",,1960,,,US TOTAL,00,FIELD CROPS,00000000,,ANNUAL,ALL UTILIZATION PRACTICES,,WHEAT,2012-01-01 00:00:00.000,"WHEAT, SPRING, (EXCL DURUM) - YIELD, MEASURED IN BU / ACRE",
20.8,,9000,YIELD,,,SURVEY,00,ALL PRODUCTION PRACTICES,CROPS,US TOTAL,NATIONAL,,BU / ACRE,,99,US,UNITED STATES,TOTAL,,NOT SPECIFIED,YEAR,"SPRING, DURUM",,1960,,,US TOTAL,00,FIELD CROPS,00000000,,ANNUAL,ALL UTILIZATION PRACTICES,,WHEAT,2012-01-01 00:00:00.000,"WHEAT, SPRING, DURUM - YIELD, MEASURED IN BU / ACRE",
27.8,,9000,YIELD,,,SURVEY,00,ALL PRODUCTION PRACTICES,CROPS,US TOTAL,NATIONAL,,BU / ACRE,,99,US,UNITED STATES,TOTAL,,NOT SPECIFIED,YEAR,WINTER,,1960,,,US TOTAL,00,FIELD CROPS,00000000,,ANNUAL,ALL UTILIZATION PRACTICES,,WHEAT,2012-01-01 00:00:00.000,"WHEAT, WINTER - YIELD, MEASURED IN BU / ACRE",
23.9,,9000,YIELD,,,SURVEY,00,ALL PRODUCTION PRACTICES,CROPS,US TOTAL,NATIONAL,,BU / ACRE,,99,US,UNITED STATES,TOTAL,,NOT SPECIFIED,YEAR,ALL CLASSES,,1961,,,US TOTAL,00,FIELD CROPS,00000000,,ANNUAL,ALL UTILIZATION PRACTICES,,WHEAT,2012-01-01 00:00:00.000,"WHEAT - YIELD, MEASURED IN BU / ACRE",
14.8,,9000,YIELD,,,SURVEY,00,ALL PRODUCTION PRACTICES,CROPS,US TOTAL,NATIONAL,,BU / ACRE,,99,US,UNITED STATES,TOTAL,,NOT SPECIFIED,YEAR,"SPRING, (EXCL DURUM)",,1961,,,US TOTAL,00,FIELD CROPS,00000000,,ANNUAL,ALL UTILIZATION PRACTICES,,WHEAT,2012-01-01 00:00:00.000,"WHEAT, SPRING, (EXCL DURUM) - YIELD, MEASURED IN BU / ACRE",
13.1,,9000,YIELD,,,SURVEY,00,ALL PRODUCTION PRACTICES,CROPS,US TOTAL,NATIONAL,,BU / ACRE,,99,US,UNITED STATES,TOTAL,,NOT SPECIFIED,YEAR,"SPRING, DURUM",,1961,,,US TOTAL,00,FIELD CROPS,00000000,,ANNUAL,ALL UTILIZATION PRACTICES,,WHEAT,2012-01-01 00:00:00.000,"WHEAT, SPRING, DURUM - YIELD, MEASURED IN BU / ACRE",
26.4,,9000,YIELD,,,SURVEY,00,ALL PRODUCTION PRACTICES,CROPS,US TOTAL,NATIONAL,,BU / ACRE,,99,US,UNITED STATES,TOTAL,,NOT SPECIFIED,YEAR,WINTER,,1961,,,US TOTAL,00,FIELD CROPS,00000000,,ANNUAL,ALL UTILIZATION PRACTICES,,WHEAT,2012-01-01 00:00:00.000,"WHEAT, WINTER - YIELD, MEASURED IN BU / ACRE",
25,,9000,YIELD,,,SURVEY,00,ALL PRODUCTION PRACTICES,CROPS,US TOTAL,NATIONAL,,BU / ACRE,,99,US,UNITED STATES,TOTAL,,NOT SPECIFIED,YEAR,ALL CLASSES,,1962,,,US TOTAL,00,FIELD CROPS,00000000,,ANNUAL,ALL UTILIZATION PRACTICES,,WHEAT,2012-01-01 00:00:00.000,"WHEAT - YIELD, MEASURED IN BU / ACRE",
26.2,,9000,YIELD,,,SURVEY,00,ALL PRODUCTION PRACTICES,CROPS,US TOTAL,NATIONAL,,BU / ACRE,,99,US,UNITED STATES,TOTAL,,NOT SPECIFIED,YEAR,"SPRING, (EXCL DURUM)",,1962,,,US TOTAL,00,FIELD CROPS,00000000,,ANNUAL,ALL UTILIZATION PRACTICES,,WHEAT,2012-01-01 00:00:00.000,"WHEAT, SPRING, (EXCL DURUM) - YIELD, MEASURED IN BU / ACRE",
29.7,,9000,YIELD,,,SURVEY,00,ALL PRODUCTION PRACTICES,CROPS,US TOTAL,NATIONAL,,BU / ACRE,,99,US,UNITED STATES,TOTAL,,NOT SPECIFIED,YEAR,"SPRING, DURUM",,1962,,,US TOTAL,00,FIELD CROPS,00000000,,ANNUAL,ALL UTILIZATION PRACTICES,,WHEAT,2012-01-01 00:00:00.000,"WHEAT, SPRING, DURUM - YIELD, MEASURED IN BU / ACRE",
24.4,,9000,YIELD,,,SURVEY,00,ALL PRODUCTION PRACTICES,CROPS,US TOTAL,NATIONAL,,BU / ACRE,,99,US,UNITED STATES,TOTAL,,NOT SPECIFIED,YEAR,WINTER,,1962,,,US TOTAL,00,FIELD CROPS,00000000,,ANNUAL,ALL UTILIZATION PRACTICES,,WHEAT,2012-01-01 00:00:00.000,"WHEAT, WINTER - YIELD, MEASURED IN BU / ACRE",
25.2,,9000,YIELD,,,SURVEY,00,ALL PRODUCTION PRACTICES,CROPS,US TOTAL,NATIONAL,,BU / ACRE,,99,US,UNITED STATES,TOTAL,,NOT SPECIFIED,YEAR,ALL CLASSES,,1963,,,US TOTAL,00,FIELD CROPS,00000000,,ANNUAL,ALL UTILIZATION PRACTICES,,WHEAT,2012-01-01 00:00:00.000,"WHEAT - YIELD, MEASURED IN BU / ACRE",
20.8,,9000,YIELD,,,SURVEY,00,ALL PRODUCTION PRACTICES,CROPS,US TOTAL,NATIONAL,,BU / ACRE,,99,US,UNITED STATES,TOTAL,,NOT SPECIFIED,YEAR,"SPRING, (EXCL DURUM)",,1963,,,US TOTAL,00,FIELD CROPS,00000000,,ANNUAL,ALL UTILIZATION PRACTICES,,WHEAT,2012-01-01 00:00:00.000,"WHEAT, SPRING, (EXCL DURUM) - YIELD, MEASURED IN BU / ACRE",
25.7,,9000,YIELD,,,SURVEY,00,ALL PRODUCTION PRACTICES,CROPS,US TOTAL,NATIONAL,,BU / ACRE,,99,US,UNITED STATES,TOTAL,,NOT SPECIFIED,YEAR,"SPRING, DURUM",,1963,,,US TOTAL,00,FIELD CROPS,00000000,,ANNUAL,ALL UTILIZATION PRACTICES,,WHEAT,2012-01-01 00:00:00.000,"WHEAT, SPRING, DURUM - YIELD, MEASURED IN BU / ACRE",
26.3,,9000,YIELD,,,SURVEY,00,ALL PRODUCTION PRACTICES,CROPS,US TOTAL,NATIONAL,,BU / ACRE,,99,US,UNITED STATES,TOTAL,,NOT SPECIFIED,YEAR,WINTER,,1963,,,US TOTAL,00,FIELD CROPS,00000000,,ANNUAL,ALL UTILIZATION PRACTICES,,WHEAT,2012-01-01 00:00:00.000,"WHEAT, WINTER - YIELD, MEASURED IN BU / ACRE",
25.8,,9000,YIELD,,,SURVEY,00,ALL PRODUCTION PRACTICES,CROPS,US TOTAL,NATIONAL,,BU / ACRE,,99,US,UNITED STATES,TOTAL,,NOT SPECIFIED,YEAR,ALL CLASSES,,1964,,,US TOTAL,00,FIELD CROPS,00000000,,ANNUAL,ALL UTILIZATION PRACTICES,,WHEAT,2012-01-01 00:00:00.000,"WHEAT - YIELD, MEASURED IN BU / ACRE",
21.1,,9000,YIELD,,,SURVEY,00,ALL PRODUCTION PRACTICES,CROPS,US TOTAL,NATIONAL,,BU / ACRE,,99,US,UNITED STATES,TOTAL,,NOT SPECIFIED,YEAR,"SPRING, (EXCL DURUM)",,1964,,,US TOTAL,00,FIELD CROPS,00000000,,ANNUAL,ALL UTILIZATION PRACTICES,,WHEAT,2012-01-01 00:00:00.000,"WHEAT, SPRING, (EXCL DURUM) - YIELD, MEASURED IN BU / ACRE",
27.6,,9000,YIELD,,,SURVEY,00,ALL PRODUCTION PRACTICES,CROPS,US TOTAL,NATIONAL,,BU / ACRE,,99,US,UNITED STATES,TOTAL,,NOT SPECIFIED,YEAR,"SPRING, DURUM",,1964,,,US TOTAL,00,FIELD CROPS,00000000,,ANNUAL,ALL UTILIZATION PRACTICES,,WHEAT,2012-01-01 00:00:00.000,"WHEAT, SPRING, DURUM - YIELD, MEASURED IN BU / ACRE",
26.8,,9000,YIELD,,,SURVEY,00,ALL PRODUCTION PRACTICES,CROPS,US TOTAL,NATIONAL,,BU / ACRE,,99,US,UNITED STATES,TOTAL,,NOT SPECIFIED,YEAR,WINTER,,1964,,,US TOTAL,00,FIELD CROPS,00000000,,ANNUAL,ALL UTILIZATION PRACTICES,,WHEAT,2012-01-01 00:00:00.000,"WHEAT, WINTER - YIELD, MEASURED IN BU / ACRE",
26.5,,9000,YIELD,,,SURVEY,00,ALL PRODUCTION PRACTICES,CROPS,US TOTAL,NATIONAL,,BU / ACRE,,99,US,UNITED STATES,TOTAL,,NOT SPECIFIED,YEAR,ALL CLASSES,,1965,,,US TOTAL,00,FIELD CROPS,00000000,,ANNUAL,ALL UTILIZATION PRACTICES,,WHEAT,2012-01-01 00:00:00.000,"WHEAT - YIELD, MEASURED IN BU / ACRE",
23.6,,9000,YIELD,,,SURVEY,00,ALL PRODUCTION PRACTICES,CROPS,US TOTAL,NATIONAL,,BU / ACRE,,99,US,UNITED STATES,TOTAL,,NOT SPECIFIED,YEAR,"SPRING, (EXCL DURUM)",,1965,,,US TOTAL,00,FIELD CROPS,00000000,,ANNUAL,ALL UTILIZATION PRACTICES,,WHEAT,2012-01-01 00:00:00.000,"WHEAT, SPRING, (EXCL DURUM) - YIELD, MEASURED IN BU / ACRE",
30.4,,9000,YIELD,,,SURVEY,00,ALL PRODUCTION PRACTICES,CROPS,US TOTAL,NATIONAL,,BU / ACRE,,99,US,UNITED STATES,TOTAL,,NOT SPECIFIED,YEAR,"SPRING, DURUM",,1965,,,US TOTAL,00,FIELD CROPS,00000000,,ANNUAL,ALL UTILIZATION PRACTICES,,WHEAT,2012-01-01 00:00:00.000,"WHEAT, SPRING, DURUM - YIELD, MEASURED IN BU / ACRE",
27.1,,9000,YIELD,,,SURVEY,00,ALL PRODUCTION PRACTICES,CROPS,US TOTAL,NATIONAL,,BU / ACRE,,99,US,UNITED STATES,TOTAL,,NOT SPECIFIED,YEAR,WINTER,,1965,,,US TOTAL,00,FIELD CROPS,00000000,,ANNUAL,ALL UTILIZATION PRACTICES,,WHEAT,2012-01-01 00:00:00.000,"WHEAT, WINTER - YIELD, MEASURED IN BU / ACRE",
26.3,,9000,YIELD,,,SURVEY,00,ALL PRODUCTION PRACTICES,CROPS,US TOTAL,NATIONAL,,BU / ACRE,,99,US,UNITED STATES,TOTAL,,NOT SPECIFIED,YEAR,ALL CLASSES,,1966,,,US TOTAL,00,FIELD CROPS,00000000,,ANNUAL,ALL UTILIZATION PRACTICES,,WHEAT,2012-01-01 00:00:00.000,"WHEAT - YIELD, MEASURED IN BU / ACRE",
21.6,,9000,YIELD,,,SURVEY,00,ALL PRODUCTION PRACTICES,CROPS,US TOTAL,NATIONAL,,BU / ACRE,,99,US,UNITED STATES,TOTAL,,NOT SPECIFIED,YEAR,"SPRING, (EXCL DURUM)",,1966,,,US TOTAL,00,FIELD CROPS,00000000,,ANNUAL,ALL UTILIZATION PRACTICES,,WHEAT,2012-01-01 00:00:00.000,"WHEAT, SPRING, (EXCL DURUM) - YIELD, MEASURED IN BU / ACRE",
25.9,,9000,YIELD,,,SURVEY,00,ALL PRODUCTION PRACTICES,CROPS,US TOTAL,NATIONAL,,BU / ACRE,,99,US,UNITED STATES,TOTAL,,NOT SPECIFIED,YEAR,"SPRING, DURUM",,1966,,,US TOTAL,00,FIELD CROPS,00000000,,ANNUAL,ALL UTILIZATION PRACTICES,,WHEAT,2012-01-01 00:00:00.000,"WHEAT, SPRING, DURUM - YIELD, MEASURED IN BU / ACRE",
27.4,,9000,YIELD,,,SURVEY,00,ALL PRODUCTION PRACTICES,CROPS,US TOTAL,NATIONAL,,BU / ACRE,,99,US,UNITED STATES,TOTAL,,NOT SPECIFIED,YEAR,WINTER,,1966,,,US TOTAL,00,FIELD CROPS,00000000,,ANNUAL,ALL UTILIZATION PRACTICES,,WHEAT,2012-01-01 00:00:00.000,"WHEAT, WINTER - YIELD, MEASURED IN BU / ACRE",
25.8,,9000,YIELD,,,SURVEY,00,ALL PRODUCTION PRACTICES,CROPS,US TOTAL,NATIONAL,,BU / ACRE,,99,US,UNITED STATES,TOTAL,,NOT SPECIFIED,YEAR,ALL CLASSES,,1967,,,US TOTAL,00,FIELD CROPS,00000000,,ANNUAL,ALL UTILIZATION PRACTICES,,WHEAT,2012-01-01 00:00:00.000,"WHEAT - YIELD, MEASURED IN BU / ACRE",
23.4,,9000,YIELD,,,SURVEY,00,ALL PRODUCTION PRACTICES,CROPS,US TOTAL,NATIONAL,,BU / ACRE,,99,US,UNITED STATES,TOTAL,,NOT SPECIFIED,YEAR,"SPRING, (EXCL DURUM)",,1967,,,US TOTAL,00,FIELD CROPS,00000000,,ANNUAL,ALL UTILIZATION PRACTICES,,WHEAT,2012-01-01 00:00:00.000,"WHEAT, SPRING, (EXCL DURUM) - YIELD, MEASURED IN BU / ACRE",
24.1,,9000,YIELD,,,SURVEY,00,ALL PRODUCTION PRACTICES,CROPS,US TOTAL,NATIONAL,,BU / ACRE,,99,US,UNITED STATES,TOTAL,,NOT SPECIFIED,YEAR,"SPRING, DURUM",,1967,,,US TOTAL,00,FIELD CROPS,00000000,,ANNUAL,ALL UTILIZATION PRACTICES,,WHEAT,2012-01-01 00:00:00.000,"WHEAT, SPRING, DURUM - YIELD, MEASURED IN BU / ACRE",
26.5,,9000,YIELD,,,SURVEY,00,ALL PRODUCTION PRACTICES,CROPS,US TOTAL,NATIONAL,,BU / ACRE,,99,US,UNITED STATES,TOTAL,,NOT SPECIFIED,YEAR,WINTER,,1967,,,US TOTAL,00,FIELD CROPS,00000000,,ANNUAL,ALL UTILIZATION PRACTICES,,WHEAT,2012-01-01 00:00:00.000,"WHEAT, WINTER - YIELD, MEASURED IN BU / ACRE",
28.4,,9000,YIELD,,,SURVEY,00,ALL PRODUCTION PRACTICES,CROPS,US TOTAL,NATIONAL,,BU / ACRE,,99,US,UNITED STATES,TOTAL,,NOT SPECIFIED,YEAR,ALL CLASSES,,1968,,,US TOTAL,00,FIELD CROPS,00000000,,ANNUAL,ALL UTILIZATION PRACTICES,,WHEAT,2012-01-01 00:00:00.000,"WHEAT - YIELD, MEASURED IN BU / ACRE",
26,,9000,YIELD,,,SURVEY,00,ALL PRODUCTION PRACTICES,CROPS,US TOTAL,NATIONAL,,BU / ACRE,,99,US,UNITED STATES,TOTAL,,NOT SPECIFIED,YEAR,"SPRING, (EXCL DURUM)",,1968,,,US TOTAL,00,FIELD CROPS,00000000,,ANNUAL,ALL UTILIZATION PRACTICES,,WHEAT,2012-01-01 00:00:00.000,"WHEAT, SPRING, (EXCL DURUM) - YIELD, MEASURED IN BU / ACRE",
27.5,,9000,YIELD,,,SURVEY,00,ALL PRODUCTION PRACTICES,CROPS,US TOTAL,NATIONAL,,BU / ACRE,,99,US,UNITED STATES,TOTAL,,NOT SPECIFIED,YEAR,"SPRING, DURUM",,1968,,,US TOTAL,00,FIELD CROPS,00000000,,ANNUAL,ALL UTILIZATION PRACTICES,,WHEAT,2012-01-01 00:00:00.000,"WHEAT, SPRING, DURUM - YIELD, MEASURED IN BU / ACRE",
29,,9000,YIELD,,,SURVEY,00,ALL PRODUCTION PRACTICES,CROPS,US TOTAL,NATIONAL,,BU / ACRE,,99,US,UNITED STATES,TOTAL,,NOT SPECIFIED,YEAR,WINTER,,1968,,,US TOTAL,00,FIELD CROPS,00000000,,ANNUAL,ALL UTILIZATION PRACTICES,,WHEAT,2012-01-01 00:00:00.000,"WHEAT, WINTER - YIELD, MEASURED IN BU / ACRE",
30.6,,9000,YIELD,,,SURVEY,00,ALL PRODUCTION PRACTICES,CROPS,US TOTAL,NATIONAL,,BU / ACRE,,99,US,UNITED STATES,TOTAL,,NOT SPECIFIED,YEAR,ALL CLASSES,,1969,,,US TOTAL,00,FIELD CROPS,00000000,,ANNUAL,ALL UTILIZATION PRACTICES,,WHEAT,2012-01-01 00:00:00.000,"WHEAT - YIELD, MEASURED IN BU / ACRE",
27.3,,9000,YIELD,,,SURVEY,00,ALL PRODUCTION PRACTICES,CROPS,US TOTAL,NATIONAL,,BU / ACRE,,99,US,UNITED STATES,TOTAL,,NOT SPECIFIED,YEAR,"SPRING, (EXCL DURUM)",,1969,,,US TOTAL,00,FIELD CROPS,00000000,,ANNUAL,ALL UTILIZATION PRACTICES,,WHEAT,2012-01-01 00:00:00.000,"WHEAT, SPRING, (EXCL DURUM) - YIELD, MEASURED IN BU / ACRE",
31.7,,9000,YIELD,,,SURVEY,00,ALL PRODUCTION PRACTICES,CROPS,US TOTAL,NATIONAL,,BU / ACRE,,99,US,UNITED STATES,TOTAL,,NOT SPECIFIED,YEAR,"SPRING, DURUM",,1969,,,US TOTAL,00,FIELD CROPS,00000000,,ANNUAL,ALL UTILIZATION PRACTICES,,WHEAT,2012-01-01 00:00:00.000,"WHEAT, SPRING, DURUM - YIELD, MEASURED IN BU / ACRE",
31.2,,9000,YIELD,,,SURVEY,00,ALL PRODUCTION PRACTICES,CROPS,US TOTAL,NATIONAL,,BU / ACRE,,99,US,UNITED STATES,TOTAL,,NOT SPECIFIED,YEAR,WINTER,,1969,,,US TOTAL,00,FIELD CROPS,00000000,,ANNUAL,ALL UTILIZATION PRACTICES,,WHEAT,2012-01-01 00:00:00.000,"WHEAT, WINTER - YIELD, MEASURED IN BU / ACRE",
31,,9000,YIELD,,,SURVEY,00,ALL PRODUCTION PRACTICES,CROPS,US TOTAL,NATIONAL,,BU / ACRE,,99,US,UNITED STATES,TOTAL,,NOT SPECIFIED,YEAR,ALL CLASSES,,1970,,,US TOTAL,00,FIELD CROPS,00000000,,ANNUAL,ALL UTILIZATION PRACTICES,,WHEAT,2012-01-01 00:00:00.000,"WHEAT - YIELD, MEASURED IN BU / ACRE",
23.6,,9000,YIELD,,,SURVEY,00,ALL PRODUCTION PRACTICES,CROPS,US TOTAL,NATIONAL,,BU / ACRE,,99,US,UNITED STATES,TOTAL,,NOT SPECIFIED,YEAR,"SPRING, (EXCL DURUM)",,1970,,,US TOTAL,00,FIELD CROPS,00000000,,ANNUAL,ALL UTILIZATION PRACTICES,,WHEAT,2012-01-01 00:00:00.000,"WHEAT, SPRING, (EXCL DURUM) - YIELD, MEASURED IN BU / ACRE",
25.1,,9000,YIELD,,,SURVEY,00,ALL PRODUCTION PRACTICES,CROPS,US TOTAL,NATIONAL,,BU / ACRE,,99,US,UNITED STATES,TOTAL,,NOT SPECIFIED,YEAR,"SPRING, DURUM",,1970,,,US TOTAL,00,FIELD CROPS,00000000,,ANNUAL,ALL UTILIZATION PRACTICES,,WHEAT,2012-01-01 00:00:00.000,"WHEAT, SPRING, DURUM - YIELD, MEASURED IN BU / ACRE",
33.4,,9000,YIELD,,,SURVEY,00,ALL PRODUCTION PRACTICES,CROPS,US TOTAL,NATIONAL,,BU / ACRE,,99,US,UNITED STATES,TOTAL,,NOT SPECIFIED,YEAR,WINTER,,1970,,,US TOTAL,00,FIELD CROPS,00000000,,ANNUAL,ALL UTILIZATION PRACTICES,,WHEAT,2012-01-01 00:00:00.000,"WHEAT, WINTER - YIELD, MEASURED IN BU / ACRE",
33.9,,9000,YIELD,,,SURVEY,00,ALL PRODUCTION PRACTICES,CROPS,US TOTAL,NATIONAL,,BU / ACRE,,99,US,UNITED STATES,TOTAL,,NOT SPECIFIED,YEAR,ALL CLASSES,,1971,,,US TOTAL,00,FIELD CROPS,00000000,,ANNUAL,ALL UTILIZATION PRACTICES,,WHEAT,2012-01-01 00:00:00.000,"WHEAT - YIELD, MEASURED IN BU / ACRE",
30.7,,9000,YIELD,,,SURVEY,00,ALL PRODUCTION PRACTICES,CROPS,US TOTAL,NATIONAL,,BU / ACRE,,99,US,UNITED STATES,TOTAL,,NOT SPECIFIED,YEAR,"SPRING, (EXCL DURUM)",,1971,,,US TOTAL,00,FIELD CROPS,00000000,,ANNUAL,ALL UTILIZATION PRACTICES,,WHEAT,2012-01-01 00:00:00.000,"WHEAT, SPRING, (EXCL DURUM) - YIELD, MEASURED IN BU / ACRE",
32.1,,9000,YIELD,,,SURVEY,00,ALL PRODUCTION PRACTICES,CROPS,US TOTAL,NATIONAL,,BU / ACRE,,99,US,UNITED STATES,TOTAL,,NOT SPECIFIED,YEAR,"SPRING, DURUM",,1971,,,US TOTAL,00,FIELD CROPS,00000000,,ANNUAL,ALL UTILIZATION PRACTICES,,WHEAT,2012-01-01 00:00:00.000,"WHEAT, SPRING, DURUM - YIELD, MEASURED IN BU / ACRE",
35.4,,9000,YIELD,,,SURVEY,00,ALL PRODUCTION PRACTICES,CROPS,US TOTAL,NATIONAL,,BU / ACRE,,99,US,UNITED STATES,TOTAL,,NOT SPECIFIED,YEAR,WINTER,,1971,,,US TOTAL,00,FIELD CROPS,00000000,,ANNUAL,ALL UTILIZATION PRACTICES,,WHEAT,2012-01-01 00:00:00.000,"WHEAT, WINTER - YIELD, MEASURED IN BU / ACRE",
32.7,,9000,YIELD,,,SURVEY,00,ALL PRODUCTION PRACTICES,CROPS,US TOTAL,NATIONAL,,BU / ACRE,,99,US,UNITED STATES,TOTAL,,NOT SPECIFIED,YEAR,ALL CLASSES,,1972,,,US TOTAL,00,FIELD CROPS,00000000,,ANNUAL,ALL UTILIZATION PRACTICES,,WHEAT,2012-01-01 00:00:00.000,"WHEAT - YIELD, MEASURED IN BU / ACRE",
29,,9000,YIELD,,,SURVEY,00,ALL PRODUCTION PRACTICES,CROPS,US TOTAL,NATIONAL,,BU / ACRE,,99,US,UNITED STATES,TOTAL,,NOT SPECIFIED,YEAR,"SPRING, (EXCL DURUM)",,1972,,,US TOTAL,00,FIELD CROPS,00000000,,ANNUAL,ALL UTILIZATION PRACTICES,,WHEAT,2012-01-01 00:00:00.000,"WHEAT, SPRING, (EXCL DURUM) - YIELD, MEASURED IN BU / ACRE",
28.6,,9000,YIELD,,,SURVEY,00,ALL PRODUCTION PRACTICES,CROPS,US TOTAL,NATIONAL,,BU / ACRE,,99,US,UNITED STATES,TOTAL,,NOT SPECIFIED,YEAR,"SPRING, DURUM",,1972,,,US TOTAL,00,FIELD CROPS,00000000,,ANNUAL,ALL UTILIZATION PRACTICES,,WHEAT,2012-01-01 00:00:00.000,"WHEAT, SPRING, DURUM - YIELD, MEASURED IN BU / ACRE",
34,,9000,YIELD,,,SURVEY,00,ALL PRODUCTION PRACTICES,CROPS,US TOTAL,NATIONAL,,BU / ACRE,,99,US,UNITED STATES,TOTAL,,NOT SPECIFIED,YEAR,WINTER,,1972,,,US TOTAL,00,FIELD CROPS,00000000,,ANNUAL,ALL UTILIZATION PRACTICES,,WHEAT,2012-01-01 00:00:00.000,"WHEAT, WINTER - YIELD, MEASURED IN BU / ACRE",
31.6,,9000,YIELD,,,SURVEY,00,ALL PRODUCTION PRACTICES,CROPS,US TOTAL,NATIONAL,,BU / ACRE,,99,US,UNITED STATES,TOTAL,,NOT SPECIFIED,YEAR,ALL CLASSES,,1973,,,US TOTAL,00,FIELD CROPS,00000000,,ANNUAL,ALL UTILIZATION PRACTICES,,WHEAT,2012-01-01 00:00:00.000,"WHEAT - YIELD, MEASURED IN BU / ACRE",
28.3,,9000,YIELD,,,SURVEY,00,ALL PRODUCTION PRACTICES,CROPS,US TOTAL,NATIONAL,,BU / ACRE,,99,US,UNITED STATES,TOTAL,,NOT SPECIFIED,YEAR,"SPRING, (EXCL DURUM)",,1973,,,US TOTAL,00,FIELD CROPS,00000000,,ANNUAL,ALL UTILIZATION PRACTICES,,WHEAT,2012-01-01 00:00:00.000,"WHEAT, SPRING, (EXCL DURUM) - YIELD, MEASURED IN BU / ACRE",
27.2,,9000,YIELD,,,SURVEY,00,ALL PRODUCTION PRACTICES,CROPS,US TOTAL,NATIONAL,,BU / ACRE,,99,US,UNITED STATES,TOTAL,,NOT SPECIFIED,YEAR,"SPRING, DURUM",,1973,,,US TOTAL,00,FIELD CROPS,00000000,,ANNUAL,ALL UTILIZATION PRACTICES,,WHEAT,2012-01-01 00:00:00.000,"WHEAT, SPRING, DURUM - YIELD, MEASURED IN BU / ACRE",
33,,9000,YIELD,,,SURVEY,00,ALL PRODUCTION PRACTICES,CROPS,US TOTAL,NATIONAL,,BU / ACRE,,99,US,UNITED STATES,TOTAL,,NOT SPECIFIED,YEAR,WINTER,,1973,,,US TOTAL,00,FIELD CROPS,00000000,,ANNUAL,ALL UTILIZATION PRACTICES,,WHEAT,2012-01-01 00:00:00.000,"WHEAT, WINTER - YIELD, MEASURED IN BU / ACRE",
27.3,,9000,YIELD,,,SURVEY,00,ALL PRODUCTION PRACTICES,CROPS,US TOTAL,NATIONAL,,BU / ACRE,,99,US,UNITED STATES,TOTAL,,NOT SPECIFIED,YEAR,ALL CLASSES,,1974,,,US TOTAL,00,FIELD CROPS,00000000,,ANNUAL,ALL UTILIZATION PRACTICES,,WHEAT,2012-01-01 00:00:00.000,"WHEAT - YIELD, MEASURED IN BU / ACRE",
22.4,,9000,YIELD,,,SURVEY,00,ALL PRODUCTION PRACTICES,CROPS,US TOTAL,NATIONAL,,BU / ACRE,,99,US,UNITED STATES,TOTAL,,NOT SPECIFIED,YEAR,"SPRING, (EXCL DURUM)",,1974,,,US TOTAL,00,FIELD CROPS,00000000,,ANNUAL,ALL UTILIZATION PRACTICES,,WHEAT,2012-01-01 00:00:00.000,"WHEAT, SPRING, (EXCL DURUM) - YIELD, MEASURED IN BU / ACRE",
19.8,,9000,YIELD,,,SURVEY,00,ALL PRODUCTION PRACTICES,CROPS,US TOTAL,NATIONAL,,BU / ACRE,,99,US,UNITED STATES,TOTAL,,NOT SPECIFIED,YEAR,"SPRING, DURUM",,1974,,,US TOTAL,00,FIELD CROPS,00000000,,ANNUAL,ALL UTILIZATION PRACTICES,,WHEAT,2012-01-01 00:00:00.000,"WHEAT, SPRING, DURUM - YIELD, MEASURED IN BU / ACRE",
29.4,,9000,YIELD,,,SURVEY,00,ALL PRODUCTION PRACTICES,CROPS,US TOTAL,NATIONAL,,BU / ACRE,,99,US,UNITED STATES,TOTAL,,NOT SPECIFIED,YEAR,WINTER,,1974,,,US TOTAL,00,FIELD CROPS,00000000,,ANNUAL,ALL UTILIZATION PRACTICES,,WHEAT,2012-01-01 00:00:00.000,"WHEAT, WINTER - YIELD, MEASURED IN BU / ACRE",
30.6,,9000,YIELD,,,SURVEY,00,ALL PRODUCTION PRACTICES,CROPS,US TOTAL,NATIONAL,,BU / ACRE,,99,US,UNITED STATES,TOTAL,,NOT SPECIFIED,YEAR,ALL CLASSES,,1975,,,US TOTAL,00,FIELD CROPS,00000000,,ANNUAL,ALL UTILIZATION PRACTICES,,WHEAT,2012-01-01 00:00:00.000,"WHEAT - YIELD, MEASURED IN BU / ACRE",
26.8,,9000,YIELD,,,SURVEY,00,ALL PRODUCTION PRACTICES,CROPS,US TOTAL,NATIONAL,,BU / ACRE,,99,US,UNITED STATES,TOTAL,,NOT SPECIFIED,YEAR,"SPRING, (EXCL DURUM)",,1975,,,US TOTAL,00,FIELD CROPS,00000000,,ANNUAL,ALL UTILIZATION PRACTICES,,WHEAT,2012-01-01 00:00:00.000,"WHEAT, SPRING, (EXCL DURUM) - YIELD, MEASURED IN BU / ACRE",
26.4,,9000,YIELD,,,SURVEY,00,ALL PRODUCTION PRACTICES,CROPS,US TOTAL,NATIONAL,,BU / ACRE,,99,US,UNITED STATES,TOTAL,,NOT SPECIFIED,YEAR,"SPRING, DURUM",,1975,,,US TOTAL,00,FIELD CROPS,00000000,,ANNUAL,ALL UTILIZATION PRACTICES,,WHEAT,2012-01-01 00:00:00.000,"WHEAT, SPRING, DURUM - YIELD, MEASURED IN BU / ACRE",
32,,9000,YIELD,,,SURVEY,00,ALL PRODUCTION PRACTICES,CROPS,US TOTAL,NATIONAL,,BU / ACRE,,99,US,UNITED STATES,TOTAL,,NOT SPECIFIED,YEAR,WINTER,,1975,,,US TOTAL,00,FIELD CROPS,00000000,,ANNUAL,ALL UTILIZATION PRACTICES,,WHEAT,2012-01-01 00:00:00.000,"WHEAT, WINTER - YIELD, MEASURED IN BU / ACRE",
30.3,,9000,YIELD,,,SURVEY,00,ALL PRODUCTION PRACTICES,CROPS,US TOTAL,NATIONAL,,BU / ACRE,,99,US,UNITED STATES,TOTAL,,NOT SPECIFIED,YEAR,ALL CLASSES,,1976,,,US TOTAL,00,FIELD CROPS,00000000,,ANNUAL,ALL UTILIZATION PRACTICES,,WHEAT,2012-01-01 00:00:00.000,"WHEAT - YIELD, MEASURED IN BU / ACRE",
26.8,,9000,YIELD,,,SURVEY,00,ALL PRODUCTION PRACTICES,CROPS,US TOTAL,NATIONAL,,BU / ACRE,,99,US,UNITED STATES,TOTAL,,NOT SPECIFIED,YEAR,"SPRING, (EXCL DURUM)",,1976,,,US TOTAL,00,FIELD CROPS,00000000,,ANNUAL,ALL UTILIZATION PRACTICES,,WHEAT,2012-01-01 00:00:00.000,"WHEAT, SPRING, (EXCL DURUM) - YIELD, MEASURED IN BU / ACRE",
29.4,,9000,YIELD,,,SURVEY,00,ALL PRODUCTION PRACTICES,CROPS,US TOTAL,NATIONAL,,BU / ACRE,,99,US,UNITED STATES,TOTAL,,NOT SPECIFIED,YEAR,"SPRING, DURUM",,1976,,,US TOTAL,00,FIELD CROPS,00000000,,ANNUAL,ALL UTILIZATION PRACTICES,,WHEAT,2012-01-01 00:00:00.000,"WHEAT, SPRING, DURUM - YIELD, MEASURED IN BU / ACRE",
31.5,,9000,YIELD,,,SURVEY,00,ALL PRODUCTION PRACTICES,CROPS,US TOTAL,NATIONAL,,BU / ACRE,,99,US,UNITED STATES,TOTAL,,NOT SPECIFIED,YEAR,WINTER,,1976,,,US TOTAL,00,FIELD CROPS,00000000,,ANNUAL,ALL UTILIZATION PRACTICES,,WHEAT,2012-01-01 00:00:00.000,"WHEAT, WINTER - YIELD, MEASURED IN BU / ACRE",
30.7,,9000,YIELD,,,SURVEY,00,ALL PRODUCTION PRACTICES,CROPS,US TOTAL,NATIONAL,,BU / ACRE,,99,US,UNITED STATES,TOTAL,,NOT SPECIFIED,YEAR,ALL CLASSES,,1977,,,US TOTAL,00,FIELD CROPS,00000000,,ANNUAL,ALL UTILIZATION PRACTICES,,WHEAT,2012-01-01 00:00:00.000,"WHEAT - YIELD, MEASURED IN BU / ACRE",
28.6,,9000,YIELD,,,SURVEY,00,ALL PRODUCTION PRACTICES,CROPS,US TOTAL,NATIONAL,,BU / ACRE,,99,US,UNITED STATES,TOTAL,,NOT SPECIFIED,YEAR,"SPRING, (EXCL DURUM)",,1977,,,US TOTAL,00,FIELD CROPS,00000000,,ANNUAL,ALL UTILIZATION PRACTICES,,WHEAT,2012-01-01 00:00:00.000,"WHEAT, SPRING, (EXCL DURUM) - YIELD, MEASURED IN BU / ACRE",
26.4,,9000,YIELD,,,SURVEY,00,ALL PRODUCTION PRACTICES,CROPS,US TOTAL,NATIONAL,,BU / ACRE,,99,US,UNITED STATES,TOTAL,,NOT SPECIFIED,YEAR,"SPRING, DURUM",,1977,,,US TOTAL,00,FIELD CROPS,00000000,,ANNUAL,ALL UTILIZATION PRACTICES,,WHEAT,2012-01-01 00:00:00.000,"WHEAT, SPRING, DURUM - YIELD, MEASURED IN BU / ACRE",
31.6,,9000,YIELD,,,SURVEY,00,ALL PRODUCTION PRACTICES,CROPS,US TOTAL,NATIONAL,,BU / ACRE,,99,US,UNITED STATES,TOTAL,,NOT SPECIFIED,YEAR,WINTER,,1977,,,US TOTAL,00,FIELD CROPS,00000000,,ANNUAL,ALL UTILIZATION PRACTICES,,WHEAT,2012-01-01 00:00:00.000,"WHEAT, WINTER - YIELD, MEASURED IN BU / ACRE",
31.4,,9000,YIELD,,,SURVEY,00,ALL PRODUCTION PRACTICES,CROPS,US TOTAL,NATIONAL,,BU / ACRE,,99,US,UNITED STATES,TOTAL,,NOT SPECIFIED,YEAR,ALL CLASSES,,1978,,,US TOTAL,00,FIELD CROPS,00000000,,ANNUAL,ALL UTILIZATION PRACTICES,,WHEAT,2012-01-01 00:00:00.000,"WHEAT - YIELD, MEASURED IN BU / ACRE",
30,,9000,YIELD,,,SURVEY,00,ALL PRODUCTION PRACTICES,CROPS,US TOTAL,NATIONAL,,BU / ACRE,,99,US,UNITED STATES,TOTAL,,NOT SPECIFIED,YEAR,"SPRING, (EXCL DURUM)",,1978,,,US TOTAL,00,FIELD CROPS,00000000,,ANNUAL,ALL UTILIZATION PRACTICES,,WHEAT,2012-01-01 00:00:00.000,"WHEAT, SPRING, (EXCL DURUM) - YIELD, MEASURED IN BU / ACRE",
33.1,,9000,YIELD,,,SURVEY,00,ALL PRODUCTION PRACTICES,CROPS,US TOTAL,NATIONAL,,BU / ACRE,,99,US,UNITED STATES,TOTAL,,NOT SPECIFIED,YEAR,"SPRING, DURUM",,1978,,,US TOTAL,00,FIELD CROPS,00000000,,ANNUAL,ALL UTILIZATION PRACTICES,,WHEAT,2012-01-01 00:00:00.000,"WHEAT, SPRING, DURUM - YIELD, MEASURED IN BU / ACRE",
31.8,,9000,YIELD,,,SURVEY,00,ALL PRODUCTION PRACTICES,CROPS,US TOTAL,NATIONAL,,BU / ACRE,,99,US,UNITED STATES,TOTAL,,NOT SPECIFIED,YEAR,WINTER,,1978,,,US TOTAL,00,FIELD CROPS,00000000,,ANNUAL,ALL UTILIZATION PRACTICES,,WHEAT,2012-01-01 00:00:00.000,"WHEAT, WINTER - YIELD, MEASURED IN BU / ACRE",
34.2,,9000,YIELD,,,SURVEY,00,ALL PRODUCTION PRACTICES,CROPS,US TOTAL,NATIONAL,,BU / ACRE,,99,US,UNITED STATES,TOTAL,,NOT SPECIFIED,YEAR,ALL CLASSES,,1979,,,US TOTAL,00,FIELD CROPS,00000000,,ANNUAL,ALL UTILIZATION PRACTICES,,WHEAT,2012-01-01 00:00:00.000,"WHEAT - YIELD, MEASURED IN BU / ACRE",
28.2,,9000,YIELD,,,SURVEY,00,ALL PRODUCTION PRACTICES,CROPS,US TOTAL,NATIONAL,,BU / ACRE,,99,US,UNITED STATES,TOTAL,,NOT SPECIFIED,YEAR,"SPRING, (EXCL DURUM)",,1979,,,US TOTAL,00,FIELD CROPS,00000000,,ANNUAL,ALL UTILIZATION PRACTICES,,WHEAT,2012-01-01 00:00:00.000,"WHEAT, SPRING, (EXCL DURUM) - YIELD, MEASURED IN BU / ACRE",
27.1,,9000,YIELD,,,SURVEY,00,ALL PRODUCTION PRACTICES,CROPS,US TOTAL,NATIONAL,,BU / ACRE,,99,US,UNITED STATES,TOTAL,,NOT SPECIFIED,YEAR,"SPRING, DURUM",,1979,,,US TOTAL,00,FIELD CROPS,00000000,,ANNUAL,ALL UTILIZATION PRACTICES,,WHEAT,2012-01-01 00:00:00.000,"WHEAT, SPRING, DURUM - YIELD, MEASURED IN BU / ACRE",
36.9,,9000,YIELD,,,SURVEY,00,ALL PRODUCTION PRACTICES,CROPS,US TOTAL,NATIONAL,,BU / ACRE,,99,US,UNITED STATES,TOTAL,,NOT SPECIFIED,YEAR,WINTER,,1979,,,US TOTAL,00,FIELD CROPS,00000000,,ANNUAL,ALL UTILIZATION PRACTICES,,WHEAT,2012-01-01 00:00:00.000,"WHEAT, WINTER - YIELD, MEASURED IN BU / ACRE",
33.5,,9000,YIELD,,,SURVEY,00,ALL PRODUCTION PRACTICES,CROPS,US TOTAL,NATIONAL,,BU / ACRE,,99,US,UNITED STATES,TOTAL,,NOT SPECIFIED,YEAR,ALL CLASSES,,1980,,,US TOTAL,00,FIELD CROPS,00000000,,ANNUAL,ALL UTILIZATION PRACTICES,,WHEAT,2012-01-01 00:00:00.000,"WHEAT - YIELD, MEASURED IN BU / ACRE",
25.3,,9000,YIELD,,,SURVEY,00,ALL PRODUCTION PRACTICES,CROPS,US TOTAL,NATIONAL,,BU / ACRE,,99,US,UNITED STATES,TOTAL,,NOT SPECIFIED,YEAR,"SPRING, (EXCL DURUM)",,1980,,,US TOTAL,00,FIELD CROPS,00000000,,ANNUAL,ALL UTILIZATION PRACTICES,,WHEAT,2012-01-01 00:00:00.000,"WHEAT, SPRING, (EXCL DURUM) - YIELD, MEASURED IN BU / ACRE",
22.4,,9000,YIELD,,,SURVEY,00,ALL PRODUCTION PRACTICES,CROPS,US TOTAL,NATIONAL,,BU / ACRE,,99,US,UNITED STATES,TOTAL,,NOT SPECIFIED,YEAR,"SPRING, DURUM",,1980,,,US TOTAL,00,FIELD CROPS,00000000,,ANNUAL,ALL UTILIZATION PRACTICES,,WHEAT,2012-01-01 00:00:00.000,"WHEAT, SPRING, DURUM - YIELD, MEASURED IN BU / ACRE",
36.8,,9000,YIELD,,,SURVEY,00,ALL PRODUCTION PRACTICES,CROPS,US TOTAL,NATIONAL,,BU / ACRE,,99,US,UNITED STATES,TOTAL,,NOT SPECIFIED,YEAR,WINTER,,1980,,,US TOTAL,00,FIELD CROPS,00000000,,ANNUAL,ALL UTILIZATION PRACTICES,,WHEAT,2012-01-01 00:00:00.000,"WHEAT, WINTER - YIELD, MEASURED IN BU / ACRE",
34.5,,9000,YIELD,,,SURVEY,00,ALL PRODUCTION PRACTICES,CROPS,US TOTAL,NATIONAL,,BU / ACRE,,99,US,UNITED STATES,TOTAL,,NOT SPECIFIED,YEAR,ALL CLASSES,,1981,,,US TOTAL,00,FIELD CROPS,00000000,,ANNUAL,ALL UTILIZATION PRACTICES,,WHEAT,2012-01-01 00:00:00.000,"WHEAT - YIELD, MEASURED IN BU / ACRE",
30.6,,9000,YIELD,,,SURVEY,00,ALL PRODUCTION PRACTICES,CROPS,US TOTAL,NATIONAL,,BU / ACRE,,99,US,UNITED STATES,TOTAL,,NOT SPECIFIED,YEAR,"SPRING, (EXCL DURUM)",,1981,,,US TOTAL,00,FIELD CROPS,00000000,,ANNUAL,ALL UTILIZATION PRACTICES,,WHEAT,2012-01-01 00:00:00.000,"WHEAT, SPRING, (EXCL DURUM) - YIELD, MEASURED IN BU / ACRE",
32.4,,9000,YIELD,,,SURVEY,00,ALL PRODUCTION PRACTICES,CROPS,US TOTAL,NATIONAL,,BU / ACRE,,99,US,UNITED STATES,TOTAL,,NOT SPECIFIED,YEAR,"SPRING, DURUM",,1981,,,US TOTAL,00,FIELD CROPS,00000000,,ANNUAL,ALL UTILIZATION PRACTICES,,WHEAT,2012-01-01 00:00:00.000,"WHEAT, SPRING, DURUM - YIELD, MEASURED IN BU / ACRE",
35.9,,9000,YIELD,,,SURVEY,00,ALL PRODUCTION PRACTICES,CROPS,US TOTAL,NATIONAL,,BU / ACRE,,99,US,UNITED STATES,TOTAL,,NOT SPECIFIED,YEAR,WINTER,,1981,,,US TOTAL,00,FIELD CROPS,00000000,,ANNUAL,ALL UTILIZATION PRACTICES,,WHEAT,2012-01-01 00:00:00.000,"WHEAT, WINTER - YIELD, MEASURED IN BU / ACRE",
35.5,,9000,YIELD,,,SURVEY,00,ALL PRODUCTION PRACTICES,CROPS,US TOTAL,NATIONAL,,BU / ACRE,,99,US,UNITED STATES,TOTAL,,NOT SPECIFIED,YEAR,ALL CLASSES,,1982,,,US TOTAL,00,FIELD CROPS,00000000,,ANNUAL,ALL UTILIZATION PRACTICES,,WHEAT,2012-01-01 00:00:00.000,"WHEAT - YIELD, MEASURED IN BU / ACRE",
33.8,,9000,YIELD,,,SURVEY,00,ALL PRODUCTION PRACTICES,CROPS,US TOTAL,NATIONAL,,BU / ACRE,,99,US,UNITED STATES,TOTAL,,NOT SPECIFIED,YEAR,"SPRING, (EXCL DURUM)",,1982,,,US TOTAL,00,FIELD CROPS,00000000,,ANNUAL,ALL UTILIZATION PRACTICES,,WHEAT,2012-01-01 00:00:00.000,"WHEAT, SPRING, (EXCL DURUM) - YIELD, MEASURED IN BU / ACRE",
34.9,,9000,YIELD,,,SURVEY,00,ALL PRODUCTION PRACTICES,CROPS,US TOTAL,NATIONAL,,BU / ACRE,,99,US,UNITED STATES,TOTAL,,NOT SPECIFIED,YEAR,"SPRING, DURUM",,1982,,,US TOTAL,00,FIELD CROPS,00000000,,ANNUAL,ALL UTILIZATION PRACTICES,,WHEAT,2012-01-01 00:00:00.000,"WHEAT, SPRING, DURUM - YIELD, MEASURED IN BU / ACRE",
36,,9000,YIELD,,,SURVEY,00,ALL PRODUCTION PRACTICES,CROPS,US TOTAL,NATIONAL,,BU / ACRE,,99,US,UNITED STATES,TOTAL,,NOT SPECIFIED,YEAR,WINTER,,1982,,,US TOTAL,00,FIELD CROPS,00000000,,ANNUAL,ALL UTILIZATION PRACTICES,,WHEAT,2012-01-01 00:00:00.000,"WHEAT, WINTER - YIELD, MEASURED IN BU / ACRE",
39.4,,9000,YIELD,,,SURVEY,00,ALL PRODUCTION PRACTICES,CROPS,US TOTAL,NATIONAL,,BU / ACRE,,99,US,UNITED STATES,TOTAL,,NOT SPECIFIED,YEAR,ALL CLASSES,,1983,,,US TOTAL,00,FIELD CROPS,00000000,,ANNUAL,ALL UTILIZATION PRACTICES,,WHEAT,2012-01-01 00:00:00.000,"WHEAT - YIELD, MEASURED IN BU / ACRE",
31.7,,9000,YIELD,,,SURVEY,00,ALL PRODUCTION PRACTICES,CROPS,US TOTAL,NATIONAL,,BU / ACRE,,99,US,UNITED STATES,TOTAL,,NOT SPECIFIED,YEAR,"SPRING, (EXCL DURUM)",,1983,,,US TOTAL,00,FIELD CROPS,00000000,,ANNUAL,ALL UTILIZATION PRACTICES,,WHEAT,2012-01-01 00:00:00.000,"WHEAT, SPRING, (EXCL DURUM) - YIELD, MEASURED IN BU / ACRE",
29.3,,9000,YIELD,,,SURVEY,00,ALL PRODUCTION PRACTICES,CROPS,US TOTAL,NATIONAL,,BU / ACRE,,99,US,UNITED STATES,TOTAL,,NOT SPECIFIED,YEAR,"SPRING, DURUM",,1983,,,US TOTAL,00,FIELD CROPS,00000000,,ANNUAL,ALL UTILIZATION PRACTICES,,WHEAT,2012-01-01 00:00:00.000,"WHEAT, SPRING, DURUM - YIELD, MEASURED IN BU / ACRE",
41.8,,9000,YIELD,,,SURVEY,00,ALL PRODUCTION PRACTICES,CROPS,US TOTAL,NATIONAL,,BU / ACRE,,99,US,UNITED STATES,TOTAL,,NOT SPECIFIED,YEAR,WINTER,,1983,,,US TOTAL,00,FIELD CROPS,00000000,,ANNUAL,ALL UTILIZATION PRACTICES,,WHEAT,2012-01-01 00:00:00.000,"WHEAT, WINTER - YIELD, MEASURED IN BU / ACRE",
38.8,,9000,YIELD,,,SURVEY,00,ALL PRODUCTION PRACTICES,CROPS,US TOTAL,NATIONAL,,BU / ACRE,,99,US,UNITED STATES,TOTAL,,NOT SPECIFIED,YEAR,ALL CLASSES,,1984,,,US TOTAL,00,FIELD CROPS,00000000,,ANNUAL,ALL UTILIZATION PRACTICES,,WHEAT,2012-01-01 00:00:00.000,"WHEAT - YIELD, MEASURED IN BU / ACRE",
35.3,,9000,YIELD,,,SURVEY,00,ALL PRODUCTION PRACTICES,CROPS,US TOTAL,NATIONAL,,BU / ACRE,,99,US,UNITED STATES,TOTAL,,NOT SPECIFIED,YEAR,"SPRING, (EXCL DURUM)",,1984,,,US TOTAL,00,FIELD CROPS,00000000,,ANNUAL,ALL UTILIZATION PRACTICES,,WHEAT,2012-01-01 00:00:00.000,"WHEAT, SPRING, (EXCL DURUM) - YIELD, MEASURED IN BU / ACRE",
32.1,,9000,YIELD,,,SURVEY,00,ALL PRODUCTION PRACTICES,CROPS,US TOTAL,NATIONAL,,BU / ACRE,,99,US,UNITED STATES,TOTAL,,NOT SPECIFIED,YEAR,"SPRING, DURUM",,1984,,,US TOTAL,00,FIELD CROPS,00000000,,ANNUAL,ALL UTILIZATION PRACTICES,,WHEAT,2012-01-01 00:00:00.000,"WHEAT, SPRING, DURUM - YIELD, MEASURED IN BU / ACRE",
40,,9000,YIELD,,,SURVEY,00,ALL PRODUCTION PRACTICES,CROPS,US TOTAL,NATIONAL,,BU / ACRE,,99,US,UNITED STATES,TOTAL,,NOT SPECIFIED,YEAR,WINTER,,1984,,,US TOTAL,00,FIELD CROPS,00000000,,ANNUAL,ALL UTILIZATION PRACTICES,,WHEAT,2012-01-01 00:00:00.000,"WHEAT, WINTER - YIELD, MEASURED IN BU / ACRE",
37.5,,9000,YIELD,,,SURVEY,00,ALL PRODUCTION PRACTICES,CROPS,US TOTAL,NATIONAL,,BU / ACRE,,99,US,UNITED STATES,TOTAL,,NOT SPECIFIED,YEAR,ALL CLASSES,,1985,,,US TOTAL,00,FIELD CROPS,00000000,,ANNUAL,ALL UTILIZATION PRACTICES,,WHEAT,2012-01-01 00:00:00.000,"WHEAT - YIELD, MEASURED IN BU / ACRE",
35.4,,9000,YIELD,,,SURVEY,00,ALL PRODUCTION PRACTICES,CROPS,US TOTAL,NATIONAL,,BU / ACRE,,99,US,UNITED STATES,TOTAL,,NOT SPECIFIED,YEAR,"SPRING, (EXCL DURUM)",,1985,,,US TOTAL,00,FIELD CROPS,00000000,,ANNUAL,ALL UTILIZATION PRACTICES,,WHEAT,2012-01-01 00:00:00.000,"WHEAT, SPRING, (EXCL DURUM) - YIELD, MEASURED IN BU / ACRE",
36.4,,9000,YIELD,,,SURVEY,00,ALL PRODUCTION PRACTICES,CROPS,US TOTAL,NATIONAL,,BU / ACRE,,99,US,UNITED STATES,TOTAL,,NOT SPECIFIED,YEAR,"SPRING, DURUM",,1985,,,US TOTAL,00,FIELD CROPS,00000000,,ANNUAL,ALL UTILIZATION PRACTICES,,WHEAT,2012-01-01 00:00:00.000,"WHEAT, SPRING, DURUM - YIELD, MEASURED IN BU / ACRE",
38.1,,9000,YIELD,,,SURVEY,00,ALL PRODUCTION PRACTICES,CROPS,US TOTAL,NATIONAL,,BU / ACRE,,99,US,UNITED STATES,TOTAL,,NOT SPECIFIED,YEAR,WINTER,,1985,,,US TOTAL,00,FIELD CROPS,00000000,,ANNUAL,ALL UTILIZATION PRACTICES,,WHEAT,2012-01-01 00:00:00.000,"WHEAT, WINTER - YIELD, MEASURED IN BU / ACRE",
34.4,,9000,YIELD,,,SURVEY,00,ALL PRODUCTION PRACTICES,CROPS,US TOTAL,NATIONAL,,BU / ACRE,,99,US,UNITED STATES,TOTAL,,NOT SPECIFIED,YEAR,ALL CLASSES,,1986,,,US TOTAL,00,FIELD CROPS,00000000,,ANNUAL,ALL UTILIZATION PRACTICES,,WHEAT,2012-01-01 00:00:00.000,"WHEAT - YIELD, MEASURED IN BU / ACRE",
32.3,,9000,YIELD,,,SURVEY,00,ALL PRODUCTION PRACTICES,CROPS,US TOTAL,NATIONAL,,BU / ACRE,,99,US,UNITED STATES,TOTAL,,NOT SPECIFIED,YEAR,"SPRING, (EXCL DURUM)",,1986,,,US TOTAL,00,FIELD CROPS,00000000,,ANNUAL,ALL UTILIZATION PRACTICES,,WHEAT,2012-01-01 00:00:00.000,"WHEAT, SPRING, (EXCL DURUM) - YIELD, MEASURED IN BU / ACRE",
34,,9000,YIELD,,,SURVEY,00,ALL PRODUCTION PRACTICES,CROPS,US TOTAL,NATIONAL,,BU / ACRE,,99,US,UNITED STATES,TOTAL,,NOT SPECIFIED,YEAR,"SPRING, DURUM",,1986,,,US TOTAL,00,FIELD CROPS,00000000,,ANNUAL,ALL UTILIZATION PRACTICES,,WHEAT,2012-01-01 00:00:00.000,"WHEAT, SPRING, DURUM - YIELD, MEASURED IN BU / ACRE",
35.2,,9000,YIELD,,,SURVEY,00,ALL PRODUCTION PRACTICES,CROPS,US TOTAL,NATIONAL,,BU / ACRE,,99,US,UNITED STATES,TOTAL,,NOT SPECIFIED,YEAR,WINTER,,1986,,,US TOTAL,00,FIELD CROPS,00000000,,ANNUAL,ALL UTILIZATION PRACTICES,,WHEAT,2012-01-01 00:00:00.000,"WHEAT, WINTER - YIELD, MEASURED IN BU / ACRE",
37.7,,9000,YIELD,,,SURVEY,00,ALL PRODUCTION PRACTICES,CROPS,US TOTAL,NATIONAL,,BU / ACRE,,99,US,UNITED STATES,TOTAL,,NOT SPECIFIED,YEAR,ALL CLASSES,,1987,,,US TOTAL,00,FIELD CROPS,00000000,,ANNUAL,ALL UTILIZATION PRACTICES,,WHEAT,2012-01-01 00:00:00.000,"WHEAT - YIELD, MEASURED IN BU / ACRE",
33.7,,9000,YIELD,,,SURVEY,00,ALL PRODUCTION PRACTICES,CROPS,US TOTAL,NATIONAL,,BU / ACRE,,99,US,UNITED STATES,TOTAL,,NOT SPECIFIED,YEAR,"SPRING, (EXCL DURUM)",,1987,,,US TOTAL,00,FIELD CROPS,00000000,,ANNUAL,ALL UTILIZATION PRACTICES,,WHEAT,2012-01-01 00:00:00.000,"WHEAT, SPRING, (EXCL DURUM) - YIELD, MEASURED IN BU / ACRE",
28.2,,9000,YIELD,,,SURVEY,00,ALL PRODUCTION PRACTICES,CROPS,US TOTAL,NATIONAL,,BU / ACRE,,99,US,UNITED STATES,TOTAL,,NOT SPECIFIED,YEAR,"SPRING, DURUM",,1987,,,US TOTAL,00,FIELD CROPS,00000000,,ANNUAL,ALL UTILIZATION PRACTICES,,WHEAT,2012-01-01 00:00:00.000,"WHEAT, SPRING, DURUM - YIELD, MEASURED IN BU / ACRE",
39.8,,9000,YIELD,,,SURVEY,00,ALL PRODUCTION PRACTICES,CROPS,US TOTAL,NATIONAL,,BU / ACRE,,99,US,UNITED STATES,TOTAL,,NOT SPECIFIED,YEAR,WINTER,,1987,,,US TOTAL,00,FIELD CROPS,00000000,,ANNUAL,ALL UTILIZATION PRACTICES,,WHEAT,2012-01-01 00:00:00.000,"WHEAT, WINTER - YIELD, MEASURED IN BU / ACRE",
34.1,,9000,YIELD,,,SURVEY,00,ALL PRODUCTION PRACTICES,CROPS,US TOTAL,NATIONAL,,BU / ACRE,,99,US,UNITED STATES,TOTAL,,NOT SPECIFIED,YEAR,ALL CLASSES,,1988,,,US TOTAL,00,FIELD CROPS,00000000,,ANNUAL,ALL UTILIZATION PRACTICES,,WHEAT,2012-01-01 00:00:00.000,"WHEAT - YIELD, MEASURED IN BU / ACRE",
19.5,,9000,YIELD,,,SURVEY,00,ALL PRODUCTION PRACTICES,CROPS,US TOTAL,NATIONAL,,BU / ACRE,,99,US,UNITED STATES,TOTAL,,NOT SPECIFIED,YEAR,"SPRING, (EXCL DURUM)",,1988,,,US TOTAL,00,FIELD CROPS,00000000,,ANNUAL,ALL UTILIZATION PRACTICES,,WHEAT,2012-01-01 00:00:00.000,"WHEAT, SPRING, (EXCL DURUM) - YIELD, MEASURED IN BU / ACRE",
15.7,,9000,YIELD,,,SURVEY,00,ALL PRODUCTION PRACTICES,CROPS,US TOTAL,NATIONAL,,BU / ACRE,,99,US,UNITED STATES,TOTAL,,NOT SPECIFIED,YEAR,"SPRING, DURUM",,1988,,,US TOTAL,00,FIELD CROPS,00000000,,ANNUAL,ALL UTILIZATION PRACTICES,,WHEAT,2012-01-01 00:00:00.000,"WHEAT, SPRING, DURUM - YIELD, MEASURED IN BU / ACRE",
39.2,,9000,YIELD,,,SURVEY,00,ALL PRODUCTION PRACTICES,CROPS,US TOTAL,NATIONAL,,BU / ACRE,,99,US,UNITED STATES,TOTAL,,NOT SPECIFIED,YEAR,WINTER,,1988,,,US TOTAL,00,FIELD CROPS,00000000,,ANNUAL,ALL UTILIZATION PRACTICES,,WHEAT,2012-01-01 00:00:00.000,"WHEAT, WINTER - YIELD, MEASURED IN BU / ACRE",
32.7,,9000,YIELD,,,SURVEY,00,ALL PRODUCTION PRACTICES,CROPS,US TOTAL,NATIONAL,,BU / ACRE,,99,US,UNITED STATES,TOTAL,,NOT SPECIFIED,YEAR,ALL CLASSES,,1989,,,US TOTAL,00,FIELD CROPS,00000000,,ANNUAL,ALL UTILIZATION PRACTICES,,WHEAT,2012-01-01 00:00:00.000,"WHEAT - YIELD, MEASURED IN BU / ACRE",
28.8,,9000,YIELD,,,SURVEY,00,ALL PRODUCTION PRACTICES,CROPS,US TOTAL,NATIONAL,,BU / ACRE,,99,US,UNITED STATES,TOTAL,,NOT SPECIFIED,YEAR,"SPRING, (EXCL DURUM)",,1989,,,US TOTAL,00,FIELD CROPS,00000000,,ANNUAL,ALL UTILIZATION PRACTICES,,WHEAT,2012-01-01 00:00:00.000,"WHEAT, SPRING, (EXCL DURUM) - YIELD, MEASURED IN BU / ACRE",
25.1,,9000,YIELD,,,SURVEY,00,ALL PRODUCTION PRACTICES,CROPS,US TOTAL,NATIONAL,,BU / ACRE,,99,US,UNITED STATES,TOTAL,,NOT SPECIFIED,YEAR,"SPRING, DURUM",,1989,,,US TOTAL,00,FIELD CROPS,00000000,,ANNUAL,ALL UTILIZATION PRACTICES,,WHEAT,2012-01-01 00:00:00.000,"WHEAT, SPRING, DURUM - YIELD, MEASURED IN BU / ACRE",
35,,9000,YIELD,,,SURVEY,00,ALL PRODUCTION PRACTICES,CROPS,US TOTAL,NATIONAL,,BU / ACRE,,99,US,UNITED STATES,TOTAL,,NOT SPECIFIED,YEAR,WINTER,,1989,,,US TOTAL,00,FIELD CROPS,00000000,,ANNUAL,ALL UTILIZATION PRACTICES,,WHEAT,2012-01-01 00:00:00.000,"WHEAT, WINTER - YIELD, MEASURED IN BU / ACRE",
39.5,,9000,YIELD,,,SURVEY,00,ALL PRODUCTION PRACTICES,CROPS,US TOTAL,NATIONAL,,BU / ACRE,,99,US,UNITED STATES,TOTAL,,NOT SPECIFIED,YEAR,ALL CLASSES,,1990,,,US TOTAL,00,FIELD CROPS,00000000,,ANNUAL,ALL UTILIZATION PRACTICES,,WHEAT,2012-01-01 00:00:00.000,"WHEAT - YIELD, MEASURED IN BU / ACRE",
38.7,,9000,YIELD,,,SURVEY,00,ALL PRODUCTION PRACTICES,CROPS,US TOTAL,NATIONAL,,BU / ACRE,,99,US,UNITED STATES,TOTAL,,NOT SPECIFIED,YEAR - AUG FORECAST,ALL CLASSES,,1990,,,US TOTAL,00,FIELD CROPS,00000000,,ANNUAL,ALL UTILIZATION PRACTICES,,WHEAT,2012-01-01 00:00:00.000,"WHEAT - YIELD, MEASURED IN BU / ACRE",
38.6,,9000,YIELD,,,SURVEY,00,ALL PRODUCTION PRACTICES,CROPS,US TOTAL,NATIONAL,,BU / ACRE,,99,US,UNITED STATES,TOTAL,,NOT SPECIFIED,YEAR - JUL FORECAST,ALL CLASSES,,1990,,,US TOTAL,00,FIELD CROPS,00000000,,ANNUAL,ALL UTILIZATION PRACTICES,,WHEAT,2012-01-01 00:00:00.000,"WHEAT - YIELD, MEASURED IN BU / ACRE",
39.4,,9000,YIELD,,,SURVEY,00,ALL PRODUCTION PRACTICES,CROPS,US TOTAL,NATIONAL,,BU / ACRE,,99,US,UNITED STATES,TOTAL,,NOT SPECIFIED,YEAR - SEP FORECAST,ALL CLASSES,,1990,,,US TOTAL,00,FIELD CROPS,00000000,,ANNUAL,ALL UTILIZATION PRACTICES,,WHEAT,2012-01-01 00:00:00.000,"WHEAT - YIELD, MEASURED IN BU / ACRE",
36.7,,9000,YIELD,,,SURVEY,00,ALL PRODUCTION PRACTICES,CROPS,US TOTAL,NATIONAL,,BU / ACRE,,99,US,UNITED STATES,TOTAL,,NOT SPECIFIED,YEAR,"SPRING, (EXCL DURUM)",,1990,,,US TOTAL,00,FIELD CROPS,00000000,,ANNUAL,ALL UTILIZATION PRACTICES,,WHEAT,2012-01-01 00:00:00.000,"WHEAT, SPRING, (EXCL DURUM) - YIELD, MEASURED IN BU / ACRE",
33.4,,9000,YIELD,,,SURVEY,00,ALL PRODUCTION PRACTICES,CROPS,US TOTAL,NATIONAL,,BU / ACRE,,99,US,UNITED STATES,TOTAL,,NOT SPECIFIED,YEAR - AUG FORECAST,"SPRING, (EXCL DURUM)",,1990,,,US TOTAL,00,FIELD CROPS,00000000,,ANNUAL,ALL UTILIZATION PRACTICES,,WHEAT,2012-01-01 00:00:00.000,"WHEAT, SPRING, (EXCL DURUM) - YIELD, MEASURED IN BU / ACRE",
33.5,,9000,YIELD,,,SURVEY,00,ALL PRODUCTION PRACTICES,CROPS,US TOTAL,NATIONAL,,BU / ACRE,,99,US,UNITED STATES,TOTAL,,NOT SPECIFIED,YEAR - JUL FORECAST,"SPRING, (EXCL DURUM)",,1990,,,US TOTAL,00,FIELD CROPS,00000000,,ANNUAL,ALL UTILIZATION PRACTICES,,WHEAT,2012-01-01 00:00:00.000,"WHEAT, SPRING, (EXCL DURUM) - YIELD, MEASURED IN BU / ACRE",
35.7,,9000,YIELD,,,SURVEY,00,ALL PRODUCTION PRACTICES,CROPS,US TOTAL,NATIONAL,,BU / ACRE,,99,US,UNITED STATES,TOTAL,,NOT SPECIFIED,YEAR - SEP FORECAST,"SPRING, (EXCL DURUM)",,1990,,,US TOTAL,00,FIELD CROPS,00000000,,ANNUAL,ALL UTILIZATION PRACTICES,,WHEAT,2012-01-01 00:00:00.000,"WHEAT, SPRING, (EXCL DURUM) - YIELD, MEASURED IN BU / ACRE",
34.9,,9000,YIELD,,,SURVEY,00,ALL PRODUCTION PRACTICES,CROPS,US TOTAL,NATIONAL,,BU / ACRE,,99,US,UNITED STATES,TOTAL,,NOT SPECIFIED,YEAR,"SPRING, DURUM",,1990,,,US TOTAL,00,FIELD CROPS,00000000,,ANNUAL,ALL UTILIZATION PRACTICES,,WHEAT,2012-01-01 00:00:00.000,"WHEAT, SPRING, DURUM - YIELD, MEASURED IN BU / ACRE",
30.9,,9000,YIELD,,,SURVEY,00,ALL PRODUCTION PRACTICES,CROPS,US TOTAL,NATIONAL,,BU / ACRE,,99,US,UNITED STATES,TOTAL,,NOT SPECIFIED,YEAR - AUG FORECAST,"SPRING, DURUM",,1990,,,US TOTAL,00,FIELD CROPS,00000000,,ANNUAL,ALL UTILIZATION PRACTICES,,WHEAT,2012-01-01 00:00:00.000,"WHEAT, SPRING, DURUM - YIELD, MEASURED IN BU / ACRE",
32.7,,9000,YIELD,,,SURVEY,00,ALL PRODUCTION PRACTICES,CROPS,US TOTAL,NATIONAL,,BU / ACRE,,99,US,UNITED STATES,TOTAL,,NOT SPECIFIED,YEAR - JUL FORECAST,"SPRING, DURUM",,1990,,,US TOTAL,00,FIELD CROPS,00000000,,ANNUAL,ALL UTILIZATION PRACTICES,,WHEAT,2012-01-01 00:00:00.000,"WHEAT, SPRING, DURUM - YIELD, MEASURED IN BU / ACRE",
34.4,,9000,YIELD,,,SURVEY,00,ALL PRODUCTION PRACTICES,CROPS,US TOTAL,NATIONAL,,BU / ACRE,,99,US,UNITED STATES,TOTAL,,NOT SPECIFIED,YEAR - SEP FORECAST,"SPRING, DURUM",,1990,,,US TOTAL,00,FIELD CROPS,00000000,,ANNUAL,ALL UTILIZATION PRACTICES,,WHEAT,2012-01-01 00:00:00.000,"WHEAT, SPRING, DURUM - YIELD, MEASURED IN BU / ACRE",
40.7,,9000,YIELD,,,SURVEY,00,ALL PRODUCTION PRACTICES,CROPS,US TOTAL,NATIONAL,,BU / ACRE,,99,US,UNITED STATES,TOTAL,,NOT SPECIFIED,YEAR,WINTER,,1990,,,US TOTAL,00,FIELD CROPS,00000000,,ANNUAL,ALL UTILIZATION PRACTICES,,WHEAT,2012-01-01 00:00:00.000,"WHEAT, WINTER - YIELD, MEASURED IN BU / ACRE",
41,,9000,YIELD,,,SURVEY,00,ALL PRODUCTION PRACTICES,CROPS,US TOTAL,NATIONAL,,BU / ACRE,,99,US,UNITED STATES,TOTAL,,NOT SPECIFIED,YEAR - AUG FORECAST,WINTER,,1990,,,US TOTAL,00,FIELD CROPS,00000000,,ANNUAL,ALL UTILIZATION PRACTICES,,WHEAT,2012-01-01 00:00:00.000,"WHEAT, WINTER - YIELD, MEASURED IN BU / ACRE",
40.6,,9000,YIELD,,,SURVEY,00,ALL PRODUCTION PRACTICES,CROPS,US TOTAL,NATIONAL,,BU / ACRE,,99,US,UNITED STATES,TOTAL,,NOT SPECIFIED,YEAR - JUL FORECAST,WINTER,,1990,,,US TOTAL,00,FIELD CROPS,00000000,,ANNUAL,ALL UTILIZATION PRACTICES,,WHEAT,2012-01-01 00:00:00.000,"WHEAT, WINTER - YIELD, MEASURED IN BU / ACRE",
41.2,,9000,YIELD,,,SURVEY,00,ALL PRODUCTION PRACTICES,CROPS,US TOTAL,NATIONAL,,BU / ACRE,,99,US,UNITED STATES,TOTAL,,NOT SPECIFIED,YEAR - JUN FORECAST,WINTER,,1990,,,US TOTAL,00,FIELD CROPS,00000000,,ANNUAL,ALL UTILIZATION PRACTICES,,WHEAT,2012-01-01 00:00:00.000,"WHEAT, WINTER - YIELD, MEASURED IN BU / ACRE",
41.1,,9000,YIELD,,,SURVEY,00,ALL PRODUCTION PRACTICES,CROPS,US TOTAL,NATIONAL,,BU / ACRE,,99,US,UNITED STATES,TOTAL,,NOT SPECIFIED,YEAR - MAY FORECAST,WINTER,,1990,,,US TOTAL,00,FIELD CROPS,00000000,,ANNUAL,ALL UTILIZATION PRACTICES,,WHEAT,2012-01-01 00:00:00.000,"WHEAT, WINTER - YIELD, MEASURED IN BU / ACRE",
34.3,,9000,YIELD,,,SURVEY,00,ALL PRODUCTION PRACTICES,CROPS,US TOTAL,NATIONAL,,BU / ACRE,,99,US,UNITED STATES,TOTAL,,NOT SPECIFIED,YEAR,ALL CLASSES,,1991,,,US TOTAL,00,FIELD CROPS,00000000,,ANNUAL,ALL UTILIZATION PRACTICES,,WHEAT,2012-01-01 00:00:00.000,"WHEAT - YIELD, MEASURED IN BU / ACRE",
35,,9000,YIELD,,,SURVEY,00,ALL PRODUCTION PRACTICES,CROPS,US TOTAL,NATIONAL,,BU / ACRE,,99,US,UNITED STATES,TOTAL,,NOT SPECIFIED,YEAR - AUG FORECAST,ALL CLASSES,,1991,,,US TOTAL,00,FIELD CROPS,00000000,,ANNUAL,ALL UTILIZATION PRACTICES,,WHEAT,2012-01-01 00:00:00.000,"WHEAT - YIELD, MEASURED IN BU / ACRE",
35,,9000,YIELD,,,SURVEY,00,ALL PRODUCTION PRACTICES,CROPS,US TOTAL,NATIONAL,,BU / ACRE,,99,US,UNITED STATES,TOTAL,,NOT SPECIFIED,YEAR - JUL FORECAST,ALL CLASSES,,1991,,,US TOTAL,00,FIELD CROPS,00000000,,ANNUAL,ALL UTILIZATION PRACTICES,,WHEAT,2012-01-01 00:00:00.000,"WHEAT - YIELD, MEASURED IN BU / ACRE",
34.6,,9000,YIELD,,,SURVEY,00,ALL PRODUCTION PRACTICES,CROPS,US TOTAL,NATIONAL,,BU / ACRE,,99,US,UNITED STATES,TOTAL,,NOT SPECIFIED,YEAR - SEP FORECAST,ALL CLASSES,,1991,,,US TOTAL,00,FIELD CROPS,00000000,,ANNUAL,ALL UTILIZATION PRACTICES,,WHEAT,2012-01-01 00:00:00.000,"WHEAT - YIELD, MEASURED IN BU / ACRE",
33.4,,9000,YIELD,,,SURVEY,00,ALL PRODUCTION PRACTICES,CROPS,US TOTAL,NATIONAL,,BU / ACRE,,99,US,UNITED STATES,TOTAL,,NOT SPECIFIED,YEAR,"SPRING, (EXCL DURUM)",,1991,,,US TOTAL,00,FIELD CROPS,00000000,,ANNUAL,ALL UTILIZATION PRACTICES,,WHEAT,2012-01-01 00:00:00.000,"WHEAT, SPRING, (EXCL DURUM) - YIELD, MEASURED IN BU / ACRE",
35.8,,9000,YIELD,,,SURVEY,00,ALL PRODUCTION PRACTICES,CROPS,US TOTAL,NATIONAL,,BU / ACRE,,99,US,UNITED STATES,TOTAL,,NOT SPECIFIED,YEAR - AUG FORECAST,"SPRING, (EXCL DURUM)",,1991,,,US TOTAL,00,FIELD CROPS,00000000,,ANNUAL,ALL UTILIZATION PRACTICES,,WHEAT,2012-01-01 00:00:00.000,"WHEAT, SPRING, (EXCL DURUM) - YIELD, MEASURED IN BU / ACRE",
36.4,,9000,YIELD,,,SURVEY,00,ALL PRODUCTION PRACTICES,CROPS,US TOTAL,NATIONAL,,BU / ACRE,,99,US,UNITED STATES,TOTAL,,NOT SPECIFIED,YEAR - JUL FORECAST,"SPRING, (EXCL DURUM)",,1991,,,US TOTAL,00,FIELD CROPS,00000000,,ANNUAL,ALL UTILIZATION PRACTICES,,WHEAT,2012-01-01 00:00:00.000,"WHEAT, SPRING, (EXCL DURUM) - YIELD, MEASURED IN BU / ACRE",
34.5,,9000,YIELD,,,SURVEY,00,ALL PRODUCTION PRACTICES,CROPS,US TOTAL,NATIONAL,,BU / ACRE,,99,US,UNITED STATES,TOTAL,,NOT SPECIFIED,YEAR - SEP FORECAST,"SPRING, (EXCL DURUM)",,1991,,,US TOTAL,00,FIELD CROPS,00000000,,ANNUAL,ALL UTILIZATION PRACTICES,,WHEAT,2012-01-01 00:00:00.000,"WHEAT, SPRING, (EXCL DURUM) - YIELD, MEASURED IN BU / ACRE",
32.5,,9000,YIELD,,,SURVEY,00,ALL PRODUCTION PRACTICES,CROPS,US TOTAL,NATIONAL,,BU / ACRE,,99,US,UNITED STATES,TOTAL,,NOT SPECIFIED,YEAR,"SPRING, DURUM",,1991,,,US TOTAL,00,FIELD CROPS,00000000,,ANNUAL,ALL UTILIZATION PRACTICES,,WHEAT,2012-01-01 00:00:00.000,"WHEAT, SPRING, DURUM - YIELD, MEASURED IN BU / ACRE",
34.4,,9000,YIELD,,,SURVEY,00,ALL PRODUCTION PRACTICES,CROPS,US TOTAL,NATIONAL,,BU / ACRE,,99,US,UNITED STATES,TOTAL,,NOT SPECIFIED,YEAR - AUG FORECAST,"SPRING, DURUM",,1991,,,US TOTAL,00,FIELD CROPS,00000000,,ANNUAL,ALL UTILIZATION PRACTICES,,WHEAT,2012-01-01 00:00:00.000,"WHEAT, SPRING, DURUM - YIELD, MEASURED IN BU / ACRE",
34.5,,9000,YIELD,,,SURVEY,00,ALL PRODUCTION PRACTICES,CROPS,US TOTAL,NATIONAL,,BU / ACRE,,99,US,UNITED STATES,TOTAL,,NOT SPECIFIED,YEAR - JUL FORECAST,"SPRING, DURUM",,1991,,,US TOTAL,00,FIELD CROPS,00000000,,ANNUAL,ALL UTILIZATION PRACTICES,,WHEAT,2012-01-01 00:00:00.000,"WHEAT, SPRING, DURUM - YIELD, MEASURED IN BU / ACRE",
34.4,,9000,YIELD,,,SURVEY,00,ALL PRODUCTION PRACTICES,CROPS,US TOTAL,NATIONAL,,BU / ACRE,,99,US,UNITED STATES,TOTAL,,NOT SPECIFIED,YEAR - SEP FORECAST,"SPRING, DURUM",,1991,,,US TOTAL,00,FIELD CROPS,00000000,,ANNUAL,ALL UTILIZATION PRACTICES,,WHEAT,2012-01-01 00:00:00.000,"WHEAT, SPRING, DURUM - YIELD, MEASURED IN BU / ACRE",
34.7,,9000,YIELD,,,SURVEY,00,ALL PRODUCTION PRACTICES,CROPS,US TOTAL,NATIONAL,,BU / ACRE,,99,US,UNITED STATES,TOTAL,,NOT SPECIFIED,YEAR,WINTER,,1991,,,US TOTAL,00,FIELD CROPS,00000000,,ANNUAL,ALL UTILIZATION PRACTICES,,WHEAT,2012-01-01 00:00:00.000,"WHEAT, WINTER - YIELD, MEASURED IN BU / ACRE",
34.7,,9000,YIELD,,,SURVEY,00,ALL PRODUCTION PRACTICES,CROPS,US TOTAL,NATIONAL,,BU / ACRE,,99,US,UNITED STATES,TOTAL,,NOT SPECIFIED,YEAR - AUG FORECAST,WINTER,,1991,,,US TOTAL,00,FIELD CROPS,00000000,,ANNUAL,ALL UTILIZATION PRACTICES,,WHEAT,2012-01-01 00:00:00.000,"WHEAT, WINTER - YIELD, MEASURED IN BU / ACRE",
34.4,,9000,YIELD,,,SURVEY,00,ALL PRODUCTION PRACTICES,CROPS,US TOTAL,NATIONAL,,BU / ACRE,,99,US,UNITED STATES,TOTAL,,NOT SPECIFIED,YEAR - JUL FORECAST,WINTER,,1991,,,US TOTAL,00,FIELD CROPS,00000000,,ANNUAL,ALL UTILIZATION PRACTICES,,WHEAT,2012-01-01 00:00:00.000,"WHEAT, WINTER - YIELD, MEASURED IN BU / ACRE",
36,,9000,YIELD,,,SURVEY,00,ALL PRODUCTION PRACTICES,CROPS,US TOTAL,NATIONAL,,BU / ACRE,,99,US,UNITED STATES,TOTAL,,NOT SPECIFIED,YEAR - JUN FORECAST,WINTER,,1991,,,US TOTAL,00,FIELD CROPS,00000000,,ANNUAL,ALL UTILIZATION PRACTICES,,WHEAT,2012-01-01 00:00:00.000,"WHEAT, WINTER - YIELD, MEASURED IN BU / ACRE",
36.9,,9000,YIELD,,,SURVEY,00,ALL PRODUCTION PRACTICES,CROPS,US TOTAL,NATIONAL,,BU / ACRE,,99,US,UNITED STATES,TOTAL,,NOT SPECIFIED,YEAR - MAY FORECAST,WINTER,,1991,,,US TOTAL,00,FIELD CROPS,00000000,,ANNUAL,ALL UTILIZATION PRACTICES,,WHEAT,2012-01-01 00:00:00.000,"WHEAT, WINTER - YIELD, MEASURED IN BU / ACRE",
39.3,,9000,YIELD,,,SURVEY,00,ALL PRODUCTION PRACTICES,CROPS,US TOTAL,NATIONAL,,BU / ACRE,,99,US,UNITED STATES,TOTAL,,NOT SPECIFIED,YEAR,ALL CLASSES,,1992,,,US TOTAL,00,FIELD CROPS,00000000,,ANNUAL,ALL UTILIZATION PRACTICES,,WHEAT,2012-01-01 00:00:00.000,"WHEAT - YIELD, MEASURED IN BU / ACRE",
37,,9000,YIELD,,,SURVEY,00,ALL PRODUCTION PRACTICES,CROPS,US TOTAL,NATIONAL,,BU / ACRE,,99,US,UNITED STATES,TOTAL,,NOT SPECIFIED,YEAR - AUG FORECAST,ALL CLASSES,,1992,,,US TOTAL,00,FIELD CROPS,00000000,,ANNUAL,ALL UTILIZATION PRACTICES,,WHEAT,2012-01-01 00:00:00.000,"WHEAT - YIELD, MEASURED IN BU / ACRE",
35.4,,9000,YIELD,,,SURVEY,00,ALL PRODUCTION PRACTICES,CROPS,US TOTAL,NATIONAL,,BU / ACRE,,99,US,UNITED STATES,TOTAL,,NOT SPECIFIED,YEAR - JUL FORECAST,ALL CLASSES,,1992,,,US TOTAL,00,FIELD CROPS,00000000,,ANNUAL,ALL UTILIZATION PRACTICES,,WHEAT,2012-01-01 00:00:00.000,"WHEAT - YIELD, MEASURED IN BU / ACRE",
38.2,,9000,YIELD,,,SURVEY,00,ALL PRODUCTION PRACTICES,CROPS,US TOTAL,NATIONAL,,BU / ACRE,,99,US,UNITED STATES,TOTAL,,NOT SPECIFIED,YEAR - SEP FORECAST,ALL CLASSES,,1992,,,US TOTAL,00,FIELD CROPS,00000000,,ANNUAL,ALL UTILIZATION PRACTICES,,WHEAT,2012-01-01 00:00:00.000,"WHEAT - YIELD, MEASURED IN BU / ACRE",
41.8,,9000,YIELD,,,SURVEY,00,ALL PRODUCTION PRACTICES,CROPS,US TOTAL,NATIONAL,,BU / ACRE,,99,US,UNITED STATES,TOTAL,,NOT SPECIFIED,YEAR,"SPRING, (EXCL DURUM)",,1992,,,US TOTAL,00,FIELD CROPS,00000000,,ANNUAL,ALL UTILIZATION PRACTICES,,WHEAT,2012-01-01 00:00:00.000,"WHEAT, SPRING, (EXCL DURUM) - YIELD, MEASURED IN BU / ACRE",
36.1,,9000,YIELD,,,SURVEY,00,ALL PRODUCTION PRACTICES,CROPS,US TOTAL,NATIONAL,,BU / ACRE,,99,US,UNITED STATES,TOTAL,,NOT SPECIFIED,YEAR - AUG FORECAST,"SPRING, (EXCL DURUM)",,1992,,,US TOTAL,00,FIELD CROPS,00000000,,ANNUAL,ALL UTILIZATION PRACTICES,,WHEAT,2012-01-01 00:00:00.000,"WHEAT, SPRING, (EXCL DURUM) - YIELD, MEASURED IN BU / ACRE",
32.3,,9000,YIELD,,,SURVEY,00,ALL PRODUCTION PRACTICES,CROPS,US TOTAL,NATIONAL,,BU / ACRE,,99,US,UNITED STATES,TOTAL,,NOT SPECIFIED,YEAR - JUL FORECAST,"SPRING, (EXCL DURUM)",,1992,,,US TOTAL,00,FIELD CROPS,00000000,,ANNUAL,ALL UTILIZATION PRACTICES,,WHEAT,2012-01-01 00:00:00.000,"WHEAT, SPRING, (EXCL DURUM) - YIELD, MEASURED IN BU / ACRE",
39.7,,9000,YIELD,,,SURVEY,00,ALL PRODUCTION PRACTICES,CROPS,US TOTAL,NATIONAL,,BU / ACRE,,99,US,UNITED STATES,TOTAL,,NOT SPECIFIED,YEAR - SEP FORECAST,"SPRING, (EXCL DURUM)",,1992,,,US TOTAL,00,FIELD CROPS,00000000,,ANNUAL,ALL UTILIZATION PRACTICES,,WHEAT,2012-01-01 00:00:00.000,"WHEAT, SPRING, (EXCL DURUM) - YIELD, MEASURED IN BU / ACRE",
39.7,,9000,YIELD,,,SURVEY,00,ALL PRODUCTION PRACTICES,CROPS,US TOTAL,NATIONAL,,BU / ACRE,,99,US,UNITED STATES,TOTAL,,NOT SPECIFIED,YEAR,"SPRING, DURUM",,1992,,,US TOTAL,00,FIELD CROPS,00000000,,ANNUAL,ALL UTILIZATION PRACTICES,,WHEAT,2012-01-01 00:00:00.000,"WHEAT, SPRING, DURUM - YIELD, MEASURED IN BU / ACRE",
33.5,,9000,YIELD,,,SURVEY,00,ALL PRODUCTION PRACTICES,CROPS,US TOTAL,NATIONAL,,BU / ACRE,,99,US,UNITED STATES,TOTAL,,NOT SPECIFIED,YEAR - AUG FORECAST,"SPRING, DURUM",,1992,,,US TOTAL,00,FIELD CROPS,00000000,,ANNUAL,ALL UTILIZATION PRACTICES,,WHEAT,2012-01-01 00:00:00.000,"WHEAT, SPRING, DURUM - YIELD, MEASURED IN BU / ACRE",
30.6,,9000,YIELD,,,SURVEY,00,ALL PRODUCTION PRACTICES,CROPS,US TOTAL,NATIONAL,,BU / ACRE,,99,US,UNITED STATES,TOTAL,,NOT SPECIFIED,YEAR - JUL FORECAST,"SPRING, DURUM",,1992,,,US TOTAL,00,FIELD CROPS,00000000,,ANNUAL,ALL UTILIZATION PRACTICES,,WHEAT,2012-01-01 00:00:00.000,"WHEAT, SPRING, DURUM - YIELD, MEASURED IN BU / ACRE",
36.3,,9000,YIELD,,,SURVEY,00,ALL PRODUCTION PRACTICES,CROPS,US TOTAL,NATIONAL,,BU / ACRE,,99,US,UNITED STATES,TOTAL,,NOT SPECIFIED,YEAR - SEP FORECAST,"SPRING, DURUM",,1992,,,US TOTAL,00,FIELD CROPS,00000000,,ANNUAL,ALL UTILIZATION PRACTICES,,WHEAT,2012-01-01 00:00:00.000,"WHEAT, SPRING, DURUM - YIELD, MEASURED IN BU / ACRE",
38.2,,9000,YIELD,,,SURVEY,00,ALL PRODUCTION PRACTICES,CROPS,US TOTAL,NATIONAL,,BU / ACRE,,99,US,UNITED STATES,TOTAL,,NOT SPECIFIED,YEAR,WINTER,,1992,,,US TOTAL,00,FIELD CROPS,00000000,,ANNUAL,ALL UTILIZATION PRACTICES,,WHEAT,2012-01-01 00:00:00.000,"WHEAT, WINTER - YIELD, MEASURED IN BU / ACRE",
37.6,,9000,YIELD,,,SURVEY,00,ALL PRODUCTION PRACTICES,CROPS,US TOTAL,NATIONAL,,BU / ACRE,,99,US,UNITED STATES,TOTAL,,NOT SPECIFIED,YEAR - AUG FORECAST,WINTER,,1992,,,US TOTAL,00,FIELD CROPS,00000000,,ANNUAL,ALL UTILIZATION PRACTICES,,WHEAT,2012-01-01 00:00:00.000,"WHEAT, WINTER - YIELD, MEASURED IN BU / ACRE",
37,,9000,YIELD,,,SURVEY,00,ALL PRODUCTION PRACTICES,CROPS,US TOTAL,NATIONAL,,BU / ACRE,,99,US,UNITED STATES,TOTAL,,NOT SPECIFIED,YEAR - JUL FORECAST,WINTER,,1992,,,US TOTAL,00,FIELD CROPS,00000000,,ANNUAL,ALL UTILIZATION PRACTICES,,WHEAT,2012-01-01 00:00:00.000,"WHEAT, WINTER - YIELD, MEASURED IN BU / ACRE",
35.9,,9000,YIELD,,,SURVEY,00,ALL PRODUCTION PRACTICES,CROPS,US TOTAL,NATIONAL,,BU / ACRE,,99,US,UNITED STATES,TOTAL,,NOT SPECIFIED,YEAR - JUN FORECAST,WINTER,,1992,,,US TOTAL,00,FIELD CROPS,00000000,,ANNUAL,ALL UTILIZATION PRACTICES,,WHEAT,2012-01-01 00:00:00.000,"WHEAT, WINTER - YIELD, MEASURED IN BU / ACRE",
37.3,,9000,YIELD,,,SURVEY,00,ALL PRODUCTION PRACTICES,CROPS,US TOTAL,NATIONAL,,BU / ACRE,,99,US,UNITED STATES,TOTAL,,NOT SPECIFIED,YEAR - MAY FORECAST,WINTER,,1992,,,US TOTAL,00,FIELD CROPS,00000000,,ANNUAL,ALL UTILIZATION PRACTICES,,WHEAT,2012-01-01 00:00:00.000,"WHEAT, WINTER - YIELD, MEASURED IN BU / ACRE",
38.2,,9000,YIELD,,,SURVEY,00,ALL PRODUCTION PRACTICES,CROPS,US TOTAL,NATIONAL,,BU / ACRE,,99,US,UNITED STATES,TOTAL,,NOT SPECIFIED,YEAR,ALL CLASSES,,1993,,,US TOTAL,00,FIELD CROPS,00000000,,ANNUAL,ALL UTILIZATION PRACTICES,,WHEAT,2012-01-01 00:00:00.000,"WHEAT - YIELD, MEASURED IN BU / ACRE",
40,,9000,YIELD,,,SURVEY,00,ALL PRODUCTION PRACTICES,CROPS,US TOTAL,NATIONAL,,BU / ACRE,,99,US,UNITED STATES,TOTAL,,NOT SPECIFIED,YEAR - AUG FORECAST,ALL CLASSES,,1993,,,US TOTAL,00,FIELD CROPS,00000000,,ANNUAL,ALL UTILIZATION PRACTICES,,WHEAT,2012-01-01 00:00:00.000,"WHEAT - YIELD, MEASURED IN BU / ACRE",
40.5,,9000,YIELD,,,SURVEY,00,ALL PRODUCTION PRACTICES,CROPS,US TOTAL,NATIONAL,,BU / ACRE,,99,US,UNITED STATES,TOTAL,,NOT SPECIFIED,YEAR - JUL FORECAST,ALL CLASSES,,1993,,,US TOTAL,00,FIELD CROPS,00000000,,ANNUAL,ALL UTILIZATION PRACTICES,,WHEAT,2012-01-01 00:00:00.000,"WHEAT - YIELD, MEASURED IN BU / ACRE",
39,,9000,YIELD,,,SURVEY,00,ALL PRODUCTION PRACTICES,CROPS,US TOTAL,NATIONAL,,BU / ACRE,,99,US,UNITED STATES,TOTAL,,NOT SPECIFIED,YEAR - SEP FORECAST,ALL CLASSES,,1993,,,US TOTAL,00,FIELD CROPS,00000000,,ANNUAL,ALL UTILIZATION PRACTICES,,WHEAT,2012-01-01 00:00:00.000,"WHEAT - YIELD, MEASURED IN BU / ACRE",
33.7,,9000,YIELD,,,SURVEY,00,ALL PRODUCTION PRACTICES,CROPS,US TOTAL,NATIONAL,,BU / ACRE,,99,US,UNITED STATES,TOTAL,,NOT SPECIFIED,YEAR,"SPRING, (EXCL DURUM)",,1993,,,US TOTAL,00,FIELD CROPS,00000000,,ANNUAL,ALL UTILIZATION PRACTICES,,WHEAT,2012-01-01 00:00:00.000,"WHEAT, SPRING, (EXCL DURUM) - YIELD, MEASURED IN BU / ACRE",
39,,9000,YIELD,,,SURVEY,00,ALL PRODUCTION PRACTICES,CROPS,US TOTAL,NATIONAL,,BU / ACRE,,99,US,UNITED STATES,TOTAL,,NOT SPECIFIED,YEAR - AUG FORECAST,"SPRING, (EXCL DURUM)",,1993,,,US TOTAL,00,FIELD CROPS,00000000,,ANNUAL,ALL UTILIZATION PRACTICES,,WHEAT,2012-01-01 00:00:00.000,"WHEAT, SPRING, (EXCL DURUM) - YIELD, MEASURED IN BU / ACRE",
39.4,,9000,YIELD,,,SURVEY,00,ALL PRODUCTION PRACTICES,CROPS,US TOTAL,NATIONAL,,BU / ACRE,,99,US,UNITED STATES,TOTAL,,NOT SPECIFIED,YEAR - JUL FORECAST,"SPRING, (EXCL DURUM)",,1993,,,US TOTAL,00,FIELD CROPS,00000000,,ANNUAL,ALL UTILIZATION PRACTICES,,WHEAT,2012-01-01 00:00:00.000,"WHEAT, SPRING, (EXCL DURUM) - YIELD, MEASURED IN BU / ACRE",
35.7,,9000,YIELD,,,SURVEY,00,ALL PRODUCTION PRACTICES,CROPS,US TOTAL,NATIONAL,,BU / ACRE,,99,US,UNITED STATES,TOTAL,,NOT SPECIFIED,YEAR - SEP FORECAST,"SPRING, (EXCL DURUM)",,1993,,,US TOTAL,00,FIELD CROPS,00000000,,ANNUAL,ALL UTILIZATION PRACTICES,,WHEAT,2012-01-01 00:00:00.000,"WHEAT, SPRING, (EXCL DURUM) - YIELD, MEASURED IN BU / ACRE",
33.6,,9000,YIELD,,,SURVEY,00,ALL PRODUCTION PRACTICES,CROPS,US TOTAL,NATIONAL,,BU / ACRE,,99,US,UNITED STATES,TOTAL,,NOT SPECIFIED,YEAR,"SPRING, DURUM",,1993,,,US TOTAL,00,FIELD CROPS,00000000,,ANNUAL,ALL UTILIZATION PRACTICES,,WHEAT,2012-01-01 00:00:00.000,"WHEAT, SPRING, DURUM - YIELD, MEASURED IN BU / ACRE",
37.8,,9000,YIELD,,,SURVEY,00,ALL PRODUCTION PRACTICES,CROPS,US TOTAL,NATIONAL,,BU / ACRE,,99,US,UNITED STATES,TOTAL,,NOT SPECIFIED,YEAR - AUG FORECAST,"SPRING, DURUM",,1993,,,US TOTAL,00,FIELD CROPS,00000000,,ANNUAL,ALL UTILIZATION PRACTICES,,WHEAT,2012-01-01 00:00:00.000,"WHEAT, SPRING, DURUM - YIELD, MEASURED IN BU / ACRE",
37.8,,9000,YIELD,,,SURVEY,00,ALL PRODUCTION PRACTICES,CROPS,US TOTAL,NATIONAL,,BU / ACRE,,99,US,UNITED STATES,TOTAL,,NOT SPECIFIED,YEAR - JUL FORECAST,"SPRING, DURUM",,1993,,,US TOTAL,00,FIELD CROPS,00000000,,ANNUAL,ALL UTILIZATION PRACTICES,,WHEAT,2012-01-01 00:00:00.000,"WHEAT, SPRING, DURUM - YIELD, MEASURED IN BU / ACRE",
35.9,,9000,YIELD,,,SURVEY,00,ALL PRODUCTION PRACTICES,CROPS,US TOTAL,NATIONAL,,BU / ACRE,,99,US,UNITED STATES,TOTAL,,NOT SPECIFIED,YEAR - SEP FORECAST,"SPRING, DURUM",,1993,,,US TOTAL,00,FIELD CROPS,00000000,,ANNUAL,ALL UTILIZATION PRACTICES,,WHEAT,2012-01-01 00:00:00.000,"WHEAT, SPRING, DURUM - YIELD, MEASURED IN BU / ACRE",
40.2,,9000,YIELD,,,SURVEY,00,ALL PRODUCTION PRACTICES,CROPS,US TOTAL,NATIONAL,,BU / ACRE,,99,US,UNITED STATES,TOTAL,,NOT SPECIFIED,YEAR,WINTER,,1993,,,US TOTAL,00,FIELD CROPS,00000000,,ANNUAL,ALL UTILIZATION PRACTICES,,WHEAT,2012-01-01 00:00:00.000,"WHEAT, WINTER - YIELD, MEASURED IN BU / ACRE",
40.5,,9000,YIELD,,,SURVEY,00,ALL PRODUCTION PRACTICES,CROPS,US TOTAL,NATIONAL,,BU / ACRE,,99,US,UNITED STATES,TOTAL,,NOT SPECIFIED,YEAR - AUG FORECAST,WINTER,,1993,,,US TOTAL,00,FIELD CROPS,00000000,,ANNUAL,ALL UTILIZATION PRACTICES,,WHEAT,2012-01-01 00:00:00.000,"WHEAT, WINTER - YIELD, MEASURED IN BU / ACRE",
41,,9000,YIELD,,,SURVEY,00,ALL PRODUCTION PRACTICES,CROPS,US TOTAL,NATIONAL,,BU / ACRE,,99,US,UNITED STATES,TOTAL,,NOT SPECIFIED,YEAR - JUL FORECAST,WINTER,,1993,,,US TOTAL,00,FIELD CROPS,00000000,,ANNUAL,ALL UTILIZATION PRACTICES,,WHEAT,2012-01-01 00:00:00.000,"WHEAT, WINTER - YIELD, MEASURED IN BU / ACRE",
41.2,,9000,YIELD,,,SURVEY,00,ALL PRODUCTION PRACTICES,CROPS,US TOTAL,NATIONAL,,BU / ACRE,,99,US,UNITED STATES,TOTAL,,NOT SPECIFIED,YEAR - JUN FORECAST,WINTER,,1993,,,US TOTAL,00,FIELD CROPS,00000000,,ANNUAL,ALL UTILIZATION PRACTICES,,WHEAT,2012-01-01 00:00:00.000,"WHEAT, WINTER - YIELD, MEASURED IN BU / ACRE",
40.8,,9000,YIELD,,,SURVEY,00,ALL PRODUCTION PRACTICES,CROPS,US TOTAL,NATIONAL,,BU / ACRE,,99,US,UNITED STATES,TOTAL,,NOT SPECIFIED,YEAR - MAY FORECAST,WINTER,,1993,,,US TOTAL,00,FIELD CROPS,00000000,,ANNUAL,ALL UTILIZATION PRACTICES,,WHEAT,2012-01-01 00:00:00.000,"WHEAT, WINTER - YIELD, MEASURED IN BU / ACRE",
37.6,,9000,YIELD,,,SURVEY,00,ALL PRODUCTION PRACTICES,CROPS,US TOTAL,NATIONAL,,BU / ACRE,,99,US,UNITED STATES,TOTAL,,NOT SPECIFIED,YEAR,ALL CLASSES,,1994,,,US TOTAL,00,FIELD CROPS,00000000,,ANNUAL,ALL UTILIZATION PRACTICES,,WHEAT,2012-01-01 00:00:00.000,"WHEAT - YIELD, MEASURED IN BU / ACRE",
38.5,,9000,YIELD,,,SURVEY,00,ALL PRODUCTION PRACTICES,CROPS,US TOTAL,NATIONAL,,BU / ACRE,,99,US,UNITED STATES,TOTAL,,NOT SPECIFIED,YEAR - AUG FORECAST,ALL CLASSES,,1994,,,US TOTAL,00,FIELD CROPS,00000000,,ANNUAL,ALL UTILIZATION PRACTICES,,WHEAT,2012-01-01 00:00:00.000,"WHEAT - YIELD, MEASURED IN BU / ACRE",
39,,9000,YIELD,,,SURVEY,00,ALL PRODUCTION PRACTICES,CROPS,US TOTAL,NATIONAL,,BU / ACRE,,99,US,UNITED STATES,TOTAL,,NOT SPECIFIED,YEAR - JUL FORECAST,ALL CLASSES,,1994,,,US TOTAL,00,FIELD CROPS,00000000,,ANNUAL,ALL UTILIZATION PRACTICES,,WHEAT,2012-01-01 00:00:00.000,"WHEAT - YIELD, MEASURED IN BU / ACRE",
39.1,,9000,YIELD,,,SURVEY,00,ALL PRODUCTION PRACTICES,CROPS,US TOTAL,NATIONAL,,BU / ACRE,,99,US,UNITED STATES,TOTAL,,NOT SPECIFIED,YEAR - SEP FORECAST,ALL CLASSES,,1994,,,US TOTAL,00,FIELD CROPS,00000000,,ANNUAL,ALL UTILIZATION PRACTICES,,WHEAT,2012-01-01 00:00:00.000,"WHEAT - YIELD, MEASURED IN BU / ACRE",
31.8,,9000,YIELD,,,SURVEY,00,ALL PRODUCTION PRACTICES,CROPS,US TOTAL,NATIONAL,,BU / ACRE,,99,US,UNITED STATES,TOTAL,,NOT SPECIFIED,YEAR,"SPRING, (EXCL DURUM)",,1994,,,US TOTAL,00,FIELD CROPS,00000000,,ANNUAL,ALL UTILIZATION PRACTICES,,WHEAT,2012-01-01 00:00:00.000,"WHEAT, SPRING, (EXCL DURUM) - YIELD, MEASURED IN BU / ACRE",
34.6,,9000,YIELD,,,SURVEY,00,ALL PRODUCTION PRACTICES,CROPS,US TOTAL,NATIONAL,,BU / ACRE,,99,US,UNITED STATES,TOTAL,,NOT SPECIFIED,YEAR - AUG FORECAST,"SPRING, (EXCL DURUM)",,1994,,,US TOTAL,00,FIELD CROPS,00000000,,ANNUAL,ALL UTILIZATION PRACTICES,,WHEAT,2012-01-01 00:00:00.000,"WHEAT, SPRING, (EXCL DURUM) - YIELD, MEASURED IN BU / ACRE",
37,,9000,YIELD,,,SURVEY,00,ALL PRODUCTION PRACTICES,CROPS,US TOTAL,NATIONAL,,BU / ACRE,,99,US,UNITED STATES,TOTAL,,NOT SPECIFIED,YEAR - JUL FORECAST,"SPRING, (EXCL DURUM)",,1994,,,US TOTAL,00,FIELD CROPS,00000000,,ANNUAL,ALL UTILIZATION PRACTICES,,WHEAT,2012-01-01 00:00:00.000,"WHEAT, SPRING, (EXCL DURUM) - YIELD, MEASURED IN BU / ACRE",
33.3,,9000,YIELD,,,SURVEY,00,ALL PRODUCTION PRACTICES,CROPS,US TOTAL,NATIONAL,,BU / ACRE,,99,US,UNITED STATES,TOTAL,,NOT SPECIFIED,YEAR - SEP FORECAST,"SPRING, (EXCL DURUM)",,1994,,,US TOTAL,00,FIELD CROPS,00000000,,ANNUAL,ALL UTILIZATION PRACTICES,,WHEAT,2012-01-01 00:00:00.000,"WHEAT, SPRING, (EXCL DURUM) - YIELD, MEASURED IN BU / ACRE",
35.6,,9000,YIELD,,,SURVEY,00,ALL PRODUCTION PRACTICES,CROPS,US TOTAL,NATIONAL,,BU / ACRE,,99,US,UNITED STATES,TOTAL,,NOT SPECIFIED,YEAR,"SPRING, DURUM",,1994,,,US TOTAL,00,FIELD CROPS,00000000,,ANNUAL,ALL UTILIZATION PRACTICES,,WHEAT,2012-01-01 00:00:00.000,"WHEAT, SPRING, DURUM - YIELD, MEASURED IN BU / ACRE",
37.1,,9000,YIELD,,,SURVEY,00,ALL PRODUCTION PRACTICES,CROPS,US TOTAL,NATIONAL,,BU / ACRE,,99,US,UNITED STATES,TOTAL,,NOT SPECIFIED,YEAR - AUG FORECAST,"SPRING, DURUM",,1994,,,US TOTAL,00,FIELD CROPS,00000000,,ANNUAL,ALL UTILIZATION PRACTICES,,WHEAT,2012-01-01 00:00:00.000,"WHEAT, SPRING, DURUM - YIELD, MEASURED IN BU / ACRE",
38.3,,9000,YIELD,,,SURVEY,00,ALL PRODUCTION PRACTICES,CROPS,US TOTAL,NATIONAL,,BU / ACRE,,99,US,UNITED STATES,TOTAL,,NOT SPECIFIED,YEAR - JUL FORECAST,"SPRING, DURUM",,1994,,,US TOTAL,00,FIELD CROPS,00000000,,ANNUAL,ALL UTILIZATION PRACTICES,,WHEAT,2012-01-01 00:00:00.000,"WHEAT, SPRING, DURUM - YIELD, MEASURED IN BU / ACRE",
37,,9000,YIELD,,,SURVEY,00,ALL PRODUCTION PRACTICES,CROPS,US TOTAL,NATIONAL,,BU / ACRE,,99,US,UNITED STATES,TOTAL,,NOT SPECIFIED,YEAR - SEP FORECAST,"SPRING, DURUM",,1994,,,US TOTAL,00,FIELD CROPS,00000000,,ANNUAL,ALL UTILIZATION PRACTICES,,WHEAT,2012-01-01 00:00:00.000,"WHEAT, SPRING, DURUM - YIELD, MEASURED IN BU / ACRE",
40.2,,9000,YIELD,,,SURVEY,00,ALL PRODUCTION PRACTICES,CROPS,US TOTAL,NATIONAL,,BU / ACRE,,99,US,UNITED STATES,TOTAL,,NOT SPECIFIED,YEAR,WINTER,,1994,,,US TOTAL,00,FIELD CROPS,00000000,,ANNUAL,ALL UTILIZATION PRACTICES,,WHEAT,2012-01-01 00:00:00.000,"WHEAT, WINTER - YIELD, MEASURED IN BU / ACRE",
40.3,,9000,YIELD,,,SURVEY,00,ALL PRODUCTION PRACTICES,CROPS,US TOTAL,NATIONAL,,BU / ACRE,,99,US,UNITED STATES,TOTAL,,NOT SPECIFIED,YEAR - AUG FORECAST,WINTER,,1994,,,US TOTAL,00,FIELD CROPS,00000000,,ANNUAL,ALL UTILIZATION PRACTICES,,WHEAT,2012-01-01 00:00:00.000,"WHEAT, WINTER - YIELD, MEASURED IN BU / ACRE",
40,,9000,YIELD,,,SURVEY,00,ALL PRODUCTION PRACTICES,CROPS,US TOTAL,NATIONAL,,BU / ACRE,,99,US,UNITED STATES,TOTAL,,NOT SPECIFIED,YEAR - JUL FORECAST,WINTER,,1994,,,US TOTAL,00,FIELD CROPS,00000000,,ANNUAL,ALL UTILIZATION PRACTICES,,WHEAT,2012-01-01 00:00:00.000,"WHEAT, WINTER - YIELD, MEASURED IN BU / ACRE",
39.7,,9000,YIELD,,,SURVEY,00,ALL PRODUCTION PRACTICES,CROPS,US TOTAL,NATIONAL,,BU / ACRE,,99,US,UNITED STATES,TOTAL,,NOT SPECIFIED,YEAR - JUN FORECAST,WINTER,,1994,,,US TOTAL,00,FIELD CROPS,00000000,,ANNUAL,ALL UTILIZATION PRACTICES,,WHEAT,2012-01-01 00:00:00.000,"WHEAT, WINTER - YIELD, MEASURED IN BU / ACRE",
39.3,,9000,YIELD,,,SURVEY,00,ALL PRODUCTION PRACTICES,CROPS,US TOTAL,NATIONAL,,BU / ACRE,,99,US,UNITED STATES,TOTAL,,NOT SPECIFIED,YEAR - MAY FORECAST,WINTER,,1994,,,US TOTAL,00,FIELD CROPS,00000000,,ANNUAL,ALL UTILIZATION PRACTICES,,WHEAT,2012-01-01 00:00:00.000,"WHEAT, WINTER - YIELD, MEASURED IN BU / ACRE",
35.8,,9000,YIELD,,,SURVEY,00,ALL PRODUCTION PRACTICES,CROPS,US TOTAL,NATIONAL,,BU / ACRE,,99,US,UNITED STATES,TOTAL,,NOT SPECIFIED,YEAR,ALL CLASSES,,1995,,,US TOTAL,00,FIELD CROPS,00000000,,ANNUAL,ALL UTILIZATION PRACTICES,,WHEAT,2012-01-01 00:00:00.000,"WHEAT - YIELD, MEASURED IN BU / ACRE",
36.6,,9000,YIELD,,,SURVEY,00,ALL PRODUCTION PRACTICES,CROPS,US TOTAL,NATIONAL,,BU / ACRE,,99,US,UNITED STATES,TOTAL,,NOT SPECIFIED,YEAR - AUG FORECAST,ALL CLASSES,,1995,,,US TOTAL,00,FIELD CROPS,00000000,,ANNUAL,ALL UTILIZATION PRACTICES,,WHEAT,2012-01-01 00:00:00.000,"WHEAT - YIELD, MEASURED IN BU / ACRE",
35.9,,9000,YIELD,,,SURVEY,00,ALL PRODUCTION PRACTICES,CROPS,US TOTAL,NATIONAL,,BU / ACRE,,99,US,UNITED STATES,TOTAL,,NOT SPECIFIED,YEAR - JUL FORECAST,ALL CLASSES,,1995,,,US TOTAL,00,FIELD CROPS,00000000,,ANNUAL,ALL UTILIZATION PRACTICES,,WHEAT,2012-01-01 00:00:00.000,"WHEAT - YIELD, MEASURED IN BU / ACRE",
35.9,,9000,YIELD,,,SURVEY,00,ALL PRODUCTION PRACTICES,CROPS,US TOTAL,NATIONAL,,BU / ACRE,,99,US,UNITED STATES,TOTAL,,NOT SPECIFIED,YEAR - SEP FORECAST,ALL CLASSES,,1995,,,US TOTAL,00,FIELD CROPS,00000000,,ANNUAL,ALL UTILIZATION PRACTICES,,WHEAT,2012-01-01 00:00:00.000,"WHEAT - YIELD, MEASURED IN BU / ACRE",
32.2,,9000,YIELD,,,SURVEY,00,ALL PRODUCTION PRACTICES,CROPS,US TOTAL,NATIONAL,,BU / ACRE,,99,US,UNITED STATES,TOTAL,,NOT SPECIFIED,YEAR,"SPRING, (EXCL DURUM)",,1995,,,US TOTAL,00,FIELD CROPS,00000000,,ANNUAL,ALL UTILIZATION PRACTICES,,WHEAT,2012-01-01 00:00:00.000,"WHEAT, SPRING, (EXCL DURUM) - YIELD, MEASURED IN BU / ACRE",
34.4,,9000,YIELD,,,SURVEY,00,ALL PRODUCTION PRACTICES,CROPS,US TOTAL,NATIONAL,,BU / ACRE,,99,US,UNITED STATES,TOTAL,,NOT SPECIFIED,YEAR - AUG FORECAST,"SPRING, (EXCL DURUM)",,1995,,,US TOTAL,00,FIELD CROPS,00000000,,ANNUAL,ALL UTILIZATION PRACTICES,,WHEAT,2012-01-01 00:00:00.000,"WHEAT, SPRING, (EXCL DURUM) - YIELD, MEASURED IN BU / ACRE",
33.2,,9000,YIELD,,,SURVEY,00,ALL PRODUCTION PRACTICES,CROPS,US TOTAL,NATIONAL,,BU / ACRE,,99,US,UNITED STATES,TOTAL,,NOT SPECIFIED,YEAR - JUL FORECAST,"SPRING, (EXCL DURUM)",,1995,,,US TOTAL,00,FIELD CROPS,00000000,,ANNUAL,ALL UTILIZATION PRACTICES,,WHEAT,2012-01-01 00:00:00.000,"WHEAT, SPRING, (EXCL DURUM) - YIELD, MEASURED IN BU / ACRE",
32.4,,9000,YIELD,,,SURVEY,00,ALL PRODUCTION PRACTICES,CROPS,US TOTAL,NATIONAL,,BU / ACRE,,99,US,UNITED STATES,TOTAL,,NOT SPECIFIED,YEAR - SEP FORECAST,"SPRING, (EXCL DURUM)",,1995,,,US TOTAL,00,FIELD CROPS,00000000,,ANNUAL,ALL UTILIZATION PRACTICES,,WHEAT,2012-01-01 00:00:00.000,"WHEAT, SPRING, (EXCL DURUM) - YIELD, MEASURED IN BU / ACRE",
30.5,,9000,YIELD,,,SURVEY,00,ALL PRODUCTION PRACTICES,CROPS,US TOTAL,NATIONAL,,BU / ACRE,,99,US,UNITED STATES,TOTAL,,NOT SPECIFIED,YEAR,"SPRING, DURUM",,1995,,,US TOTAL,00,FIELD CROPS,00000000,,ANNUAL,ALL UTILIZATION PRACTICES,,WHEAT,2012-01-01 00:00:00.000,"WHEAT, SPRING, DURUM - YIELD, MEASURED IN BU / ACRE",
35,,9000,YIELD,,,SURVEY,00,ALL PRODUCTION PRACTICES,CROPS,US TOTAL,NATIONAL,,BU / ACRE,,99,US,UNITED STATES,TOTAL,,NOT SPECIFIED,YEAR - AUG FORECAST,"SPRING, DURUM",,1995,,,US TOTAL,00,FIELD CROPS,00000000,,ANNUAL,ALL UTILIZATION PRACTICES,,WHEAT,2012-01-01 00:00:00.000,"WHEAT, SPRING, DURUM - YIELD, MEASURED IN BU / ACRE",
35,,9000,YIELD,,,SURVEY,00,ALL PRODUCTION PRACTICES,CROPS,US TOTAL,NATIONAL,,BU / ACRE,,99,US,UNITED STATES,TOTAL,,NOT SPECIFIED,YEAR - JUL FORECAST,"SPRING, DURUM",,1995,,,US TOTAL,00,FIELD CROPS,00000000,,ANNUAL,ALL UTILIZATION PRACTICES,,WHEAT,2012-01-01 00:00:00.000,"WHEAT, SPRING, DURUM - YIELD, MEASURED IN BU / ACRE",
32.3,,9000,YIELD,,,SURVEY,00,ALL PRODUCTION PRACTICES,CROPS,US TOTAL,NATIONAL,,BU / ACRE,,99,US,UNITED STATES,TOTAL,,NOT SPECIFIED,YEAR - SEP FORECAST,"SPRING, DURUM",,1995,,,US TOTAL,00,FIELD CROPS,00000000,,ANNUAL,ALL UTILIZATION PRACTICES,,WHEAT,2012-01-01 00:00:00.000,"WHEAT, SPRING, DURUM - YIELD, MEASURED IN BU / ACRE",
37.7,,9000,YIELD,,,SURVEY,00,ALL PRODUCTION PRACTICES,CROPS,US TOTAL,NATIONAL,,BU / ACRE,,99,US,UNITED STATES,TOTAL,,NOT SPECIFIED,YEAR,WINTER,,1995,,,US TOTAL,00,FIELD CROPS,00000000,,ANNUAL,ALL UTILIZATION PRACTICES,,WHEAT,2012-01-01 00:00:00.000,"WHEAT, WINTER - YIELD, MEASURED IN BU / ACRE",
37.6,,9000,YIELD,,,SURVEY,00,ALL PRODUCTION PRACTICES,CROPS,US TOTAL,NATIONAL,,BU / ACRE,,99,US,UNITED STATES,TOTAL,,NOT SPECIFIED,YEAR - AUG FORECAST,WINTER,,1995,,,US TOTAL,00,FIELD CROPS,00000000,,ANNUAL,ALL UTILIZATION PRACTICES,,WHEAT,2012-01-01 00:00:00.000,"WHEAT, WINTER - YIELD, MEASURED IN BU / ACRE",
37,,9000,YIELD,,,SURVEY,00,ALL PRODUCTION PRACTICES,CROPS,US TOTAL,NATIONAL,,BU / ACRE,,99,US,UNITED STATES,TOTAL,,NOT SPECIFIED,YEAR - JUL FORECAST,WINTER,,1995,,,US TOTAL,00,FIELD CROPS,00000000,,ANNUAL,ALL UTILIZATION PRACTICES,,WHEAT,2012-01-01 00:00:00.000,"WHEAT, WINTER - YIELD, MEASURED IN BU / ACRE",
39.6,,9000,YIELD,,,SURVEY,00,ALL PRODUCTION PRACTICES,CROPS,US TOTAL,NATIONAL,,BU / ACRE,,99,US,UNITED STATES,TOTAL,,NOT SPECIFIED,YEAR - JUN FORECAST,WINTER,,1995,,,US TOTAL,00,FIELD CROPS,00000000,,ANNUAL,ALL UTILIZATION PRACTICES,,WHEAT,2012-01-01 00:00:00.000,"WHEAT, WINTER - YIELD, MEASURED IN BU / ACRE",
40.2,,9000,YIELD,,,SURVEY,00,ALL PRODUCTION PRACTICES,CROPS,US TOTAL,NATIONAL,,BU / ACRE,,99,US,UNITED STATES,TOTAL,,NOT SPECIFIED,YEAR - MAY FORECAST,WINTER,,1995,,,US TOTAL,00,FIELD CROPS,00000000,,ANNUAL,ALL UTILIZATION PRACTICES,,WHEAT,2012-01-01 00:00:00.000,"WHEAT, WINTER - YIELD, MEASURED IN BU / ACRE",
36.3,,9000,YIELD,,,SURVEY,00,ALL PRODUCTION PRACTICES,CROPS,US TOTAL,NATIONAL,,BU / ACRE,,99,US,UNITED STATES,TOTAL,,NOT SPECIFIED,YEAR,ALL CLASSES,,1996,,,US TOTAL,00,FIELD CROPS,00000000,,ANNUAL,ALL UTILIZATION PRACTICES,,WHEAT,2012-01-01 00:00:00.000,"WHEAT - YIELD, MEASURED IN BU / ACRE",
35.6,,9000,YIELD,,,SURVEY,00,ALL PRODUCTION PRACTICES,CROPS,US TOTAL,NATIONAL,,BU / ACRE,,99,US,UNITED STATES,TOTAL,,NOT SPECIFIED,YEAR - AUG FORECAST,ALL CLASSES,,1996,,,US TOTAL,00,FIELD CROPS,00000000,,ANNUAL,ALL UTILIZATION PRACTICES,,WHEAT,2012-01-01 00:00:00.000,"WHEAT - YIELD, MEASURED IN BU / ACRE",
35.9,,9000,YIELD,,,SURVEY,00,ALL PRODUCTION PRACTICES,CROPS,US TOTAL,NATIONAL,,BU / ACRE,,99,US,UNITED STATES,TOTAL,,NOT SPECIFIED,YEAR - JUL FORECAST,ALL CLASSES,,1996,,,US TOTAL,00,FIELD CROPS,00000000,,ANNUAL,ALL UTILIZATION PRACTICES,,WHEAT,2012-01-01 00:00:00.000,"WHEAT - YIELD, MEASURED IN BU / ACRE",
35.9,,9000,YIELD,,,SURVEY,00,ALL PRODUCTION PRACTICES,CROPS,US TOTAL,NATIONAL,,BU / ACRE,,99,US,UNITED STATES,TOTAL,,NOT SPECIFIED,YEAR - SEP FORECAST,ALL CLASSES,,1996,,,US TOTAL,00,FIELD CROPS,00000000,,ANNUAL,ALL UTILIZATION PRACTICES,,WHEAT,2012-01-01 00:00:00.000,"WHEAT - YIELD, MEASURED IN BU / ACRE",
35.1,,9000,YIELD,,,SURVEY,00,ALL PRODUCTION PRACTICES,CROPS,US TOTAL,NATIONAL,,BU / ACRE,,99,US,UNITED STATES,TOTAL,,NOT SPECIFIED,YEAR,"SPRING, (EXCL DURUM)",,1996,,,US TOTAL,00,FIELD CROPS,00000000,,ANNUAL,ALL UTILIZATION PRACTICES,,WHEAT,2012-01-01 00:00:00.000,"WHEAT, SPRING, (EXCL DURUM) - YIELD, MEASURED IN BU / ACRE",
32.5,,9000,YIELD,,,SURVEY,00,ALL PRODUCTION PRACTICES,CROPS,US TOTAL,NATIONAL,,BU / ACRE,,99,US,UNITED STATES,TOTAL,,NOT SPECIFIED,YEAR - AUG FORECAST,"SPRING, (EXCL DURUM)",,1996,,,US TOTAL,00,FIELD CROPS,00000000,,ANNUAL,ALL UTILIZATION PRACTICES,,WHEAT,2012-01-01 00:00:00.000,"WHEAT, SPRING, (EXCL DURUM) - YIELD, MEASURED IN BU / ACRE",
33.5,,9000,YIELD,,,SURVEY,00,ALL PRODUCTION PRACTICES,CROPS,US TOTAL,NATIONAL,,BU / ACRE,,99,US,UNITED STATES,TOTAL,,NOT SPECIFIED,YEAR - JUL FORECAST,"SPRING, (EXCL DURUM)",,1996,,,US TOTAL,00,FIELD CROPS,00000000,,ANNUAL,ALL UTILIZATION PRACTICES,,WHEAT,2012-01-01 00:00:00.000,"WHEAT, SPRING, (EXCL DURUM) - YIELD, MEASURED IN BU / ACRE",
35.1,,9000,YIELD,,,SURVEY,00,ALL PRODUCTION PRACTICES,CROPS,US TOTAL,NATIONAL,,BU / ACRE,,99,US,UNITED STATES,TOTAL,,NOT SPECIFIED,YEAR - SEP FORECAST,"SPRING, (EXCL DURUM)",,1996,,,US TOTAL,00,FIELD CROPS,00000000,,ANNUAL,ALL UTILIZATION PRACTICES,,WHEAT,2012-01-01 00:00:00.000,"WHEAT, SPRING, (EXCL DURUM) - YIELD, MEASURED IN BU / ACRE",
32.6,,9000,YIELD,,,SURVEY,00,ALL PRODUCTION PRACTICES,CROPS,US TOTAL,NATIONAL,,BU / ACRE,,99,US,UNITED STATES,TOTAL,,NOT SPECIFIED,YEAR,"SPRING, DURUM",,1996,,,US TOTAL,00,FIELD CROPS,00000000,,ANNUAL,ALL UTILIZATION PRACTICES,,WHEAT,2012-01-01 00:00:00.000,"WHEAT, SPRING, DURUM - YIELD, MEASURED IN BU / ACRE",
34.6,,9000,YIELD,,,SURVEY,00,ALL PRODUCTION PRACTICES,CROPS,US TOTAL,NATIONAL,,BU / ACRE,,99,US,UNITED STATES,TOTAL,,NOT SPECIFIED,YEAR - AUG FORECAST,"SPRING, DURUM",,1996,,,US TOTAL,00,FIELD CROPS,00000000,,ANNUAL,ALL UTILIZATION PRACTICES,,WHEAT,2012-01-01 00:00:00.000,"WHEAT, SPRING, DURUM - YIELD, MEASURED IN BU / ACRE",
35.7,,9000,YIELD,,,SURVEY,00,ALL PRODUCTION PRACTICES,CROPS,US TOTAL,NATIONAL,,BU / ACRE,,99,US,UNITED STATES,TOTAL,,NOT SPECIFIED,YEAR - JUL FORECAST,"SPRING, DURUM",,1996,,,US TOTAL,00,FIELD CROPS,00000000,,ANNUAL,ALL UTILIZATION PRACTICES,,WHEAT,2012-01-01 00:00:00.000,"WHEAT, SPRING, DURUM - YIELD, MEASURED IN BU / ACRE",
33,,9000,YIELD,,,SURVEY,00,ALL PRODUCTION PRACTICES,CROPS,US TOTAL,NATIONAL,,BU / ACRE,,99,US,UNITED STATES,TOTAL,,NOT SPECIFIED,YEAR - SEP FORECAST,"SPRING, DURUM",,1996,,,US TOTAL,00,FIELD CROPS,00000000,,ANNUAL,ALL UTILIZATION PRACTICES,,WHEAT,2012-01-01 00:00:00.000,"WHEAT, SPRING, DURUM - YIELD, MEASURED IN BU / ACRE",
37.1,,9000,YIELD,,,SURVEY,00,ALL PRODUCTION PRACTICES,CROPS,US TOTAL,NATIONAL,,BU / ACRE,,99,US,UNITED STATES,TOTAL,,NOT SPECIFIED,YEAR,WINTER,,1996,,,US TOTAL,00,FIELD CROPS,00000000,,ANNUAL,ALL UTILIZATION PRACTICES,,WHEAT,2012-01-01 00:00:00.000,"WHEAT, WINTER - YIELD, MEASURED IN BU / ACRE",
37.3,,9000,YIELD,,,SURVEY,00,ALL PRODUCTION PRACTICES,CROPS,US TOTAL,NATIONAL,,BU / ACRE,,99,US,UNITED STATES,TOTAL,,NOT SPECIFIED,YEAR - AUG FORECAST,WINTER,,1996,,,US TOTAL,00,FIELD CROPS,00000000,,ANNUAL,ALL UTILIZATION PRACTICES,,WHEAT,2012-01-01 00:00:00.000,"WHEAT, WINTER - YIELD, MEASURED IN BU / ACRE",
37,,9000,YIELD,,,SURVEY,00,ALL PRODUCTION PRACTICES,CROPS,US TOTAL,NATIONAL,,BU / ACRE,,99,US,UNITED STATES,TOTAL,,NOT SPECIFIED,YEAR - JUL FORECAST,WINTER,,1996,,,US TOTAL,00,FIELD CROPS,00000000,,ANNUAL,ALL UTILIZATION PRACTICES,,WHEAT,2012-01-01 00:00:00.000,"WHEAT, WINTER - YIELD, MEASURED IN BU / ACRE",
36.1,,9000,YIELD,,,SURVEY,00,ALL PRODUCTION PRACTICES,CROPS,US TOTAL,NATIONAL,,BU / ACRE,,99,US,UNITED STATES,TOTAL,,NOT SPECIFIED,YEAR - JUN FORECAST,WINTER,,1996,,,US TOTAL,00,FIELD CROPS,00000000,,ANNUAL,ALL UTILIZATION PRACTICES,,WHEAT,2012-01-01 00:00:00.000,"WHEAT, WINTER - YIELD, MEASURED IN BU / ACRE",
35.9,,9000,YIELD,,,SURVEY,00,ALL PRODUCTION PRACTICES,CROPS,US TOTAL,NATIONAL,,BU / ACRE,,99,US,UNITED STATES,TOTAL,,NOT SPECIFIED,YEAR - MAY FORECAST,WINTER,,1996,,,US TOTAL,00,FIELD CROPS,00000000,,ANNUAL,ALL UTILIZATION PRACTICES,,WHEAT,2012-01-01 00:00:00.000,"WHEAT, WINTER - YIELD, MEASURED IN BU / ACRE",
39.5,,9000,YIELD,,,SURVEY,00,ALL PRODUCTION PRACTICES,CROPS,US TOTAL,NATIONAL,,BU / ACRE,,99,US,UNITED STATES,TOTAL,,NOT SPECIFIED,YEAR,ALL CLASSES,,1997,,,US TOTAL,00,FIELD CROPS,00000000,,ANNUAL,ALL UTILIZATION PRACTICES,,WHEAT,2012-01-01 00:00:00.000,"WHEAT - YIELD, MEASURED IN BU / ACRE",
39.9,,9000,YIELD,,,SURVEY,00,ALL PRODUCTION PRACTICES,CROPS,US TOTAL,NATIONAL,,BU / ACRE,,99,US,UNITED STATES,TOTAL,,NOT SPECIFIED,YEAR - AUG FORECAST,ALL CLASSES,,1997,,,US TOTAL,00,FIELD CROPS,00000000,,ANNUAL,ALL UTILIZATION PRACTICES,,WHEAT,2012-01-01 00:00:00.000,"WHEAT - YIELD, MEASURED IN BU / ACRE",
38.3,,9000,YIELD,,,SURVEY,00,ALL PRODUCTION PRACTICES,CROPS,US TOTAL,NATIONAL,,BU / ACRE,,99,US,UNITED STATES,TOTAL,,NOT SPECIFIED,YEAR - JUL FORECAST,ALL CLASSES,,1997,,,US TOTAL,00,FIELD CROPS,00000000,,ANNUAL,ALL UTILIZATION PRACTICES,,WHEAT,2012-01-01 00:00:00.000,"WHEAT - YIELD, MEASURED IN BU / ACRE",
39.5,,9000,YIELD,,,SURVEY,00,ALL PRODUCTION PRACTICES,CROPS,US TOTAL,NATIONAL,,BU / ACRE,,99,US,UNITED STATES,TOTAL,,NOT SPECIFIED,YEAR - SEP FORECAST,ALL CLASSES,,1997,,,US TOTAL,00,FIELD CROPS,00000000,,ANNUAL,ALL UTILIZATION PRACTICES,,WHEAT,2012-01-01 00:00:00.000,"WHEAT - YIELD, MEASURED IN BU / ACRE",
29.9,,9000,YIELD,,,SURVEY,00,ALL PRODUCTION PRACTICES,CROPS,US TOTAL,NATIONAL,,BU / ACRE,,99,US,UNITED STATES,TOTAL,,NOT SPECIFIED,YEAR,"SPRING, (EXCL DURUM)",,1997,,,US TOTAL,00,FIELD CROPS,00000000,,ANNUAL,ALL UTILIZATION PRACTICES,,WHEAT,2012-01-01 00:00:00.000,"WHEAT, SPRING, (EXCL DURUM) - YIELD, MEASURED IN BU / ACRE",
31.3,,9000,YIELD,,,SURVEY,00,ALL PRODUCTION PRACTICES,CROPS,US TOTAL,NATIONAL,,BU / ACRE,,99,US,UNITED STATES,TOTAL,,NOT SPECIFIED,YEAR - AUG FORECAST,"SPRING, (EXCL DURUM)",,1997,,,US TOTAL,00,FIELD CROPS,00000000,,ANNUAL,ALL UTILIZATION PRACTICES,,WHEAT,2012-01-01 00:00:00.000,"WHEAT, SPRING, (EXCL DURUM) - YIELD, MEASURED IN BU / ACRE",
30.4,,9000,YIELD,,,SURVEY,00,ALL PRODUCTION PRACTICES,CROPS,US TOTAL,NATIONAL,,BU / ACRE,,99,US,UNITED STATES,TOTAL,,NOT SPECIFIED,YEAR - JUL FORECAST,"SPRING, (EXCL DURUM)",,1997,,,US TOTAL,00,FIELD CROPS,00000000,,ANNUAL,ALL UTILIZATION PRACTICES,,WHEAT,2012-01-01 00:00:00.000,"WHEAT, SPRING, (EXCL DURUM) - YIELD, MEASURED IN BU / ACRE",
30,,9000,YIELD,,,SURVEY,00,ALL PRODUCTION PRACTICES,CROPS,US TOTAL,NATIONAL,,BU / ACRE,,99,US,UNITED STATES,TOTAL,,NOT SPECIFIED,YEAR - SEP FORECAST,"SPRING, (EXCL DURUM)",,1997,,,US TOTAL,00,FIELD CROPS,00000000,,ANNUAL,ALL UTILIZATION PRACTICES,,WHEAT,2012-01-01 00:00:00.000,"WHEAT, SPRING, (EXCL DURUM) - YIELD, MEASURED IN BU / ACRE",
27.6,,9000,YIELD,,,SURVEY,00,ALL PRODUCTION PRACTICES,CROPS,US TOTAL,NATIONAL,,BU / ACRE,,99,US,UNITED STATES,TOTAL,,NOT SPECIFIED,YEAR,"SPRING, DURUM",,1997,,,US TOTAL,00,FIELD CROPS,00000000,,ANNUAL,ALL UTILIZATION PRACTICES,,WHEAT,2012-01-01 00:00:00.000,"WHEAT, SPRING, DURUM - YIELD, MEASURED IN BU / ACRE",
28.1,,9000,YIELD,,,SURVEY,00,ALL PRODUCTION PRACTICES,CROPS,US TOTAL,NATIONAL,,BU / ACRE,,99,US,UNITED STATES,TOTAL,,NOT SPECIFIED,YEAR - AUG FORECAST,"SPRING, DURUM",,1997,,,US TOTAL,00,FIELD CROPS,00000000,,ANNUAL,ALL UTILIZATION PRACTICES,,WHEAT,2012-01-01 00:00:00.000,"WHEAT, SPRING, DURUM - YIELD, MEASURED IN BU / ACRE",
25.2,,9000,YIELD,,,SURVEY,00,ALL PRODUCTION PRACTICES,CROPS,US TOTAL,NATIONAL,,BU / ACRE,,99,US,UNITED STATES,TOTAL,,NOT SPECIFIED,YEAR - JUL FORECAST,"SPRING, DURUM",,1997,,,US TOTAL,00,FIELD CROPS,00000000,,ANNUAL,ALL UTILIZATION PRACTICES,,WHEAT,2012-01-01 00:00:00.000,"WHEAT, SPRING, DURUM - YIELD, MEASURED IN BU / ACRE",
28.1,,9000,YIELD,,,SURVEY,00,ALL PRODUCTION PRACTICES,CROPS,US TOTAL,NATIONAL,,BU / ACRE,,99,US,UNITED STATES,TOTAL,,NOT SPECIFIED,YEAR - SEP FORECAST,"SPRING, DURUM",,1997,,,US TOTAL,00,FIELD CROPS,00000000,,ANNUAL,ALL UTILIZATION PRACTICES,,WHEAT,2012-01-01 00:00:00.000,"WHEAT, SPRING, DURUM - YIELD, MEASURED IN BU / ACRE",
44.6,,9000,YIELD,,,SURVEY,00,ALL PRODUCTION PRACTICES,CROPS,US TOTAL,NATIONAL,,BU / ACRE,,99,US,UNITED STATES,TOTAL,,NOT SPECIFIED,YEAR,WINTER,,1997,,,US TOTAL,00,FIELD CROPS,00000000,,ANNUAL,ALL UTILIZATION PRACTICES,,WHEAT,2012-01-01 00:00:00.000,"WHEAT, WINTER - YIELD, MEASURED IN BU / ACRE",
44.6,,9000,YIELD,,,SURVEY,00,ALL PRODUCTION PRACTICES,CROPS,US TOTAL,NATIONAL,,BU / ACRE,,99,US,UNITED STATES,TOTAL,,NOT SPECIFIED,YEAR - AUG FORECAST,WINTER,,1997,,,US TOTAL,00,FIELD CROPS,00000000,,ANNUAL,ALL UTILIZATION PRACTICES,,WHEAT,2012-01-01 00:00:00.000,"WHEAT, WINTER - YIELD, MEASURED IN BU / ACRE",
42.8,,9000,YIELD,,,SURVEY,00,ALL PRODUCTION PRACTICES,CROPS,US TOTAL,NATIONAL,,BU / ACRE,,99,US,UNITED STATES,TOTAL,,NOT SPECIFIED,YEAR - JUL FORECAST,WINTER,,1997,,,US TOTAL,00,FIELD CROPS,00000000,,ANNUAL,ALL UTILIZATION PRACTICES,,WHEAT,2012-01-01 00:00:00.000,"WHEAT, WINTER - YIELD, MEASURED IN BU / ACRE",
39.3,,9000,YIELD,,,SURVEY,00,ALL PRODUCTION PRACTICES,CROPS,US TOTAL,NATIONAL,,BU / ACRE,,99,US,UNITED STATES,TOTAL,,NOT SPECIFIED,YEAR - JUN FORECAST,WINTER,,1997,,,US TOTAL,00,FIELD CROPS,00000000,,ANNUAL,ALL UTILIZATION PRACTICES,,WHEAT,2012-01-01 00:00:00.000,"WHEAT, WINTER - YIELD, MEASURED IN BU / ACRE",
38.2,,9000,YIELD,,,SURVEY,00,ALL PRODUCTION PRACTICES,CROPS,US TOTAL,NATIONAL,,BU / ACRE,,99,US,UNITED STATES,TOTAL,,NOT SPECIFIED,YEAR - MAY FORECAST,WINTER,,1997,,,US TOTAL,00,FIELD CROPS,00000000,,ANNUAL,ALL UTILIZATION PRACTICES,,WHEAT,2012-01-01 00:00:00.000,"WHEAT, WINTER - YIELD, MEASURED IN BU / ACRE",
43.2,,9000,YIELD,,,SURVEY,00,ALL PRODUCTION PRACTICES,CROPS,US TOTAL,NATIONAL,,BU / ACRE,,99,US,UNITED STATES,TOTAL,,NOT SPECIFIED,YEAR,ALL CLASSES,,1998,,,US TOTAL,00,FIELD CROPS,00000000,,ANNUAL,ALL UTILIZATION PRACTICES,,WHEAT,2012-01-01 00:00:00.000,"WHEAT - YIELD, MEASURED IN BU / ACRE",
43,,9000,YIELD,,,SURVEY,00,ALL PRODUCTION PRACTICES,CROPS,US TOTAL,NATIONAL,,BU / ACRE,,99,US,UNITED STATES,TOTAL,,NOT SPECIFIED,YEAR - AUG FORECAST,ALL CLASSES,,1998,,,US TOTAL,00,FIELD CROPS,00000000,,ANNUAL,ALL UTILIZATION PRACTICES,,WHEAT,2012-01-01 00:00:00.000,"WHEAT - YIELD, MEASURED IN BU / ACRE",
42.6,,9000,YIELD,,,SURVEY,00,ALL PRODUCTION PRACTICES,CROPS,US TOTAL,NATIONAL,,BU / ACRE,,99,US,UNITED STATES,TOTAL,,NOT SPECIFIED,YEAR - JUL FORECAST,ALL CLASSES,,1998,,,US TOTAL,00,FIELD CROPS,00000000,,ANNUAL,ALL UTILIZATION PRACTICES,,WHEAT,2012-01-01 00:00:00.000,"WHEAT - YIELD, MEASURED IN BU / ACRE",
43.3,,9000,YIELD,,,SURVEY,00,ALL PRODUCTION PRACTICES,CROPS,US TOTAL,NATIONAL,,BU / ACRE,,99,US,UNITED STATES,TOTAL,,NOT SPECIFIED,YEAR - SEP FORECAST,ALL CLASSES,,1998,,,US TOTAL,00,FIELD CROPS,00000000,,ANNUAL,ALL UTILIZATION PRACTICES,,WHEAT,2012-01-01 00:00:00.000,"WHEAT - YIELD, MEASURED IN BU / ACRE",
34.9,,9000,YIELD,,,SURVEY,00,ALL PRODUCTION PRACTICES,CROPS,US TOTAL,NATIONAL,,BU / ACRE,,99,US,UNITED STATES,TOTAL,,NOT SPECIFIED,YEAR,"SPRING, (EXCL DURUM)",,1998,,,US TOTAL,00,FIELD CROPS,00000000,,ANNUAL,ALL UTILIZATION PRACTICES,,WHEAT,2012-01-01 00:00:00.000,"WHEAT, SPRING, (EXCL DURUM) - YIELD, MEASURED IN BU / ACRE",
34.2,,9000,YIELD,,,SURVEY,00,ALL PRODUCTION PRACTICES,CROPS,US TOTAL,NATIONAL,,BU / ACRE,,99,US,UNITED STATES,TOTAL,,NOT SPECIFIED,YEAR - AUG FORECAST,"SPRING, (EXCL DURUM)",,1998,,,US TOTAL,00,FIELD CROPS,00000000,,ANNUAL,ALL UTILIZATION PRACTICES,,WHEAT,2012-01-01 00:00:00.000,"WHEAT, SPRING, (EXCL DURUM) - YIELD, MEASURED IN BU / ACRE",
33.5,,9000,YIELD,,,SURVEY,00,ALL PRODUCTION PRACTICES,CROPS,US TOTAL,NATIONAL,,BU / ACRE,,99,US,UNITED STATES,TOTAL,,NOT SPECIFIED,YEAR - JUL FORECAST,"SPRING, (EXCL DURUM)",,1998,,,US TOTAL,00,FIELD CROPS,00000000,,ANNUAL,ALL UTILIZATION PRACTICES,,WHEAT,2012-01-01 00:00:00.000,"WHEAT, SPRING, (EXCL DURUM) - YIELD, MEASURED IN BU / ACRE",
34.9,,9000,YIELD,,,SURVEY,00,ALL PRODUCTION PRACTICES,CROPS,US TOTAL,NATIONAL,,BU / ACRE,,99,US,UNITED STATES,TOTAL,,NOT SPECIFIED,YEAR - SEP FORECAST,"SPRING, (EXCL DURUM)",,1998,,,US TOTAL,00,FIELD CROPS,00000000,,ANNUAL,ALL UTILIZATION PRACTICES,,WHEAT,2012-01-01 00:00:00.000,"WHEAT, SPRING, (EXCL DURUM) - YIELD, MEASURED IN BU / ACRE",
37,,9000,YIELD,,,SURVEY,00,ALL PRODUCTION PRACTICES,CROPS,US TOTAL,NATIONAL,,BU / ACRE,,99,US,UNITED STATES,TOTAL,,NOT SPECIFIED,YEAR,"SPRING, DURUM",,1998,,,US TOTAL,00,FIELD CROPS,00000000,,ANNUAL,ALL UTILIZATION PRACTICES,,WHEAT,2012-01-01 00:00:00.000,"WHEAT, SPRING, DURUM - YIELD, MEASURED IN BU / ACRE",
35.2,,9000,YIELD,,,SURVEY,00,ALL PRODUCTION PRACTICES,CROPS,US TOTAL,NATIONAL,,BU / ACRE,,99,US,UNITED STATES,TOTAL,,NOT SPECIFIED,YEAR - AUG FORECAST,"SPRING, DURUM",,1998,,,US TOTAL,00,FIELD CROPS,00000000,,ANNUAL,ALL UTILIZATION PRACTICES,,WHEAT,2012-01-01 00:00:00.000,"WHEAT, SPRING, DURUM - YIELD, MEASURED IN BU / ACRE",
35.1,,9000,YIELD,,,SURVEY,00,ALL PRODUCTION PRACTICES,CROPS,US TOTAL,NATIONAL,,BU / ACRE,,99,US,UNITED STATES,TOTAL,,NOT SPECIFIED,YEAR - JUL FORECAST,"SPRING, DURUM",,1998,,,US TOTAL,00,FIELD CROPS,00000000,,ANNUAL,ALL UTILIZATION PRACTICES,,WHEAT,2012-01-01 00:00:00.000,"WHEAT, SPRING, DURUM - YIELD, MEASURED IN BU / ACRE",
36.8,,9000,YIELD,,,SURVEY,00,ALL PRODUCTION PRACTICES,CROPS,US TOTAL,NATIONAL,,BU / ACRE,,99,US,UNITED STATES,TOTAL,,NOT SPECIFIED,YEAR - SEP FORECAST,"SPRING, DURUM",,1998,,,US TOTAL,00,FIELD CROPS,00000000,,ANNUAL,ALL UTILIZATION PRACTICES,,WHEAT,2012-01-01 00:00:00.000,"WHEAT, SPRING, DURUM - YIELD, MEASURED IN BU / ACRE",
46.9,,9000,YIELD,,,SURVEY,00,ALL PRODUCTION PRACTICES,CROPS,US TOTAL,NATIONAL,,BU / ACRE,,99,US,UNITED STATES,TOTAL,,NOT SPECIFIED,YEAR,WINTER,,1998,,,US TOTAL,00,FIELD CROPS,00000000,,ANNUAL,ALL UTILIZATION PRACTICES,,WHEAT,2012-01-01 00:00:00.000,"WHEAT, WINTER - YIELD, MEASURED IN BU / ACRE",
47,,9000,YIELD,,,SURVEY,00,ALL PRODUCTION PRACTICES,CROPS,US TOTAL,NATIONAL,,BU / ACRE,,99,US,UNITED STATES,TOTAL,,NOT SPECIFIED,YEAR - AUG FORECAST,WINTER,,1998,,,US TOTAL,00,FIELD CROPS,00000000,,ANNUAL,ALL UTILIZATION PRACTICES,,WHEAT,2012-01-01 00:00:00.000,"WHEAT, WINTER - YIELD, MEASURED IN BU / ACRE",
46.6,,9000,YIELD,,,SURVEY,00,ALL PRODUCTION PRACTICES,CROPS,US TOTAL,NATIONAL,,BU / ACRE,,99,US,UNITED STATES,TOTAL,,NOT SPECIFIED,YEAR - JUL FORECAST,WINTER,,1998,,,US TOTAL,00,FIELD CROPS,00000000,,ANNUAL,ALL UTILIZATION PRACTICES,,WHEAT,2012-01-01 00:00:00.000,"WHEAT, WINTER - YIELD, MEASURED IN BU / ACRE",
42.9,,9000,YIELD,,,SURVEY,00,ALL PRODUCTION PRACTICES,CROPS,US TOTAL,NATIONAL,,BU / ACRE,,99,US,UNITED STATES,TOTAL,,NOT SPECIFIED,YEAR - JUN FORECAST,WINTER,,1998,,,US TOTAL,00,FIELD CROPS,00000000,,ANNUAL,ALL UTILIZATION PRACTICES,,WHEAT,2012-01-01 00:00:00.000,"WHEAT, WINTER - YIELD, MEASURED IN BU / ACRE",
41.9,,9000,YIELD,,,SURVEY,00,ALL PRODUCTION PRACTICES,CROPS,US TOTAL,NATIONAL,,BU / ACRE,,99,US,UNITED STATES,TOTAL,,NOT SPECIFIED,YEAR - MAY FORECAST,WINTER,,1998,,,US TOTAL,00,FIELD CROPS,00000000,,ANNUAL,ALL UTILIZATION PRACTICES,,WHEAT,2012-01-01 00:00:00.000,"WHEAT, WINTER - YIELD, MEASURED IN BU / ACRE",
42.7,,9000,YIELD,,,SURVEY,00,ALL PRODUCTION PRACTICES,CROPS,US TOTAL,NATIONAL,,BU / ACRE,,99,US,UNITED STATES,TOTAL,,NOT SPECIFIED,YEAR,ALL CLASSES,,1999,,,US TOTAL,00,FIELD CROPS,00000000,,ANNUAL,ALL UTILIZATION PRACTICES,,WHEAT,2012-01-01 00:00:00.000,"WHEAT - YIELD, MEASURED IN BU / ACRE",
42.5,,9000,YIELD,,,SURVEY,00,ALL PRODUCTION PRACTICES,CROPS,US TOTAL,NATIONAL,,BU / ACRE,,99,US,UNITED STATES,TOTAL,,NOT SPECIFIED,YEAR - AUG FORECAST,ALL CLASSES,,1999,,,US TOTAL,00,FIELD CROPS,00000000,,ANNUAL,ALL UTILIZATION PRACTICES,,WHEAT,2012-01-01 00:00:00.000,"WHEAT - YIELD, MEASURED IN BU / ACRE",
42.7,,9000,YIELD,,,SURVEY,00,ALL PRODUCTION PRACTICES,CROPS,US TOTAL,NATIONAL,,BU / ACRE,,99,US,UNITED STATES,TOTAL,,NOT SPECIFIED,YEAR - JUL FORECAST,ALL CLASSES,,1999,,,US TOTAL,00,FIELD CROPS,00000000,,ANNUAL,ALL UTILIZATION PRACTICES,,WHEAT,2012-01-01 00:00:00.000,"WHEAT - YIELD, MEASURED IN BU / ACRE",
42.3,,9000,YIELD,,,SURVEY,00,ALL PRODUCTION PRACTICES,CROPS,US TOTAL,NATIONAL,,BU / ACRE,,99,US,UNITED STATES,TOTAL,,NOT SPECIFIED,YEAR - SEP FORECAST,ALL CLASSES,,1999,,,US TOTAL,00,FIELD CROPS,00000000,,ANNUAL,ALL UTILIZATION PRACTICES,,WHEAT,2012-01-01 00:00:00.000,"WHEAT - YIELD, MEASURED IN BU / ACRE",
34.1,,9000,YIELD,,,SURVEY,00,ALL PRODUCTION PRACTICES,CROPS,US TOTAL,NATIONAL,,BU / ACRE,,99,US,UNITED STATES,TOTAL,,NOT SPECIFIED,YEAR,"SPRING, (EXCL DURUM)",,1999,,,US TOTAL,00,FIELD CROPS,00000000,,ANNUAL,ALL UTILIZATION PRACTICES,,WHEAT,2012-01-01 00:00:00.000,"WHEAT, SPRING, (EXCL DURUM) - YIELD, MEASURED IN BU / ACRE",
34.2,,9000,YIELD,,,SURVEY,00,ALL PRODUCTION PRACTICES,CROPS,US TOTAL,NATIONAL,,BU / ACRE,,99,US,UNITED STATES,TOTAL,,NOT SPECIFIED,YEAR - AUG FORECAST,"SPRING, (EXCL DURUM)",,1999,,,US TOTAL,00,FIELD CROPS,00000000,,ANNUAL,ALL UTILIZATION PRACTICES,,WHEAT,2012-01-01 00:00:00.000,"WHEAT, SPRING, (EXCL DURUM) - YIELD, MEASURED IN BU / ACRE",
35.3,,9000,YIELD,,,SURVEY,00,ALL PRODUCTION PRACTICES,CROPS,US TOTAL,NATIONAL,,BU / ACRE,,99,US,UNITED STATES,TOTAL,,NOT SPECIFIED,YEAR - JUL FORECAST,"SPRING, (EXCL DURUM)",,1999,,,US TOTAL,00,FIELD CROPS,00000000,,ANNUAL,ALL UTILIZATION PRACTICES,,WHEAT,2012-01-01 00:00:00.000,"WHEAT, SPRING, (EXCL DURUM) - YIELD, MEASURED IN BU / ACRE",
33.9,,9000,YIELD,,,SURVEY,00,ALL PRODUCTION PRACTICES,CROPS,US TOTAL,NATIONAL,,BU / ACRE,,99,US,UNITED STATES,TOTAL,,NOT SPECIFIED,YEAR - SEP FORECAST,"SPRING, (EXCL DURUM)",,1999,,,US TOTAL,00,FIELD CROPS,00000000,,ANNUAL,ALL UTILIZATION PRACTICES,,WHEAT,2012-01-01 00:00:00.000,"WHEAT, SPRING, (EXCL DURUM) - YIELD, MEASURED IN BU / ACRE",
27.8,,9000,YIELD,,,SURVEY,00,ALL PRODUCTION PRACTICES,CROPS,US TOTAL,NATIONAL,,BU / ACRE,,99,US,UNITED STATES,TOTAL,,NOT SPECIFIED,YEAR,"SPRING, DURUM",,1999,,,US TOTAL,00,FIELD CROPS,00000000,,ANNUAL,ALL UTILIZATION PRACTICES,,WHEAT,2012-01-01 00:00:00.000,"WHEAT, SPRING, DURUM - YIELD, MEASURED IN BU / ACRE",
29.2,,9000,YIELD,,,SURVEY,00,ALL PRODUCTION PRACTICES,CROPS,US TOTAL,NATIONAL,,BU / ACRE,,99,US,UNITED STATES,TOTAL,,NOT SPECIFIED,YEAR - AUG FORECAST,"SPRING, DURUM",,1999,,,US TOTAL,00,FIELD CROPS,00000000,,ANNUAL,ALL UTILIZATION PRACTICES,,WHEAT,2012-01-01 00:00:00.000,"WHEAT, SPRING, DURUM - YIELD, MEASURED IN BU / ACRE",
32.7,,9000,YIELD,,,SURVEY,00,ALL PRODUCTION PRACTICES,CROPS,US TOTAL,NATIONAL,,BU / ACRE,,99,US,UNITED STATES,TOTAL,,NOT SPECIFIED,YEAR - JUL FORECAST,"SPRING, DURUM",,1999,,,US TOTAL,00,FIELD CROPS,00000000,,ANNUAL,ALL UTILIZATION PRACTICES,,WHEAT,2012-01-01 00:00:00.000,"WHEAT, SPRING, DURUM - YIELD, MEASURED IN BU / ACRE",
28.3,,9000,YIELD,,,SURVEY,00,ALL PRODUCTION PRACTICES,CROPS,US TOTAL,NATIONAL,,BU / ACRE,,99,US,UNITED STATES,TOTAL,,NOT SPECIFIED,YEAR - SEP FORECAST,"SPRING, DURUM",,1999,,,US TOTAL,00,FIELD CROPS,00000000,,ANNUAL,ALL UTILIZATION PRACTICES,,WHEAT,2012-01-01 00:00:00.000,"WHEAT, SPRING, DURUM - YIELD, MEASURED IN BU / ACRE",
47.8,,9000,YIELD,,,SURVEY,00,ALL PRODUCTION PRACTICES,CROPS,US TOTAL,NATIONAL,,BU / ACRE,,99,US,UNITED STATES,TOTAL,,NOT SPECIFIED,YEAR,WINTER,,1999,,,US TOTAL,00,FIELD CROPS,00000000,,ANNUAL,ALL UTILIZATION PRACTICES,,WHEAT,2012-01-01 00:00:00.000,"WHEAT, WINTER - YIELD, MEASURED IN BU / ACRE",
47.4,,9000,YIELD,,,SURVEY,00,ALL PRODUCTION PRACTICES,CROPS,US TOTAL,NATIONAL,,BU / ACRE,,99,US,UNITED STATES,TOTAL,,NOT SPECIFIED,YEAR - AUG FORECAST,WINTER,,1999,,,US TOTAL,00,FIELD CROPS,00000000,,ANNUAL,ALL UTILIZATION PRACTICES,,WHEAT,2012-01-01 00:00:00.000,"WHEAT, WINTER - YIELD, MEASURED IN BU / ACRE",
47,,9000,YIELD,,,SURVEY,00,ALL PRODUCTION PRACTICES,CROPS,US TOTAL,NATIONAL,,BU / ACRE,,99,US,UNITED STATES,TOTAL,,NOT SPECIFIED,YEAR - JUL FORECAST,WINTER,,1999,,,US TOTAL,00,FIELD CROPS,00000000,,ANNUAL,ALL UTILIZATION PRACTICES,,WHEAT,2012-01-01 00:00:00.000,"WHEAT, WINTER - YIELD, MEASURED IN BU / ACRE",
44.7,,9000,YIELD,,,SURVEY,00,ALL PRODUCTION PRACTICES,CROPS,US TOTAL,NATIONAL,,BU / ACRE,,99,US,UNITED STATES,TOTAL,,NOT SPECIFIED,YEAR - JUN FORECAST,WINTER,,1999,,,US TOTAL,00,FIELD CROPS,00000000,,ANNUAL,ALL UTILIZATION PRACTICES,,WHEAT,2012-01-01 00:00:00.000,"WHEAT, WINTER - YIELD, MEASURED IN BU / ACRE",
44.4,,9000,YIELD,,,SURVEY,00,ALL PRODUCTION PRACTICES,CROPS,US TOTAL,NATIONAL,,BU / ACRE,,99,US,UNITED STATES,TOTAL,,NOT SPECIFIED,YEAR - MAY FORECAST,WINTER,,1999,,,US TOTAL,00,FIELD CROPS,00000000,,ANNUAL,ALL UTILIZATION PRACTICES,,WHEAT,2012-01-01 00:00:00.000,"WHEAT, WINTER - YIELD, MEASURED IN BU / ACRE",
42,,9000,YIELD,,,SURVEY,00,ALL PRODUCTION PRACTICES,CROPS,US TOTAL,NATIONAL,,BU / ACRE,,99,US,UNITED STATES,TOTAL,,NOT SPECIFIED,YEAR,ALL CLASSES,,2000,,,US TOTAL,00,FIELD CROPS,00000000,,ANNUAL,ALL UTILIZATION PRACTICES,,WHEAT,2012-01-01 00:00:00.000,"WHEAT - YIELD, MEASURED IN BU / ACRE",
38.4,,9000,YIELD,,,SURVEY,00,ALL PRODUCTION PRACTICES,CROPS,US TOTAL,NATIONAL,,BU / ACRE,,99,US,UNITED STATES,TOTAL,,NOT SPECIFIED,YEAR,"SPRING, (EXCL DURUM)",,2000,,,US TOTAL,00,FIELD CROPS,00000000,,ANNUAL,ALL UTILIZATION PRACTICES,,WHEAT,2012-01-01 00:00:00.000,"WHEAT, SPRING, (EXCL DURUM) - YIELD, MEASURED IN BU / ACRE",
36.8,,9000,YIELD,,,SURVEY,00,ALL PRODUCTION PRACTICES,CROPS,US TOTAL,NATIONAL,,BU / ACRE,,99,US,UNITED STATES,TOTAL,,NOT SPECIFIED,YEAR - AUG FORECAST,"SPRING, (EXCL DURUM)",,2000,,,US TOTAL,00,FIELD CROPS,00000000,,ANNUAL,ALL UTILIZATION PRACTICES,,WHEAT,2012-01-01 00:00:00.000,"WHEAT, SPRING, (EXCL DURUM) - YIELD, MEASURED IN BU / ACRE",
34.9,,9000,YIELD,,,SURVEY,00,ALL PRODUCTION PRACTICES,CROPS,US TOTAL,NATIONAL,,BU / ACRE,,99,US,UNITED STATES,TOTAL,,NOT SPECIFIED,YEAR - JUL FORECAST,"SPRING, (EXCL DURUM)",,2000,,,US TOTAL,00,FIELD CROPS,00000000,,ANNUAL,ALL UTILIZATION PRACTICES,,WHEAT,2012-01-01 00:00:00.000,"WHEAT, SPRING, (EXCL DURUM) - YIELD, MEASURED IN BU / ACRE",
39.2,,9000,YIELD,,,SURVEY,00,ALL PRODUCTION PRACTICES,CROPS,US TOTAL,NATIONAL,,BU / ACRE,,99,US,UNITED STATES,TOTAL,,NOT SPECIFIED,YEAR - SEP FORECAST,"SPRING, (EXCL DURUM)",,2000,,,US TOTAL,00,FIELD CROPS,00000000,,ANNUAL,ALL UTILIZATION PRACTICES,,WHEAT,2012-01-01 00:00:00.000,"WHEAT, SPRING, (EXCL DURUM) - YIELD, MEASURED IN BU / ACRE",
30.7,,9000,YIELD,,,SURVEY,00,ALL PRODUCTION PRACTICES,CROPS,US TOTAL,NATIONAL,,BU / ACRE,,99,US,UNITED STATES,TOTAL,,NOT SPECIFIED,YEAR,"SPRING, DURUM",,2000,,,US TOTAL,00,FIELD CROPS,00000000,,ANNUAL,ALL UTILIZATION PRACTICES,,WHEAT,2012-01-01 00:00:00.000,"WHEAT, SPRING, DURUM - YIELD, MEASURED IN BU / ACRE",
28.9,,9000,YIELD,,,SURVEY,00,ALL PRODUCTION PRACTICES,CROPS,US TOTAL,NATIONAL,,BU / ACRE,,99,US,UNITED STATES,TOTAL,,NOT SPECIFIED,YEAR - AUG FORECAST,"SPRING, DURUM",,2000,,,US TOTAL,00,FIELD CROPS,00000000,,ANNUAL,ALL UTILIZATION PRACTICES,,WHEAT,2012-01-01 00:00:00.000,"WHEAT, SPRING, DURUM - YIELD, MEASURED IN BU / ACRE",
32.2,,9000,YIELD,,,SURVEY,00,ALL PRODUCTION PRACTICES,CROPS,US TOTAL,NATIONAL,,BU / ACRE,,99,US,UNITED STATES,TOTAL,,NOT SPECIFIED,YEAR - JUL FORECAST,"SPRING, DURUM",,2000,,,US TOTAL,00,FIELD CROPS,00000000,,ANNUAL,ALL UTILIZATION PRACTICES,,WHEAT,2012-01-01 00:00:00.000,"WHEAT, SPRING, DURUM - YIELD, MEASURED IN BU / ACRE",
29.6,,9000,YIELD,,,SURVEY,00,ALL PRODUCTION PRACTICES,CROPS,US TOTAL,NATIONAL,,BU / ACRE,,99,US,UNITED STATES,TOTAL,,NOT SPECIFIED,YEAR - SEP FORECAST,"SPRING, DURUM",,2000,,,US TOTAL,00,FIELD CROPS,00000000,,ANNUAL,ALL UTILIZATION PRACTICES,,WHEAT,2012-01-01 00:00:00.000,"WHEAT, SPRING, DURUM - YIELD, MEASURED IN BU / ACRE",
44.6,,9000,YIELD,,,SURVEY,00,ALL PRODUCTION PRACTICES,CROPS,US TOTAL,NATIONAL,,BU / ACRE,,99,US,UNITED STATES,TOTAL,,NOT SPECIFIED,YEAR,WINTER,,2000,,,US TOTAL,00,FIELD CROPS,00000000,,ANNUAL,ALL UTILIZATION PRACTICES,,WHEAT,2012-01-01 00:00:00.000,"WHEAT, WINTER - YIELD, MEASURED IN BU / ACRE",
45,,9000,YIELD,,,SURVEY,00,ALL PRODUCTION PRACTICES,CROPS,US TOTAL,NATIONAL,,BU / ACRE,,99,US,UNITED STATES,TOTAL,,NOT SPECIFIED,YEAR - AUG FORECAST,WINTER,,2000,,,US TOTAL,00,FIELD CROPS,00000000,,ANNUAL,ALL UTILIZATION PRACTICES,,WHEAT,2012-01-01 00:00:00.000,"WHEAT, WINTER - YIELD, MEASURED IN BU / ACRE",
44.9,,9000,YIELD,,,SURVEY,00,ALL PRODUCTION PRACTICES,CROPS,US TOTAL,NATIONAL,,BU / ACRE,,99,US,UNITED STATES,TOTAL,,NOT SPECIFIED,YEAR - JUL FORECAST,WINTER,,2000,,,US TOTAL,00,FIELD CROPS,00000000,,ANNUAL,ALL UTILIZATION PRACTICES,,WHEAT,2012-01-01 00:00:00.000,"WHEAT, WINTER - YIELD, MEASURED IN BU / ACRE",
46.7,,9000,YIELD,,,SURVEY,00,ALL PRODUCTION PRACTICES,CROPS,US TOTAL,NATIONAL,,BU / ACRE,,99,US,UNITED STATES,TOTAL,,NOT SPECIFIED,YEAR - JUN FORECAST,WINTER,,2000,,,US TOTAL,00,FIELD CROPS,00000000,,ANNUAL,ALL UTILIZATION PRACTICES,,WHEAT,2012-01-01 00:00:00.000,"WHEAT, WINTER - YIELD, MEASURED IN BU / ACRE",
47.5,,9000,YIELD,,,SURVEY,00,ALL PRODUCTION PRACTICES,CROPS,US TOTAL,NATIONAL,,BU / ACRE,,99,US,UNITED STATES,TOTAL,,NOT SPECIFIED,YEAR - MAY FORECAST,WINTER,,2000,,,US TOTAL,00,FIELD CROPS,00000000,,ANNUAL,ALL UTILIZATION PRACTICES,,WHEAT,2012-01-01 00:00:00.000,"WHEAT, WINTER - YIELD, MEASURED IN BU / ACRE",
40.2,,9000,YIELD,,,SURVEY,00,ALL PRODUCTION PRACTICES,CROPS,US TOTAL,NATIONAL,,BU / ACRE,,99,US,UNITED STATES,TOTAL,,NOT SPECIFIED,YEAR,ALL CLASSES,,2001,,,US TOTAL,00,FIELD CROPS,00000000,,ANNUAL,ALL UTILIZATION PRACTICES,,WHEAT,2012-01-01 00:00:00.000,"WHEAT - YIELD, MEASURED IN BU / ACRE",
35.2,,9000,YIELD,,,SURVEY,00,ALL PRODUCTION PRACTICES,CROPS,US TOTAL,NATIONAL,,BU / ACRE,,99,US,UNITED STATES,TOTAL,,NOT SPECIFIED,YEAR,"SPRING, (EXCL DURUM)",,2001,,,US TOTAL,00,FIELD CROPS,00000000,,ANNUAL,ALL UTILIZATION PRACTICES,,WHEAT,2012-01-01 00:00:00.000,"WHEAT, SPRING, (EXCL DURUM) - YIELD, MEASURED IN BU / ACRE",
34.5,,9000,YIELD,,,SURVEY,00,ALL PRODUCTION PRACTICES,CROPS,US TOTAL,NATIONAL,,BU / ACRE,,99,US,UNITED STATES,TOTAL,,NOT SPECIFIED,YEAR - AUG FORECAST,"SPRING, (EXCL DURUM)",,2001,,,US TOTAL,00,FIELD CROPS,00000000,,ANNUAL,ALL UTILIZATION PRACTICES,,WHEAT,2012-01-01 00:00:00.000,"WHEAT, SPRING, (EXCL DURUM) - YIELD, MEASURED IN BU / ACRE",
34.9,,9000,YIELD,,,SURVEY,00,ALL PRODUCTION PRACTICES,CROPS,US TOTAL,NATIONAL,,BU / ACRE,,99,US,UNITED STATES,TOTAL,,NOT SPECIFIED,YEAR - JUL FORECAST,"SPRING, (EXCL DURUM)",,2001,,,US TOTAL,00,FIELD CROPS,00000000,,ANNUAL,ALL UTILIZATION PRACTICES,,WHEAT,2012-01-01 00:00:00.000,"WHEAT, SPRING, (EXCL DURUM) - YIELD, MEASURED IN BU / ACRE",
35.3,,9000,YIELD,,,SURVEY,00,ALL PRODUCTION PRACTICES,CROPS,US TOTAL,NATIONAL,,BU / ACRE,,99,US,UNITED STATES,TOTAL,,NOT SPECIFIED,YEAR - SEP FORECAST,"SPRING, (EXCL DURUM)",,2001,,,US TOTAL,00,FIELD CROPS,00000000,,ANNUAL,ALL UTILIZATION PRACTICES,,WHEAT,2012-01-01 00:00:00.000,"WHEAT, SPRING, (EXCL DURUM) - YIELD, MEASURED IN BU / ACRE",
30,,9000,YIELD,,,SURVEY,00,ALL PRODUCTION PRACTICES,CROPS,US TOTAL,NATIONAL,,BU / ACRE,,99,US,UNITED STATES,TOTAL,,NOT SPECIFIED,YEAR,"SPRING, DURUM",,2001,,,US TOTAL,00,FIELD CROPS,00000000,,ANNUAL,ALL UTILIZATION PRACTICES,,WHEAT,2012-01-01 00:00:00.000,"WHEAT, SPRING, DURUM - YIELD, MEASURED IN BU / ACRE",
30.9,,9000,YIELD,,,SURVEY,00,ALL PRODUCTION PRACTICES,CROPS,US TOTAL,NATIONAL,,BU / ACRE,,99,US,UNITED STATES,TOTAL,,NOT SPECIFIED,YEAR - AUG FORECAST,"SPRING, DURUM",,2001,,,US TOTAL,00,FIELD CROPS,00000000,,ANNUAL,ALL UTILIZATION PRACTICES,,WHEAT,2012-01-01 00:00:00.000,"WHEAT, SPRING, DURUM - YIELD, MEASURED IN BU / ACRE",
31.6,,9000,YIELD,,,SURVEY,00,ALL PRODUCTION PRACTICES,CROPS,US TOTAL,NATIONAL,,BU / ACRE,,99,US,UNITED STATES,TOTAL,,NOT SPECIFIED,YEAR - JUL FORECAST,"SPRING, DURUM",,2001,,,US TOTAL,00,FIELD CROPS,00000000,,ANNUAL,ALL UTILIZATION PRACTICES,,WHEAT,2012-01-01 00:00:00.000,"WHEAT, SPRING, DURUM - YIELD, MEASURED IN BU / ACRE",
29.1,,9000,YIELD,,,SURVEY,00,ALL PRODUCTION PRACTICES,CROPS,US TOTAL,NATIONAL,,BU / ACRE,,99,US,UNITED STATES,TOTAL,,NOT SPECIFIED,YEAR - SEP FORECAST,"SPRING, DURUM",,2001,,,US TOTAL,00,FIELD CROPS,00000000,,ANNUAL,ALL UTILIZATION PRACTICES,,WHEAT,2012-01-01 00:00:00.000,"WHEAT, SPRING, DURUM - YIELD, MEASURED IN BU / ACRE",
43.4,,9000,YIELD,,,SURVEY,00,ALL PRODUCTION PRACTICES,CROPS,US TOTAL,NATIONAL,,BU / ACRE,,99,US,UNITED STATES,TOTAL,,NOT SPECIFIED,YEAR,WINTER,,2001,,,US TOTAL,00,FIELD CROPS,00000000,,ANNUAL,ALL UTILIZATION PRACTICES,,WHEAT,2012-01-01 00:00:00.000,"WHEAT, WINTER - YIELD, MEASURED IN BU / ACRE",
43.8,,9000,YIELD,,,SURVEY,00,ALL PRODUCTION PRACTICES,CROPS,US TOTAL,NATIONAL,,BU / ACRE,,99,US,UNITED STATES,TOTAL,,NOT SPECIFIED,YEAR - AUG FORECAST,WINTER,,2001,,,US TOTAL,00,FIELD CROPS,00000000,,ANNUAL,ALL UTILIZATION PRACTICES,,WHEAT,2012-01-01 00:00:00.000,"WHEAT, WINTER - YIELD, MEASURED IN BU / ACRE",
43.2,,9000,YIELD,,,SURVEY,00,ALL PRODUCTION PRACTICES,CROPS,US TOTAL,NATIONAL,,BU / ACRE,,99,US,UNITED STATES,TOTAL,,NOT SPECIFIED,YEAR - JUL FORECAST,WINTER,,2001,,,US TOTAL,00,FIELD CROPS,00000000,,ANNUAL,ALL UTILIZATION PRACTICES,,WHEAT,2012-01-01 00:00:00.000,"WHEAT, WINTER - YIELD, MEASURED IN BU / ACRE",
41.2,,9000,YIELD,,,SURVEY,00,ALL PRODUCTION PRACTICES,CROPS,US TOTAL,NATIONAL,,BU / ACRE,,99,US,UNITED STATES,TOTAL,,NOT SPECIFIED,YEAR - JUN FORECAST,WINTER,,2001,,,US TOTAL,00,FIELD CROPS,00000000,,ANNUAL,ALL UTILIZATION PRACTICES,,WHEAT,2012-01-01 00:00:00.000,"WHEAT, WINTER - YIELD, MEASURED IN BU / ACRE",
41.8,,9000,YIELD,,,SURVEY,00,ALL PRODUCTION PRACTICES,CROPS,US TOTAL,NATIONAL,,BU / ACRE,,99,US,UNITED STATES,TOTAL,,NOT SPECIFIED,YEAR - MAY FORECAST,WINTER,,2001,,,US TOTAL,00,FIELD CROPS,00000000,,ANNUAL,ALL UTILIZATION PRACTICES,,WHEAT,2012-01-01 00:00:00.000,"WHEAT, WINTER - YIELD, MEASURED IN BU / ACRE",
35,,9000,YIELD,,,SURVEY,00,ALL PRODUCTION PRACTICES,CROPS,US TOTAL,NATIONAL,,BU / ACRE,,99,US,UNITED STATES,TOTAL,,NOT SPECIFIED,YEAR,ALL CLASSES,,2002,,,US TOTAL,00,FIELD CROPS,00000000,,ANNUAL,ALL UTILIZATION PRACTICES,,WHEAT,2012-01-01 00:00:00.000,"WHEAT - YIELD, MEASURED IN BU / ACRE",
29.1,,9000,YIELD,,,SURVEY,00,ALL PRODUCTION PRACTICES,CROPS,US TOTAL,NATIONAL,,BU / ACRE,,99,US,UNITED STATES,TOTAL,,NOT SPECIFIED,YEAR,"SPRING, (EXCL DURUM)",,2002,,,US TOTAL,00,FIELD CROPS,00000000,,ANNUAL,ALL UTILIZATION PRACTICES,,WHEAT,2012-01-01 00:00:00.000,"WHEAT, SPRING, (EXCL DURUM) - YIELD, MEASURED IN BU / ACRE",
29.5,,9000,YIELD,,,SURVEY,00,ALL PRODUCTION PRACTICES,CROPS,US TOTAL,NATIONAL,,BU / ACRE,,99,US,UNITED STATES,TOTAL,,NOT SPECIFIED,YEAR - AUG FORECAST,"SPRING, (EXCL DURUM)",,2002,,,US TOTAL,00,FIELD CROPS,00000000,,ANNUAL,ALL UTILIZATION PRACTICES,,WHEAT,2012-01-01 00:00:00.000,"WHEAT, SPRING, (EXCL DURUM) - YIELD, MEASURED IN BU / ACRE",
32,,9000,YIELD,,,SURVEY,00,ALL PRODUCTION PRACTICES,CROPS,US TOTAL,NATIONAL,,BU / ACRE,,99,US,UNITED STATES,TOTAL,,NOT SPECIFIED,YEAR - JUL FORECAST,"SPRING, (EXCL DURUM)",,2002,,,US TOTAL,00,FIELD CROPS,00000000,,ANNUAL,ALL UTILIZATION PRACTICES,,WHEAT,2012-01-01 00:00:00.000,"WHEAT, SPRING, (EXCL DURUM) - YIELD, MEASURED IN BU / ACRE",
29.5,,9000,YIELD,,,SURVEY,00,ALL PRODUCTION PRACTICES,CROPS,US TOTAL,NATIONAL,,BU / ACRE,,99,US,UNITED STATES,TOTAL,,NOT SPECIFIED,YEAR,"SPRING, DURUM",,2002,,,US TOTAL,00,FIELD CROPS,00000000,,ANNUAL,ALL UTILIZATION PRACTICES,,WHEAT,2012-01-01 00:00:00.000,"WHEAT, SPRING, DURUM - YIELD, MEASURED IN BU / ACRE",
29.5,,9000,YIELD,,,SURVEY,00,ALL PRODUCTION PRACTICES,CROPS,US TOTAL,NATIONAL,,BU / ACRE,,99,US,UNITED STATES,TOTAL,,NOT SPECIFIED,YEAR - AUG FORECAST,"SPRING, DURUM",,2002,,,US TOTAL,00,FIELD CROPS,00000000,,ANNUAL,ALL UTILIZATION PRACTICES,,WHEAT,2012-01-01 00:00:00.000,"WHEAT, SPRING, DURUM - YIELD, MEASURED IN BU / ACRE",
31.3,,9000,YIELD,,,SURVEY,00,ALL PRODUCTION PRACTICES,CROPS,US TOTAL,NATIONAL,,BU / ACRE,,99,US,UNITED STATES,TOTAL,,NOT SPECIFIED,YEAR - JUL FORECAST,"SPRING, DURUM",,2002,,,US TOTAL,00,FIELD CROPS,00000000,,ANNUAL,ALL UTILIZATION PRACTICES,,WHEAT,2012-01-01 00:00:00.000,"WHEAT, SPRING, DURUM - YIELD, MEASURED IN BU / ACRE",
38.2,,9000,YIELD,,,SURVEY,00,ALL PRODUCTION PRACTICES,CROPS,US TOTAL,NATIONAL,,BU / ACRE,,99,US,UNITED STATES,TOTAL,,NOT SPECIFIED,YEAR,WINTER,,2002,,,US TOTAL,00,FIELD CROPS,00000000,,ANNUAL,ALL UTILIZATION PRACTICES,,WHEAT,2012-01-01 00:00:00.000,"WHEAT, WINTER - YIELD, MEASURED IN BU / ACRE",
38.9,,9000,YIELD,,,SURVEY,00,ALL PRODUCTION PRACTICES,CROPS,US TOTAL,NATIONAL,,BU / ACRE,,99,US,UNITED STATES,TOTAL,,NOT SPECIFIED,YEAR - AUG FORECAST,WINTER,,2002,,,US TOTAL,00,FIELD CROPS,00000000,,ANNUAL,ALL UTILIZATION PRACTICES,,WHEAT,2012-01-01 00:00:00.000,"WHEAT, WINTER - YIELD, MEASURED IN BU / ACRE",
39.6,,9000,YIELD,,,SURVEY,00,ALL PRODUCTION PRACTICES,CROPS,US TOTAL,NATIONAL,,BU / ACRE,,99,US,UNITED STATES,TOTAL,,NOT SPECIFIED,YEAR - JUL FORECAST,WINTER,,2002,,,US TOTAL,00,FIELD CROPS,00000000,,ANNUAL,ALL UTILIZATION PRACTICES,,WHEAT,2012-01-01 00:00:00.000,"WHEAT, WINTER - YIELD, MEASURED IN BU / ACRE",
41,,9000,YIELD,,,SURVEY,00,ALL PRODUCTION PRACTICES,CROPS,US TOTAL,NATIONAL,,BU / ACRE,,99,US,UNITED STATES,TOTAL,,NOT SPECIFIED,YEAR - JUN FORECAST,WINTER,,2002,,,US TOTAL,00,FIELD CROPS,00000000,,ANNUAL,ALL UTILIZATION PRACTICES,,WHEAT,2012-01-01 00:00:00.000,"WHEAT, WINTER - YIELD, MEASURED IN BU / ACRE",
43.1,,9000,YIELD,,,SURVEY,00,ALL PRODUCTION PRACTICES,CROPS,US TOTAL,NATIONAL,,BU / ACRE,,99,US,UNITED STATES,TOTAL,,NOT SPECIFIED,YEAR - MAY FORECAST,WINTER,,2002,,,US TOTAL,00,FIELD CROPS,00000000,,ANNUAL,ALL UTILIZATION PRACTICES,,WHEAT,2012-01-01 00:00:00.000,"WHEAT, WINTER - YIELD, MEASURED IN BU / ACRE",
44.2,,9000,YIELD,,,SURVEY,00,ALL PRODUCTION PRACTICES,CROPS,US TOTAL,NATIONAL,,BU / ACRE,,99,US,UNITED STATES,TOTAL,,NOT SPECIFIED,YEAR,ALL CLASSES,,2003,,,US TOTAL,00,FIELD CROPS,00000000,,ANNUAL,ALL UTILIZATION PRACTICES,,WHEAT,2012-01-01 00:00:00.000,"WHEAT - YIELD, MEASURED IN BU / ACRE",
39.5,,9000,YIELD,,,SURVEY,00,ALL PRODUCTION PRACTICES,CROPS,US TOTAL,NATIONAL,,BU / ACRE,,99,US,UNITED STATES,TOTAL,,NOT SPECIFIED,YEAR,"SPRING, (EXCL DURUM)",,2003,,,US TOTAL,00,FIELD CROPS,00000000,,ANNUAL,ALL UTILIZATION PRACTICES,,WHEAT,2012-01-01 00:00:00.000,"WHEAT, SPRING, (EXCL DURUM) - YIELD, MEASURED IN BU / ACRE",
36.6,,9000,YIELD,,,SURVEY,00,ALL PRODUCTION PRACTICES,CROPS,US TOTAL,NATIONAL,,BU / ACRE,,99,US,UNITED STATES,TOTAL,,NOT SPECIFIED,YEAR - AUG FORECAST,"SPRING, (EXCL DURUM)",,2003,,,US TOTAL,00,FIELD CROPS,00000000,,ANNUAL,ALL UTILIZATION PRACTICES,,WHEAT,2012-01-01 00:00:00.000,"WHEAT, SPRING, (EXCL DURUM) - YIELD, MEASURED IN BU / ACRE",
37.3,,9000,YIELD,,,SURVEY,00,ALL PRODUCTION PRACTICES,CROPS,US TOTAL,NATIONAL,,BU / ACRE,,99,US,UNITED STATES,TOTAL,,NOT SPECIFIED,YEAR - JUL FORECAST,"SPRING, (EXCL DURUM)",,2003,,,US TOTAL,00,FIELD CROPS,00000000,,ANNUAL,ALL UTILIZATION PRACTICES,,WHEAT,2012-01-01 00:00:00.000,"WHEAT, SPRING, (EXCL DURUM) - YIELD, MEASURED IN BU / ACRE",
33.7,,9000,YIELD,,,SURVEY,00,ALL PRODUCTION PRACTICES,CROPS,US TOTAL,NATIONAL,,BU / ACRE,,99,US,UNITED STATES,TOTAL,,NOT SPECIFIED,YEAR,"SPRING, DURUM",,2003,,,US TOTAL,00,FIELD CROPS,00000000,,ANNUAL,ALL UTILIZATION PRACTICES,,WHEAT,2012-01-01 00:00:00.000,"WHEAT, SPRING, DURUM - YIELD, MEASURED IN BU / ACRE",
31.9,,9000,YIELD,,,SURVEY,00,ALL PRODUCTION PRACTICES,CROPS,US TOTAL,NATIONAL,,BU / ACRE,,99,US,UNITED STATES,TOTAL,,NOT SPECIFIED,YEAR - AUG FORECAST,"SPRING, DURUM",,2003,,,US TOTAL,00,FIELD CROPS,00000000,,ANNUAL,ALL UTILIZATION PRACTICES,,WHEAT,2012-01-01 00:00:00.000,"WHEAT, SPRING, DURUM - YIELD, MEASURED IN BU / ACRE",
34.1,,9000,YIELD,,,SURVEY,00,ALL PRODUCTION PRACTICES,CROPS,US TOTAL,NATIONAL,,BU / ACRE,,99,US,UNITED STATES,TOTAL,,NOT SPECIFIED,YEAR - JUL FORECAST,"SPRING, DURUM",,2003,,,US TOTAL,00,FIELD CROPS,00000000,,ANNUAL,ALL UTILIZATION PRACTICES,,WHEAT,2012-01-01 00:00:00.000,"WHEAT, SPRING, DURUM - YIELD, MEASURED IN BU / ACRE",
46.7,,9000,YIELD,,,SURVEY,00,ALL PRODUCTION PRACTICES,CROPS,US TOTAL,NATIONAL,,BU / ACRE,,99,US,UNITED STATES,TOTAL,,NOT SPECIFIED,YEAR,WINTER,,2003,,,US TOTAL,00,FIELD CROPS,00000000,,ANNUAL,ALL UTILIZATION PRACTICES,,WHEAT,2012-01-01 00:00:00.000,"WHEAT, WINTER - YIELD, MEASURED IN BU / ACRE",
46.9,,9000,YIELD,,,SURVEY,00,ALL PRODUCTION PRACTICES,CROPS,US TOTAL,NATIONAL,,BU / ACRE,,99,US,UNITED STATES,TOTAL,,NOT SPECIFIED,YEAR - AUG FORECAST,WINTER,,2003,,,US TOTAL,00,FIELD CROPS,00000000,,ANNUAL,ALL UTILIZATION PRACTICES,,WHEAT,2012-01-01 00:00:00.000,"WHEAT, WINTER - YIELD, MEASURED IN BU / ACRE",
47,,9000,YIELD,,,SURVEY,00,ALL PRODUCTION PRACTICES,CROPS,US TOTAL,NATIONAL,,BU / ACRE,,99,US,UNITED STATES,TOTAL,,NOT SPECIFIED,YEAR - JUL FORECAST,WINTER,,2003,,,US TOTAL,00,FIELD CROPS,00000000,,ANNUAL,ALL UTILIZATION PRACTICES,,WHEAT,2012-01-01 00:00:00.000,"WHEAT, WINTER - YIELD, MEASURED IN BU / ACRE",
44.6,,9000,YIELD,,,SURVEY,00,ALL PRODUCTION PRACTICES,CROPS,US TOTAL,NATIONAL,,BU / ACRE,,99,US,UNITED STATES,TOTAL,,NOT SPECIFIED,YEAR - JUN FORECAST,WINTER,,2003,,,US TOTAL,00,FIELD CROPS,00000000,,ANNUAL,ALL UTILIZATION PRACTICES,,WHEAT,2012-01-01 00:00:00.000,"WHEAT, WINTER - YIELD, MEASURED IN BU / ACRE",
42.9,,9000,YIELD,,,SURVEY,00,ALL PRODUCTION PRACTICES,CROPS,US TOTAL,NATIONAL,,BU / ACRE,,99,US,UNITED STATES,TOTAL,,NOT SPECIFIED,YEAR - MAY FORECAST,WINTER,,2003,,,US TOTAL,00,FIELD CROPS,00000000,,ANNUAL,ALL UTILIZATION PRACTICES,,WHEAT,2012-01-01 00:00:00.000,"WHEAT, WINTER - YIELD, MEASURED IN BU / ACRE",
43.2,,9000,YIELD,,,SURVEY,00,ALL PRODUCTION PRACTICES,CROPS,US TOTAL,NATIONAL,,BU / ACRE,,99,US,UNITED STATES,TOTAL,,NOT SPECIFIED,YEAR,ALL CLASSES,,2004,,,US TOTAL,00,FIELD CROPS,00000000,,ANNUAL,ALL UTILIZATION PRACTICES,,WHEAT,2012-01-01 00:00:00.000,"WHEAT - YIELD, MEASURED IN BU / ACRE",
43.2,,9000,YIELD,,,SURVEY,00,ALL PRODUCTION PRACTICES,CROPS,US TOTAL,NATIONAL,,BU / ACRE,,99,US,UNITED STATES,TOTAL,,NOT SPECIFIED,YEAR,"SPRING, (EXCL DURUM)",,2004,,,US TOTAL,00,FIELD CROPS,00000000,,ANNUAL,ALL UTILIZATION PRACTICES,,WHEAT,2012-01-01 00:00:00.000,"WHEAT, SPRING, (EXCL DURUM) - YIELD, MEASURED IN BU / ACRE",
41.2,,9000,YIELD,,,SURVEY,00,ALL PRODUCTION PRACTICES,CROPS,US TOTAL,NATIONAL,,BU / ACRE,,99,US,UNITED STATES,TOTAL,,NOT SPECIFIED,YEAR - AUG FORECAST,"SPRING, (EXCL DURUM)",,2004,,,US TOTAL,00,FIELD CROPS,00000000,,ANNUAL,ALL UTILIZATION PRACTICES,,WHEAT,2012-01-01 00:00:00.000,"WHEAT, SPRING, (EXCL DURUM) - YIELD, MEASURED IN BU / ACRE",
37.9,,9000,YIELD,,,SURVEY,00,ALL PRODUCTION PRACTICES,CROPS,US TOTAL,NATIONAL,,BU / ACRE,,99,US,UNITED STATES,TOTAL,,NOT SPECIFIED,YEAR - JUL FORECAST,"SPRING, (EXCL DURUM)",,2004,,,US TOTAL,00,FIELD CROPS,00000000,,ANNUAL,ALL UTILIZATION PRACTICES,,WHEAT,2012-01-01 00:00:00.000,"WHEAT, SPRING, (EXCL DURUM) - YIELD, MEASURED IN BU / ACRE",
38,,9000,YIELD,,,SURVEY,00,ALL PRODUCTION PRACTICES,CROPS,US TOTAL,NATIONAL,,BU / ACRE,,99,US,UNITED STATES,TOTAL,,NOT SPECIFIED,YEAR,"SPRING, DURUM",,2004,,,US TOTAL,00,FIELD CROPS,00000000,,ANNUAL,ALL UTILIZATION PRACTICES,,WHEAT,2012-01-01 00:00:00.000,"WHEAT, SPRING, DURUM - YIELD, MEASURED IN BU / ACRE",
35.3,,9000,YIELD,,,SURVEY,00,ALL PRODUCTION PRACTICES,CROPS,US TOTAL,NATIONAL,,BU / ACRE,,99,US,UNITED STATES,TOTAL,,NOT SPECIFIED,YEAR - AUG FORECAST,"SPRING, DURUM",,2004,,,US TOTAL,00,FIELD CROPS,00000000,,ANNUAL,ALL UTILIZATION PRACTICES,,WHEAT,2012-01-01 00:00:00.000,"WHEAT, SPRING, DURUM - YIELD, MEASURED IN BU / ACRE",
33.2,,9000,YIELD,,,SURVEY,00,ALL PRODUCTION PRACTICES,CROPS,US TOTAL,NATIONAL,,BU / ACRE,,99,US,UNITED STATES,TOTAL,,NOT SPECIFIED,YEAR - JUL FORECAST,"SPRING, DURUM",,2004,,,US TOTAL,00,FIELD CROPS,00000000,,ANNUAL,ALL UTILIZATION PRACTICES,,WHEAT,2012-01-01 00:00:00.000,"WHEAT, SPRING, DURUM - YIELD, MEASURED IN BU / ACRE",
43.5,,9000,YIELD,,,SURVEY,00,ALL PRODUCTION PRACTICES,CROPS,US TOTAL,NATIONAL,,BU / ACRE,,99,US,UNITED STATES,TOTAL,,NOT SPECIFIED,YEAR,WINTER,,2004,,,US TOTAL,00,FIELD CROPS,00000000,,ANNUAL,ALL UTILIZATION PRACTICES,,WHEAT,2012-01-01 00:00:00.000,"WHEAT, WINTER - YIELD, MEASURED IN BU / ACRE",
42.8,,9000,YIELD,,,SURVEY,00,ALL PRODUCTION PRACTICES,CROPS,US TOTAL,NATIONAL,,BU / ACRE,,99,US,UNITED STATES,TOTAL,,NOT SPECIFIED,YEAR - AUG FORECAST,WINTER,,2004,,,US TOTAL,00,FIELD CROPS,00000000,,ANNUAL,ALL UTILIZATION PRACTICES,,WHEAT,2012-01-01 00:00:00.000,"WHEAT, WINTER - YIELD, MEASURED IN BU / ACRE",
42.2,,9000,YIELD,,,SURVEY,00,ALL PRODUCTION PRACTICES,CROPS,US TOTAL,NATIONAL,,BU / ACRE,,99,US,UNITED STATES,TOTAL,,NOT SPECIFIED,YEAR - JUL FORECAST,WINTER,,2004,,,US TOTAL,00,FIELD CROPS,00000000,,ANNUAL,ALL UTILIZATION PRACTICES,,WHEAT,2012-01-01 00:00:00.000,"WHEAT, WINTER - YIELD, MEASURED IN BU / ACRE",
43.6,,9000,YIELD,,,SURVEY,00,ALL PRODUCTION PRACTICES,CROPS,US TOTAL,NATIONAL,,BU / ACRE,,99,US,UNITED STATES,TOTAL,,NOT SPECIFIED,YEAR - JUN FORECAST,WINTER,,2004,,,US TOTAL,00,FIELD CROPS,00000000,,ANNUAL,ALL UTILIZATION PRACTICES,,WHEAT,2012-01-01 00:00:00.000,"WHEAT, WINTER - YIELD, MEASURED IN BU / ACRE",
44.2,,9000,YIELD,,,SURVEY,00,ALL PRODUCTION PRACTICES,CROPS,US TOTAL,NATIONAL,,BU / ACRE,,99,US,UNITED STATES,TOTAL,,NOT SPECIFIED,YEAR - MAY FORECAST,WINTER,,2004,,,US TOTAL,00,FIELD CROPS,00000000,,ANNUAL,ALL UTILIZATION PRACTICES,,WHEAT,2012-01-01 00:00:00.000,"WHEAT, WINTER - YIELD, MEASURED IN BU / ACRE",
42,,9000,YIELD,,,SURVEY,00,ALL PRODUCTION PRACTICES,CROPS,US TOTAL,NATIONAL,,BU / ACRE,,99,US,UNITED STATES,TOTAL,,NOT SPECIFIED,YEAR,ALL CLASSES,,2005,,,US TOTAL,00,FIELD CROPS,00000000,,ANNUAL,ALL UTILIZATION PRACTICES,,WHEAT,2012-01-01 00:00:00.000,"WHEAT - YIELD, MEASURED IN BU / ACRE",
37.1,,9000,YIELD,,,SURVEY,00,ALL PRODUCTION PRACTICES,CROPS,US TOTAL,NATIONAL,,BU / ACRE,,99,US,UNITED STATES,TOTAL,,NOT SPECIFIED,YEAR,"SPRING, (EXCL DURUM)",,2005,,,US TOTAL,00,FIELD CROPS,00000000,,ANNUAL,ALL UTILIZATION PRACTICES,,WHEAT,2012-01-01 00:00:00.000,"WHEAT, SPRING, (EXCL DURUM) - YIELD, MEASURED IN BU / ACRE",
40.6,,9000,YIELD,,,SURVEY,00,ALL PRODUCTION PRACTICES,CROPS,US TOTAL,NATIONAL,,BU / ACRE,,99,US,UNITED STATES,TOTAL,,NOT SPECIFIED,YEAR - AUG FORECAST,"SPRING, (EXCL DURUM)",,2005,,,US TOTAL,00,FIELD CROPS,00000000,,ANNUAL,ALL UTILIZATION PRACTICES,,WHEAT,2012-01-01 00:00:00.000,"WHEAT, SPRING, (EXCL DURUM) - YIELD, MEASURED IN BU / ACRE",
43.2,,9000,YIELD,,,SURVEY,00,ALL PRODUCTION PRACTICES,CROPS,US TOTAL,NATIONAL,,BU / ACRE,,99,US,UNITED STATES,TOTAL,,NOT SPECIFIED,YEAR - JUL FORECAST,"SPRING, (EXCL DURUM)",,2005,,,US TOTAL,00,FIELD CROPS,00000000,,ANNUAL,ALL UTILIZATION PRACTICES,,WHEAT,2012-01-01 00:00:00.000,"WHEAT, SPRING, (EXCL DURUM) - YIELD, MEASURED IN BU / ACRE",
37.2,,9000,YIELD,,,SURVEY,00,ALL PRODUCTION PRACTICES,CROPS,US TOTAL,NATIONAL,,BU / ACRE,,99,US,UNITED STATES,TOTAL,,NOT SPECIFIED,YEAR,"SPRING, DURUM",,2005,,,US TOTAL,00,FIELD CROPS,00000000,,ANNUAL,ALL UTILIZATION PRACTICES,,WHEAT,2012-01-01 00:00:00.000,"WHEAT, SPRING, DURUM - YIELD, MEASURED IN BU / ACRE",
37.9,,9000,YIELD,,,SURVEY,00,ALL PRODUCTION PRACTICES,CROPS,US TOTAL,NATIONAL,,BU / ACRE,,99,US,UNITED STATES,TOTAL,,NOT SPECIFIED,YEAR - AUG FORECAST,"SPRING, DURUM",,2005,,,US TOTAL,00,FIELD CROPS,00000000,,ANNUAL,ALL UTILIZATION PRACTICES,,WHEAT,2012-01-01 00:00:00.000,"WHEAT, SPRING, DURUM - YIELD, MEASURED IN BU / ACRE",
38.4,,9000,YIELD,,,SURVEY,00,ALL PRODUCTION PRACTICES,CROPS,US TOTAL,NATIONAL,,BU / ACRE,,99,US,UNITED STATES,TOTAL,,NOT SPECIFIED,YEAR - JUL FORECAST,"SPRING, DURUM",,2005,,,US TOTAL,00,FIELD CROPS,00000000,,ANNUAL,ALL UTILIZATION PRACTICES,,WHEAT,2012-01-01 00:00:00.000,"WHEAT, SPRING, DURUM - YIELD, MEASURED IN BU / ACRE",
44.3,,9000,YIELD,,,SURVEY,00,ALL PRODUCTION PRACTICES,CROPS,US TOTAL,NATIONAL,,BU / ACRE,,99,US,UNITED STATES,TOTAL,,NOT SPECIFIED,YEAR,WINTER,,2005,,,US TOTAL,00,FIELD CROPS,00000000,,ANNUAL,ALL UTILIZATION PRACTICES,,WHEAT,2012-01-01 00:00:00.000,"WHEAT, WINTER - YIELD, MEASURED IN BU / ACRE",
44.4,,9000,YIELD,,,SURVEY,00,ALL PRODUCTION PRACTICES,CROPS,US TOTAL,NATIONAL,,BU / ACRE,,99,US,UNITED STATES,TOTAL,,NOT SPECIFIED,YEAR - AUG FORECAST,WINTER,,2005,,,US TOTAL,00,FIELD CROPS,00000000,,ANNUAL,ALL UTILIZATION PRACTICES,,WHEAT,2012-01-01 00:00:00.000,"WHEAT, WINTER - YIELD, MEASURED IN BU / ACRE",
44.5,,9000,YIELD,,,SURVEY,00,ALL PRODUCTION PRACTICES,CROPS,US TOTAL,NATIONAL,,BU / ACRE,,99,US,UNITED STATES,TOTAL,,NOT SPECIFIED,YEAR - JUL FORECAST,WINTER,,2005,,,US TOTAL,00,FIELD CROPS,00000000,,ANNUAL,ALL UTILIZATION PRACTICES,,WHEAT,2012-01-01 00:00:00.000,"WHEAT, WINTER - YIELD, MEASURED IN BU / ACRE",
44.1,,9000,YIELD,,,SURVEY,00,ALL PRODUCTION PRACTICES,CROPS,US TOTAL,NATIONAL,,BU / ACRE,,99,US,UNITED STATES,TOTAL,,NOT SPECIFIED,YEAR - JUN FORECAST,WINTER,,2005,,,US TOTAL,00,FIELD CROPS,00000000,,ANNUAL,ALL UTILIZATION PRACTICES,,WHEAT,2012-01-01 00:00:00.000,"WHEAT, WINTER - YIELD, MEASURED IN BU / ACRE",
45.4,,9000,YIELD,,,SURVEY,00,ALL PRODUCTION PRACTICES,CROPS,US TOTAL,NATIONAL,,BU / ACRE,,99,US,UNITED STATES,TOTAL,,NOT SPECIFIED,YEAR - MAY FORECAST,WINTER,,2005,,,US TOTAL,00,FIELD CROPS,00000000,,ANNUAL,ALL UTILIZATION PRACTICES,,WHEAT,2012-01-01 00:00:00.000,"WHEAT, WINTER - YIELD, MEASURED IN BU / ACRE",
38.6,,9000,YIELD,,,SURVEY,00,ALL PRODUCTION PRACTICES,CROPS,US TOTAL,NATIONAL,,BU / ACRE,,99,US,UNITED STATES,TOTAL,,NOT SPECIFIED,YEAR,ALL CLASSES,,2006,,,US TOTAL,00,FIELD CROPS,00000000,,ANNUAL,ALL UTILIZATION PRACTICES,,WHEAT,2012-01-01 00:00:00.000,"WHEAT - YIELD, MEASURED IN BU / ACRE",
33.2,,9000,YIELD,,,SURVEY,00,ALL PRODUCTION PRACTICES,CROPS,US TOTAL,NATIONAL,,BU / ACRE,,99,US,UNITED STATES,TOTAL,,NOT SPECIFIED,YEAR,"SPRING, (EXCL DURUM)",,2006,,,US TOTAL,00,FIELD CROPS,00000000,,ANNUAL,ALL UTILIZATION PRACTICES,,WHEAT,2012-01-01 00:00:00.000,"WHEAT, SPRING, (EXCL DURUM) - YIELD, MEASURED IN BU / ACRE",
32.7,,9000,YIELD,,,SURVEY,00,ALL PRODUCTION PRACTICES,CROPS,US TOTAL,NATIONAL,,BU / ACRE,,99,US,UNITED STATES,TOTAL,,NOT SPECIFIED,YEAR - AUG FORECAST,"SPRING, (EXCL DURUM)",,2006,,,US TOTAL,00,FIELD CROPS,00000000,,ANNUAL,ALL UTILIZATION PRACTICES,,WHEAT,2012-01-01 00:00:00.000,"WHEAT, SPRING, (EXCL DURUM) - YIELD, MEASURED IN BU / ACRE",
32.9,,9000,YIELD,,,SURVEY,00,ALL PRODUCTION PRACTICES,CROPS,US TOTAL,NATIONAL,,BU / ACRE,,99,US,UNITED STATES,TOTAL,,NOT SPECIFIED,YEAR - JUL FORECAST,"SPRING, (EXCL DURUM)",,2006,,,US TOTAL,00,FIELD CROPS,00000000,,ANNUAL,ALL UTILIZATION PRACTICES,,WHEAT,2012-01-01 00:00:00.000,"WHEAT, SPRING, (EXCL DURUM) - YIELD, MEASURED IN BU / ACRE",
29.5,,9000,YIELD,,,SURVEY,00,ALL PRODUCTION PRACTICES,CROPS,US TOTAL,NATIONAL,,BU / ACRE,,99,US,UNITED STATES,TOTAL,,NOT SPECIFIED,YEAR,"SPRING, DURUM",,2006,,,US TOTAL,00,FIELD CROPS,00000000,,ANNUAL,ALL UTILIZATION PRACTICES,,WHEAT,2012-01-01 00:00:00.000,"WHEAT, SPRING, DURUM - YIELD, MEASURED IN BU / ACRE",
30,,9000,YIELD,,,SURVEY,00,ALL PRODUCTION PRACTICES,CROPS,US TOTAL,NATIONAL,,BU / ACRE,,99,US,UNITED STATES,TOTAL,,NOT SPECIFIED,YEAR - AUG FORECAST,"SPRING, DURUM",,2006,,,US TOTAL,00,FIELD CROPS,00000000,,ANNUAL,ALL UTILIZATION PRACTICES,,WHEAT,2012-01-01 00:00:00.000,"WHEAT, SPRING, DURUM - YIELD, MEASURED IN BU / ACRE",
33.1,,9000,YIELD,,,SURVEY,00,ALL PRODUCTION PRACTICES,CROPS,US TOTAL,NATIONAL,,BU / ACRE,,99,US,UNITED STATES,TOTAL,,NOT SPECIFIED,YEAR - JUL FORECAST,"SPRING, DURUM",,2006,,,US TOTAL,00,FIELD CROPS,00000000,,ANNUAL,ALL UTILIZATION PRACTICES,,WHEAT,2012-01-01 00:00:00.000,"WHEAT, SPRING, DURUM - YIELD, MEASURED IN BU / ACRE",
41.6,,9000,YIELD,,,SURVEY,00,ALL PRODUCTION PRACTICES,CROPS,US TOTAL,NATIONAL,,BU / ACRE,,99,US,UNITED STATES,TOTAL,,NOT SPECIFIED,YEAR,WINTER,,2006,,,US TOTAL,00,FIELD CROPS,00000000,,ANNUAL,ALL UTILIZATION PRACTICES,,WHEAT,2012-01-01 00:00:00.000,"WHEAT, WINTER - YIELD, MEASURED IN BU / ACRE",
41.2,,9000,YIELD,,,SURVEY,00,ALL PRODUCTION PRACTICES,CROPS,US TOTAL,NATIONAL,,BU / ACRE,,99,US,UNITED STATES,TOTAL,,NOT SPECIFIED,YEAR - AUG FORECAST,WINTER,,2006,,,US TOTAL,00,FIELD CROPS,00000000,,ANNUAL,ALL UTILIZATION PRACTICES,,WHEAT,2012-01-01 00:00:00.000,"WHEAT, WINTER - YIELD, MEASURED IN BU / ACRE",
41.1,,9000,YIELD,,,SURVEY,00,ALL PRODUCTION PRACTICES,CROPS,US TOTAL,NATIONAL,,BU / ACRE,,99,US,UNITED STATES,TOTAL,,NOT SPECIFIED,YEAR - JUL FORECAST,WINTER,,2006,,,US TOTAL,00,FIELD CROPS,00000000,,ANNUAL,ALL UTILIZATION PRACTICES,,WHEAT,2012-01-01 00:00:00.000,"WHEAT, WINTER - YIELD, MEASURED IN BU / ACRE",
40.5,,9000,YIELD,,,SURVEY,00,ALL PRODUCTION PRACTICES,CROPS,US TOTAL,NATIONAL,,BU / ACRE,,99,US,UNITED STATES,TOTAL,,NOT SPECIFIED,YEAR - JUN FORECAST,WINTER,,2006,,,US TOTAL,00,FIELD CROPS,00000000,,ANNUAL,ALL UTILIZATION PRACTICES,,WHEAT,2012-01-01 00:00:00.000,"WHEAT, WINTER - YIELD, MEASURED IN BU / ACRE",
42.4,,9000,YIELD,,,SURVEY,00,ALL PRODUCTION PRACTICES,CROPS,US TOTAL,NATIONAL,,BU / ACRE,,99,US,UNITED STATES,TOTAL,,NOT SPECIFIED,YEAR - MAY FORECAST,WINTER,,2006,,,US TOTAL,00,FIELD CROPS,00000000,,ANNUAL,ALL UTILIZATION PRACTICES,,WHEAT,2012-01-01 00:00:00.000,"WHEAT, WINTER - YIELD, MEASURED IN BU / ACRE",
40.2,,9000,YIELD,,,SURVEY,00,ALL PRODUCTION PRACTICES,CROPS,US TOTAL,NATIONAL,,BU / ACRE,,99,US,UNITED STATES,TOTAL,,NOT SPECIFIED,YEAR,ALL CLASSES,,2007,,,US TOTAL,00,FIELD CROPS,00000000,,ANNUAL,ALL UTILIZATION PRACTICES,,WHEAT,2012-01-01 00:00:00.000,"WHEAT - YIELD, MEASURED IN BU / ACRE",
37.1,,9000,YIELD,,,SURVEY,00,ALL PRODUCTION PRACTICES,CROPS,US TOTAL,NATIONAL,,BU / ACRE,,99,US,UNITED STATES,TOTAL,,NOT SPECIFIED,YEAR,"SPRING, (EXCL DURUM)",,2007,,,US TOTAL,00,FIELD CROPS,00000000,,ANNUAL,ALL UTILIZATION PRACTICES,,WHEAT,2012-01-01 00:00:00.000,"WHEAT, SPRING, (EXCL DURUM) - YIELD, MEASURED IN BU / ACRE",
39.3,,9000,YIELD,,,SURVEY,00,ALL PRODUCTION PRACTICES,CROPS,US TOTAL,NATIONAL,,BU / ACRE,,99,US,UNITED STATES,TOTAL,,NOT SPECIFIED,YEAR - AUG FORECAST,"SPRING, (EXCL DURUM)",,2007,,,US TOTAL,00,FIELD CROPS,00000000,,ANNUAL,ALL UTILIZATION PRACTICES,,WHEAT,2012-01-01 00:00:00.000,"WHEAT, SPRING, (EXCL DURUM) - YIELD, MEASURED IN BU / ACRE",
39.1,,9000,YIELD,,,SURVEY,00,ALL PRODUCTION PRACTICES,CROPS,US TOTAL,NATIONAL,,BU / ACRE,,99,US,UNITED STATES,TOTAL,,NOT SPECIFIED,YEAR - JUL FORECAST,"SPRING, (EXCL DURUM)",,2007,,,US TOTAL,00,FIELD CROPS,00000000,,ANNUAL,ALL UTILIZATION PRACTICES,,WHEAT,2012-01-01 00:00:00.000,"WHEAT, SPRING, (EXCL DURUM) - YIELD, MEASURED IN BU / ACRE",
34.1,,9000,YIELD,,,SURVEY,00,ALL PRODUCTION PRACTICES,CROPS,US TOTAL,NATIONAL,,BU / ACRE,,99,US,UNITED STATES,TOTAL,,NOT SPECIFIED,YEAR,"SPRING, DURUM",,2007,,,US TOTAL,00,FIELD CROPS,00000000,,ANNUAL,ALL UTILIZATION PRACTICES,,WHEAT,2012-01-01 00:00:00.000,"WHEAT, SPRING, DURUM - YIELD, MEASURED IN BU / ACRE",
35.5,,9000,YIELD,,,SURVEY,00,ALL PRODUCTION PRACTICES,CROPS,US TOTAL,NATIONAL,,BU / ACRE,,99,US,UNITED STATES,TOTAL,,NOT SPECIFIED,YEAR - AUG FORECAST,"SPRING, DURUM",,2007,,,US TOTAL,00,FIELD CROPS,00000000,,ANNUAL,ALL UTILIZATION PRACTICES,,WHEAT,2012-01-01 00:00:00.000,"WHEAT, SPRING, DURUM - YIELD, MEASURED IN BU / ACRE",
36.4,,9000,YIELD,,,SURVEY,00,ALL PRODUCTION PRACTICES,CROPS,US TOTAL,NATIONAL,,BU / ACRE,,99,US,UNITED STATES,TOTAL,,NOT SPECIFIED,YEAR - JUL FORECAST,"SPRING, DURUM",,2007,,,US TOTAL,00,FIELD CROPS,00000000,,ANNUAL,ALL UTILIZATION PRACTICES,,WHEAT,2012-01-01 00:00:00.000,"WHEAT, SPRING, DURUM - YIELD, MEASURED IN BU / ACRE",
41.7,,9000,YIELD,,,SURVEY,00,ALL PRODUCTION PRACTICES,CROPS,US TOTAL,NATIONAL,,BU / ACRE,,99,US,UNITED STATES,TOTAL,,NOT SPECIFIED,YEAR,WINTER,,2007,,,US TOTAL,00,FIELD CROPS,00000000,,ANNUAL,ALL UTILIZATION PRACTICES,,WHEAT,2012-01-01 00:00:00.000,"WHEAT, WINTER - YIELD, MEASURED IN BU / ACRE",
41.3,,9000,YIELD,,,SURVEY,00,ALL PRODUCTION PRACTICES,CROPS,US TOTAL,NATIONAL,,BU / ACRE,,99,US,UNITED STATES,TOTAL,,NOT SPECIFIED,YEAR - AUG FORECAST,WINTER,,2007,,,US TOTAL,00,FIELD CROPS,00000000,,ANNUAL,ALL UTILIZATION PRACTICES,,WHEAT,2012-01-01 00:00:00.000,"WHEAT, WINTER - YIELD, MEASURED IN BU / ACRE",
41.6,,9000,YIELD,,,SURVEY,00,ALL PRODUCTION PRACTICES,CROPS,US TOTAL,NATIONAL,,BU / ACRE,,99,US,UNITED STATES,TOTAL,,NOT SPECIFIED,YEAR - JUL FORECAST,WINTER,,2007,,,US TOTAL,00,FIELD CROPS,00000000,,ANNUAL,ALL UTILIZATION PRACTICES,,WHEAT,2012-01-01 00:00:00.000,"WHEAT, WINTER - YIELD, MEASURED IN BU / ACRE",
43.2,,9000,YIELD,,,SURVEY,00,ALL PRODUCTION PRACTICES,CROPS,US TOTAL,NATIONAL,,BU / ACRE,,99,US,UNITED STATES,TOTAL,,NOT SPECIFIED,YEAR - JUN FORECAST,WINTER,,2007,,,US TOTAL,00,FIELD CROPS,00000000,,ANNUAL,ALL UTILIZATION PRACTICES,,WHEAT,2012-01-01 00:00:00.000,"WHEAT, WINTER - YIELD, MEASURED IN BU / ACRE",
43.5,,9000,YIELD,,,SURVEY,00,ALL PRODUCTION PRACTICES,CROPS,US TOTAL,NATIONAL,,BU / ACRE,,99,US,UNITED STATES,TOTAL,,NOT SPECIFIED,YEAR - MAY FORECAST,WINTER,,2007,,,US TOTAL,00,FIELD CROPS,00000000,,ANNUAL,ALL UTILIZATION PRACTICES,,WHEAT,2012-01-01 00:00:00.000,"WHEAT, WINTER - YIELD, MEASURED IN BU / ACRE",
44.8,,9000,YIELD,,,SURVEY,00,ALL PRODUCTION PRACTICES,CROPS,US TOTAL,NATIONAL,,BU / ACRE,,99,US,UNITED STATES,TOTAL,,NOT SPECIFIED,YEAR,ALL CLASSES,,2008,,,US TOTAL,00,FIELD CROPS,00000000,,ANNUAL,ALL UTILIZATION PRACTICES,,WHEAT,2014-11-03 16:18:55.000,"WHEAT - YIELD, MEASURED IN BU / ACRE",
40.5,,9000,YIELD,,,SURVEY,00,ALL PRODUCTION PRACTICES,CROPS,US TOTAL,NATIONAL,,BU / ACRE,,99,US,UNITED STATES,TOTAL,,NOT SPECIFIED,YEAR,"SPRING, (EXCL DURUM)",,2008,,,US TOTAL,00,FIELD CROPS,00000000,,ANNUAL,ALL UTILIZATION PRACTICES,,WHEAT,2014-11-03 16:18:55.000,"WHEAT, SPRING, (EXCL DURUM) - YIELD, MEASURED IN BU / ACRE",
36.4,,9000,YIELD,,,SURVEY,00,ALL PRODUCTION PRACTICES,CROPS,US TOTAL,NATIONAL,,BU / ACRE,,99,US,UNITED STATES,TOTAL,,NOT SPECIFIED,YEAR - AUG FORECAST,"SPRING, (EXCL DURUM)",,2008,,,US TOTAL,00,FIELD CROPS,00000000,,ANNUAL,ALL UTILIZATION PRACTICES,,WHEAT,2012-01-01 00:00:00.000,"WHEAT, SPRING, (EXCL DURUM) - YIELD, MEASURED IN BU / ACRE",
36.8,,9000,YIELD,,,SURVEY,00,ALL PRODUCTION PRACTICES,CROPS,US TOTAL,NATIONAL,,BU / ACRE,,99,US,UNITED STATES,TOTAL,,NOT SPECIFIED,YEAR - JUL FORECAST,"SPRING, (EXCL DURUM)",,2008,,,US TOTAL,00,FIELD CROPS,00000000,,ANNUAL,ALL UTILIZATION PRACTICES,,WHEAT,2012-01-01 00:00:00.000,"WHEAT, SPRING, (EXCL DURUM) - YIELD, MEASURED IN BU / ACRE",
31.3,,9000,YIELD,,,SURVEY,00,ALL PRODUCTION PRACTICES,CROPS,US TOTAL,NATIONAL,,BU / ACRE,,99,US,UNITED STATES,TOTAL,,NOT SPECIFIED,YEAR,"SPRING, DURUM",,2008,,,US TOTAL,00,FIELD CROPS,00000000,,ANNUAL,ALL UTILIZATION PRACTICES,,WHEAT,2014-11-03 16:18:55.000,"WHEAT, SPRING, DURUM - YIELD, MEASURED IN BU / ACRE",
33.5,,9000,YIELD,,,SURVEY,00,ALL PRODUCTION PRACTICES,CROPS,US TOTAL,NATIONAL,,BU / ACRE,,99,US,UNITED STATES,TOTAL,,NOT SPECIFIED,YEAR - AUG FORECAST,"SPRING, DURUM",,2008,,,US TOTAL,00,FIELD CROPS,00000000,,ANNUAL,ALL UTILIZATION PRACTICES,,WHEAT,2012-01-01 00:00:00.000,"WHEAT, SPRING, DURUM - YIELD, MEASURED IN BU / ACRE",
34.8,,9000,YIELD,,,SURVEY,00,ALL PRODUCTION PRACTICES,CROPS,US TOTAL,NATIONAL,,BU / ACRE,,99,US,UNITED STATES,TOTAL,,NOT SPECIFIED,YEAR - JUL FORECAST,"SPRING, DURUM",,2008,,,US TOTAL,00,FIELD CROPS,00000000,,ANNUAL,ALL UTILIZATION PRACTICES,,WHEAT,2012-01-01 00:00:00.000,"WHEAT, SPRING, DURUM - YIELD, MEASURED IN BU / ACRE",
47.1,,9000,YIELD,,,SURVEY,00,ALL PRODUCTION PRACTICES,CROPS,US TOTAL,NATIONAL,,BU / ACRE,,99,US,UNITED STATES,TOTAL,,NOT SPECIFIED,YEAR,WINTER,,2008,,,US TOTAL,00,FIELD CROPS,00000000,,ANNUAL,ALL UTILIZATION PRACTICES,,WHEAT,2014-11-03 16:18:55.000,"WHEAT, WINTER - YIELD, MEASURED IN BU / ACRE",
46.6,,9000,YIELD,,,SURVEY,00,ALL PRODUCTION PRACTICES,CROPS,US TOTAL,NATIONAL,,BU / ACRE,,99,US,UNITED STATES,TOTAL,,NOT SPECIFIED,YEAR - AUG FORECAST,WINTER,,2008,,,US TOTAL,00,FIELD CROPS,00000000,,ANNUAL,ALL UTILIZATION PRACTICES,,WHEAT,2012-01-01 00:00:00.000,"WHEAT, WINTER - YIELD, MEASURED IN BU / ACRE",
46.3,,9000,YIELD,,,SURVEY,00,ALL PRODUCTION PRACTICES,CROPS,US TOTAL,NATIONAL,,BU / ACRE,,99,US,UNITED STATES,TOTAL,,NOT SPECIFIED,YEAR - JUL FORECAST,WINTER,,2008,,,US TOTAL,00,FIELD CROPS,00000000,,ANNUAL,ALL UTILIZATION PRACTICES,,WHEAT,2012-01-01 00:00:00.000,"WHEAT, WINTER - YIELD, MEASURED IN BU / ACRE",
45.3,,9000,YIELD,,,SURVEY,00,ALL PRODUCTION PRACTICES,CROPS,US TOTAL,NATIONAL,,BU / ACRE,,99,US,UNITED STATES,TOTAL,,NOT SPECIFIED,YEAR - JUN FORECAST,WINTER,,2008,,,US TOTAL,00,FIELD CROPS,00000000,,ANNUAL,ALL UTILIZATION PRACTICES,,WHEAT,2012-01-01 00:00:00.000,"WHEAT, WINTER - YIELD, MEASURED IN BU / ACRE",
44.3,,9000,YIELD,,,SURVEY,00,ALL PRODUCTION PRACTICES,CROPS,US TOTAL,NATIONAL,,BU / ACRE,,99,US,UNITED STATES,TOTAL,,NOT SPECIFIED,YEAR - MAY FORECAST,WINTER,,2008,,,US TOTAL,00,FIELD CROPS,00000000,,ANNUAL,ALL UTILIZATION PRACTICES,,WHEAT,2012-01-01 00:00:00.000,"WHEAT, WINTER - YIELD, MEASURED IN BU / ACRE",
44.3,,9000,YIELD,,,SURVEY,00,ALL PRODUCTION PRACTICES,CROPS,US TOTAL,NATIONAL,,BU / ACRE,,99,US,UNITED STATES,TOTAL,,NOT SPECIFIED,YEAR,ALL CLASSES,,2009,,,US TOTAL,00,FIELD CROPS,00000000,,ANNUAL,ALL UTILIZATION PRACTICES,,WHEAT,2014-11-03 16:18:55.000,"WHEAT - YIELD, MEASURED IN BU / ACRE",
45.2,,9000,YIELD,,,SURVEY,00,ALL PRODUCTION PRACTICES,CROPS,US TOTAL,NATIONAL,,BU / ACRE,,99,US,UNITED STATES,TOTAL,,NOT SPECIFIED,YEAR,"SPRING, (EXCL DURUM)",,2009,,,US TOTAL,00,FIELD CROPS,00000000,,ANNUAL,ALL UTILIZATION PRACTICES,,WHEAT,2014-11-03 16:18:55.000,"WHEAT, SPRING, (EXCL DURUM) - YIELD, MEASURED IN BU / ACRE",
41.5,,9000,YIELD,,,SURVEY,00,ALL PRODUCTION PRACTICES,CROPS,US TOTAL,NATIONAL,,BU / ACRE,,99,US,UNITED STATES,TOTAL,,NOT SPECIFIED,YEAR - AUG FORECAST,"SPRING, (EXCL DURUM)",,2009,,,US TOTAL,00,FIELD CROPS,00000000,,ANNUAL,ALL UTILIZATION PRACTICES,,WHEAT,2012-01-01 00:00:00.000,"WHEAT, SPRING, (EXCL DURUM) - YIELD, MEASURED IN BU / ACRE",
38.3,,9000,YIELD,,,SURVEY,00,ALL PRODUCTION PRACTICES,CROPS,US TOTAL,NATIONAL,,BU / ACRE,,99,US,UNITED STATES,TOTAL,,NOT SPECIFIED,YEAR - JUL FORECAST,"SPRING, (EXCL DURUM)",,2009,,,US TOTAL,00,FIELD CROPS,00000000,,ANNUAL,ALL UTILIZATION PRACTICES,,WHEAT,2012-01-01 00:00:00.000,"WHEAT, SPRING, (EXCL DURUM) - YIELD, MEASURED IN BU / ACRE",
44,,9000,YIELD,,,SURVEY,00,ALL PRODUCTION PRACTICES,CROPS,US TOTAL,NATIONAL,,BU / ACRE,,99,US,UNITED STATES,TOTAL,,NOT SPECIFIED,YEAR,"SPRING, DURUM",,2009,,,US TOTAL,00,FIELD CROPS,00000000,,ANNUAL,ALL UTILIZATION PRACTICES,,WHEAT,2014-11-03 16:18:55.000,"WHEAT, SPRING, DURUM - YIELD, MEASURED IN BU / ACRE",
39.9,,9000,YIELD,,,SURVEY,00,ALL PRODUCTION PRACTICES,CROPS,US TOTAL,NATIONAL,,BU / ACRE,,99,US,UNITED STATES,TOTAL,,NOT SPECIFIED,YEAR - AUG FORECAST,"SPRING, DURUM",,2009,,,US TOTAL,00,FIELD CROPS,00000000,,ANNUAL,ALL UTILIZATION PRACTICES,,WHEAT,2012-01-01 00:00:00.000,"WHEAT, SPRING, DURUM - YIELD, MEASURED IN BU / ACRE",
33.1,,9000,YIELD,,,SURVEY,00,ALL PRODUCTION PRACTICES,CROPS,US TOTAL,NATIONAL,,BU / ACRE,,99,US,UNITED STATES,TOTAL,,NOT SPECIFIED,YEAR - JUL FORECAST,"SPRING, DURUM",,2009,,,US TOTAL,00,FIELD CROPS,00000000,,ANNUAL,ALL UTILIZATION PRACTICES,,WHEAT,2012-01-01 00:00:00.000,"WHEAT, SPRING, DURUM - YIELD, MEASURED IN BU / ACRE",
44,,9000,YIELD,,,SURVEY,00,ALL PRODUCTION PRACTICES,CROPS,US TOTAL,NATIONAL,,BU / ACRE,,99,US,UNITED STATES,TOTAL,,NOT SPECIFIED,YEAR,WINTER,,2009,,,US TOTAL,00,FIELD CROPS,00000000,,ANNUAL,ALL UTILIZATION PRACTICES,,WHEAT,2014-11-03 16:18:55.000,"WHEAT, WINTER - YIELD, MEASURED IN BU / ACRE",
44.2,,9000,YIELD,,,SURVEY,00,ALL PRODUCTION PRACTICES,CROPS,US TOTAL,NATIONAL,,BU / ACRE,,99,US,UNITED STATES,TOTAL,,NOT SPECIFIED,YEAR - AUG FORECAST,WINTER,,2009,,,US TOTAL,00,FIELD CROPS,00000000,,ANNUAL,ALL UTILIZATION PRACTICES,,WHEAT,2012-01-01 00:00:00.000,"WHEAT, WINTER - YIELD, MEASURED IN BU / ACRE",
43.8,,9000,YIELD,,,SURVEY,00,ALL PRODUCTION PRACTICES,CROPS,US TOTAL,NATIONAL,,BU / ACRE,,99,US,UNITED STATES,TOTAL,,NOT SPECIFIED,YEAR - JUL FORECAST,WINTER,,2009,,,US TOTAL,00,FIELD CROPS,00000000,,ANNUAL,ALL UTILIZATION PRACTICES,,WHEAT,2012-01-01 00:00:00.000,"WHEAT, WINTER - YIELD, MEASURED IN BU / ACRE",
43.9,,9000,YIELD,,,SURVEY,00,ALL PRODUCTION PRACTICES,CROPS,US TOTAL,NATIONAL,,BU / ACRE,,99,US,UNITED STATES,TOTAL,,NOT SPECIFIED,YEAR - JUN FORECAST,WINTER,,2009,,,US TOTAL,00,FIELD CROPS,00000000,,ANNUAL,ALL UTILIZATION PRACTICES,,WHEAT,2012-01-01 00:00:00.000,"WHEAT, WINTER - YIELD, MEASURED IN BU / ACRE",
44.2,,9000,YIELD,,,SURVEY,00,ALL PRODUCTION PRACTICES,CROPS,US TOTAL,NATIONAL,,BU / ACRE,,99,US,UNITED STATES,TOTAL,,NOT SPECIFIED,YEAR - MAY FORECAST,WINTER,,2009,,,US TOTAL,00,FIELD CROPS,00000000,,ANNUAL,ALL UTILIZATION PRACTICES,,WHEAT,2012-01-01 00:00:00.000,"WHEAT, WINTER - YIELD, MEASURED IN BU / ACRE",
46.1,,9000,YIELD,,,SURVEY,00,ALL PRODUCTION PRACTICES,CROPS,US TOTAL,NATIONAL,,BU / ACRE,,99,US,UNITED STATES,TOTAL,,NOT SPECIFIED,YEAR,ALL CLASSES,,2010,,,US TOTAL,00,FIELD CROPS,00000000,,ANNUAL,ALL UTILIZATION PRACTICES,,WHEAT,2014-11-03 16:18:55.000,"WHEAT - YIELD, MEASURED IN BU / ACRE",
46.1,,9000,YIELD,,,SURVEY,00,ALL PRODUCTION PRACTICES,CROPS,US TOTAL,NATIONAL,,BU / ACRE,,99,US,UNITED STATES,TOTAL,,NOT SPECIFIED,YEAR,"SPRING, (EXCL DURUM)",,2010,,,US TOTAL,00,FIELD CROPS,00000000,,ANNUAL,ALL UTILIZATION PRACTICES,,WHEAT,2014-11-03 16:18:55.000,"WHEAT, SPRING, (EXCL DURUM) - YIELD, MEASURED IN BU / ACRE",
46.6,,9000,YIELD,,,SURVEY,00,ALL PRODUCTION PRACTICES,CROPS,US TOTAL,NATIONAL,,BU / ACRE,,99,US,UNITED STATES,TOTAL,,NOT SPECIFIED,YEAR - AUG FORECAST,"SPRING, (EXCL DURUM)",,2010,,,US TOTAL,00,FIELD CROPS,00000000,,ANNUAL,ALL UTILIZATION PRACTICES,,WHEAT,2012-01-01 00:00:00.000,"WHEAT, SPRING, (EXCL DURUM) - YIELD, MEASURED IN BU / ACRE",
44.6,,9000,YIELD,,,SURVEY,00,ALL PRODUCTION PRACTICES,CROPS,US TOTAL,NATIONAL,,BU / ACRE,,99,US,UNITED STATES,TOTAL,,NOT SPECIFIED,YEAR - JUL FORECAST,"SPRING, (EXCL DURUM)",,2010,,,US TOTAL,00,FIELD CROPS,00000000,,ANNUAL,ALL UTILIZATION PRACTICES,,WHEAT,2012-01-01 00:00:00.000,"WHEAT, SPRING, (EXCL DURUM) - YIELD, MEASURED IN BU / ACRE",
41.2,,9000,YIELD,,,SURVEY,00,ALL PRODUCTION PRACTICES,CROPS,US TOTAL,NATIONAL,,BU / ACRE,,99,US,UNITED STATES,TOTAL,,NOT SPECIFIED,YEAR,"SPRING, DURUM",,2010,,,US TOTAL,00,FIELD CROPS,00000000,,ANNUAL,ALL UTILIZATION PRACTICES,,WHEAT,2014-11-03 16:18:55.000,"WHEAT, SPRING, DURUM - YIELD, MEASURED IN BU / ACRE",
42,,9000,YIELD,,,SURVEY,00,ALL PRODUCTION PRACTICES,CROPS,US TOTAL,NATIONAL,,BU / ACRE,,99,US,UNITED STATES,TOTAL,,NOT SPECIFIED,YEAR - AUG FORECAST,"SPRING, DURUM",,2010,,,US TOTAL,00,FIELD CROPS,00000000,,ANNUAL,ALL UTILIZATION PRACTICES,,WHEAT,2012-01-01 00:00:00.000,"WHEAT, SPRING, DURUM - YIELD, MEASURED IN BU / ACRE",
40,,9000,YIELD,,,SURVEY,00,ALL PRODUCTION PRACTICES,CROPS,US TOTAL,NATIONAL,,BU / ACRE,,99,US,UNITED STATES,TOTAL,,NOT SPECIFIED,YEAR - JUL FORECAST,"SPRING, DURUM",,2010,,,US TOTAL,00,FIELD CROPS,00000000,,ANNUAL,ALL UTILIZATION PRACTICES,,WHEAT,2012-01-01 00:00:00.000,"WHEAT, SPRING, DURUM - YIELD, MEASURED IN BU / ACRE",
46.5,,9000,YIELD,,,SURVEY,00,ALL PRODUCTION PRACTICES,CROPS,US TOTAL,NATIONAL,,BU / ACRE,,99,US,UNITED STATES,TOTAL,,NOT SPECIFIED,YEAR,WINTER,,2010,,,US TOTAL,00,FIELD CROPS,00000000,,ANNUAL,ALL UTILIZATION PRACTICES,,WHEAT,2014-11-03 16:18:55.000,"WHEAT, WINTER - YIELD, MEASURED IN BU / ACRE",
47.5,,9000,YIELD,,,SURVEY,00,ALL PRODUCTION PRACTICES,CROPS,US TOTAL,NATIONAL,,BU / ACRE,,99,US,UNITED STATES,TOTAL,,NOT SPECIFIED,YEAR - AUG FORECAST,WINTER,,2010,,,US TOTAL,00,FIELD CROPS,00000000,,ANNUAL,ALL UTILIZATION PRACTICES,,WHEAT,2012-01-01 00:00:00.000,"WHEAT, WINTER - YIELD, MEASURED IN BU / ACRE",
46.9,,9000,YIELD,,,SURVEY,00,ALL PRODUCTION PRACTICES,CROPS,US TOTAL,NATIONAL,,BU / ACRE,,99,US,UNITED STATES,TOTAL,,NOT SPECIFIED,YEAR - JUL FORECAST,WINTER,,2010,,,US TOTAL,00,FIELD CROPS,00000000,,ANNUAL,ALL UTILIZATION PRACTICES,,WHEAT,2012-01-01 00:00:00.000,"WHEAT, WINTER - YIELD, MEASURED IN BU / ACRE",
46.6,,9000,YIELD,,,SURVEY,00,ALL PRODUCTION PRACTICES,CROPS,US TOTAL,NATIONAL,,BU / ACRE,,99,US,UNITED STATES,TOTAL,,NOT SPECIFIED,YEAR - JUN FORECAST,WINTER,,2010,,,US TOTAL,00,FIELD CROPS,00000000,,ANNUAL,ALL UTILIZATION PRACTICES,,WHEAT,2012-01-01 00:00:00.000,"WHEAT, WINTER - YIELD, MEASURED IN BU / ACRE",
45.9,,9000,YIELD,,,SURVEY,00,ALL PRODUCTION PRACTICES,CROPS,US TOTAL,NATIONAL,,BU / ACRE,,99,US,UNITED STATES,TOTAL,,NOT SPECIFIED,YEAR - MAY FORECAST,WINTER,,2010,,,US TOTAL,00,FIELD CROPS,00000000,,ANNUAL,ALL UTILIZATION PRACTICES,,WHEAT,2012-01-01 00:00:00.000,"WHEAT, WINTER - YIELD, MEASURED IN BU / ACRE",
43.6,,9000,YIELD,,,SURVEY,00,ALL PRODUCTION PRACTICES,CROPS,US TOTAL,NATIONAL,,BU / ACRE,,99,US,UNITED STATES,TOTAL,,NOT SPECIFIED,YEAR,ALL CLASSES,,2011,,,US TOTAL,00,FIELD CROPS,00000000,,ANNUAL,ALL UTILIZATION PRACTICES,,WHEAT,2014-11-03 16:18:55.000,"WHEAT - YIELD, MEASURED IN BU / ACRE",
37.7,,9000,YIELD,,,SURVEY,00,ALL PRODUCTION PRACTICES,CROPS,US TOTAL,NATIONAL,,BU / ACRE,,99,US,UNITED STATES,TOTAL,,NOT SPECIFIED,YEAR,"SPRING, (EXCL DURUM)",,2011,,,US TOTAL,00,FIELD CROPS,00000000,,ANNUAL,ALL UTILIZATION PRACTICES,,WHEAT,2014-11-03 16:18:55.000,"WHEAT, SPRING, (EXCL DURUM) - YIELD, MEASURED IN BU / ACRE",
42.5,,9000,YIELD,,,SURVEY,00,ALL PRODUCTION PRACTICES,CROPS,US TOTAL,NATIONAL,,BU / ACRE,,99,US,UNITED STATES,TOTAL,,NOT SPECIFIED,YEAR - AUG FORECAST,"SPRING, (EXCL DURUM)",,2011,,,US TOTAL,00,FIELD CROPS,00000000,,ANNUAL,ALL UTILIZATION PRACTICES,,WHEAT,2012-01-01 00:00:00.000,"WHEAT, SPRING, (EXCL DURUM) - YIELD, MEASURED IN BU / ACRE",
41.7,,9000,YIELD,,,SURVEY,00,ALL PRODUCTION PRACTICES,CROPS,US TOTAL,NATIONAL,,BU / ACRE,,99,US,UNITED STATES,TOTAL,,NOT SPECIFIED,YEAR - JUL FORECAST,"SPRING, (EXCL DURUM)",,2011,,,US TOTAL,00,FIELD CROPS,00000000,,ANNUAL,ALL UTILIZATION PRACTICES,,WHEAT,2012-01-01 00:00:00.000,"WHEAT, SPRING, (EXCL DURUM) - YIELD, MEASURED IN BU / ACRE",
36.8,,9000,YIELD,,,SURVEY,00,ALL PRODUCTION PRACTICES,CROPS,US TOTAL,NATIONAL,,BU / ACRE,,99,US,UNITED STATES,TOTAL,,NOT SPECIFIED,YEAR,"SPRING, DURUM",,2011,,,US TOTAL,00,FIELD CROPS,00000000,,ANNUAL,ALL UTILIZATION PRACTICES,,WHEAT,2014-11-03 16:18:55.000,"WHEAT, SPRING, DURUM - YIELD, MEASURED IN BU / ACRE",
42.4,,9000,YIELD,,,SURVEY,00,ALL PRODUCTION PRACTICES,CROPS,US TOTAL,NATIONAL,,BU / ACRE,,99,US,UNITED STATES,TOTAL,,NOT SPECIFIED,YEAR - AUG FORECAST,"SPRING, DURUM",,2011,,,US TOTAL,00,FIELD CROPS,00000000,,ANNUAL,ALL UTILIZATION PRACTICES,,WHEAT,2012-01-01 00:00:00.000,"WHEAT, SPRING, DURUM - YIELD, MEASURED IN BU / ACRE",
38.7,,9000,YIELD,,,SURVEY,00,ALL PRODUCTION PRACTICES,CROPS,US TOTAL,NATIONAL,,BU / ACRE,,99,US,UNITED STATES,TOTAL,,NOT SPECIFIED,YEAR - JUL FORECAST,"SPRING, DURUM",,2011,,,US TOTAL,00,FIELD CROPS,00000000,,ANNUAL,ALL UTILIZATION PRACTICES,,WHEAT,2012-01-01 00:00:00.000,"WHEAT, SPRING, DURUM - YIELD, MEASURED IN BU / ACRE",
46.1,,9000,YIELD,,,SURVEY,00,ALL PRODUCTION PRACTICES,CROPS,US TOTAL,NATIONAL,,BU / ACRE,,99,US,UNITED STATES,TOTAL,,NOT SPECIFIED,YEAR,WINTER,,2011,,,US TOTAL,00,FIELD CROPS,00000000,,ANNUAL,ALL UTILIZATION PRACTICES,,WHEAT,2014-11-03 16:18:55.000,"WHEAT, WINTER - YIELD, MEASURED IN BU / ACRE",
46.3,,9000,YIELD,,,SURVEY,00,ALL PRODUCTION PRACTICES,CROPS,US TOTAL,NATIONAL,,BU / ACRE,,99,US,UNITED STATES,TOTAL,,NOT SPECIFIED,YEAR - AUG FORECAST,WINTER,,2011,,,US TOTAL,00,FIELD CROPS,00000000,,ANNUAL,ALL UTILIZATION PRACTICES,,WHEAT,2012-01-01 00:00:00.000,"WHEAT, WINTER - YIELD, MEASURED IN BU / ACRE",
46.2,,9000,YIELD,,,SURVEY,00,ALL PRODUCTION PRACTICES,CROPS,US TOTAL,NATIONAL,,BU / ACRE,,99,US,UNITED STATES,TOTAL,,NOT SPECIFIED,YEAR - JUL FORECAST,WINTER,,2011,,,US TOTAL,00,FIELD CROPS,00000000,,ANNUAL,ALL UTILIZATION PRACTICES,,WHEAT,2012-01-01 00:00:00.000,"WHEAT, WINTER - YIELD, MEASURED IN BU / ACRE",
45.3,,9000,YIELD,,,SURVEY,00,ALL PRODUCTION PRACTICES,CROPS,US TOTAL,NATIONAL,,BU / ACRE,,99,US,UNITED STATES,TOTAL,,NOT SPECIFIED,YEAR - JUN FORECAST,WINTER,,2011,,,US TOTAL,00,FIELD CROPS,00000000,,ANNUAL,ALL UTILIZATION PRACTICES,,WHEAT,2012-01-01 00:00:00.000,"WHEAT, WINTER - YIELD, MEASURED IN BU / ACRE",
44.5,,9000,YIELD,,,SURVEY,00,ALL PRODUCTION PRACTICES,CROPS,US TOTAL,NATIONAL,,BU / ACRE,,99,US,UNITED STATES,TOTAL,,NOT SPECIFIED,YEAR - MAY FORECAST,WINTER,,2011,,,US TOTAL,00,FIELD CROPS,00000000,,ANNUAL,ALL UTILIZATION PRACTICES,,WHEAT,2012-01-01 00:00:00.000,"WHEAT, WINTER - YIELD, MEASURED IN BU / ACRE",
46.2,,9000,YIELD,,,SURVEY,00,ALL PRODUCTION PRACTICES,CROPS,US TOTAL,NATIONAL,,BU / ACRE,,99,US,UNITED STATES,TOTAL,,NOT SPECIFIED,YEAR,ALL CLASSES,,2012,,,US TOTAL,00,FIELD CROPS,00000000,,ANNUAL,ALL UTILIZATION PRACTICES,,WHEAT,2014-11-03 16:18:55.000,"WHEAT - YIELD, MEASURED IN BU / ACRE",
44.9,,9000,YIELD,,,SURVEY,00,ALL PRODUCTION PRACTICES,CROPS,US TOTAL,NATIONAL,,BU / ACRE,,99,US,UNITED STATES,TOTAL,,NOT SPECIFIED,YEAR,"SPRING, (EXCL DURUM)",,2012,,,US TOTAL,00,FIELD CROPS,00000000,,ANNUAL,ALL UTILIZATION PRACTICES,,WHEAT,2014-11-03 16:18:55.000,"WHEAT, SPRING, (EXCL DURUM) - YIELD, MEASURED IN BU / ACRE",
42.8,,9000,YIELD,,,SURVEY,00,ALL PRODUCTION PRACTICES,CROPS,US TOTAL,NATIONAL,,BU / ACRE,,99,US,UNITED STATES,TOTAL,,NOT SPECIFIED,YEAR - AUG FORECAST,"SPRING, (EXCL DURUM)",,2012,,,US TOTAL,00,FIELD CROPS,00000000,,ANNUAL,ALL UTILIZATION PRACTICES,,WHEAT,2012-08-10 12:59:15.000,"WHEAT, SPRING, (EXCL DURUM) - YIELD, MEASURED IN BU / ACRE",
40.4,,9000,YIELD,,,SURVEY,00,ALL PRODUCTION PRACTICES,CROPS,US TOTAL,NATIONAL,,BU / ACRE,,99,US,UNITED STATES,TOTAL,,NOT SPECIFIED,YEAR - JUL FORECAST,"SPRING, (EXCL DURUM)",,2012,,,US TOTAL,00,FIELD CROPS,00000000,,ANNUAL,ALL UTILIZATION PRACTICES,,WHEAT,2012-07-11 10:58:01.000,"WHEAT, SPRING, (EXCL DURUM) - YIELD, MEASURED IN BU / ACRE",
38.4,,9000,YIELD,,,SURVEY,00,ALL PRODUCTION PRACTICES,CROPS,US TOTAL,NATIONAL,,BU / ACRE,,99,US,UNITED STATES,TOTAL,,NOT SPECIFIED,YEAR,"SPRING, DURUM",,2012,,,US TOTAL,00,FIELD CROPS,00000000,,ANNUAL,ALL UTILIZATION PRACTICES,,WHEAT,2014-11-03 16:18:55.000,"WHEAT, SPRING, DURUM - YIELD, MEASURED IN BU / ACRE",
40.5,,9000,YIELD,,,SURVEY,00,ALL PRODUCTION PRACTICES,CROPS,US TOTAL,NATIONAL,,BU / ACRE,,99,US,UNITED STATES,TOTAL,,NOT SPECIFIED,YEAR - AUG FORECAST,"SPRING, DURUM",,2012,,,US TOTAL,00,FIELD CROPS,00000000,,ANNUAL,ALL UTILIZATION PRACTICES,,WHEAT,2012-08-10 12:59:15.000,"WHEAT, SPRING, DURUM - YIELD, MEASURED IN BU / ACRE",
38.6,,9000,YIELD,,,SURVEY,00,ALL PRODUCTION PRACTICES,CROPS,US TOTAL,NATIONAL,,BU / ACRE,,99,US,UNITED STATES,TOTAL,,NOT SPECIFIED,YEAR - JUL FORECAST,"SPRING, DURUM",,2012,,,US TOTAL,00,FIELD CROPS,00000000,,ANNUAL,ALL UTILIZATION PRACTICES,,WHEAT,2012-07-11 10:58:01.000,"WHEAT, SPRING, DURUM - YIELD, MEASURED IN BU / ACRE",
47.1,,9000,YIELD,,,SURVEY,00,ALL PRODUCTION PRACTICES,CROPS,US TOTAL,NATIONAL,,BU / ACRE,,99,US,UNITED STATES,TOTAL,,NOT SPECIFIED,YEAR,WINTER,,2012,,,US TOTAL,00,FIELD CROPS,00000000,,ANNUAL,ALL UTILIZATION PRACTICES,,WHEAT,2014-11-03 16:18:55.000,"WHEAT, WINTER - YIELD, MEASURED IN BU / ACRE",
48,,9000,YIELD,,,SURVEY,00,ALL PRODUCTION PRACTICES,CROPS,US TOTAL,NATIONAL,,BU / ACRE,,99,US,UNITED STATES,TOTAL,,NOT SPECIFIED,YEAR - AUG FORECAST,WINTER,,2012,,,US TOTAL,00,FIELD CROPS,00000000,,ANNUAL,ALL UTILIZATION PRACTICES,,WHEAT,2012-08-10 12:59:15.000,"WHEAT, WINTER - YIELD, MEASURED IN BU / ACRE",
47.7,,9000,YIELD,,,SURVEY,00,ALL PRODUCTION PRACTICES,CROPS,US TOTAL,NATIONAL,,BU / ACRE,,99,US,UNITED STATES,TOTAL,,NOT SPECIFIED,YEAR - JUL FORECAST,WINTER,,2012,,,US TOTAL,00,FIELD CROPS,00000000,,ANNUAL,ALL UTILIZATION PRACTICES,,WHEAT,2012-07-11 10:58:01.000,"WHEAT, WINTER - YIELD, MEASURED IN BU / ACRE",
47.3,,9000,YIELD,,,SURVEY,00,ALL PRODUCTION PRACTICES,CROPS,US TOTAL,NATIONAL,,BU / ACRE,,99,US,UNITED STATES,TOTAL,,NOT SPECIFIED,YEAR - JUN FORECAST,WINTER,,2012,,,US TOTAL,00,FIELD CROPS,00000000,,ANNUAL,ALL UTILIZATION PRACTICES,,WHEAT,2012-06-12 10:36:59.000,"WHEAT, WINTER - YIELD, MEASURED IN BU / ACRE",
47.6,,9000,YIELD,,,SURVEY,00,ALL PRODUCTION PRACTICES,CROPS,US TOTAL,NATIONAL,,BU / ACRE,,99,US,UNITED STATES,TOTAL,,NOT SPECIFIED,YEAR - MAY FORECAST,WINTER,,2012,,,US TOTAL,00,FIELD CROPS,00000000,,ANNUAL,ALL UTILIZATION PRACTICES,,WHEAT,2012-05-10 10:44:35.000,"WHEAT, WINTER - YIELD, MEASURED IN BU / ACRE",
47.1,,9000,YIELD,,,SURVEY,00,ALL PRODUCTION PRACTICES,CROPS,US TOTAL,NATIONAL,,BU / ACRE,,99,US,UNITED STATES,TOTAL,,NOT SPECIFIED,YEAR,ALL CLASSES,,2013,,,US TOTAL,00,FIELD CROPS,00000000,,ANNUAL,ALL UTILIZATION PRACTICES,,WHEAT,2019-02-06 15:00:06.000,"WHEAT - YIELD, MEASURED IN BU / ACRE",
46.2,,9000,YIELD,,,SURVEY,00,ALL PRODUCTION PRACTICES,CROPS,US TOTAL,NATIONAL,,BU / ACRE,,99,US,UNITED STATES,TOTAL,,NOT SPECIFIED,YEAR - AUG FORECAST,ALL CLASSES,,2013,,,US TOTAL,00,FIELD CROPS,00000000,,ANNUAL,ALL UTILIZATION PRACTICES,,WHEAT,2013-08-12 12:25:57.000,"WHEAT - YIELD, MEASURED IN BU / ACRE",
46.2,,9000,YIELD,,,SURVEY,00,ALL PRODUCTION PRACTICES,CROPS,US TOTAL,NATIONAL,,BU / ACRE,,99,US,UNITED STATES,TOTAL,,NOT SPECIFIED,YEAR - JUL FORECAST,ALL CLASSES,,2013,,,US TOTAL,00,FIELD CROPS,00000000,,ANNUAL,ALL UTILIZATION PRACTICES,,WHEAT,2013-07-11 13:38:49.000,"WHEAT - YIELD, MEASURED IN BU / ACRE",
47.1,,9000,YIELD,,,SURVEY,00,ALL PRODUCTION PRACTICES,CROPS,US TOTAL,NATIONAL,,BU / ACRE,,99,US,UNITED STATES,TOTAL,,NOT SPECIFIED,YEAR,"SPRING, (EXCL DURUM)",,2013,,,US TOTAL,00,FIELD CROPS,00000000,,ANNUAL,ALL UTILIZATION PRACTICES,,WHEAT,2019-02-06 15:00:06.000,"WHEAT, SPRING, (EXCL DURUM) - YIELD, MEASURED IN BU / ACRE",
42.8,,9000,YIELD,,,SURVEY,00,ALL PRODUCTION PRACTICES,CROPS,US TOTAL,NATIONAL,,BU / ACRE,,99,US,UNITED STATES,TOTAL,,NOT SPECIFIED,YEAR - AUG FORECAST,"SPRING, (EXCL DURUM)",,2013,,,US TOTAL,00,FIELD CROPS,00000000,,ANNUAL,ALL UTILIZATION PRACTICES,,WHEAT,2013-08-12 12:25:57.000,"WHEAT, SPRING, (EXCL DURUM) - YIELD, MEASURED IN BU / ACRE",
42.9,,9000,YIELD,,,SURVEY,00,ALL PRODUCTION PRACTICES,CROPS,US TOTAL,NATIONAL,,BU / ACRE,,99,US,UNITED STATES,TOTAL,,NOT SPECIFIED,YEAR - JUL FORECAST,"SPRING, (EXCL DURUM)",,2013,,,US TOTAL,00,FIELD CROPS,00000000,,ANNUAL,ALL UTILIZATION PRACTICES,,WHEAT,2013-07-11 13:38:49.000,"WHEAT, SPRING, (EXCL DURUM) - YIELD, MEASURED IN BU / ACRE",
43.3,,9000,YIELD,,,SURVEY,00,ALL PRODUCTION PRACTICES,CROPS,US TOTAL,NATIONAL,,BU / ACRE,,99,US,UNITED STATES,TOTAL,,NOT SPECIFIED,YEAR,"SPRING, DURUM",,2013,,,US TOTAL,00,FIELD CROPS,00000000,,ANNUAL,ALL UTILIZATION PRACTICES,,WHEAT,2019-02-06 15:00:06.000,"WHEAT, SPRING, DURUM - YIELD, MEASURED IN BU / ACRE",
40.1,,9000,YIELD,,,SURVEY,00,ALL PRODUCTION PRACTICES,CROPS,US TOTAL,NATIONAL,,BU / ACRE,,99,US,UNITED STATES,TOTAL,,NOT SPECIFIED,YEAR - AUG FORECAST,"SPRING, DURUM",,2013,,,US TOTAL,00,FIELD CROPS,00000000,,ANNUAL,ALL UTILIZATION PRACTICES,,WHEAT,2013-08-12 12:25:57.000,"WHEAT, SPRING, DURUM - YIELD, MEASURED IN BU / ACRE",
38.3,,9000,YIELD,,,SURVEY,00,ALL PRODUCTION PRACTICES,CROPS,US TOTAL,NATIONAL,,BU / ACRE,,99,US,UNITED STATES,TOTAL,,NOT SPECIFIED,YEAR - JUL FORECAST,"SPRING, DURUM",,2013,,,US TOTAL,00,FIELD CROPS,00000000,,ANNUAL,ALL UTILIZATION PRACTICES,,WHEAT,2013-07-11 13:38:49.000,"WHEAT, SPRING, DURUM - YIELD, MEASURED IN BU / ACRE",
47.3,,9000,YIELD,,,SURVEY,00,ALL PRODUCTION PRACTICES,CROPS,US TOTAL,NATIONAL,,BU / ACRE,,99,US,UNITED STATES,TOTAL,,NOT SPECIFIED,YEAR,WINTER,,2013,,,US TOTAL,00,FIELD CROPS,00000000,,ANNUAL,ALL UTILIZATION PRACTICES,,WHEAT,2019-02-06 15:00:06.000,"WHEAT, WINTER - YIELD, MEASURED IN BU / ACRE",
47.8,,9000,YIELD,,,SURVEY,00,ALL PRODUCTION PRACTICES,CROPS,US TOTAL,NATIONAL,,BU / ACRE,,99,US,UNITED STATES,TOTAL,,NOT SPECIFIED,YEAR - AUG FORECAST,WINTER,,2013,,,US TOTAL,00,FIELD CROPS,00000000,,ANNUAL,ALL UTILIZATION PRACTICES,,WHEAT,2013-08-12 12:25:57.000,"WHEAT, WINTER - YIELD, MEASURED IN BU / ACRE",
47.8,,9000,YIELD,,,SURVEY,00,ALL PRODUCTION PRACTICES,CROPS,US TOTAL,NATIONAL,,BU / ACRE,,99,US,UNITED STATES,TOTAL,,NOT SPECIFIED,YEAR - JUL FORECAST,WINTER,,2013,,,US TOTAL,00,FIELD CROPS,00000000,,ANNUAL,ALL UTILIZATION PRACTICES,,WHEAT,2013-07-11 13:38:49.000,"WHEAT, WINTER - YIELD, MEASURED IN BU / ACRE",
46.1,,9000,YIELD,,,SURVEY,00,ALL PRODUCTION PRACTICES,CROPS,US TOTAL,NATIONAL,,BU / ACRE,,99,US,UNITED STATES,TOTAL,,NOT SPECIFIED,YEAR - JUN FORECAST,WINTER,,2013,,,US TOTAL,00,FIELD CROPS,00000000,,ANNUAL,ALL UTILIZATION PRACTICES,,WHEAT,2013-06-12 14:03:56.000,"WHEAT, WINTER - YIELD, MEASURED IN BU / ACRE",
45.4,,9000,YIELD,,,SURVEY,00,ALL PRODUCTION PRACTICES,CROPS,US TOTAL,NATIONAL,,BU / ACRE,,99,US,UNITED STATES,TOTAL,,NOT SPECIFIED,YEAR - MAY FORECAST,WINTER,,2013,,,US TOTAL,00,FIELD CROPS,00000000,,ANNUAL,ALL UTILIZATION PRACTICES,,WHEAT,2013-05-10 12:32:37.000,"WHEAT, WINTER - YIELD, MEASURED IN BU / ACRE",
43.7,,9000,YIELD,,,SURVEY,00,ALL PRODUCTION PRACTICES,CROPS,US TOTAL,NATIONAL,,BU / ACRE,,99,US,UNITED STATES,TOTAL,,NOT SPECIFIED,YEAR,ALL CLASSES,,2014,,,US TOTAL,00,FIELD CROPS,00000000,,ANNUAL,ALL UTILIZATION PRACTICES,,WHEAT,2019-02-06 15:00:06.000,"WHEAT - YIELD, MEASURED IN BU / ACRE",
43.9,,9000,YIELD,,,SURVEY,00,ALL PRODUCTION PRACTICES,CROPS,US TOTAL,NATIONAL,,BU / ACRE,,99,US,UNITED STATES,TOTAL,,NOT SPECIFIED,YEAR - AUG FORECAST,ALL CLASSES,,2014,,,US TOTAL,00,FIELD CROPS,00000000,,ANNUAL,ALL UTILIZATION PRACTICES,,WHEAT,2014-08-12 12:00:16.000,"WHEAT - YIELD, MEASURED IN BU / ACRE",
43.1,,9000,YIELD,,,SURVEY,00,ALL PRODUCTION PRACTICES,CROPS,US TOTAL,NATIONAL,,BU / ACRE,,99,US,UNITED STATES,TOTAL,,NOT SPECIFIED,YEAR - JUL FORECAST,ALL CLASSES,,2014,,,US TOTAL,00,FIELD CROPS,00000000,,ANNUAL,ALL UTILIZATION PRACTICES,,WHEAT,2014-07-11 12:03:10.000,"WHEAT - YIELD, MEASURED IN BU / ACRE",
46.7,,9000,YIELD,,,SURVEY,00,ALL PRODUCTION PRACTICES,CROPS,US TOTAL,NATIONAL,,BU / ACRE,,99,US,UNITED STATES,TOTAL,,NOT SPECIFIED,YEAR,"SPRING, (EXCL DURUM)",,2014,,,US TOTAL,00,FIELD CROPS,00000000,,ANNUAL,ALL UTILIZATION PRACTICES,,WHEAT,2019-02-06 15:00:06.000,"WHEAT, SPRING, (EXCL DURUM) - YIELD, MEASURED IN BU / ACRE",
46.1,,9000,YIELD,,,SURVEY,00,ALL PRODUCTION PRACTICES,CROPS,US TOTAL,NATIONAL,,BU / ACRE,,99,US,UNITED STATES,TOTAL,,NOT SPECIFIED,YEAR - AUG FORECAST,"SPRING, (EXCL DURUM)",,2014,,,US TOTAL,00,FIELD CROPS,00000000,,ANNUAL,ALL UTILIZATION PRACTICES,,WHEAT,2014-08-12 12:00:16.000,"WHEAT, SPRING, (EXCL DURUM) - YIELD, MEASURED IN BU / ACRE",
45.5,,9000,YIELD,,,SURVEY,00,ALL PRODUCTION PRACTICES,CROPS,US TOTAL,NATIONAL,,BU / ACRE,,99,US,UNITED STATES,TOTAL,,NOT SPECIFIED,YEAR - JUL FORECAST,"SPRING, (EXCL DURUM)",,2014,,,US TOTAL,00,FIELD CROPS,00000000,,ANNUAL,ALL UTILIZATION PRACTICES,,WHEAT,2014-07-11 12:03:10.000,"WHEAT, SPRING, (EXCL DURUM) - YIELD, MEASURED IN BU / ACRE",
40.2,,9000,YIELD,,,SURVEY,00,ALL PRODUCTION PRACTICES,CROPS,US TOTAL,NATIONAL,,BU / ACRE,,99,US,UNITED STATES,TOTAL,,NOT SPECIFIED,YEAR,"SPRING, DURUM",,2014,,,US TOTAL,00,FIELD CROPS,00000000,,ANNUAL,ALL UTILIZATION PRACTICES,,WHEAT,2019-02-06 15:00:06.000,"WHEAT, SPRING, DURUM - YIELD, MEASURED IN BU / ACRE",
42.7,,9000,YIELD,,,SURVEY,00,ALL PRODUCTION PRACTICES,CROPS,US TOTAL,NATIONAL,,BU / ACRE,,99,US,UNITED STATES,TOTAL,,NOT SPECIFIED,YEAR - AUG FORECAST,"SPRING, DURUM",,2014,,,US TOTAL,00,FIELD CROPS,00000000,,ANNUAL,ALL UTILIZATION PRACTICES,,WHEAT,2014-08-12 12:00:16.000,"WHEAT, SPRING, DURUM - YIELD, MEASURED IN BU / ACRE",
42.1,,9000,YIELD,,,SURVEY,00,ALL PRODUCTION PRACTICES,CROPS,US TOTAL,NATIONAL,,BU / ACRE,,99,US,UNITED STATES,TOTAL,,NOT SPECIFIED,YEAR - JUL FORECAST,"SPRING, DURUM",,2014,,,US TOTAL,00,FIELD CROPS,00000000,,ANNUAL,ALL UTILIZATION PRACTICES,,WHEAT,2014-07-11 12:03:10.000,"WHEAT, SPRING, DURUM - YIELD, MEASURED IN BU / ACRE",
42.6,,9000,YIELD,,,SURVEY,00,ALL PRODUCTION PRACTICES,CROPS,US TOTAL,NATIONAL,,BU / ACRE,,99,US,UNITED STATES,TOTAL,,NOT SPECIFIED,YEAR,WINTER,,2014,,,US TOTAL,00,FIELD CROPS,00000000,,ANNUAL,ALL UTILIZATION PRACTICES,,WHEAT,2019-02-06 15:00:06.000,"WHEAT, WINTER - YIELD, MEASURED IN BU / ACRE",
43.1,,9000,YIELD,,,SURVEY,00,ALL PRODUCTION PRACTICES,CROPS,US TOTAL,NATIONAL,,BU / ACRE,,99,US,UNITED STATES,TOTAL,,NOT SPECIFIED,YEAR - AUG FORECAST,WINTER,,2014,,,US TOTAL,00,FIELD CROPS,00000000,,ANNUAL,ALL UTILIZATION PRACTICES,,WHEAT,2014-08-12 12:00:16.000,"WHEAT, WINTER - YIELD, MEASURED IN BU / ACRE",
42.2,,9000,YIELD,,,SURVEY,00,ALL PRODUCTION PRACTICES,CROPS,US TOTAL,NATIONAL,,BU / ACRE,,99,US,UNITED STATES,TOTAL,,NOT SPECIFIED,YEAR - JUL FORECAST,WINTER,,2014,,,US TOTAL,00,FIELD CROPS,00000000,,ANNUAL,ALL UTILIZATION PRACTICES,,WHEAT,2014-07-11 12:03:10.000,"WHEAT, WINTER - YIELD, MEASURED IN BU / ACRE",
42.4,,9000,YIELD,,,SURVEY,00,ALL PRODUCTION PRACTICES,CROPS,US TOTAL,NATIONAL,,BU / ACRE,,99,US,UNITED STATES,TOTAL,,NOT SPECIFIED,YEAR - JUN FORECAST,WINTER,,2014,,,US TOTAL,00,FIELD CROPS,00000000,,ANNUAL,ALL UTILIZATION PRACTICES,,WHEAT,2014-06-11 13:43:11.000,"WHEAT, WINTER - YIELD, MEASURED IN BU / ACRE",
43.1,,9000,YIELD,,,SURVEY,00,ALL PRODUCTION PRACTICES,CROPS,US TOTAL,NATIONAL,,BU / ACRE,,99,US,UNITED STATES,TOTAL,,NOT SPECIFIED,YEAR - MAY FORECAST,WINTER,,2014,,,US TOTAL,00,FIELD CROPS,00000000,,ANNUAL,ALL UTILIZATION PRACTICES,,WHEAT,2014-05-09 12:01:11.000,"WHEAT, WINTER - YIELD, MEASURED IN BU / ACRE",
43.6,,9000,YIELD,,,SURVEY,00,ALL PRODUCTION PRACTICES,CROPS,US TOTAL,NATIONAL,,BU / ACRE,,99,US,UNITED STATES,TOTAL,,NOT SPECIFIED,YEAR,ALL CLASSES,,2015,,,US TOTAL,00,FIELD CROPS,00000000,,ANNUAL,ALL UTILIZATION PRACTICES,,WHEAT,2019-02-06 15:00:06.000,"WHEAT - YIELD, MEASURED IN BU / ACRE",
44.1,,9000,YIELD,,,SURVEY,00,ALL PRODUCTION PRACTICES,CROPS,US TOTAL,NATIONAL,,BU / ACRE,,99,US,UNITED STATES,TOTAL,,NOT SPECIFIED,YEAR - AUG FORECAST,ALL CLASSES,,2015,,,US TOTAL,00,FIELD CROPS,00000000,,ANNUAL,ALL UTILIZATION PRACTICES,,WHEAT,2015-08-12 12:00:00.000,"WHEAT - YIELD, MEASURED IN BU / ACRE",
44.3,,9000,YIELD,,,SURVEY,00,ALL PRODUCTION PRACTICES,CROPS,US TOTAL,NATIONAL,,BU / ACRE,,99,US,UNITED STATES,TOTAL,,NOT SPECIFIED,YEAR - JUL FORECAST,ALL CLASSES,,2015,,,US TOTAL,00,FIELD CROPS,00000000,,ANNUAL,ALL UTILIZATION PRACTICES,,WHEAT,2015-07-10 12:00:00.000,"WHEAT - YIELD, MEASURED IN BU / ACRE",
46.2,,9000,YIELD,,,SURVEY,00,ALL PRODUCTION PRACTICES,CROPS,US TOTAL,NATIONAL,,BU / ACRE,,99,US,UNITED STATES,TOTAL,,NOT SPECIFIED,YEAR,"SPRING, (EXCL DURUM)",,2015,,,US TOTAL,00,FIELD CROPS,00000000,,ANNUAL,ALL UTILIZATION PRACTICES,,WHEAT,2019-02-06 15:00:06.000,"WHEAT, SPRING, (EXCL DURUM) - YIELD, MEASURED IN BU / ACRE",
47,,9000,YIELD,,,SURVEY,00,ALL PRODUCTION PRACTICES,CROPS,US TOTAL,NATIONAL,,BU / ACRE,,99,US,UNITED STATES,TOTAL,,NOT SPECIFIED,YEAR - AUG FORECAST,"SPRING, (EXCL DURUM)",,2015,,,US TOTAL,00,FIELD CROPS,00000000,,ANNUAL,ALL UTILIZATION PRACTICES,,WHEAT,2015-08-12 12:00:00.000,"WHEAT, SPRING, (EXCL DURUM) - YIELD, MEASURED IN BU / ACRE",
46.7,,9000,YIELD,,,SURVEY,00,ALL PRODUCTION PRACTICES,CROPS,US TOTAL,NATIONAL,,BU / ACRE,,99,US,UNITED STATES,TOTAL,,NOT SPECIFIED,YEAR - JUL FORECAST,"SPRING, (EXCL DURUM)",,2015,,,US TOTAL,00,FIELD CROPS,00000000,,ANNUAL,ALL UTILIZATION PRACTICES,,WHEAT,2015-07-10 12:00:00.000,"WHEAT, SPRING, (EXCL DURUM) - YIELD, MEASURED IN BU / ACRE",
44,,9000,YIELD,,,SURVEY,00,ALL PRODUCTION PRACTICES,CROPS,US TOTAL,NATIONAL,,BU / ACRE,,99,US,UNITED STATES,TOTAL,,NOT SPECIFIED,YEAR,"SPRING, DURUM",,2015,,,US TOTAL,00,FIELD CROPS,00000000,,ANNUAL,ALL UTILIZATION PRACTICES,,WHEAT,2019-02-06 15:00:06.000,"WHEAT, SPRING, DURUM - YIELD, MEASURED IN BU / ACRE",
40.2,,9000,YIELD,,,SURVEY,00,ALL PRODUCTION PRACTICES,CROPS,US TOTAL,NATIONAL,,BU / ACRE,,99,US,UNITED STATES,TOTAL,,NOT SPECIFIED,YEAR - AUG FORECAST,"SPRING, DURUM",,2015,,,US TOTAL,00,FIELD CROPS,00000000,,ANNUAL,ALL UTILIZATION PRACTICES,,WHEAT,2015-08-12 12:00:00.000,"WHEAT, SPRING, DURUM - YIELD, MEASURED IN BU / ACRE",
39.6,,9000,YIELD,,,SURVEY,00,ALL PRODUCTION PRACTICES,CROPS,US TOTAL,NATIONAL,,BU / ACRE,,99,US,UNITED STATES,TOTAL,,NOT SPECIFIED,YEAR - JUL FORECAST,"SPRING, DURUM",,2015,,,US TOTAL,00,FIELD CROPS,00000000,,ANNUAL,ALL UTILIZATION PRACTICES,,WHEAT,2015-07-10 12:00:00.000,"WHEAT, SPRING, DURUM - YIELD, MEASURED IN BU / ACRE",
42.5,,9000,YIELD,,,SURVEY,00,ALL PRODUCTION PRACTICES,CROPS,US TOTAL,NATIONAL,,BU / ACRE,,99,US,UNITED STATES,TOTAL,,NOT SPECIFIED,YEAR,WINTER,,2015,,,US TOTAL,00,FIELD CROPS,00000000,,ANNUAL,ALL UTILIZATION PRACTICES,,WHEAT,2019-02-06 15:00:06.000,"WHEAT, WINTER - YIELD, MEASURED IN BU / ACRE",
43.2,,9000,YIELD,,,SURVEY,00,ALL PRODUCTION PRACTICES,CROPS,US TOTAL,NATIONAL,,BU / ACRE,,99,US,UNITED STATES,TOTAL,,NOT SPECIFIED,YEAR - AUG FORECAST,WINTER,,2015,,,US TOTAL,00,FIELD CROPS,00000000,,ANNUAL,ALL UTILIZATION PRACTICES,,WHEAT,2015-08-12 12:00:00.000,"WHEAT, WINTER - YIELD, MEASURED IN BU / ACRE",
43.7,,9000,YIELD,,,SURVEY,00,ALL PRODUCTION PRACTICES,CROPS,US TOTAL,NATIONAL,,BU / ACRE,,99,US,UNITED STATES,TOTAL,,NOT SPECIFIED,YEAR - JUL FORECAST,WINTER,,2015,,,US TOTAL,00,FIELD CROPS,00000000,,ANNUAL,ALL UTILIZATION PRACTICES,,WHEAT,2015-07-10 12:00:00.000,"WHEAT, WINTER - YIELD, MEASURED IN BU / ACRE",
44.5,,9000,YIELD,,,SURVEY,00,ALL PRODUCTION PRACTICES,CROPS,US TOTAL,NATIONAL,,BU / ACRE,,99,US,UNITED STATES,TOTAL,,NOT SPECIFIED,YEAR - JUN FORECAST,WINTER,,2015,,,US TOTAL,00,FIELD CROPS,00000000,,ANNUAL,ALL UTILIZATION PRACTICES,,WHEAT,2015-06-10 12:06:03.000,"WHEAT, WINTER - YIELD, MEASURED IN BU / ACRE",
43.5,,9000,YIELD,,,SURVEY,00,ALL PRODUCTION PRACTICES,CROPS,US TOTAL,NATIONAL,,BU / ACRE,,99,US,UNITED STATES,TOTAL,,NOT SPECIFIED,YEAR - MAY FORECAST,WINTER,,2015,,,US TOTAL,00,FIELD CROPS,00000000,,ANNUAL,ALL UTILIZATION PRACTICES,,WHEAT,2015-05-12 12:11:55.000,"WHEAT, WINTER - YIELD, MEASURED IN BU / ACRE",
52.7,,9000,YIELD,,,SURVEY,00,ALL PRODUCTION PRACTICES,CROPS,US TOTAL,NATIONAL,,BU / ACRE,,99,US,UNITED STATES,TOTAL,,NOT SPECIFIED,YEAR,ALL CLASSES,,2016,,,US TOTAL,00,FIELD CROPS,00000000,,ANNUAL,ALL UTILIZATION PRACTICES,,WHEAT,2019-02-06 15:00:06.000,"WHEAT - YIELD, MEASURED IN BU / ACRE",
52.6,,9000,YIELD,,,SURVEY,00,ALL PRODUCTION PRACTICES,CROPS,US TOTAL,NATIONAL,,BU / ACRE,,99,US,UNITED STATES,TOTAL,,NOT SPECIFIED,YEAR - AUG FORECAST,ALL CLASSES,,2016,,,US TOTAL,00,FIELD CROPS,00000000,,ANNUAL,ALL UTILIZATION PRACTICES,,WHEAT,2016-08-12 12:00:00.000,"WHEAT - YIELD, MEASURED IN BU / ACRE",
51.3,,9000,YIELD,,,SURVEY,00,ALL PRODUCTION PRACTICES,CROPS,US TOTAL,NATIONAL,,BU / ACRE,,99,US,UNITED STATES,TOTAL,,NOT SPECIFIED,YEAR - JUL FORECAST,ALL CLASSES,,2016,,,US TOTAL,00,FIELD CROPS,00000000,,ANNUAL,ALL UTILIZATION PRACTICES,,WHEAT,2016-07-12 12:00:00.000,"WHEAT - YIELD, MEASURED IN BU / ACRE",
47.3,,9000,YIELD,,,SURVEY,00,ALL PRODUCTION PRACTICES,CROPS,US TOTAL,NATIONAL,,BU / ACRE,,99,US,UNITED STATES,TOTAL,,NOT SPECIFIED,YEAR,"SPRING, (EXCL DURUM)",,2016,,,US TOTAL,00,FIELD CROPS,00000000,,ANNUAL,ALL UTILIZATION PRACTICES,,WHEAT,2019-02-06 15:00:06.000,"WHEAT, SPRING, (EXCL DURUM) - YIELD, MEASURED IN BU / ACRE",
48.3,,9000,YIELD,,,SURVEY,00,ALL PRODUCTION PRACTICES,CROPS,US TOTAL,NATIONAL,,BU / ACRE,,99,US,UNITED STATES,TOTAL,,NOT SPECIFIED,YEAR - AUG FORECAST,"SPRING, (EXCL DURUM)",,2016,,,US TOTAL,00,FIELD CROPS,00000000,,ANNUAL,ALL UTILIZATION PRACTICES,,WHEAT,2016-08-12 12:00:00.000,"WHEAT, SPRING, (EXCL DURUM) - YIELD, MEASURED IN BU / ACRE",
46.5,,9000,YIELD,,,SURVEY,00,ALL PRODUCTION PRACTICES,CROPS,US TOTAL,NATIONAL,,BU / ACRE,,99,US,UNITED STATES,TOTAL,,NOT SPECIFIED,YEAR - JUL FORECAST,"SPRING, (EXCL DURUM)",,2016,,,US TOTAL,00,FIELD CROPS,00000000,,ANNUAL,ALL UTILIZATION PRACTICES,,WHEAT,2016-07-12 12:00:00.000,"WHEAT, SPRING, (EXCL DURUM) - YIELD, MEASURED IN BU / ACRE",
44,,9000,YIELD,,,SURVEY,00,ALL PRODUCTION PRACTICES,CROPS,US TOTAL,NATIONAL,,BU / ACRE,,99,US,UNITED STATES,TOTAL,,NOT SPECIFIED,YEAR,"SPRING, DURUM",,2016,,,US TOTAL,00,FIELD CROPS,00000000,,ANNUAL,ALL UTILIZATION PRACTICES,,WHEAT,2019-02-06 15:00:06.000,"WHEAT, SPRING, DURUM - YIELD, MEASURED IN BU / ACRE",
44.1,,9000,YIELD,,,SURVEY,00,ALL PRODUCTION PRACTICES,CROPS,US TOTAL,NATIONAL,,BU / ACRE,,99,US,UNITED STATES,TOTAL,,NOT SPECIFIED,YEAR - AUG FORECAST,"SPRING, DURUM",,2016,,,US TOTAL,00,FIELD CROPS,00000000,,ANNUAL,ALL UTILIZATION PRACTICES,,WHEAT,2016-08-12 12:00:00.000,"WHEAT, SPRING, DURUM - YIELD, MEASURED IN BU / ACRE",
39.8,,9000,YIELD,,,SURVEY,00,ALL PRODUCTION PRACTICES,CROPS,US TOTAL,NATIONAL,,BU / ACRE,,99,US,UNITED STATES,TOTAL,,NOT SPECIFIED,YEAR - JUL FORECAST,"SPRING, DURUM",,2016,,,US TOTAL,00,FIELD CROPS,00000000,,ANNUAL,ALL UTILIZATION PRACTICES,,WHEAT,2016-07-12 12:00:00.000,"WHEAT, SPRING, DURUM - YIELD, MEASURED IN BU / ACRE",
55.3,,9000,YIELD,,,SURVEY,00,ALL PRODUCTION PRACTICES,CROPS,US TOTAL,NATIONAL,,BU / ACRE,,99,US,UNITED STATES,TOTAL,,NOT SPECIFIED,YEAR,WINTER,,2016,,,US TOTAL,00,FIELD CROPS,00000000,,ANNUAL,ALL UTILIZATION PRACTICES,,WHEAT,2019-02-06 15:00:06.000,"WHEAT, WINTER - YIELD, MEASURED IN BU / ACRE",
54.9,,9000,YIELD,,,SURVEY,00,ALL PRODUCTION PRACTICES,CROPS,US TOTAL,NATIONAL,,BU / ACRE,,99,US,UNITED STATES,TOTAL,,NOT SPECIFIED,YEAR - AUG FORECAST,WINTER,,2016,,,US TOTAL,00,FIELD CROPS,00000000,,ANNUAL,ALL UTILIZATION PRACTICES,,WHEAT,2016-08-12 12:00:00.000,"WHEAT, WINTER - YIELD, MEASURED IN BU / ACRE",
53.9,,9000,YIELD,,,SURVEY,00,ALL PRODUCTION PRACTICES,CROPS,US TOTAL,NATIONAL,,BU / ACRE,,99,US,UNITED STATES,TOTAL,,NOT SPECIFIED,YEAR - JUL FORECAST,WINTER,,2016,,,US TOTAL,00,FIELD CROPS,00000000,,ANNUAL,ALL UTILIZATION PRACTICES,,WHEAT,2016-07-12 12:00:00.000,"WHEAT, WINTER - YIELD, MEASURED IN BU / ACRE",
50.5,,9000,YIELD,,,SURVEY,00,ALL PRODUCTION PRACTICES,CROPS,US TOTAL,NATIONAL,,BU / ACRE,,99,US,UNITED STATES,TOTAL,,NOT SPECIFIED,YEAR - JUN FORECAST,WINTER,,2016,,,US TOTAL,00,FIELD CROPS,00000000,,ANNUAL,ALL UTILIZATION PRACTICES,,WHEAT,2016-06-10 12:00:00.000,"WHEAT, WINTER - YIELD, MEASURED IN BU / ACRE",
47.8,,9000,YIELD,,,SURVEY,00,ALL PRODUCTION PRACTICES,CROPS,US TOTAL,NATIONAL,,BU / ACRE,,99,US,UNITED STATES,TOTAL,,NOT SPECIFIED,YEAR - MAY FORECAST,WINTER,,2016,,,US TOTAL,00,FIELD CROPS,00000000,,ANNUAL,ALL UTILIZATION PRACTICES,,WHEAT,2016-05-10 12:00:00.000,"WHEAT, WINTER - YIELD, MEASURED IN BU / ACRE",
46.4,,9000,YIELD,,,SURVEY,00,ALL PRODUCTION PRACTICES,CROPS,US TOTAL,NATIONAL,,BU / ACRE,,99,US,UNITED STATES,TOTAL,,NOT SPECIFIED,YEAR,ALL CLASSES,,2017,,,US TOTAL,00,FIELD CROPS,00000000,,ANNUAL,ALL UTILIZATION PRACTICES,,WHEAT,2019-02-06 15:00:06.000,"WHEAT - YIELD, MEASURED IN BU / ACRE",
45.6,,9000,YIELD,,,SURVEY,00,ALL PRODUCTION PRACTICES,CROPS,US TOTAL,NATIONAL,,BU / ACRE,,99,US,UNITED STATES,TOTAL,,NOT SPECIFIED,YEAR - AUG FORECAST,ALL CLASSES,,2017,,,US TOTAL,00,FIELD CROPS,00000000,,ANNUAL,ALL UTILIZATION PRACTICES,,WHEAT,2017-08-10 12:08:28.000,"WHEAT - YIELD, MEASURED IN BU / ACRE",
46.2,,9000,YIELD,,,SURVEY,00,ALL PRODUCTION PRACTICES,CROPS,US TOTAL,NATIONAL,,BU / ACRE,,99,US,UNITED STATES,TOTAL,,NOT SPECIFIED,YEAR - JUL FORECAST,ALL CLASSES,,2017,,,US TOTAL,00,FIELD CROPS,00000000,,ANNUAL,ALL UTILIZATION PRACTICES,,WHEAT,2017-07-12 12:01:17.000,"WHEAT - YIELD, MEASURED IN BU / ACRE",
41,,9000,YIELD,,,SURVEY,00,ALL PRODUCTION PRACTICES,CROPS,US TOTAL,NATIONAL,,BU / ACRE,,99,US,UNITED STATES,TOTAL,,NOT SPECIFIED,YEAR,"SPRING, (EXCL DURUM)",,2017,,,US TOTAL,00,FIELD CROPS,00000000,,ANNUAL,ALL UTILIZATION PRACTICES,,WHEAT,2019-02-06 15:00:06.000,"WHEAT, SPRING, (EXCL DURUM) - YIELD, MEASURED IN BU / ACRE",
38.3,,9000,YIELD,,,SURVEY,00,ALL PRODUCTION PRACTICES,CROPS,US TOTAL,NATIONAL,,BU / ACRE,,99,US,UNITED STATES,TOTAL,,NOT SPECIFIED,YEAR - AUG FORECAST,"SPRING, (EXCL DURUM)",,2017,,,US TOTAL,00,FIELD CROPS,00000000,,ANNUAL,ALL UTILIZATION PRACTICES,,WHEAT,2017-08-10 12:08:28.000,"WHEAT, SPRING, (EXCL DURUM) - YIELD, MEASURED IN BU / ACRE",
40.3,,9000,YIELD,,,SURVEY,00,ALL PRODUCTION PRACTICES,CROPS,US TOTAL,NATIONAL,,BU / ACRE,,99,US,UNITED STATES,TOTAL,,NOT SPECIFIED,YEAR - JUL FORECAST,"SPRING, (EXCL DURUM)",,2017,,,US TOTAL,00,FIELD CROPS,00000000,,ANNUAL,ALL UTILIZATION PRACTICES,,WHEAT,2017-07-12 12:01:17.000,"WHEAT, SPRING, (EXCL DURUM) - YIELD, MEASURED IN BU / ACRE",
26,,9000,YIELD,,,SURVEY,00,ALL PRODUCTION PRACTICES,CROPS,US TOTAL,NATIONAL,,BU / ACRE,,99,US,UNITED STATES,TOTAL,,NOT SPECIFIED,YEAR,"SPRING, DURUM",,2017,,,US TOTAL,00,FIELD CROPS,00000000,,ANNUAL,ALL UTILIZATION PRACTICES,,WHEAT,2019-02-06 15:00:06.000,"WHEAT, SPRING, DURUM - YIELD, MEASURED IN BU / ACRE",
27.2,,9000,YIELD,,,SURVEY,00,ALL PRODUCTION PRACTICES,CROPS,US TOTAL,NATIONAL,,BU / ACRE,,99,US,UNITED STATES,TOTAL,,NOT SPECIFIED,YEAR - AUG FORECAST,"SPRING, DURUM",,2017,,,US TOTAL,00,FIELD CROPS,00000000,,ANNUAL,ALL UTILIZATION PRACTICES,,WHEAT,2017-08-10 12:08:28.000,"WHEAT, SPRING, DURUM - YIELD, MEASURED IN BU / ACRE",
30.9,,9000,YIELD,,,SURVEY,00,ALL PRODUCTION PRACTICES,CROPS,US TOTAL,NATIONAL,,BU / ACRE,,99,US,UNITED STATES,TOTAL,,NOT SPECIFIED,YEAR - JUL FORECAST,"SPRING, DURUM",,2017,,,US TOTAL,00,FIELD CROPS,00000000,,ANNUAL,ALL UTILIZATION PRACTICES,,WHEAT,2017-07-12 12:01:17.000,"WHEAT, SPRING, DURUM - YIELD, MEASURED IN BU / ACRE",
50.2,,9000,YIELD,,,SURVEY,00,ALL PRODUCTION PRACTICES,CROPS,US TOTAL,NATIONAL,,BU / ACRE,,99,US,UNITED STATES,TOTAL,,NOT SPECIFIED,YEAR,WINTER,,2017,,,US TOTAL,00,FIELD CROPS,00000000,,ANNUAL,ALL UTILIZATION PRACTICES,,WHEAT,2019-02-06 15:00:06.000,"WHEAT, WINTER - YIELD, MEASURED IN BU / ACRE",
50,,9000,YIELD,,,SURVEY,00,ALL PRODUCTION PRACTICES,CROPS,US TOTAL,NATIONAL,,BU / ACRE,,99,US,UNITED STATES,TOTAL,,NOT SPECIFIED,YEAR - AUG FORECAST,WINTER,,2017,,,US TOTAL,00,FIELD CROPS,00000000,,ANNUAL,ALL UTILIZATION PRACTICES,,WHEAT,2017-08-10 12:08:28.000,"WHEAT, WINTER - YIELD, MEASURED IN BU / ACRE",
49.7,,9000,YIELD,,,SURVEY,00,ALL PRODUCTION PRACTICES,CROPS,US TOTAL,NATIONAL,,BU / ACRE,,99,US,UNITED STATES,TOTAL,,NOT SPECIFIED,YEAR - JUL FORECAST,WINTER,,2017,,,US TOTAL,00,FIELD CROPS,00000000,,ANNUAL,ALL UTILIZATION PRACTICES,,WHEAT,2017-07-12 12:01:17.000,"WHEAT, WINTER - YIELD, MEASURED IN BU / ACRE",
48.9,,9000,YIELD,,,SURVEY,00,ALL PRODUCTION PRACTICES,CROPS,US TOTAL,NATIONAL,,BU / ACRE,,99,US,UNITED STATES,TOTAL,,NOT SPECIFIED,YEAR - JUN FORECAST,WINTER,,2017,,,US TOTAL,00,FIELD CROPS,00000000,,ANNUAL,ALL UTILIZATION PRACTICES,,WHEAT,2017-06-09 12:01:40.000,"WHEAT, WINTER - YIELD, MEASURED IN BU / ACRE",
48.8,,9000,YIELD,,,SURVEY,00,ALL PRODUCTION PRACTICES,CROPS,US TOTAL,NATIONAL,,BU / ACRE,,99,US,UNITED STATES,TOTAL,,NOT SPECIFIED,YEAR - MAY FORECAST,WINTER,,2017,,,US TOTAL,00,FIELD CROPS,00000000,,ANNUAL,ALL UTILIZATION PRACTICES,,WHEAT,2017-05-10 12:01:38.000,"WHEAT, WINTER - YIELD, MEASURED IN BU / ACRE",
47.6,,9000,YIELD,,,SURVEY,00,ALL PRODUCTION PRACTICES,CROPS,US TOTAL,NATIONAL,,BU / ACRE,,99,US,UNITED STATES,TOTAL,,NOT SPECIFIED,YEAR,ALL CLASSES,,2018,,,US TOTAL,00,FIELD CROPS,00000000,,ANNUAL,ALL UTILIZATION PRACTICES,,WHEAT,2024-01-09 15:00:00.000,"WHEAT - YIELD, MEASURED IN BU / ACRE",
47.4,,9000,YIELD,,,SURVEY,00,ALL PRODUCTION PRACTICES,CROPS,US TOTAL,NATIONAL,,BU / ACRE,,99,US,UNITED STATES,TOTAL,,NOT SPECIFIED,YEAR - AUG FORECAST,ALL CLASSES,,2018,,,US TOTAL,00,FIELD CROPS,00000000,,ANNUAL,ALL UTILIZATION PRACTICES,,WHEAT,2018-08-10 12:01:40.000,"WHEAT - YIELD, MEASURED IN BU / ACRE",
47.5,,9000,YIELD,,,SURVEY,00,ALL PRODUCTION PRACTICES,CROPS,US TOTAL,NATIONAL,,BU / ACRE,,99,US,UNITED STATES,TOTAL,,NOT SPECIFIED,YEAR - JUL FORECAST,ALL CLASSES,,2018,,,US TOTAL,00,FIELD CROPS,00000000,,ANNUAL,ALL UTILIZATION PRACTICES,,WHEAT,2018-07-12 12:00:55.000,"WHEAT - YIELD, MEASURED IN BU / ACRE",
48.3,,9000,YIELD,,,SURVEY,00,ALL PRODUCTION PRACTICES,CROPS,US TOTAL,NATIONAL,,BU / ACRE,,99,US,UNITED STATES,TOTAL,,NOT SPECIFIED,YEAR,"SPRING, (EXCL DURUM)",,2018,,,US TOTAL,00,FIELD CROPS,00000000,,ANNUAL,ALL UTILIZATION PRACTICES,,WHEAT,2024-01-09 15:00:00.000,"WHEAT, SPRING, (EXCL DURUM) - YIELD, MEASURED IN BU / ACRE",
47.6,,9000,YIELD,,,SURVEY,00,ALL PRODUCTION PRACTICES,CROPS,US TOTAL,NATIONAL,,BU / ACRE,,99,US,UNITED STATES,TOTAL,,NOT SPECIFIED,YEAR - AUG FORECAST,"SPRING, (EXCL DURUM)",,2018,,,US TOTAL,00,FIELD CROPS,00000000,,ANNUAL,ALL UTILIZATION PRACTICES,,WHEAT,2018-08-10 12:01:40.000,"WHEAT, SPRING, (EXCL DURUM) - YIELD, MEASURED IN BU / ACRE",
47.6,,9000,YIELD,,,SURVEY,00,ALL PRODUCTION PRACTICES,CROPS,US TOTAL,NATIONAL,,BU / ACRE,,99,US,UNITED STATES,TOTAL,,NOT SPECIFIED,YEAR - JUL FORECAST,"SPRING, (EXCL DURUM)",,2018,,,US TOTAL,00,FIELD CROPS,00000000,,ANNUAL,ALL UTILIZATION PRACTICES,,WHEAT,2018-07-12 12:00:55.000,"WHEAT, SPRING, (EXCL DURUM) - YIELD, MEASURED IN BU / ACRE",
39.5,,9000,YIELD,,,SURVEY,00,ALL PRODUCTION PRACTICES,CROPS,US TOTAL,NATIONAL,,BU / ACRE,,99,US,UNITED STATES,TOTAL,,NOT SPECIFIED,YEAR,"SPRING, DURUM",,2018,,,US TOTAL,00,FIELD CROPS,00000000,,ANNUAL,ALL UTILIZATION PRACTICES,,WHEAT,2024-01-09 15:00:00.000,"WHEAT, SPRING, DURUM - YIELD, MEASURED IN BU / ACRE",
39.9,,9000,YIELD,,,SURVEY,00,ALL PRODUCTION PRACTICES,CROPS,US TOTAL,NATIONAL,,BU / ACRE,,99,US,UNITED STATES,TOTAL,,NOT SPECIFIED,YEAR - AUG FORECAST,"SPRING, DURUM",,2018,,,US TOTAL,00,FIELD CROPS,00000000,,ANNUAL,ALL UTILIZATION PRACTICES,,WHEAT,2018-08-10 12:01:40.000,"WHEAT, SPRING, DURUM - YIELD, MEASURED IN BU / ACRE",
40.7,,9000,YIELD,,,SURVEY,00,ALL PRODUCTION PRACTICES,CROPS,US TOTAL,NATIONAL,,BU / ACRE,,99,US,UNITED STATES,TOTAL,,NOT SPECIFIED,YEAR - JUL FORECAST,"SPRING, DURUM",,2018,,,US TOTAL,00,FIELD CROPS,00000000,,ANNUAL,ALL UTILIZATION PRACTICES,,WHEAT,2018-07-12 12:00:55.000,"WHEAT, SPRING, DURUM - YIELD, MEASURED IN BU / ACRE",
47.9,,9000,YIELD,,,SURVEY,00,ALL PRODUCTION PRACTICES,CROPS,US TOTAL,NATIONAL,,BU / ACRE,,99,US,UNITED STATES,TOTAL,,NOT SPECIFIED,YEAR,WINTER,,2018,,,US TOTAL,00,FIELD CROPS,00000000,,ANNUAL,ALL UTILIZATION PRACTICES,,WHEAT,2024-01-09 15:00:00.000,"WHEAT, WINTER - YIELD, MEASURED IN BU / ACRE",
47.9,,9000,YIELD,,,SURVEY,00,ALL PRODUCTION PRACTICES,CROPS,US TOTAL,NATIONAL,,BU / ACRE,,99,US,UNITED STATES,TOTAL,,NOT SPECIFIED,YEAR - AUG FORECAST,WINTER,,2018,,,US TOTAL,00,FIELD CROPS,00000000,,ANNUAL,ALL UTILIZATION PRACTICES,,WHEAT,2018-08-10 12:01:40.000,"WHEAT, WINTER - YIELD, MEASURED IN BU / ACRE",
48,,9000,YIELD,,,SURVEY,00,ALL PRODUCTION PRACTICES,CROPS,US TOTAL,NATIONAL,,BU / ACRE,,99,US,UNITED STATES,TOTAL,,NOT SPECIFIED,YEAR - JUL FORECAST,WINTER,,2018,,,US TOTAL,00,FIELD CROPS,00000000,,ANNUAL,ALL UTILIZATION PRACTICES,,WHEAT,2018-07-12 12:00:55.000,"WHEAT, WINTER - YIELD, MEASURED IN BU / ACRE",
48.4,,9000,YIELD,,,SURVEY,00,ALL PRODUCTION PRACTICES,CROPS,US TOTAL,NATIONAL,,BU / ACRE,,99,US,UNITED STATES,TOTAL,,NOT SPECIFIED,YEAR - JUN FORECAST,WINTER,,2018,,,US TOTAL,00,FIELD CROPS,00000000,,ANNUAL,ALL UTILIZATION PRACTICES,,WHEAT,2018-06-12 12:02:14.000,"WHEAT, WINTER - YIELD, MEASURED IN BU / ACRE",
48.1,,9000,YIELD,,,SURVEY,00,ALL PRODUCTION PRACTICES,CROPS,US TOTAL,NATIONAL,,BU / ACRE,,99,US,UNITED STATES,TOTAL,,NOT SPECIFIED,YEAR - MAY FORECAST,WINTER,,2018,,,US TOTAL,00,FIELD CROPS,00000000,,ANNUAL,ALL UTILIZATION PRACTICES,,WHEAT,2018-05-10 12:00:48.000,"WHEAT, WINTER - YIELD, MEASURED IN BU / ACRE",
51.7,,9000,YIELD,,,SURVEY,00,ALL PRODUCTION PRACTICES,CROPS,US TOTAL,NATIONAL,,BU / ACRE,,99,US,UNITED STATES,TOTAL,,NOT SPECIFIED,YEAR,ALL CLASSES,,2019,,,US TOTAL,00,FIELD CROPS,00000000,,ANNUAL,ALL UTILIZATION PRACTICES,,WHEAT,2024-01-09 15:00:00.000,"WHEAT - YIELD, MEASURED IN BU / ACRE",
51.6,,9000,YIELD,,,SURVEY,00,ALL PRODUCTION PRACTICES,CROPS,US TOTAL,NATIONAL,,BU / ACRE,,99,US,UNITED STATES,TOTAL,,NOT SPECIFIED,YEAR - AUG FORECAST,ALL CLASSES,,2019,,,US TOTAL,00,FIELD CROPS,00000000,,ANNUAL,ALL UTILIZATION PRACTICES,,WHEAT,2019-08-12 12:01:08.000,"WHEAT - YIELD, MEASURED IN BU / ACRE",
50,,9000,YIELD,,,SURVEY,00,ALL PRODUCTION PRACTICES,CROPS,US TOTAL,NATIONAL,,BU / ACRE,,99,US,UNITED STATES,TOTAL,,NOT SPECIFIED,YEAR - JUL FORECAST,ALL CLASSES,,2019,,,US TOTAL,00,FIELD CROPS,00000000,,ANNUAL,ALL UTILIZATION PRACTICES,,WHEAT,2019-07-11 12:01:03.000,"WHEAT - YIELD, MEASURED IN BU / ACRE",
48.3,,9000,YIELD,,,SURVEY,00,ALL PRODUCTION PRACTICES,CROPS,US TOTAL,NATIONAL,,BU / ACRE,,99,US,UNITED STATES,TOTAL,,NOT SPECIFIED,YEAR,"SPRING, (EXCL DURUM)",,2019,,,US TOTAL,00,FIELD CROPS,00000000,,ANNUAL,ALL UTILIZATION PRACTICES,,WHEAT,2024-01-09 15:00:00.000,"WHEAT, SPRING, (EXCL DURUM) - YIELD, MEASURED IN BU / ACRE",
49.2,,9000,YIELD,,,SURVEY,00,ALL PRODUCTION PRACTICES,CROPS,US TOTAL,NATIONAL,,BU / ACRE,,99,US,UNITED STATES,TOTAL,,NOT SPECIFIED,YEAR - AUG FORECAST,"SPRING, (EXCL DURUM)",,2019,,,US TOTAL,00,FIELD CROPS,00000000,,ANNUAL,ALL UTILIZATION PRACTICES,,WHEAT,2019-08-12 12:01:08.000,"WHEAT, SPRING, (EXCL DURUM) - YIELD, MEASURED IN BU / ACRE",
47.2,,9000,YIELD,,,SURVEY,00,ALL PRODUCTION PRACTICES,CROPS,US TOTAL,NATIONAL,,BU / ACRE,,99,US,UNITED STATES,TOTAL,,NOT SPECIFIED,YEAR - JUL FORECAST,"SPRING, (EXCL DURUM)",,2019,,,US TOTAL,00,FIELD CROPS,00000000,,ANNUAL,ALL UTILIZATION PRACTICES,,WHEAT,2019-07-11 12:01:03.000,"WHEAT, SPRING, (EXCL DURUM) - YIELD, MEASURED IN BU / ACRE",
45.8,,9000,YIELD,,,SURVEY,00,ALL PRODUCTION PRACTICES,CROPS,US TOTAL,NATIONAL,,BU / ACRE,,99,US,UNITED STATES,TOTAL,,NOT SPECIFIED,YEAR,"SPRING, DURUM",,2019,,,US TOTAL,00,FIELD CROPS,00000000,,ANNUAL,ALL UTILIZATION PRACTICES,,WHEAT,2024-01-09 15:00:00.000,"WHEAT, SPRING, DURUM - YIELD, MEASURED IN BU / ACRE",
42.3,,9000,YIELD,,,SURVEY,00,ALL PRODUCTION PRACTICES,CROPS,US TOTAL,NATIONAL,,BU / ACRE,,99,US,UNITED STATES,TOTAL,,NOT SPECIFIED,YEAR - AUG FORECAST,"SPRING, DURUM",,2019,,,US TOTAL,00,FIELD CROPS,00000000,,ANNUAL,ALL UTILIZATION PRACTICES,,WHEAT,2019-08-12 12:01:08.000,"WHEAT, SPRING, DURUM - YIELD, MEASURED IN BU / ACRE",
42.9,,9000,YIELD,,,SURVEY,00,ALL PRODUCTION PRACTICES,CROPS,US TOTAL,NATIONAL,,BU / ACRE,,99,US,UNITED STATES,TOTAL,,NOT SPECIFIED,YEAR - JUL FORECAST,"SPRING, DURUM",,2019,,,US TOTAL,00,FIELD CROPS,00000000,,ANNUAL,ALL UTILIZATION PRACTICES,,WHEAT,2019-07-11 12:01:03.000,"WHEAT, SPRING, DURUM - YIELD, MEASURED IN BU / ACRE",
53.6,,9000,YIELD,,,SURVEY,00,ALL PRODUCTION PRACTICES,CROPS,US TOTAL,NATIONAL,,BU / ACRE,,99,US,UNITED STATES,TOTAL,,NOT SPECIFIED,YEAR,WINTER,,2019,,,US TOTAL,00,FIELD CROPS,00000000,,ANNUAL,ALL UTILIZATION PRACTICES,,WHEAT,2024-01-09 15:00:00.000,"WHEAT, WINTER - YIELD, MEASURED IN BU / ACRE",
53.2,,9000,YIELD,,,SURVEY,00,ALL PRODUCTION PRACTICES,CROPS,US TOTAL,NATIONAL,,BU / ACRE,,99,US,UNITED STATES,TOTAL,,NOT SPECIFIED,YEAR - AUG FORECAST,WINTER,,2019,,,US TOTAL,00,FIELD CROPS,00000000,,ANNUAL,ALL UTILIZATION PRACTICES,,WHEAT,2019-08-12 12:01:08.000,"WHEAT, WINTER - YIELD, MEASURED IN BU / ACRE",
51.8,,9000,YIELD,,,SURVEY,00,ALL PRODUCTION PRACTICES,CROPS,US TOTAL,NATIONAL,,BU / ACRE,,99,US,UNITED STATES,TOTAL,,NOT SPECIFIED,YEAR - JUL FORECAST,WINTER,,2019,,,US TOTAL,00,FIELD CROPS,00000000,,ANNUAL,ALL UTILIZATION PRACTICES,,WHEAT,2019-07-11 12:01:03.000,"WHEAT, WINTER - YIELD, MEASURED IN BU / ACRE",
50.5,,9000,YIELD,,,SURVEY,00,ALL PRODUCTION PRACTICES,CROPS,US TOTAL,NATIONAL,,BU / ACRE,,99,US,UNITED STATES,TOTAL,,NOT SPECIFIED,YEAR - JUN FORECAST,WINTER,,2019,,,US TOTAL,00,FIELD CROPS,00000000,,ANNUAL,ALL UTILIZATION PRACTICES,,WHEAT,2019-06-11 12:01:17.000,"WHEAT, WINTER - YIELD, MEASURED IN BU / ACRE",
50.3,,9000,YIELD,,,SURVEY,00,ALL PRODUCTION PRACTICES,CROPS,US TOTAL,NATIONAL,,BU / ACRE,,99,US,UNITED STATES,TOTAL,,NOT SPECIFIED,YEAR - MAY FORECAST,WINTER,,2019,,,US TOTAL,00,FIELD CROPS,00000000,,ANNUAL,ALL UTILIZATION PRACTICES,,WHEAT,2019-05-10 12:01:35.000,"WHEAT, WINTER - YIELD, MEASURED IN BU / ACRE",
49.7,,9000,YIELD,,,SURVEY,00,ALL PRODUCTION PRACTICES,CROPS,US TOTAL,NATIONAL,,BU / ACRE,,99,US,UNITED STATES,TOTAL,,NOT SPECIFIED,YEAR,ALL CLASSES,,2020,,,US TOTAL,00,FIELD CROPS,00000000,,ANNUAL,ALL UTILIZATION PRACTICES,,WHEAT,2024-01-09 15:00:00.000,"WHEAT - YIELD, MEASURED IN BU / ACRE",
50.1,,9000,YIELD,,,SURVEY,00,ALL PRODUCTION PRACTICES,CROPS,US TOTAL,NATIONAL,,BU / ACRE,,99,US,UNITED STATES,TOTAL,,NOT SPECIFIED,YEAR - AUG FORECAST,ALL CLASSES,,2020,,,US TOTAL,00,FIELD CROPS,00000000,,ANNUAL,ALL UTILIZATION PRACTICES,,WHEAT,2020-08-12 12:04:12.000,"WHEAT - YIELD, MEASURED IN BU / ACRE",
49.7,,9000,YIELD,,,SURVEY,00,ALL PRODUCTION PRACTICES,CROPS,US TOTAL,NATIONAL,,BU / ACRE,,99,US,UNITED STATES,TOTAL,,NOT SPECIFIED,YEAR - JUL FORECAST,ALL CLASSES,,2020,,,US TOTAL,00,FIELD CROPS,00000000,,ANNUAL,ALL UTILIZATION PRACTICES,,WHEAT,2020-07-10 12:03:03.000,"WHEAT - YIELD, MEASURED IN BU / ACRE",
48.6,,9000,YIELD,,,SURVEY,00,ALL PRODUCTION PRACTICES,CROPS,US TOTAL,NATIONAL,,BU / ACRE,,99,US,UNITED STATES,TOTAL,,NOT SPECIFIED,YEAR,"SPRING, (EXCL DURUM)",,2020,,,US TOTAL,00,FIELD CROPS,00000000,,ANNUAL,ALL UTILIZATION PRACTICES,,WHEAT,2024-01-09 15:00:00.000,"WHEAT, SPRING, (EXCL DURUM) - YIELD, MEASURED IN BU / ACRE",
49,,9000,YIELD,,,SURVEY,00,ALL PRODUCTION PRACTICES,CROPS,US TOTAL,NATIONAL,,BU / ACRE,,99,US,UNITED STATES,TOTAL,,NOT SPECIFIED,YEAR - AUG FORECAST,"SPRING, (EXCL DURUM)",,2020,,,US TOTAL,00,FIELD CROPS,00000000,,ANNUAL,ALL UTILIZATION PRACTICES,,WHEAT,2020-08-12 12:04:12.000,"WHEAT, SPRING, (EXCL DURUM) - YIELD, MEASURED IN BU / ACRE",
46.6,,9000,YIELD,,,SURVEY,00,ALL PRODUCTION PRACTICES,CROPS,US TOTAL,NATIONAL,,BU / ACRE,,99,US,UNITED STATES,TOTAL,,NOT SPECIFIED,YEAR - JUL FORECAST,"SPRING, (EXCL DURUM)",,2020,,,US TOTAL,00,FIELD CROPS,00000000,,ANNUAL,ALL UTILIZATION PRACTICES,,WHEAT,2020-07-10 12:03:03.000,"WHEAT, SPRING, (EXCL DURUM) - YIELD, MEASURED IN BU / ACRE",
41.5,,9000,YIELD,,,SURVEY,00,ALL PRODUCTION PRACTICES,CROPS,US TOTAL,NATIONAL,,BU / ACRE,,99,US,UNITED STATES,TOTAL,,NOT SPECIFIED,YEAR,"SPRING, DURUM",,2020,,,US TOTAL,00,FIELD CROPS,00000000,,ANNUAL,ALL UTILIZATION PRACTICES,,WHEAT,2024-01-09 15:00:00.000,"WHEAT, SPRING, DURUM - YIELD, MEASURED IN BU / ACRE",
42.8,,9000,YIELD,,,SURVEY,00,ALL PRODUCTION PRACTICES,CROPS,US TOTAL,NATIONAL,,BU / ACRE,,99,US,UNITED STATES,TOTAL,,NOT SPECIFIED,YEAR - AUG FORECAST,"SPRING, DURUM",,2020,,,US TOTAL,00,FIELD CROPS,00000000,,ANNUAL,ALL UTILIZATION PRACTICES,,WHEAT,2020-08-12 12:04:12.000,"WHEAT, SPRING, DURUM - YIELD, MEASURED IN BU / ACRE",
38.5,,9000,YIELD,,,SURVEY,00,ALL PRODUCTION PRACTICES,CROPS,US TOTAL,NATIONAL,,BU / ACRE,,99,US,UNITED STATES,TOTAL,,NOT SPECIFIED,YEAR - JUL FORECAST,"SPRING, DURUM",,2020,,,US TOTAL,00,FIELD CROPS,00000000,,ANNUAL,ALL UTILIZATION PRACTICES,,WHEAT,2020-07-10 12:03:03.000,"WHEAT, SPRING, DURUM - YIELD, MEASURED IN BU / ACRE",
50.9,,9000,YIELD,,,SURVEY,00,ALL PRODUCTION PRACTICES,CROPS,US TOTAL,NATIONAL,,BU / ACRE,,99,US,UNITED STATES,TOTAL,,NOT SPECIFIED,YEAR,WINTER,,2020,,,US TOTAL,00,FIELD CROPS,00000000,,ANNUAL,ALL UTILIZATION PRACTICES,,WHEAT,2024-01-09 15:00:00.000,"WHEAT, WINTER - YIELD, MEASURED IN BU / ACRE",
51.1,,9000,YIELD,,,SURVEY,00,ALL PRODUCTION PRACTICES,CROPS,US TOTAL,NATIONAL,,BU / ACRE,,99,US,UNITED STATES,TOTAL,,NOT SPECIFIED,YEAR - AUG FORECAST,WINTER,,2020,,,US TOTAL,00,FIELD CROPS,00000000,,ANNUAL,ALL UTILIZATION PRACTICES,,WHEAT,2020-08-12 12:04:12.000,"WHEAT, WINTER - YIELD, MEASURED IN BU / ACRE",
52,,9000,YIELD,,,SURVEY,00,ALL PRODUCTION PRACTICES,CROPS,US TOTAL,NATIONAL,,BU / ACRE,,99,US,UNITED STATES,TOTAL,,NOT SPECIFIED,YEAR - JUL FORECAST,WINTER,,2020,,,US TOTAL,00,FIELD CROPS,00000000,,ANNUAL,ALL UTILIZATION PRACTICES,,WHEAT,2020-07-10 12:03:03.000,"WHEAT, WINTER - YIELD, MEASURED IN BU / ACRE",
52.1,,9000,YIELD,,,SURVEY,00,ALL PRODUCTION PRACTICES,CROPS,US TOTAL,NATIONAL,,BU / ACRE,,99,US,UNITED STATES,TOTAL,,NOT SPECIFIED,YEAR - JUN FORECAST,WINTER,,2020,,,US TOTAL,00,FIELD CROPS,00000000,,ANNUAL,ALL UTILIZATION PRACTICES,,WHEAT,2020-06-11 12:05:04.000,"WHEAT, WINTER - YIELD, MEASURED IN BU / ACRE",
51.7,,9000,YIELD,,,SURVEY,00,ALL PRODUCTION PRACTICES,CROPS,US TOTAL,NATIONAL,,BU / ACRE,,99,US,UNITED STATES,TOTAL,,NOT SPECIFIED,YEAR - MAY FORECAST,WINTER,,2020,,,US TOTAL,00,FIELD CROPS,00000000,,ANNUAL,ALL UTILIZATION PRACTICES,,WHEAT,2020-05-12 12:02:00.000,"WHEAT, WINTER - YIELD, MEASURED IN BU / ACRE",
44.3,,9000,YIELD,,,SURVEY,00,ALL PRODUCTION PRACTICES,CROPS,US TOTAL,NATIONAL,,BU / ACRE,,99,US,UNITED STATES,TOTAL,,NOT SPECIFIED,YEAR,ALL CLASSES,,2021,,,US TOTAL,00,FIELD CROPS,00000000,,ANNUAL,ALL UTILIZATION PRACTICES,,WHEAT,2024-01-09 15:00:00.000,"WHEAT - YIELD, MEASURED IN BU / ACRE",
44.5,,9000,YIELD,,,SURVEY,00,ALL PRODUCTION PRACTICES,CROPS,US TOTAL,NATIONAL,,BU / ACRE,,99,US,UNITED STATES,TOTAL,,NOT SPECIFIED,YEAR - AUG FORECAST,ALL CLASSES,,2021,,,US TOTAL,00,FIELD CROPS,00000000,,ANNUAL,ALL UTILIZATION PRACTICES,,WHEAT,2021-08-12 12:01:34.000,"WHEAT - YIELD, MEASURED IN BU / ACRE",
45.8,,9000,YIELD,,,SURVEY,00,ALL PRODUCTION PRACTICES,CROPS,US TOTAL,NATIONAL,,BU / ACRE,,99,US,UNITED STATES,TOTAL,,NOT SPECIFIED,YEAR - JUL FORECAST,ALL CLASSES,,2021,,,US TOTAL,00,FIELD CROPS,00000000,,ANNUAL,ALL UTILIZATION PRACTICES,,WHEAT,2021-07-12 12:00:27.000,"WHEAT - YIELD, MEASURED IN BU / ACRE",
32.6,,9000,YIELD,,,SURVEY,00,ALL PRODUCTION PRACTICES,CROPS,US TOTAL,NATIONAL,,BU / ACRE,,99,US,UNITED STATES,TOTAL,,NOT SPECIFIED,YEAR,"SPRING, (EXCL DURUM)",,2021,,,US TOTAL,00,FIELD CROPS,00000000,,ANNUAL,ALL UTILIZATION PRACTICES,,WHEAT,2024-01-09 15:00:00.000,"WHEAT, SPRING, (EXCL DURUM) - YIELD, MEASURED IN BU / ACRE",
30.6,,9000,YIELD,,,SURVEY,00,ALL PRODUCTION PRACTICES,CROPS,US TOTAL,NATIONAL,,BU / ACRE,,99,US,UNITED STATES,TOTAL,,NOT SPECIFIED,YEAR - AUG FORECAST,"SPRING, (EXCL DURUM)",,2021,,,US TOTAL,00,FIELD CROPS,00000000,,ANNUAL,ALL UTILIZATION PRACTICES,,WHEAT,2021-08-12 12:01:34.000,"WHEAT, SPRING, (EXCL DURUM) - YIELD, MEASURED IN BU / ACRE",
30.7,,9000,YIELD,,,SURVEY,00,ALL PRODUCTION PRACTICES,CROPS,US TOTAL,NATIONAL,,BU / ACRE,,99,US,UNITED STATES,TOTAL,,NOT SPECIFIED,YEAR - JUL FORECAST,"SPRING, (EXCL DURUM)",,2021,,,US TOTAL,00,FIELD CROPS,00000000,,ANNUAL,ALL UTILIZATION PRACTICES,,WHEAT,2021-07-12 12:00:27.000,"WHEAT, SPRING, (EXCL DURUM) - YIELD, MEASURED IN BU / ACRE",
24.7,,9000,YIELD,,,SURVEY,00,ALL PRODUCTION PRACTICES,CROPS,US TOTAL,NATIONAL,,BU / ACRE,,99,US,UNITED STATES,TOTAL,,NOT SPECIFIED,YEAR,"SPRING, DURUM",,2021,,,US TOTAL,00,FIELD CROPS,00000000,,ANNUAL,ALL UTILIZATION PRACTICES,,WHEAT,2024-01-09 15:00:00.000,"WHEAT, SPRING, DURUM - YIELD, MEASURED IN BU / ACRE",
24,,9000,YIELD,,,SURVEY,00,ALL PRODUCTION PRACTICES,CROPS,US TOTAL,NATIONAL,,BU / ACRE,,99,US,UNITED STATES,TOTAL,,NOT SPECIFIED,YEAR - AUG FORECAST,"SPRING, DURUM",,2021,,,US TOTAL,00,FIELD CROPS,00000000,,ANNUAL,ALL UTILIZATION PRACTICES,,WHEAT,2021-08-12 12:01:34.000,"WHEAT, SPRING, DURUM - YIELD, MEASURED IN BU / ACRE",
25.8,,9000,YIELD,,,SURVEY,00,ALL PRODUCTION PRACTICES,CROPS,US TOTAL,NATIONAL,,BU / ACRE,,99,US,UNITED STATES,TOTAL,,NOT SPECIFIED,YEAR - JUL FORECAST,"SPRING, DURUM",,2021,,,US TOTAL,00,FIELD CROPS,00000000,,ANNUAL,ALL UTILIZATION PRACTICES,,WHEAT,2021-07-12 12:00:27.000,"WHEAT, SPRING, DURUM - YIELD, MEASURED IN BU / ACRE",
50.2,,9000,YIELD,,,SURVEY,00,ALL PRODUCTION PRACTICES,CROPS,US TOTAL,NATIONAL,,BU / ACRE,,99,US,UNITED STATES,TOTAL,,NOT SPECIFIED,YEAR,WINTER,,2021,,,US TOTAL,00,FIELD CROPS,00000000,,ANNUAL,ALL UTILIZATION PRACTICES,,WHEAT,2024-01-09 15:00:00.000,"WHEAT, WINTER - YIELD, MEASURED IN BU / ACRE",
51.8,,9000,YIELD,,,SURVEY,00,ALL PRODUCTION PRACTICES,CROPS,US TOTAL,NATIONAL,,BU / ACRE,,99,US,UNITED STATES,TOTAL,,NOT SPECIFIED,YEAR - AUG FORECAST,WINTER,,2021,,,US TOTAL,00,FIELD CROPS,00000000,,ANNUAL,ALL UTILIZATION PRACTICES,,WHEAT,2021-08-12 12:01:34.000,"WHEAT, WINTER - YIELD, MEASURED IN BU / ACRE",
53.6,,9000,YIELD,,,SURVEY,00,ALL PRODUCTION PRACTICES,CROPS,US TOTAL,NATIONAL,,BU / ACRE,,99,US,UNITED STATES,TOTAL,,NOT SPECIFIED,YEAR - JUL FORECAST,WINTER,,2021,,,US TOTAL,00,FIELD CROPS,00000000,,ANNUAL,ALL UTILIZATION PRACTICES,,WHEAT,2021-07-12 12:00:27.000,"WHEAT, WINTER - YIELD, MEASURED IN BU / ACRE",
53.2,,9000,YIELD,,,SURVEY,00,ALL PRODUCTION PRACTICES,CROPS,US TOTAL,NATIONAL,,BU / ACRE,,99,US,UNITED STATES,TOTAL,,NOT SPECIFIED,YEAR - JUN FORECAST,WINTER,,2021,,,US TOTAL,00,FIELD CROPS,00000000,,ANNUAL,ALL UTILIZATION PRACTICES,,WHEAT,2021-06-10 12:01:10.000,"WHEAT, WINTER - YIELD, MEASURED IN BU / ACRE",
52.1,,9000,YIELD,,,SURVEY,00,ALL PRODUCTION PRACTICES,CROPS,US TOTAL,NATIONAL,,BU / ACRE,,99,US,UNITED STATES,TOTAL,,NOT SPECIFIED,YEAR - MAY FORECAST,WINTER,,2021,,,US TOTAL,00,FIELD CROPS,00000000,,ANNUAL,ALL UTILIZATION PRACTICES,,WHEAT,2021-05-12 12:01:31.000,"WHEAT, WINTER - YIELD, MEASURED IN BU / ACRE",
46.5,,9000,YIELD,,,SURVEY,00,ALL PRODUCTION PRACTICES,CROPS,US TOTAL,NATIONAL,,BU / ACRE,,99,US,UNITED STATES,TOTAL,,NOT SPECIFIED,YEAR,ALL CLASSES,,2022,,,US TOTAL,00,FIELD CROPS,00000000,,ANNUAL,ALL UTILIZATION PRACTICES,,WHEAT,2024-01-09 15:00:00.000,"WHEAT - YIELD, MEASURED IN BU / ACRE",
47.5,,9000,YIELD,,,SURVEY,00,ALL PRODUCTION PRACTICES,CROPS,US TOTAL,NATIONAL,,BU / ACRE,,99,US,UNITED STATES,TOTAL,,NOT SPECIFIED,YEAR - AUG FORECAST,ALL CLASSES,,2022,,,US TOTAL,00,FIELD CROPS,00000000,,ANNUAL,ALL UTILIZATION PRACTICES,,WHEAT,2022-08-12 12:00:52.000,"WHEAT - YIELD, MEASURED IN BU / ACRE",
47.3,,9000,YIELD,,,SURVEY,00,ALL PRODUCTION PRACTICES,CROPS,US TOTAL,NATIONAL,,BU / ACRE,,99,US,UNITED STATES,TOTAL,,NOT SPECIFIED,YEAR - JUL FORECAST,ALL CLASSES,,2022,,,US TOTAL,00,FIELD CROPS,00000000,,ANNUAL,ALL UTILIZATION PRACTICES,,WHEAT,2022-07-12 12:00:38.000,"WHEAT - YIELD, MEASURED IN BU / ACRE",
46.2,,9000,YIELD,,,SURVEY,00,ALL PRODUCTION PRACTICES,CROPS,US TOTAL,NATIONAL,,BU / ACRE,,99,US,UNITED STATES,TOTAL,,NOT SPECIFIED,YEAR,"SPRING, (EXCL DURUM)",,2022,,,US TOTAL,00,FIELD CROPS,00000000,,ANNUAL,ALL UTILIZATION PRACTICES,,WHEAT,2024-01-09 15:00:00.000,"WHEAT, SPRING, (EXCL DURUM) - YIELD, MEASURED IN BU / ACRE",
47.8,,9000,YIELD,,,SURVEY,00,ALL PRODUCTION PRACTICES,CROPS,US TOTAL,NATIONAL,,BU / ACRE,,99,US,UNITED STATES,TOTAL,,NOT SPECIFIED,YEAR - AUG FORECAST,"SPRING, (EXCL DURUM)",,2022,,,US TOTAL,00,FIELD CROPS,00000000,,ANNUAL,ALL UTILIZATION PRACTICES,,WHEAT,2022-08-12 12:00:52.000,"WHEAT, SPRING, (EXCL DURUM) - YIELD, MEASURED IN BU / ACRE",
47,,9000,YIELD,,,SURVEY,00,ALL PRODUCTION PRACTICES,CROPS,US TOTAL,NATIONAL,,BU / ACRE,,99,US,UNITED STATES,TOTAL,,NOT SPECIFIED,YEAR - JUL FORECAST,"SPRING, (EXCL DURUM)",,2022,,,US TOTAL,00,FIELD CROPS,00000000,,ANNUAL,ALL UTILIZATION PRACTICES,,WHEAT,2022-07-12 12:00:38.000,"WHEAT, SPRING, (EXCL DURUM) - YIELD, MEASURED IN BU / ACRE",
40.5,,9000,YIELD,,,SURVEY,00,ALL PRODUCTION PRACTICES,CROPS,US TOTAL,NATIONAL,,BU / ACRE,,99,US,UNITED STATES,TOTAL,,NOT SPECIFIED,YEAR,"SPRING, DURUM",,2022,,,US TOTAL,00,FIELD CROPS,00000000,,ANNUAL,ALL UTILIZATION PRACTICES,,WHEAT,2024-01-09 15:00:00.000,"WHEAT, SPRING, DURUM - YIELD, MEASURED IN BU / ACRE",
40.4,,9000,YIELD,,,SURVEY,00,ALL PRODUCTION PRACTICES,CROPS,US TOTAL,NATIONAL,,BU / ACRE,,99,US,UNITED STATES,TOTAL,,NOT SPECIFIED,YEAR - AUG FORECAST,"SPRING, DURUM",,2022,,,US TOTAL,00,FIELD CROPS,00000000,,ANNUAL,ALL UTILIZATION PRACTICES,,WHEAT,2022-08-12 12:00:52.000,"WHEAT, SPRING, DURUM - YIELD, MEASURED IN BU / ACRE",
40.3,,9000,YIELD,,,SURVEY,00,ALL PRODUCTION PRACTICES,CROPS,US TOTAL,NATIONAL,,BU / ACRE,,99,US,UNITED STATES,TOTAL,,NOT SPECIFIED,YEAR - JUL FORECAST,"SPRING, DURUM",,2022,,,US TOTAL,00,FIELD CROPS,00000000,,ANNUAL,ALL UTILIZATION PRACTICES,,WHEAT,2022-07-12 12:00:38.000,"WHEAT, SPRING, DURUM - YIELD, MEASURED IN BU / ACRE",
47,,9000,YIELD,,,SURVEY,00,ALL PRODUCTION PRACTICES,CROPS,US TOTAL,NATIONAL,,BU / ACRE,,99,US,UNITED STATES,TOTAL,,NOT SPECIFIED,YEAR,WINTER,,2022,,,US TOTAL,00,FIELD CROPS,00000000,,ANNUAL,ALL UTILIZATION PRACTICES,,WHEAT,2024-01-09 15:00:00.000,"WHEAT, WINTER - YIELD, MEASURED IN BU / ACRE",
47.9,,9000,YIELD,,,SURVEY,00,ALL PRODUCTION PRACTICES,CROPS,US TOTAL,NATIONAL,,BU / ACRE,,99,US,UNITED STATES,TOTAL,,NOT SPECIFIED,YEAR - AUG FORECAST,WINTER,,2022,,,US TOTAL,00,FIELD CROPS,00000000,,ANNUAL,ALL UTILIZATION PRACTICES,,WHEAT,2022-08-12 12:00:52.000,"WHEAT, WINTER - YIELD, MEASURED IN BU / ACRE",
48,,9000,YIELD,,,SURVEY,00,ALL PRODUCTION PRACTICES,CROPS,US TOTAL,NATIONAL,,BU / ACRE,,99,US,UNITED STATES,TOTAL,,NOT SPECIFIED,YEAR - JUL FORECAST,WINTER,,2022,,,US TOTAL,00,FIELD CROPS,00000000,,ANNUAL,ALL UTILIZATION PRACTICES,,WHEAT,2022-07-12 12:00:38.000,"WHEAT, WINTER - YIELD, MEASURED IN BU / ACRE",
48.2,,9000,YIELD,,,SURVEY,00,ALL PRODUCTION PRACTICES,CROPS,US TOTAL,NATIONAL,,BU / ACRE,,99,US,UNITED STATES,TOTAL,,NOT SPECIFIED,YEAR - JUN FORECAST,WINTER,,2022,,,US TOTAL,00,FIELD CROPS,00000000,,ANNUAL,ALL UTILIZATION PRACTICES,,WHEAT,2022-06-10 12:01:13.000,"WHEAT, WINTER - YIELD, MEASURED IN BU / ACRE",
47.9,,9000,YIELD,,,SURVEY,00,ALL PRODUCTION PRACTICES,CROPS,US TOTAL,NATIONAL,,BU / ACRE,,99,US,UNITED STATES,TOTAL,,NOT SPECIFIED,YEAR - MAY FORECAST,WINTER,,2022,,,US TOTAL,00,FIELD CROPS,00000000,,ANNUAL,ALL UTILIZATION PRACTICES,,WHEAT,2022-05-12 12:00:26.000,"WHEAT, WINTER - YIELD, MEASURED IN BU / ACRE",
48.7,,9000,YIELD,,,SURVEY,00,ALL PRODUCTION PRACTICES,CROPS,US TOTAL,NATIONAL,,BU / ACRE,,99,US,UNITED STATES,TOTAL,,NOT SPECIFIED,YEAR,ALL CLASSES,,2023,,,US TOTAL,00,FIELD CROPS,00000000,,ANNUAL,ALL UTILIZATION PRACTICES,,WHEAT,2024-09-30 12:00:00.000,"WHEAT - YIELD, MEASURED IN BU / ACRE",
45.8,,9000,YIELD,,,SURVEY,00,ALL PRODUCTION PRACTICES,CROPS,US TOTAL,NATIONAL,,BU / ACRE,,99,US,UNITED STATES,TOTAL,,NOT SPECIFIED,YEAR - AUG FORECAST,ALL CLASSES,,2023,,,US TOTAL,00,FIELD CROPS,00000000,,ANNUAL,ALL UTILIZATION PRACTICES,,WHEAT,2023-08-11 12:00:00.000,"WHEAT - YIELD, MEASURED IN BU / ACRE",
46.1,,9000,YIELD,,,SURVEY,00,ALL PRODUCTION PRACTICES,CROPS,US TOTAL,NATIONAL,,BU / ACRE,,99,US,UNITED STATES,TOTAL,,NOT SPECIFIED,YEAR - JUL FORECAST,ALL CLASSES,,2023,,,US TOTAL,00,FIELD CROPS,00000000,,ANNUAL,ALL UTILIZATION PRACTICES,,WHEAT,2023-07-12 12:00:00.000,"WHEAT - YIELD, MEASURED IN BU / ACRE",
46,,9000,YIELD,,,SURVEY,00,ALL PRODUCTION PRACTICES,CROPS,US TOTAL,NATIONAL,,BU / ACRE,,99,US,UNITED STATES,TOTAL,,NOT SPECIFIED,YEAR,"SPRING, (EXCL DURUM)",,2023,,,US TOTAL,00,FIELD CROPS,00000000,,ANNUAL,ALL UTILIZATION PRACTICES,,WHEAT,2024-09-30 12:00:00.000,"WHEAT, SPRING, (EXCL DURUM) - YIELD, MEASURED IN BU / ACRE",
41.8,,9000,YIELD,,,SURVEY,00,ALL PRODUCTION PRACTICES,CROPS,US TOTAL,NATIONAL,,BU / ACRE,,99,US,UNITED STATES,TOTAL,,NOT SPECIFIED,YEAR - AUG FORECAST,"SPRING, (EXCL DURUM)",,2023,,,US TOTAL,00,FIELD CROPS,00000000,,ANNUAL,ALL UTILIZATION PRACTICES,,WHEAT,2023-08-11 12:00:00.000,"WHEAT, SPRING, (EXCL DURUM) - YIELD, MEASURED IN BU / ACRE",
45.2,,9000,YIELD,,,SURVEY,00,ALL PRODUCTION PRACTICES,CROPS,US TOTAL,NATIONAL,,BU / ACRE,,99,US,UNITED STATES,TOTAL,,NOT SPECIFIED,YEAR - JUL FORECAST,"SPRING, (EXCL DURUM)",,2023,,,US TOTAL,00,FIELD CROPS,00000000,,ANNUAL,ALL UTILIZATION PRACTICES,,WHEAT,2023-07-12 12:00:00.000,"WHEAT, SPRING, (EXCL DURUM) - YIELD, MEASURED IN BU / ACRE",
37,,9000,YIELD,,,SURVEY,00,ALL PRODUCTION PRACTICES,CROPS,US TOTAL,NATIONAL,,BU / ACRE,,99,US,UNITED STATES,TOTAL,,NOT SPECIFIED,YEAR,"SPRING, DURUM",,2023,,,US TOTAL,00,FIELD CROPS,00000000,,ANNUAL,ALL UTILIZATION PRACTICES,,WHEAT,2024-09-30 12:00:00.000,"WHEAT, SPRING, DURUM - YIELD, MEASURED IN BU / ACRE",
35.5,,9000,YIELD,,,SURVEY,00,ALL PRODUCTION PRACTICES,CROPS,US TOTAL,NATIONAL,,BU / ACRE,,99,US,UNITED STATES,TOTAL,,NOT SPECIFIED,YEAR - AUG FORECAST,"SPRING, DURUM",,2023,,,US TOTAL,00,FIELD CROPS,00000000,,ANNUAL,ALL UTILIZATION PRACTICES,,WHEAT,2023-08-11 12:00:00.000,"WHEAT, SPRING, DURUM - YIELD, MEASURED IN BU / ACRE",
37.9,,9000,YIELD,,,SURVEY,00,ALL PRODUCTION PRACTICES,CROPS,US TOTAL,NATIONAL,,BU / ACRE,,99,US,UNITED STATES,TOTAL,,NOT SPECIFIED,YEAR - JUL FORECAST,"SPRING, DURUM",,2023,,,US TOTAL,00,FIELD CROPS,00000000,,ANNUAL,ALL UTILIZATION PRACTICES,,WHEAT,2023-07-12 12:00:00.000,"WHEAT, SPRING, DURUM - YIELD, MEASURED IN BU / ACRE",
50.6,,9000,YIELD,,,SURVEY,00,ALL PRODUCTION PRACTICES,CROPS,US TOTAL,NATIONAL,,BU / ACRE,,99,US,UNITED STATES,TOTAL,,NOT SPECIFIED,YEAR,WINTER,,2023,,,US TOTAL,00,FIELD CROPS,00000000,,ANNUAL,ALL UTILIZATION PRACTICES,,WHEAT,2024-09-30 12:00:00.000,"WHEAT, WINTER - YIELD, MEASURED IN BU / ACRE",
48.1,,9000,YIELD,,,SURVEY,00,ALL PRODUCTION PRACTICES,CROPS,US TOTAL,NATIONAL,,BU / ACRE,,99,US,UNITED STATES,TOTAL,,NOT SPECIFIED,YEAR - AUG FORECAST,WINTER,,2023,,,US TOTAL,00,FIELD CROPS,00000000,,ANNUAL,ALL UTILIZATION PRACTICES,,WHEAT,2023-08-11 12:00:00.000,"WHEAT, WINTER - YIELD, MEASURED IN BU / ACRE",
46.9,,9000,YIELD,,,SURVEY,00,ALL PRODUCTION PRACTICES,CROPS,US TOTAL,NATIONAL,,BU / ACRE,,99,US,UNITED STATES,TOTAL,,NOT SPECIFIED,YEAR - JUL FORECAST,WINTER,,2023,,,US TOTAL,00,FIELD CROPS,00000000,,ANNUAL,ALL UTILIZATION PRACTICES,,WHEAT,2023-07-12 12:00:00.000,"WHEAT, WINTER - YIELD, MEASURED IN BU / ACRE",
44.9,,9000,YIELD,,,SURVEY,00,ALL PRODUCTION PRACTICES,CROPS,US TOTAL,NATIONAL,,BU / ACRE,,99,US,UNITED STATES,TOTAL,,NOT SPECIFIED,YEAR - JUN FORECAST,WINTER,,2023,,,US TOTAL,00,FIELD CROPS,00000000,,ANNUAL,ALL UTILIZATION PRACTICES,,WHEAT,2023-06-09 12:00:00.000,"WHEAT, WINTER - YIELD, MEASURED IN BU / ACRE",
44.7,,9000,YIELD,,,SURVEY,00,ALL PRODUCTION PRACTICES,CROPS,US TOTAL,NATIONAL,,BU / ACRE,,99,US,UNITED STATES,TOTAL,,NOT SPECIFIED,YEAR - MAY FORECAST,WINTER,,2023,,,US TOTAL,00,FIELD CROPS,00000000,,ANNUAL,ALL UTILIZATION PRACTICES,,WHEAT,2023-05-12 12:00:00.000,"WHEAT, WINTER - YIELD, MEASURED IN BU / ACRE",
71.4,,9000,YIELD,,,CENSUS,00,"IRRIGATED, ENTIRE CROP",CROPS,US TOTAL,NATIONAL,,BU / ACRE,,99,US,UNITED STATES,TOTAL,,NOT SPECIFIED,YEAR,ALL CLASSES,,2002,,,US TOTAL,00,FIELD CROPS,00000000,,ANNUAL,ALL UTILIZATION PRACTICES,,WHEAT,2012-01-01 00:00:00.000,"WHEAT, IRRIGATED, ENTIRE CROP - YIELD, MEASURED IN BU / ACRE",
32.8,,9000,YIELD,,,CENSUS,00,"IRRIGATED, NONE OF CROP",CROPS,US TOTAL,NATIONAL,,BU / ACRE,,99,US,UNITED STATES,TOTAL,,NOT SPECIFIED,YEAR,ALL CLASSES,,2002,,,US TOTAL,00,FIELD CROPS,00000000,,ANNUAL,ALL UTILIZATION PRACTICES,,WHEAT,2012-01-01 00:00:00.000,"WHEAT, IRRIGATED, NONE OF CROP - YIELD, MEASURED IN BU / ACRE",
34.7,,9000,YIELD,,,CENSUS,00,"IRRIGATED, PART OF CROP",CROPS,US TOTAL,NATIONAL,,BU / ACRE,,99,US,UNITED STATES,TOTAL,,NOT SPECIFIED,YEAR,ALL CLASSES,,2002,,,US TOTAL,00,FIELD CROPS,00000000,,ANNUAL,ALL UTILIZATION PRACTICES,,WHEAT,2012-01-01 00:00:00.000,"WHEAT, IRRIGATED, PART OF CROP - YIELD, MEASURED IN BU / ACRE",
82.6,,9000,YIELD,,,CENSUS,00,"IRRIGATED, ENTIRE CROP",CROPS,US TOTAL,NATIONAL,,BU / ACRE,,99,US,UNITED STATES,TOTAL,,NOT SPECIFIED,YEAR,"SPRING, (EXCL DURUM)",,2002,,,US TOTAL,00,FIELD CROPS,00000000,,ANNUAL,ALL UTILIZATION PRACTICES,,WHEAT,2012-01-01 00:00:00.000,"WHEAT, SPRING, (EXCL DURUM), IRRIGATED, ENTIRE CROP - YIELD, MEASURED IN BU / ACRE",
27.2,,9000,YIELD,,,CENSUS,00,"IRRIGATED, NONE OF CROP",CROPS,US TOTAL,NATIONAL,,BU / ACRE,,99,US,UNITED STATES,TOTAL,,NOT SPECIFIED,YEAR,"SPRING, (EXCL DURUM)",,2002,,,US TOTAL,00,FIELD CROPS,00000000,,ANNUAL,ALL UTILIZATION PRACTICES,,WHEAT,2012-01-01 00:00:00.000,"WHEAT, SPRING, (EXCL DURUM), IRRIGATED, NONE OF CROP - YIELD, MEASURED IN BU / ACRE",
34.3,,9000,YIELD,,,CENSUS,00,"IRRIGATED, PART OF CROP",CROPS,US TOTAL,NATIONAL,,BU / ACRE,,99,US,UNITED STATES,TOTAL,,NOT SPECIFIED,YEAR,"SPRING, (EXCL DURUM)",,2002,,,US TOTAL,00,FIELD CROPS,00000000,,ANNUAL,ALL UTILIZATION PRACTICES,,WHEAT,2012-01-01 00:00:00.000,"WHEAT, SPRING, (EXCL DURUM), IRRIGATED, PART OF CROP - YIELD, MEASURED IN BU / ACRE",
95.6,,9000,YIELD,,,CENSUS,00,"IRRIGATED, ENTIRE CROP",CROPS,US TOTAL,NATIONAL,,BU / ACRE,,99,US,UNITED STATES,TOTAL,,NOT SPECIFIED,YEAR,"SPRING, DURUM",,2002,,,US TOTAL,00,FIELD CROPS,00000000,,ANNUAL,ALL UTILIZATION PRACTICES,,WHEAT,2012-01-01 00:00:00.000,"WHEAT, SPRING, DURUM, IRRIGATED, ENTIRE CROP - YIELD, MEASURED IN BU / ACRE",
24.5,,9000,YIELD,,,CENSUS,00,"IRRIGATED, NONE OF CROP",CROPS,US TOTAL,NATIONAL,,BU / ACRE,,99,US,UNITED STATES,TOTAL,,NOT SPECIFIED,YEAR,"SPRING, DURUM",,2002,,,US TOTAL,00,FIELD CROPS,00000000,,ANNUAL,ALL UTILIZATION PRACTICES,,WHEAT,2012-01-01 00:00:00.000,"WHEAT, SPRING, DURUM, IRRIGATED, NONE OF CROP - YIELD, MEASURED IN BU / ACRE",
28.5,,9000,YIELD,,,CENSUS,00,"IRRIGATED, PART OF CROP",CROPS,US TOTAL,NATIONAL,,BU / ACRE,,99,US,UNITED STATES,TOTAL,,NOT SPECIFIED,YEAR,"SPRING, DURUM",,2002,,,US TOTAL,00,FIELD CROPS,00000000,,ANNUAL,ALL UTILIZATION PRACTICES,,WHEAT,2012-01-01 00:00:00.000,"WHEAT, SPRING, DURUM, IRRIGATED, PART OF CROP - YIELD, MEASURED IN BU / ACRE",
65.2,,9000,YIELD,,,CENSUS,00,"IRRIGATED, ENTIRE CROP",CROPS,US TOTAL,NATIONAL,,BU / ACRE,,99,US,UNITED STATES,TOTAL,,NOT SPECIFIED,YEAR,WINTER,,2002,,,US TOTAL,00,FIELD CROPS,00000000,,ANNUAL,ALL UTILIZATION PRACTICES,,WHEAT,2012-01-01 00:00:00.000,"WHEAT, WINTER, IRRIGATED, ENTIRE CROP - YIELD, MEASURED IN BU / ACRE",
36.4,,9000,YIELD,,,CENSUS,00,"IRRIGATED, NONE OF CROP",CROPS,US TOTAL,NATIONAL,,BU / ACRE,,99,US,UNITED STATES,TOTAL,,NOT SPECIFIED,YEAR,WINTER,,2002,,,US TOTAL,00,FIELD CROPS,00000000,,ANNUAL,ALL UTILIZATION PRACTICES,,WHEAT,2012-01-01 00:00:00.000,"WHEAT, WINTER, IRRIGATED, NONE OF CROP - YIELD, MEASURED IN BU / ACRE",
34.4,,9000,YIELD,,,CENSUS,00,"IRRIGATED, PART OF CROP",CROPS,US TOTAL,NATIONAL,,BU / ACRE,,99,US,UNITED STATES,TOTAL,,NOT SPECIFIED,YEAR,WINTER,,2002,,,US TOTAL,00,FIELD CROPS,00000000,,ANNUAL,ALL UTILIZATION PRACTICES,,WHEAT,2012-01-01 00:00:00.000,"WHEAT, WINTER, IRRIGATED, PART OF CROP - YIELD, MEASURED IN BU / ACRE",
80.3,,9000,YIELD,,,CENSUS,00,"IRRIGATED, ENTIRE CROP",CROPS,US TOTAL,NATIONAL,,BU / ACRE,,99,US,UNITED STATES,TOTAL,,NOT SPECIFIED,YEAR,ALL CLASSES,,2007,,,US TOTAL,00,FIELD CROPS,00000000,,ANNUAL,ALL UTILIZATION PRACTICES,,WHEAT,2012-01-01 00:00:00.000,"WHEAT, IRRIGATED, ENTIRE CROP - YIELD, MEASURED IN BU / ACRE",
37,,9000,YIELD,,,CENSUS,00,"IRRIGATED, NONE OF CROP",CROPS,US TOTAL,NATIONAL,,BU / ACRE,,99,US,UNITED STATES,TOTAL,,NOT SPECIFIED,YEAR,ALL CLASSES,,2007,,,US TOTAL,00,FIELD CROPS,00000000,,ANNUAL,ALL UTILIZATION PRACTICES,,WHEAT,2012-01-01 00:00:00.000,"WHEAT, IRRIGATED, NONE OF CROP - YIELD, MEASURED IN BU / ACRE",
42.7,,9000,YIELD,,,CENSUS,00,"IRRIGATED, PART OF CROP",CROPS,US TOTAL,NATIONAL,,BU / ACRE,,99,US,UNITED STATES,TOTAL,,NOT SPECIFIED,YEAR,ALL CLASSES,,2007,,,US TOTAL,00,FIELD CROPS,00000000,,ANNUAL,ALL UTILIZATION PRACTICES,,WHEAT,2012-01-01 00:00:00.000,"WHEAT, IRRIGATED, PART OF CROP - YIELD, MEASURED IN BU / ACRE",
87.2,,9000,YIELD,,,CENSUS,00,"IRRIGATED, ENTIRE CROP",CROPS,US TOTAL,NATIONAL,,BU / ACRE,,99,US,UNITED STATES,TOTAL,,NOT SPECIFIED,YEAR,"SPRING, (EXCL DURUM)",,2007,,,US TOTAL,00,FIELD CROPS,00000000,,ANNUAL,ALL UTILIZATION PRACTICES,,WHEAT,2012-01-01 00:00:00.000,"WHEAT, SPRING, (EXCL DURUM), IRRIGATED, ENTIRE CROP - YIELD, MEASURED IN BU / ACRE",
34.9,,9000,YIELD,,,CENSUS,00,"IRRIGATED, NONE OF CROP",CROPS,US TOTAL,NATIONAL,,BU / ACRE,,99,US,UNITED STATES,TOTAL,,NOT SPECIFIED,YEAR,"SPRING, (EXCL DURUM)",,2007,,,US TOTAL,00,FIELD CROPS,00000000,,ANNUAL,ALL UTILIZATION PRACTICES,,WHEAT,2012-01-01 00:00:00.000,"WHEAT, SPRING, (EXCL DURUM), IRRIGATED, NONE OF CROP - YIELD, MEASURED IN BU / ACRE",
34.8,,9000,YIELD,,,CENSUS,00,"IRRIGATED, PART OF CROP",CROPS,US TOTAL,NATIONAL,,BU / ACRE,,99,US,UNITED STATES,TOTAL,,NOT SPECIFIED,YEAR,"SPRING, (EXCL DURUM)",,2007,,,US TOTAL,00,FIELD CROPS,00000000,,ANNUAL,ALL UTILIZATION PRACTICES,,WHEAT,2012-01-01 00:00:00.000,"WHEAT, SPRING, (EXCL DURUM), IRRIGATED, PART OF CROP - YIELD, MEASURED IN BU / ACRE",
99,,9000,YIELD,,,CENSUS,00,"IRRIGATED, ENTIRE CROP",CROPS,US TOTAL,NATIONAL,,BU / ACRE,,99,US,UNITED STATES,TOTAL,,NOT SPECIFIED,YEAR,"SPRING, DURUM",,2007,,,US TOTAL,00,FIELD CROPS,00000000,,ANNUAL,ALL UTILIZATION PRACTICES,,WHEAT,2012-01-01 00:00:00.000,"WHEAT, SPRING, DURUM, IRRIGATED, ENTIRE CROP - YIELD, MEASURED IN BU / ACRE",
28.1,,9000,YIELD,,,CENSUS,00,"IRRIGATED, NONE OF CROP",CROPS,US TOTAL,NATIONAL,,BU / ACRE,,99,US,UNITED STATES,TOTAL,,NOT SPECIFIED,YEAR,"SPRING, DURUM",,2007,,,US TOTAL,00,FIELD CROPS,00000000,,ANNUAL,ALL UTILIZATION PRACTICES,,WHEAT,2012-01-01 00:00:00.000,"WHEAT, SPRING, DURUM, IRRIGATED, NONE OF CROP - YIELD, MEASURED IN BU / ACRE",
30.9,,9000,YIELD,,,CENSUS,00,"IRRIGATED, PART OF CROP",CROPS,US TOTAL,NATIONAL,,BU / ACRE,,99,US,UNITED STATES,TOTAL,,NOT SPECIFIED,YEAR,"SPRING, DURUM",,2007,,,US TOTAL,00,FIELD CROPS,00000000,,ANNUAL,ALL UTILIZATION PRACTICES,,WHEAT,2012-01-01 00:00:00.000,"WHEAT, SPRING, DURUM, IRRIGATED, PART OF CROP - YIELD, MEASURED IN BU / ACRE",
74.9,,9000,YIELD,,,CENSUS,00,"IRRIGATED, ENTIRE CROP",CROPS,US TOTAL,NATIONAL,,BU / ACRE,,99,US,UNITED STATES,TOTAL,,NOT SPECIFIED,YEAR,WINTER,,2007,,,US TOTAL,00,FIELD CROPS,00000000,,ANNUAL,ALL UTILIZATION PRACTICES,,WHEAT,2012-01-01 00:00:00.000,"WHEAT, WINTER, IRRIGATED, ENTIRE CROP - YIELD, MEASURED IN BU / ACRE",
38.5,,9000,YIELD,,,CENSUS,00,"IRRIGATED, NONE OF CROP",CROPS,US TOTAL,NATIONAL,,BU / ACRE,,99,US,UNITED STATES,TOTAL,,NOT SPECIFIED,YEAR,WINTER,,2007,,,US TOTAL,00,FIELD CROPS,00000000,,ANNUAL,ALL UTILIZATION PRACTICES,,WHEAT,2012-01-01 00:00:00.000,"WHEAT, WINTER, IRRIGATED, NONE OF CROP - YIELD, MEASURED IN BU / ACRE",
43.3,,9000,YIELD,,,CENSUS,00,"IRRIGATED, PART OF CROP",CROPS,US TOTAL,NATIONAL,,BU / ACRE,,99,US,UNITED STATES,TOTAL,,NOT SPECIFIED,YEAR,WINTER,,2007,,,US TOTAL,00,FIELD CROPS,00000000,,ANNUAL,ALL UTILIZATION PRACTICES,,WHEAT,2012-01-01 00:00:00.000,"WHEAT, WINTER, IRRIGATED, PART OF CROP - YIELD, MEASURED IN BU / ACRE",
81.8,,9000,YIELD,,,CENSUS,00,"IRRIGATED, ENTIRE CROP",CROPS,US TOTAL,NATIONAL,,BU / ACRE,,99,US,UNITED STATES,TOTAL,,NOT SPECIFIED,YEAR,ALL CLASSES,,2012,,,US TOTAL,00,FIELD CROPS,00000000,,ANNUAL,ALL UTILIZATION PRACTICES,,WHEAT,2012-12-31 00:00:00.000,"WHEAT, IRRIGATED, ENTIRE CROP - YIELD, MEASURED IN BU / ACRE",2.9
42.9,,9000,YIELD,,,CENSUS,00,"IRRIGATED, NONE OF CROP",CROPS,US TOTAL,NATIONAL,,BU / ACRE,,99,US,UNITED STATES,TOTAL,,NOT SPECIFIED,YEAR,ALL CLASSES,,2012,,,US TOTAL,00,FIELD CROPS,00000000,,ANNUAL,ALL UTILIZATION PRACTICES,,WHEAT,2012-12-31 00:00:00.000,"WHEAT, IRRIGATED, NONE OF CROP - YIELD, MEASURED IN BU / ACRE",(L)
43,,9000,YIELD,,,CENSUS,00,"IRRIGATED, PART OF CROP",CROPS,US TOTAL,NATIONAL,,BU / ACRE,,99,US,UNITED STATES,TOTAL,,NOT SPECIFIED,YEAR,ALL CLASSES,,2012,,,US TOTAL,00,FIELD CROPS,00000000,,ANNUAL,ALL UTILIZATION PRACTICES,,WHEAT,2012-12-31 00:00:00.000,"WHEAT, IRRIGATED, PART OF CROP - YIELD, MEASURED IN BU / ACRE",3.5
89.1,,9000,YIELD,,,CENSUS,00,"IRRIGATED, ENTIRE CROP",CROPS,US TOTAL,NATIONAL,,BU / ACRE,,99,US,UNITED STATES,TOTAL,,NOT SPECIFIED,YEAR,"SPRING, (EXCL DURUM)",,2012,,,US TOTAL,00,FIELD CROPS,00000000,,ANNUAL,ALL UTILIZATION PRACTICES,,WHEAT,2012-12-31 00:00:00.000,"WHEAT, SPRING, (EXCL DURUM), IRRIGATED, ENTIRE CROP - YIELD, MEASURED IN BU / ACRE",0.5
40.8,,9000,YIELD,,,CENSUS,00,"IRRIGATED, NONE OF CROP",CROPS,US TOTAL,NATIONAL,,BU / ACRE,,99,US,UNITED STATES,TOTAL,,NOT SPECIFIED,YEAR,"SPRING, (EXCL DURUM)",,2012,,,US TOTAL,00,FIELD CROPS,00000000,,ANNUAL,ALL UTILIZATION PRACTICES,,WHEAT,2012-12-31 00:00:00.000,"WHEAT, SPRING, (EXCL DURUM), IRRIGATED, NONE OF CROP - YIELD, MEASURED IN BU / ACRE",(L)
43,,9000,YIELD,,,CENSUS,00,"IRRIGATED, PART OF CROP",CROPS,US TOTAL,NATIONAL,,BU / ACRE,,99,US,UNITED STATES,TOTAL,,NOT SPECIFIED,YEAR,"SPRING, (EXCL DURUM)",,2012,,,US TOTAL,00,FIELD CROPS,00000000,,ANNUAL,ALL UTILIZATION PRACTICES,,WHEAT,2012-12-31 00:00:00.000,"WHEAT, SPRING, (EXCL DURUM), IRRIGATED, PART OF CROP - YIELD, MEASURED IN BU / ACRE",1.6
96,,9000,YIELD,,,CENSUS,00,"IRRIGATED, ENTIRE CROP",CROPS,US TOTAL,NATIONAL,,BU / ACRE,,99,US,UNITED STATES,TOTAL,,NOT SPECIFIED,YEAR,"SPRING, DURUM",,2012,,,US TOTAL,00,FIELD CROPS,00000000,,ANNUAL,ALL UTILIZATION PRACTICES,,WHEAT,2012-12-31 00:00:00.000,"WHEAT, SPRING, DURUM, IRRIGATED, ENTIRE CROP - YIELD, MEASURED IN BU / ACRE",1.2
32.9,,9000,YIELD,,,CENSUS,00,"IRRIGATED, NONE OF CROP",CROPS,US TOTAL,NATIONAL,,BU / ACRE,,99,US,UNITED STATES,TOTAL,,NOT SPECIFIED,YEAR,"SPRING, DURUM",,2012,,,US TOTAL,00,FIELD CROPS,00000000,,ANNUAL,ALL UTILIZATION PRACTICES,,WHEAT,2012-12-31 00:00:00.000,"WHEAT, SPRING, DURUM, IRRIGATED, NONE OF CROP - YIELD, MEASURED IN BU / ACRE",(L)
36.6,,9000,YIELD,,,CENSUS,00,"IRRIGATED, PART OF CROP",CROPS,US TOTAL,NATIONAL,,BU / ACRE,,99,US,UNITED STATES,TOTAL,,NOT SPECIFIED,YEAR,"SPRING, DURUM",,2012,,,US TOTAL,00,FIELD CROPS,00000000,,ANNUAL,ALL UTILIZATION PRACTICES,,WHEAT,2012-12-31 00:00:00.000,"WHEAT, SPRING, DURUM, IRRIGATED, PART OF CROP - YIELD, MEASURED IN BU / ACRE",1.2
76.8,,9000,YIELD,,,CENSUS,00,"IRRIGATED, ENTIRE CROP",CROPS,US TOTAL,NATIONAL,,BU / ACRE,,99,US,UNITED STATES,TOTAL,,NOT SPECIFIED,YEAR,WINTER,,2012,,,US TOTAL,00,FIELD CROPS,00000000,,ANNUAL,ALL UTILIZATION PRACTICES,,WHEAT,2012-12-31 00:00:00.000,"WHEAT, WINTER, IRRIGATED, ENTIRE CROP - YIELD, MEASURED IN BU / ACRE",4.4
44.3,,9000,YIELD,,,CENSUS,00,"IRRIGATED, NONE OF CROP",CROPS,US TOTAL,NATIONAL,,BU / ACRE,,99,US,UNITED STATES,TOTAL,,NOT SPECIFIED,YEAR,WINTER,,2012,,,US TOTAL,00,FIELD CROPS,00000000,,ANNUAL,ALL UTILIZATION PRACTICES,,WHEAT,2012-12-31 00:00:00.000,"WHEAT, WINTER, IRRIGATED, NONE OF CROP - YIELD, MEASURED IN BU / ACRE",(L)
42.7,,9000,YIELD,,,CENSUS,00,"IRRIGATED, PART OF CROP",CROPS,US TOTAL,NATIONAL,,BU / ACRE,,99,US,UNITED STATES,TOTAL,,NOT SPECIFIED,YEAR,WINTER,,2012,,,US TOTAL,00,FIELD CROPS,00000000,,ANNUAL,ALL UTILIZATION PRACTICES,,WHEAT,2012-12-31 00:00:00.000,"WHEAT, WINTER, IRRIGATED, PART OF CROP - YIELD, MEASURED IN BU / ACRE",4.2
95,,9000,YIELD,,,CENSUS,00,IRRIGATED,CROPS,US TOTAL,NATIONAL,,BU / ACRE,,99,US,UNITED STATES,"IRRIGATION METHOD, PRIMARY",,"IRRIGATION METHOD, PRIMARY: (GRAVITY)",YEAR,ALL CLASSES,,2013,,,US TOTAL,00,FIELD CROPS,00000000,,ANNUAL,ALL UTILIZATION PRACTICES,,WHEAT,2012-12-31 00:00:00.000,"WHEAT, IRRIGATED - YIELD, MEASURED IN BU / ACRE",
75,,9000,YIELD,,,CENSUS,00,IRRIGATED,CROPS,US TOTAL,NATIONAL,,BU / ACRE,,99,US,UNITED STATES,"IRRIGATION METHOD, PRIMARY",,"IRRIGATION METHOD, PRIMARY: (PRESSURE)",YEAR,ALL CLASSES,,2013,,,US TOTAL,00,FIELD CROPS,00000000,,ANNUAL,ALL UTILIZATION PRACTICES,,WHEAT,2012-12-31 00:00:00.000,"WHEAT, IRRIGATED - YIELD, MEASURED IN BU / ACRE",
78,,9000,YIELD,,,CENSUS,00,IRRIGATED,CROPS,US TOTAL,NATIONAL,,BU / ACRE,,99,US,UNITED STATES,TOTAL,,NOT SPECIFIED,YEAR,ALL CLASSES,,2013,,,US TOTAL,00,FIELD CROPS,00000000,,ANNUAL,ALL UTILIZATION PRACTICES,,WHEAT,2012-12-31 00:00:00.000,"WHEAT, IRRIGATED - YIELD, MEASURED IN BU / ACRE",
39,,9000,YIELD,,,CENSUS,00,NON-IRRIGATED,CROPS,US TOTAL,NATIONAL,,BU / ACRE,,99,US,UNITED STATES,IRRIGATION STATUS,,IRRIGATION STATUS: (ANY ON OPERATION),YEAR,ALL CLASSES,,2013,,,US TOTAL,00,FIELD CROPS,00000000,,ANNUAL,ALL UTILIZATION PRACTICES,,WHEAT,2012-12-31 00:00:00.000,"WHEAT, NON-IRRIGATED - YIELD, MEASURED IN BU / ACRE",
88.2,,9000,YIELD,,,CENSUS,00,"IRRIGATED, ENTIRE CROP",CROPS,US TOTAL,NATIONAL,,BU / ACRE,,99,US,UNITED STATES,TOTAL,,NOT SPECIFIED,YEAR,ALL CLASSES,,2017,,,US TOTAL,00,FIELD CROPS,00000000,,ANNUAL,ALL UTILIZATION PRACTICES,,WHEAT,2018-02-01 00:00:00.000,"WHEAT, IRRIGATED, ENTIRE CROP - YIELD, MEASURED IN BU / ACRE",3.7
43.8,,9000,YIELD,,,CENSUS,00,"IRRIGATED, NONE OF CROP",CROPS,US TOTAL,NATIONAL,,BU / ACRE,,99,US,UNITED STATES,TOTAL,,NOT SPECIFIED,YEAR,ALL CLASSES,,2017,,,US TOTAL,00,FIELD CROPS,00000000,,ANNUAL,ALL UTILIZATION PRACTICES,,WHEAT,2018-02-01 00:00:00.000,"WHEAT, IRRIGATED, NONE OF CROP - YIELD, MEASURED IN BU / ACRE",(L)
52.4,,9000,YIELD,,,CENSUS,00,"IRRIGATED, PART OF CROP",CROPS,US TOTAL,NATIONAL,,BU / ACRE,,99,US,UNITED STATES,TOTAL,,NOT SPECIFIED,YEAR,ALL CLASSES,,2017,,,US TOTAL,00,FIELD CROPS,00000000,,ANNUAL,ALL UTILIZATION PRACTICES,,WHEAT,2018-02-01 00:00:00.000,"WHEAT, IRRIGATED, PART OF CROP - YIELD, MEASURED IN BU / ACRE",1.7
94.2,,9000,YIELD,,,CENSUS,00,"IRRIGATED, ENTIRE CROP",CROPS,US TOTAL,NATIONAL,,BU / ACRE,,99,US,UNITED STATES,TOTAL,,NOT SPECIFIED,YEAR,"SPRING, (EXCL DURUM)",,2017,,,US TOTAL,00,FIELD CROPS,00000000,,ANNUAL,ALL UTILIZATION PRACTICES,,WHEAT,2018-02-01 00:00:00.000,"WHEAT, SPRING, (EXCL DURUM), IRRIGATED, ENTIRE CROP - YIELD, MEASURED IN BU / ACRE",3.2
39.9,,9000,YIELD,,,CENSUS,00,"IRRIGATED, NONE OF CROP",CROPS,US TOTAL,NATIONAL,,BU / ACRE,,99,US,UNITED STATES,TOTAL,,NOT SPECIFIED,YEAR,"SPRING, (EXCL DURUM)",,2017,,,US TOTAL,00,FIELD CROPS,00000000,,ANNUAL,ALL UTILIZATION PRACTICES,,WHEAT,2018-02-01 00:00:00.000,"WHEAT, SPRING, (EXCL DURUM), IRRIGATED, NONE OF CROP - YIELD, MEASURED IN BU / ACRE",(L)
52.1,,9000,YIELD,,,CENSUS,00,"IRRIGATED, PART OF CROP",CROPS,US TOTAL,NATIONAL,,BU / ACRE,,99,US,UNITED STATES,TOTAL,,NOT SPECIFIED,YEAR,"SPRING, (EXCL DURUM)",,2017,,,US TOTAL,00,FIELD CROPS,00000000,,ANNUAL,ALL UTILIZATION PRACTICES,,WHEAT,2018-02-01 00:00:00.000,"WHEAT, SPRING, (EXCL DURUM), IRRIGATED, PART OF CROP - YIELD, MEASURED IN BU / ACRE",4.6
93.3,,9000,YIELD,,,CENSUS,00,"IRRIGATED, ENTIRE CROP",CROPS,US TOTAL,NATIONAL,,BU / ACRE,,99,US,UNITED STATES,TOTAL,,NOT SPECIFIED,YEAR,"SPRING, DURUM",,2017,,,US TOTAL,00,FIELD CROPS,00000000,,ANNUAL,ALL UTILIZATION PRACTICES,,WHEAT,2018-02-01 00:00:00.000,"WHEAT, SPRING, DURUM, IRRIGATED, ENTIRE CROP - YIELD, MEASURED IN BU / ACRE",2.2
22.8,,9000,YIELD,,,CENSUS,00,"IRRIGATED, NONE OF CROP",CROPS,US TOTAL,NATIONAL,,BU / ACRE,,99,US,UNITED STATES,TOTAL,,NOT SPECIFIED,YEAR,"SPRING, DURUM",,2017,,,US TOTAL,00,FIELD CROPS,00000000,,ANNUAL,ALL UTILIZATION PRACTICES,,WHEAT,2018-02-01 00:00:00.000,"WHEAT, SPRING, DURUM, IRRIGATED, NONE OF CROP - YIELD, MEASURED IN BU / ACRE",(L)
49,,9000,YIELD,,,CENSUS,00,"IRRIGATED, PART OF CROP",CROPS,US TOTAL,NATIONAL,,BU / ACRE,,99,US,UNITED STATES,TOTAL,,NOT SPECIFIED,YEAR,"SPRING, DURUM",,2017,,,US TOTAL,00,FIELD CROPS,00000000,,ANNUAL,ALL UTILIZATION PRACTICES,,WHEAT,2018-02-01 00:00:00.000,"WHEAT, SPRING, DURUM, IRRIGATED, PART OF CROP - YIELD, MEASURED IN BU / ACRE",4.3
84.1,,9000,YIELD,,,CENSUS,00,"IRRIGATED, ENTIRE CROP",CROPS,US TOTAL,NATIONAL,,BU / ACRE,,99,US,UNITED STATES,TOTAL,,NOT SPECIFIED,YEAR,WINTER,,2017,,,US TOTAL,00,FIELD CROPS,00000000,,ANNUAL,ALL UTILIZATION PRACTICES,,WHEAT,2018-02-01 00:00:00.000,"WHEAT, WINTER, IRRIGATED, ENTIRE CROP - YIELD, MEASURED IN BU / ACRE",6.4
47.4,,9000,YIELD,,,CENSUS,00,"IRRIGATED, NONE OF CROP",CROPS,US TOTAL,NATIONAL,,BU / ACRE,,99,US,UNITED STATES,TOTAL,,NOT SPECIFIED,YEAR,WINTER,,2017,,,US TOTAL,00,FIELD CROPS,00000000,,ANNUAL,ALL UTILIZATION PRACTICES,,WHEAT,2018-02-01 00:00:00.000,"WHEAT, WINTER, IRRIGATED, NONE OF CROP - YIELD, MEASURED IN BU / ACRE",(L)
52.1,,9000,YIELD,,,CENSUS,00,"IRRIGATED, PART OF CROP",CROPS,US TOTAL,NATIONAL,,BU / ACRE,,99,US,UNITED STATES,TOTAL,,NOT SPECIFIED,YEAR,WINTER,,2017,,,US TOTAL,00,FIELD CROPS,00000000,,ANNUAL,ALL UTILIZATION PRACTICES,,WHEAT,2018-02-01 00:00:00.000,"WHEAT, WINTER, IRRIGATED, PART OF CROP - YIELD, MEASURED IN BU / ACRE",1.7
94,,9000,YIELD,,,CENSUS,00,IRRIGATED,CROPS,US TOTAL,NATIONAL,,BU / ACRE,,99,US,UNITED STATES,"IRRIGATION METHOD, PRIMARY",,"IRRIGATION METHOD, PRIMARY: (GRAVITY)",YEAR,ALL CLASSES,,2018,,,US TOTAL,00,FIELD CROPS,00000000,,ANNUAL,ALL UTILIZATION PRACTICES,,WHEAT,2018-02-01 00:00:00.000,"WHEAT, IRRIGATED - YIELD, MEASURED IN BU / ACRE",1.3
87,,9000,YIELD,,,CENSUS,00,IRRIGATED,CROPS,US TOTAL,NATIONAL,,BU / ACRE,,99,US,UNITED STATES,"IRRIGATION METHOD, PRIMARY",,"IRRIGATION METHOD, PRIMARY: (PRESSURE)",YEAR,ALL CLASSES,,2018,,,US TOTAL,00,FIELD CROPS,00000000,,ANNUAL,ALL UTILIZATION PRACTICES,,WHEAT,2018-02-01 00:00:00.000,"WHEAT, IRRIGATED - YIELD, MEASURED IN BU / ACRE",2.3
89,,9000,YIELD,,,CENSUS,00,IRRIGATED,CROPS,US TOTAL,NATIONAL,,BU / ACRE,,99,US,UNITED STATES,TOTAL,,NOT SPECIFIED,YEAR,ALL CLASSES,,2018,,,US TOTAL,00,FIELD CROPS,00000000,,ANNUAL,ALL UTILIZATION PRACTICES,,WHEAT,2018-02-01 00:00:00.000,"WHEAT, IRRIGATED - YIELD, MEASURED IN BU / ACRE",1.9
84,,9000,YIELD,,,CENSUS,00,"IRRIGATED, ENTIRE CROP",CROPS,US TOTAL,NATIONAL,,BU / ACRE,,99,US,UNITED STATES,TOTAL,,NOT SPECIFIED,YEAR,ALL CLASSES,,2022,,,US TOTAL,00,FIELD CROPS,00000000,,ANNUAL,ALL UTILIZATION PRACTICES,,WHEAT,2024-07-02 12:00:00.000,"WHEAT, IRRIGATED, ENTIRE CROP - YIELD, MEASURED IN BU / ACRE",1.2
44.4,,9000,YIELD,,,CENSUS,00,"IRRIGATED, NONE OF CROP",CROPS,US TOTAL,NATIONAL,,BU / ACRE,,99,US,UNITED STATES,TOTAL,,NOT SPECIFIED,YEAR,ALL CLASSES,,2022,,,US TOTAL,00,FIELD CROPS,00000000,,ANNUAL,ALL UTILIZATION PRACTICES,,WHEAT,2024-07-02 12:00:00.000,"WHEAT, IRRIGATED, NONE OF CROP - YIELD, MEASURED IN BU / ACRE",2.7
46,,9000,YIELD,,,CENSUS,00,"IRRIGATED, PART OF CROP",CROPS,US TOTAL,NATIONAL,,BU / ACRE,,99,US,UNITED STATES,TOTAL,,NOT SPECIFIED,YEAR,ALL CLASSES,,2022,,,US TOTAL,00,FIELD CROPS,00000000,,ANNUAL,ALL UTILIZATION PRACTICES,,WHEAT,2024-07-02 12:00:00.000,"WHEAT, IRRIGATED, PART OF CROP - YIELD, MEASURED IN BU / ACRE",1.2
87.9,,9000,YIELD,,,CENSUS,00,"IRRIGATED, ENTIRE CROP",CROPS,US TOTAL,NATIONAL,,BU / ACRE,,99,US,UNITED STATES,TOTAL,,NOT SPECIFIED,YEAR,"SPRING, (EXCL DURUM)",,2022,,,US TOTAL,00,FIELD CROPS,00000000,,ANNUAL,ALL UTILIZATION PRACTICES,,WHEAT,2024-07-02 12:00:00.000,"WHEAT, SPRING, (EXCL DURUM), IRRIGATED, ENTIRE CROP - YIELD, MEASURED IN BU / ACRE",1.6
46,,9000,YIELD,,,CENSUS,00,"IRRIGATED, NONE OF CROP",CROPS,US TOTAL,NATIONAL,,BU / ACRE,,99,US,UNITED STATES,TOTAL,,NOT SPECIFIED,YEAR,"SPRING, (EXCL DURUM)",,2022,,,US TOTAL,00,FIELD CROPS,00000000,,ANNUAL,ALL UTILIZATION PRACTICES,,WHEAT,2024-07-02 12:00:00.000,"WHEAT, SPRING, (EXCL DURUM), IRRIGATED, NONE OF CROP - YIELD, MEASURED IN BU / ACRE",3.3
43.8,,9000,YIELD,,,CENSUS,00,"IRRIGATED, PART OF CROP",CROPS,US TOTAL,NATIONAL,,BU / ACRE,,99,US,UNITED STATES,TOTAL,,NOT SPECIFIED,YEAR,"SPRING, (EXCL DURUM)",,2022,,,US TOTAL,00,FIELD CROPS,00000000,,ANNUAL,ALL UTILIZATION PRACTICES,,WHEAT,2024-07-02 12:00:00.000,"WHEAT, SPRING, (EXCL DURUM), IRRIGATED, PART OF CROP - YIELD, MEASURED IN BU / ACRE",6.5
101.8,,9000,YIELD,,,CENSUS,00,"IRRIGATED, ENTIRE CROP",CROPS,US TOTAL,NATIONAL,,BU / ACRE,,99,US,UNITED STATES,TOTAL,,NOT SPECIFIED,YEAR,"SPRING, DURUM",,2022,,,US TOTAL,00,FIELD CROPS,00000000,,ANNUAL,ALL UTILIZATION PRACTICES,,WHEAT,2024-07-02 12:00:00.000,"WHEAT, SPRING, DURUM, IRRIGATED, ENTIRE CROP - YIELD, MEASURED IN BU / ACRE",1.9
37.1,,9000,YIELD,,,CENSUS,00,"IRRIGATED, NONE OF CROP",CROPS,US TOTAL,NATIONAL,,BU / ACRE,,99,US,UNITED STATES,TOTAL,,NOT SPECIFIED,YEAR,"SPRING, DURUM",,2022,,,US TOTAL,00,FIELD CROPS,00000000,,ANNUAL,ALL UTILIZATION PRACTICES,,WHEAT,2024-07-02 12:00:00.000,"WHEAT, SPRING, DURUM, IRRIGATED, NONE OF CROP - YIELD, MEASURED IN BU / ACRE",3.8
39.2,,9000,YIELD,,,CENSUS,00,"IRRIGATED, PART OF CROP",CROPS,US TOTAL,NATIONAL,,BU / ACRE,,99,US,UNITED STATES,TOTAL,,NOT SPECIFIED,YEAR,"SPRING, DURUM",,2022,,,US TOTAL,00,FIELD CROPS,00000000,,ANNUAL,ALL UTILIZATION PRACTICES,,WHEAT,2024-07-02 12:00:00.000,"WHEAT, SPRING, DURUM, IRRIGATED, PART OF CROP - YIELD, MEASURED IN BU / ACRE",2.7
80.8,,9000,YIELD,,,CENSUS,00,"IRRIGATED, ENTIRE CROP",CROPS,US TOTAL,NATIONAL,,BU / ACRE,,99,US,UNITED STATES,TOTAL,,NOT SPECIFIED,YEAR,WINTER,,2022,,,US TOTAL,00,FIELD CROPS,00000000,,ANNUAL,ALL UTILIZATION PRACTICES,,WHEAT,2024-07-02 12:00:00.000,"WHEAT, WINTER, IRRIGATED, ENTIRE CROP - YIELD, MEASURED IN BU / ACRE",1.9
44.2,,9000,YIELD,,,CENSUS,00,"IRRIGATED, NONE OF CROP",CROPS,US TOTAL,NATIONAL,,BU / ACRE,,99,US,UNITED STATES,TOTAL,,NOT SPECIFIED,YEAR,WINTER,,2022,,,US TOTAL,00,FIELD CROPS,00000000,,ANNUAL,ALL UTILIZATION PRACTICES,,WHEAT,2024-07-02 12:00:00.000,"WHEAT, WINTER, IRRIGATED, NONE OF CROP - YIELD, MEASURED IN BU / ACRE",3.8
45.4,,9000,YIELD,,,CENSUS,00,"IRRIGATED, PART OF CROP",CROPS,US TOTAL,NATIONAL,,BU / ACRE,,99,US,UNITED STATES,TOTAL,,NOT SPECIFIED,YEAR,WINTER,,2022,,,US TOTAL,00,FIELD CROPS,00000000,,ANNUAL,ALL UTILIZATION PRACTICES,,WHEAT,2024-07-02 12:00:00.000,"WHEAT, WINTER, IRRIGATED, PART OF CROP - YIELD, MEASURED IN BU / ACRE",1.5
