"Data Source","World Development Indicators",

"Last Updated Date","2025-12-19",

"Country Name","Country Code","Indicator Name","Indicator Code","1960","1961","1962","1963","1964","1965","1966","1967","1968","1969","1970","1971","1972","1973","1974","1975","1976","1977","1978","1979","1980","1981","1982","1983","1984","1985","1986","1987","1988","1989","1990","1991","1992","1993","1994","1995","1996","1997","1998","1999","2000","2001","2002","2003","2004","2005","2006","2007","2008","2009","2010","2011","2012","2013","2014","2015","2016","2017","2018","2019","2020","2021","2022","2023","2024",
"Aruba","ABW","Total greenhouse gas emissions excluding LULUCF per capita (t CO2e/capita)","EN.GHG.ALL.PC.CE.AR5","","","","","","","","","","","0.627650551314673","0.711114135519981","0.907884989749686","0.989725381224378","0.976880494952784","1.21965863281585","1.20271381578947","1.38272447934449","1.46148087654825","1.51881198155125","1.56737718873625","1.60328913693179","1.56994581891768","1.59092369994215","1.80601262301076","1.9310523587351","2.15080676110861","2.4307375040146","2.66302607405909","3.52729017421372","3.51058913518079","3.74681316013112","3.94174335193102","3.71310307389564","3.98350409175849","4.24409498151745","2.76556533889016","4.2722564049084","4.27129144950311","4.26839469545723","3.84156841965823","3.83971828213344","4.08910224384734","4.58293960999914","4.6374739851584","4.89885799149895","4.90619184145667","5.22016974538193","5.10617636275355","5.4200622022755","5.19354268544158","3.32290356853915","3.89683988089521","4.16844097468654","4.39952437574316","4.55489036754212","4.73755368951594","4.56798638892721","4.54512065229368","4.94491909562924","4.78049858638695","4.99814298978644","5.28841673655764","5.30463212213228","5.45117829529145",
"Africa Eastern and Southern","AFE","Total greenhouse gas emissions excluding LULUCF per capita (t CO2e/capita)","EN.GHG.ALL.PC.CE.AR5","","","","","","","","","","","3.10238201996898","3.022414945445","3.01353605138967","3.08424533784044","3.06480962603734","3.06689608399691","3.08454207426398","3.05003062807366","2.90022670422268","2.88936204986698","2.88956463457901","2.8811447903134","2.91916139246514","2.87500954532776","2.87995903510054","2.85047761131974","2.79443130237249","2.78576381246305","2.76118230393698","2.69512111979868","2.69679969301952","2.58043911445059","2.52216811989605","2.47321368577668","2.48451601243535","2.52401321617763","2.54848086085455","2.54972333913494","2.56407421549381","2.49742226706107","2.4447539681872","2.43416607324935","2.4251246046185","2.44645525022235","2.5051938662469","2.51365411506581","2.4596674235077","2.51262162535476","2.55851561614869","2.45133764453482","2.4595092084574","2.39216334813843","2.4131059867589","2.41347870824739","2.40947382762841","2.34296123618272","2.31082675399085","2.28214963881836","2.25061273801769","2.24176650555795","2.15680732016516","2.12265810224159","2.07796316753601","2.05496477469778","2.04497656711774",
"Afghanistan","AFG","Total greenhouse gas emissions excluding LULUCF per capita (t CO2e/capita)","EN.GHG.ALL.PC.CE.AR5","","","","","","","","","","","1.35516621246455","1.31583144639278","1.12022444307666","1.14920226593208","1.2223790807488","1.25011409936187","1.23466952264616","1.21340949493417","1.16324201089363","1.15145713100013","1.18825502716125","1.32501718731793","1.43858213228587","1.44426873024704","1.31362016889568","1.27939873553976","1.13396813365658","1.12563267168478","1.13555164502385","1.0680314985033","1.07354848136175","1.06333267940634","0.908639477718685","0.81549620120815","0.753643175834978","0.730318749107867","0.773236183030756","0.80193621416673","0.816691193463715","0.830082384740181","0.71359496544691","0.622569950257606","0.712345245374043","0.697557111674725","0.67881392426543","0.661552405334624","0.642638435808175","0.675866461915722","0.787686355225702","0.868798232410199","0.981771058633","1.08692644754405","0.973798000355628","0.889610831508906","0.864663569802177","0.830376447411965","0.782830573708614","0.853894911686213","0.86916599359133","0.856828410919333","0.829307569056258","0.820886544868588","0.786422145806921","0.782421589645638","0.774601235636553",
"Africa Western and Central","AFW","Total greenhouse gas emissions excluding LULUCF per capita (t CO2e/capita)","EN.GHG.ALL.PC.CE.AR5","","","","","","","","","","","2.19564178641288","2.27497076346198","2.49802978695922","2.72780417050317","2.95153089933769","2.49053189163322","2.6941144410861","2.57493618698981","2.45628905816372","2.81871559706317","2.61191175897936","2.19749490470872","2.11463683289055","2.04313860625805","2.05196351042962","2.09500095940596","2.02337504965228","1.92188371606155","1.97183790593937","2.08611269322619","2.07156998645453","2.12380491603377","2.1872159346177","2.15591483545699","2.22506500082808","2.33934409395256","2.58787186579205","2.43092442286405","2.30976412965465","2.23439935608544","2.32495040540033","2.30946758650449","2.04527344496688","2.16059956239301","2.10408478216434","2.05448507860406","1.9371251690681","1.82111258891226","1.81311661637527","1.74138569202856","1.7946119351154","1.82629856410071","1.81654781509449","1.80808278596789","1.81879549110698","1.80931815244211","1.78583846726778","1.76246434013479","1.78242653961171","1.81030941779647","1.73368507314329","1.75163062566732","1.7295783538289","1.70673951356391","1.71743828526823",
"Angola","AGO","Total greenhouse gas emissions excluding LULUCF per capita (t CO2e/capita)","EN.GHG.ALL.PC.CE.AR5","","","","","","","","","","","3.21802190682458","3.12493427753358","3.45252598610166","3.58123185810565","3.56642841687147","3.27662920668537","2.60993313604717","3.16112879926547","3.34022548501769","3.29211399673795","3.23437595280575","2.9519748845578","3.1167615516529","3.17644544749231","3.10671099692476","3.23616030890305","3.24963385587976","3.30247370463575","3.35361606645103","3.31973966064342","2.93165702765096","2.77781173896616","2.62895662745563","2.8557039432422","3.57785240552209","3.98731278711232","4.62512348305229","4.58936593396107","4.82216609265425","4.71287371383655","4.25647160220932","4.01328985703169","3.74669481504728","3.6433877226741","3.79772546032959","3.56115425090278","3.05870829979437","2.87452533406909","2.92122470098345","2.87927966078443","3.07643435827485","2.91357149322134","2.87924953631023","2.94379800669734","2.9085185327411","2.96674122031844","2.7627490870563","2.49492315801649","2.25148579799027","2.199453589045","1.88810351769261","1.92867695463878","1.90922252371396","1.85798570477976","1.84562051123627",
"Albania","ALB","Total greenhouse gas emissions excluding LULUCF per capita (t CO2e/capita)","EN.GHG.ALL.PC.CE.AR5","","","","","","","","","","","3.85435773426009","3.74001361151778","4.06357021406733","3.74241537614858","3.7725668943426","3.76205230221999","3.92865481186695","4.06453671426741","4.38002140074334","4.73544520809586","4.70745289010429","4.26242160836021","4.40487623721482","4.61149242605381","4.62359382859764","4.3820718155454","4.37247633273617","4.37922496558411","4.26408888164728","4.12439129191563","3.49863169252059","2.77109945848983","1.90062392228735","1.92399994174674","2.15345985204843","2.05453067083592","1.98306015120423","1.75626000347491","1.85035783578869","2.25120610091811","2.33008646411961","2.41339296830604","2.62434406966873","2.69613003747842","2.776170910613","2.65413730824672","2.685906019187","2.69116304721488","2.63972552636061","2.65180174748652","2.7708348137552","2.92737664769491","2.8584532220695","2.9953828709696","3.21541066715409","3.20848037907321","3.11414632405133","3.47194505123127","3.52455561976629","3.37495000586105","3.16284882617225","3.41249484890524","3.13978094627424","3.00783523432176","2.99701993329766",
"Andorra","AND","Total greenhouse gas emissions excluding LULUCF per capita (t CO2e/capita)","EN.GHG.ALL.PC.CE.AR5","","","","","","","","","","","","","","","","","","","","","","","","","","","","","","","","","","","","","","","","","","","","","","","","","","","","","","","","","","","","","","","","","",
"Arab World","ARB","Total greenhouse gas emissions excluding LULUCF per capita (t CO2e/capita)","EN.GHG.ALL.PC.CE.AR5","","","","","","","","","","","6.12352546723889","6.12183091018122","6.19305313749357","6.66204212930441","6.22643322127849","6.08027750677606","6.67731469553318","6.64329819078061","6.73649870872419","7.11177814333609","6.75605003922055","5.77505631325288","5.60016768170329","5.50992365237902","5.39262604497799","5.37877210553626","5.49659542955193","5.5858880933122","5.82282574850919","5.93667098660629","5.69189686614624","5.3653235406795","5.51130541826662","5.70025594484526","5.83747263763317","5.84944785917387","5.88495685960445","5.9847164769063","5.87769837328887","5.86142363904993","6.00964066252571","6.02920235366712","5.97131433760702","6.08974093020165","6.19916062749198","6.37614763586218","6.46353526267072","6.44354293179489","6.6269321736906","6.60551098658819","6.77671888055505","6.75443393639539","7.02193274916865","6.93651632269726","6.96833953020117","6.95000399179064","6.97416200022871","6.94292618953614","6.85626484339057","6.80152375996662","6.46905572055527","6.64301741817535","6.71475495059328","6.70982269867487","6.70518646054157",
"United Arab Emirates","ARE","Total greenhouse gas emissions excluding LULUCF per capita (t CO2e/capita)","EN.GHG.ALL.PC.CE.AR5","","","","","","","","","","","103.90561744423","106.911980228459","102.546660640912","116.149212074271","106.755444327901","97.7813637502395","104.481494351044","92.0754313166969","87.6249576781164","61.8260764684598","57.9094220734469","49.0319178437158","44.5170914889786","40.3133639060799","48.2480038223701","47.2799041447525","44.3923638204886","43.6591151054093","40.5193163466501","43.0947604018435","41.8832906617779","43.7984955841298","41.339036189017","42.3262662723837","42.4968688095635","42.7100353149636","41.9946919498422","39.3514965872912","36.8163487885395","35.1158248492273","33.5547397722963","34.8436589420425","33.1868017446307","33.2527203021999","32.9764931642074","33.3389498777008","32.4060210417041","30.7283583734767","31.794714108193","30.0428742378551","30.5237619868183","30.5976264747968","30.672920921584","31.0121589266961","30.0330668135751","29.888326451103","29.3437842574701","27.568144548138","25.5469282691294","26.6673230440879","26.5661089764769","26.6682450576241","25.3690603958699","24.257281577939","24.0432170683754",
"Argentina","ARG","Total greenhouse gas emissions excluding LULUCF per capita (t CO2e/capita)","EN.GHG.ALL.PC.CE.AR5","","","","","","","","","","","9.18045472783751","9.17074215631082","9.31052370346637","9.4762617830668","9.33406086739074","9.20507130932094","9.38254488774814","9.62988082640855","9.20771580351257","9.27421646750804","8.96257035836159","8.61627505857495","8.3675531634999","8.44175759029907","8.34947337839386","7.94217423197401","8.00797287288905","8.01666266028739","8.15992004161541","8.01063544832956","7.72578962184554","7.73119551695811","7.68440478196302","7.6356267643362","7.69351175817545","7.67378518746211","7.7821538240086","7.82483964035509","7.84020558185416","7.929683969004","7.75099220766043","7.58809376522017","7.48215016775596","7.96109866151825","8.3639221601778","8.39907112231958","8.64874325865745","8.85536643731028","8.83174829065043","8.1618768659207","8.1695608972277","8.23915797162086","8.33280026685818","8.45474268686482","8.36305564854614","8.419180232533","8.40956874271033","8.41512095560571","8.34198822874507","8.21822379040619","7.83675372380909","8.19464815730641","8.44644579939211","8.29353889698499","8.1920364466519",
"Armenia","ARM","Total greenhouse gas emissions excluding LULUCF per capita (t CO2e/capita)","EN.GHG.ALL.PC.CE.AR5","","","","","","","","","","","5.11384361090679","5.07700927992017","5.28776960271687","5.57106801578191","5.83540701559124","6.17153728960585","6.16312387670701","6.16809717844554","6.1914022371828","6.27097408771347","6.57276224772037","6.65358146732628","6.77942578649597","6.73978917381238","6.6846909038696","6.62887617346413","6.62998919221439","6.63865621958108","6.5648820833799","6.2832912201214","6.84288404021477","6.88147710956655","3.9250967492856","2.22353367704003","1.56954297823522","1.80204203615875","1.52534437824344","1.75671358896266","1.78487664104331","1.69002736096456","1.82003042438918","1.86761317641198","1.73360835052191","1.88342498036135","2.04679452747322","2.29468599033816","2.29903105113364","2.61775117461543","2.78947879887273","2.3938682322244","2.3224513925381","2.54235608837808","2.833107370788","2.8494705493051","2.97581126816643","2.96095986154563","2.91792266818167","2.99902664966101","3.05810037049512","3.22710548523207","3.47182171197029","3.68227390878709","3.77930082177017","3.61839220051952","3.55384868963244",
"American Samoa","ASM","Total greenhouse gas emissions excluding LULUCF per capita (t CO2e/capita)","EN.GHG.ALL.PC.CE.AR5","","","","","","","","","","","0.225708576925923","0.221552319035339","0.217896052866583","0.214516809677873","0.214718614718615","0.210956107519564","0.210287392770119","0.209691687690443","0.205946711288454","0.199297712821486","0.19751257599605","0.193544545021439","0.194792173937953","0.195748669736153","0.196458438420899","0.194358489118482","0.192255551995268","0.190150218672751","0.188008712598877","0.18809054900312","0.156518010291595","0.154546593709536","0.152942615930503","0.151518172212365","0.150240970907885","0.147182506307822","0.146196090191742","0.145322099996321","0.142769364224527","0.142227279192149","0.142467680942749","0.154242546404221","0.154218218779573","0.15621983114216","0.156640501249604","0.157196601727396","0.156100329939334","0.156826403863632","0.157626997205703","0.156677712145224","0.157528789744333","0.158484379269515","0.159665253537411","0.161093211865348","0.164590580929937","0.166420817731382","0.16843717102115","0.170588919474276","0.17286084701815","0.175267382341811","0.176845320632624","0.180802437785678","0.184104919117951","0.187285621093832","0.19031326847001",
"Antigua and Barbuda","ATG","Total greenhouse gas emissions excluding LULUCF per capita (t CO2e/capita)","EN.GHG.ALL.PC.CE.AR5","","","","","","","","","","","2.45939747086536","2.55217908510868","2.88168381954655","2.91877778123154","2.71316619313747","3.10625166434311","2.92337128697343","3.1364504713288","3.20590899153628","3.27815290786321","3.31871095748144","3.05420242789763","3.57181446322451","2.58724243077586","2.88832033537807","2.96635754207242","3.07424232995208","3.64369937134457","3.84452163525769","3.85787603632057","3.91018932546856","3.9172069982804","3.8817464753742","3.76751490386814","3.94506530227548","4.00064526536538","3.89731655461702","3.98434971077928","3.98690824725184","3.96655173349985","3.00886373344724","2.93023439245948","3.12467545954928","3.27538390426789","3.28764338977883","3.33119795003203","3.58170810381619","3.75746597473808","3.89207834812814","4.24601713138417","4.07172995780591","3.23981837557337","3.36924134769654","3.71775072674419","3.91708443643328","4.01861110179065","4.27035979059454","3.82566211257019","3.9119723731386","4.4864498051749","4.27999041874442","4.32164939522897","4.42912537699268","4.44832611770758","4.5525316725675",
"Australia","AUS","Total greenhouse gas emissions excluding LULUCF per capita (t CO2e/capita)","EN.GHG.ALL.PC.CE.AR5","","","","","","","","","","","25.239505876709","24.8862100950761","25.3554678606663","25.5151943198804","25.9318516359397","26.2857554163967","26.2439392859688","26.4100690529876","25.4730533500488","25.4753823894171","25.6503267084127","25.4700447489356","25.5915225825818","24.4290047105682","25.0540216880108","25.5478293056281","25.5091192288844","25.7697458797332","25.9923141338303","26.8228346437961","26.9965686750196","26.8170987378179","26.6338647154083","26.6552264135793","26.6292410848173","26.7840633445973","27.1780868309592","27.5800292861595","28.4377004559001","28.4818722509954","28.6780113640365","28.807035709659","28.9790312594735","28.082550870183","28.8794375399406","28.6084533339307","28.5770755278748","28.4350897092333","27.7856450024304","27.5512290372707","27.1768016612389","27.3381532625032","27.0460794251998","26.15537988395","25.4390989894821","25.2246525916721","24.6360378302475","24.9238713713254","24.3584230872429","23.8862504917144","22.5951029831362","22.4325426432716","21.9757458485373","22.037315037906","21.7471812505083",
"Austria","AUT","Total greenhouse gas emissions excluding LULUCF per capita (t CO2e/capita)","EN.GHG.ALL.PC.CE.AR5","","","","","","","","","","","9.58886773233896","9.96690612683292","10.2011598047295","10.6408220808675","10.3281889102278","10.0225454792072","10.7610906050803","10.412965436689","10.6875086365863","11.0622464624789","10.8139379473929","10.30079101987","10.0070238997431","10.0064666202057","10.3335425529073","10.5116533608461","10.2977174808192","10.3120883438382","10.1420547091176","10.0026943788276","10.442702058519","10.8867552103569","10.0703393022238","9.98744819042321","10.0043875355684","10.3517516624356","10.8403713674691","10.7291867599577","10.7334668122725","10.4548063867281","10.445074034215","11.0137618711479","11.1808192001022","11.7163211422432","11.7394394445596","11.7195799766864","11.366873951838","10.9703987240291","10.8871770172094","9.94771507707421","10.6560677924921","10.4067820806962","9.96174254515811","9.96368674204639","9.4567322025902","9.51805680146908","9.46594285143947","9.64558833659219","9.2520112785208","9.36204380219642","8.63226129724531","8.94148226003783","8.41411786148655","7.84036069275138","7.73589444825671",
"Azerbaijan","AZE","Total greenhouse gas emissions excluding LULUCF per capita (t CO2e/capita)","EN.GHG.ALL.PC.CE.AR5","","","","","","","","","","","6.29166384702391","6.2241739936967","6.44118001650762","6.76053441089208","7.07793925743194","7.44607623416915","7.52070576024909","7.62477132135837","7.85261414121132","7.98520909854562","8.22123204285366","8.29304462466541","8.30153125024577","8.329375522462","8.33322929116834","8.33222641169989","8.36683751089317","8.39548532074731","8.24898918934419","8.14060523842833","9.43156985171145","9.0579813788456","7.49509959970469","6.53990766931739","5.7260598561189","5.5526262711699","4.80085018678346","4.66369406436386","4.6739037027676","4.75545394757446","4.93101905921527","4.81158151691488","4.7570653271251","5.06310343571246","5.01599951844941","5.3074590227423","5.44732484339181","5.43371051006258","5.83585138188374","5.08591305724009","4.91311783133201","5.11537997807062","5.38185913097809","5.44372765230995","5.56830205601862","5.48964950041666","5.40066769066672","5.32024806492935","5.34584750493749","5.58077819630591","5.38325063179169","5.58270819461912","5.84083269209001","6.00670201708536","5.71212104876784",
"Burundi","BDI","Total greenhouse gas emissions excluding LULUCF per capita (t CO2e/capita)","EN.GHG.ALL.PC.CE.AR5","","","","","","","","","","","0.600719685296304","0.584857886665953","0.611728421001413","0.627493257873566","0.617859968301027","0.624556841731523","0.614223466282871","0.601493831431109","0.592268247154259","0.595832550261328","0.516366745397616","0.451947803927014","0.450314970553618","0.446914315566011","0.452230960739597","0.433429041712405","0.461573193351131","0.457297523699037","0.47283231758288","0.469835184858251","0.54527861920741","0.557429823363384","0.534957711200331","0.561491660065286","0.553479315362276","0.541729115331282","0.558948463274725","0.567673172607372","0.553796701140501","0.471236698486939","0.471670555782408","0.457330882458231","0.440055966092098","0.432135943641159","0.43708799866934","0.436281738732057","0.446872925684634","0.463900814935394","0.443388308247813","0.44812903863206","0.46532566077289","0.4768378771798","0.459843821306028","0.550848947265924","0.528140143530635","0.515153544939254","0.536138286469686","0.583439546242462","0.591705548471657","0.551384311291016","0.535918261626582","0.609672714803253","0.578773655052583","0.598066394194069","0.599503722508301",
"Belgium","BEL","Total greenhouse gas emissions excluding LULUCF per capita (t CO2e/capita)","EN.GHG.ALL.PC.CE.AR5","","","","","","","","","","","17.3237171703028","16.3000164785827","17.4201829553043","17.9626287760272","17.9393044854094","15.9044660075301","16.8338947551325","16.6803589452185","17.0978930506262","18.0273470302025","16.9235931119248","15.7428322721352","14.9037930347718","13.9613333441564","14.3778438804745","14.1148359333062","14.0799525604952","13.9750790102849","13.9703084249274","14.0070682372385","14.1032863303382","14.4566747357136","14.1724500500639","13.9239077889528","14.6007805960752","14.6700081514788","15.1866114738569","14.8003608596002","15.1336939067381","14.7148185498756","14.8183489818315","14.7919374485373","13.9869938259627","14.2928680655886","14.1174326755324","13.7342074817698","13.3171652750229","12.977497953076","13.0332261341835","12.2310272419016","12.8946712916588","11.7686078173162","11.5296375272668","11.5804988562564","10.9297329828905","11.2817268743598","11.1286209268351","10.9080331016061","10.912410145257","10.8271230344208","10.0247915605735","10.3158457112106","9.58787556045653","9.10244410288468","9.09246530579891",
"Benin","BEN","Total greenhouse gas emissions excluding LULUCF per capita (t CO2e/capita)","EN.GHG.ALL.PC.CE.AR5","","","","","","","","","","","0.821387660979877","0.783598908627021","0.829981078975403","0.853876477997841","0.826584405732056","0.860740109949275","0.800663383345658","0.813258548653926","0.818141599465348","0.828146343302969","0.845780308061828","0.869770426072114","0.900376173195567","0.859130381133065","0.854786598409631","0.877895430862677","0.795714609596571","0.767087421235633","0.737497184107151","0.714632002885004","0.726860790320287","0.721580515416752","0.718282672142551","0.690652656543678","0.719887752099317","0.669560300335342","0.799689229641835","0.818897326822985","0.796569520916817","0.82176917920757","0.827307560811502","0.873737978799817","0.906190744331324","0.924950746044203","0.935986274946704","0.959169461143792","1.07446680996572","1.12261947746301","1.10130979514905","1.12402193066814","1.17875160602457","1.15359965395973","1.11479922832615","1.14986374800468","1.17329966516785","1.18827383675327","1.29724781716149","1.2890600991048","1.367207104832","1.34661977856885","1.35149744429471","1.20665002810246","1.23936907304996","1.22981065739052","1.22847535498845",
"Burkina Faso","BFA","Total greenhouse gas emissions excluding LULUCF per capita (t CO2e/capita)","EN.GHG.ALL.PC.CE.AR5","","","","","","","","","","","1.12446669556587","1.11098477767778","1.03408955106682","0.966723709545128","0.974886902762268","0.982225657003606","0.988689837890596","0.991454927206508","1.00341618186298","1.02251614193758","1.02474128873473","1.03818188413297","1.06250554310736","1.06663520117323","1.06284455890285","1.1479718272711","1.15902021267378","1.17080198446065","1.17442029782093","1.17066417820523","1.23444268352491","1.26643598173936","1.24848443937887","1.24744307294995","1.25507245403356","1.26395026265264","1.27096224810533","1.28369432377591","1.28612509011923","1.19586057036381","1.1891279443306","1.28937769098189","1.28072958876647","1.4942520301116","1.46729762447157","1.46974728833502","1.45774503404028","1.47291089473241","1.50544370125415","1.4942967139667","1.50363817928949","1.49985823952455","1.51141778611084","1.52415239455612","1.49715342653302","1.54493516624456","1.54502831570093","1.55822689261359","1.59517274636701","1.61123830452431","1.40582130474438","1.61111654915565","1.5879221493162","1.50232070354545","1.4827816352787",
"Bangladesh","BGD","Total greenhouse gas emissions excluding LULUCF per capita (t CO2e/capita)","EN.GHG.ALL.PC.CE.AR5","","","","","","","","","","","0.738569604083147","0.708500241288877","0.705405199462619","0.692005053450995","0.67918832846506","0.698338619507598","0.691188782192314","0.693898845819496","0.726146745984353","0.739521111939023","0.64506363993487","0.639306920841758","0.644101896700265","0.630647739545816","0.627069685839281","0.634786752525402","0.644741376800628","0.645624597445118","0.652413770152681","0.670325810401593","0.670715819665845","0.659004351714393","0.669664787363399","0.672252717206361","0.684205791173258","0.721532895863202","0.720568876184677","0.727342802664717","0.722223544010919","0.744115054595645","0.745870297117892","0.781781855609787","0.79191969450628","0.801541595083352","0.808848075086757","0.826952631138665","0.848318531375766","0.869864369498444","0.908322920392503","0.932656168323662","0.97456418783406","0.99817387827923","1.02344164978651","1.03364330779836","1.06550233058377","1.11343180072974","1.15793522087652","1.20510045780914","1.2263649375587","1.24759316356125","1.21915399307451","1.30840092703962","1.31640662154194","1.25874782079046","1.27231903801449",
"Bulgaria","BGR","Total greenhouse gas emissions excluding LULUCF per capita (t CO2e/capita)","EN.GHG.ALL.PC.CE.AR5","","","","","","","","","","","10.5210343887691","10.5272307572459","10.8180779366153","10.8917363910568","10.9215560544756","11.6139888096678","11.6603465919607","11.9372689095626","12.6223957435144","13.0539636571289","13.3969227678952","12.9462473612708","13.1363683615183","12.9807159896632","12.72486158694","12.8889787643545","13.0071194220338","12.9957233904027","12.9021206607488","12.8388035920357","11.5566942091504","9.67222547419497","9.21580662853781","9.13977092206107","8.75197531476833","8.90067852183429","9.01849446586596","8.72468800784594","8.42531222197112","7.61290493877201","7.44961060795293","7.84728251790267","7.59985663175734","8.44940669376349","8.3016278641831","8.48382785574879","8.71618316589533","9.28178432828324","8.93216618456627","7.88025376781043","8.33464605098248","9.15880456071095","8.54588791944251","7.96736873787099","8.5565962995782","8.98003715516038","8.74785089189528","9.19653035775284","8.84538619699177","8.73447079416618","8.02700964905103","9.09315551870123","9.70491239342581","7.70401929948767","7.24632033832286",
"Bahrain","BHR","Total greenhouse gas emissions excluding LULUCF per capita (t CO2e/capita)","EN.GHG.ALL.PC.CE.AR5","","","","","","","","","","","83.0024598659306","81.5700398295866","81.2690768360228","82.09971800094","83.5536243950669","71.3553379959964","70.982297230606","77.0381333853329","72.7833901343104","71.893133638272","68.3947205678342","66.2067229950418","64.2271107516351","61.2667110881517","59.4711841870727","58.8828370798266","62.1005364273134","58.5767866325018","58.5490770509805","56.9693581888777","56.4620617447266","56.8847753313773","63.5625743042029","65.8795794238295","64.0695781882042","62.157461633019","62.8408900786348","56.782801320625","57.81906679761","59.6285924549388","58.951632888005","58.383133025664","53.6385040946981","49.3902686271201","45.7606213603548","46.2998215615725","44.5321024880678","42.2208323911883","42.9264809296998","40.6921161051073","39.3101421765457","40.7210757978946","43.3640703941557","45.4798191177562","44.7416706096784","43.0594415035298","41.6087786554435","39.3546534711508","39.3381372119186","42.4848829591927","42.9602826782158","42.2146221163082","42.5747347170873","41.1539454135831","40.5510269596581",
"Bahamas, The","BHS","Total greenhouse gas emissions excluding LULUCF per capita (t CO2e/capita)","EN.GHG.ALL.PC.CE.AR5","","","","","","","","","","","8.43163118573699","8.35337451599889","9.48458340771722","9.24344218615376","7.97839701571038","8.0014865212544","7.00835893538958","7.56444010458256","7.516948887429","7.58576874205845","7.35272614675348","6.46073351534567","5.34840034245721","4.06215007887273","3.95639367844959","3.54132267315547","3.63560822564612","4.11628839215836","4.13889389299225","4.66335764700676","4.73717588649912","4.28203511546641","3.73207147278851","3.75713515869829","4.0292200236755","4.50008458805617","4.88591690937349","4.85937781437357","5.42794449658811","4.88933526065817","3.88592956289468","3.84063983211118","4.10085219562503","3.22122174615187","3.39982694786657","3.33038668892159","3.9859346968066","4.57612344127653","4.6607282475148","3.95937267440258","4.3344091346965","3.14879925967573","3.56221152744967","3.74743042013126","3.83627432003306","3.77297286075371","4.08344178016003","4.40887614120901","3.95679331426956","4.57693038576044","3.86674177682683","4.5795248415003","4.47755937797141","4.47902062888043","4.59501150061179",
"Bosnia and Herzegovina","BIH","Total greenhouse gas emissions excluding LULUCF per capita (t CO2e/capita)","EN.GHG.ALL.PC.CE.AR5","","","","","","","","","","","4.2757603729626","4.32818918374033","4.18899812409261","4.46084968369409","4.77311438869295","4.86650294787131","4.81654377318611","4.9144707089639","5.06674447801012","5.20127391632023","5.01308207016348","5.46967329849288","5.66641396792305","5.95468881788177","6.14891831892458","6.34664891912089","6.49613776803225","6.09988597449892","6.11656749133065","6.15769162849745","7.38915968252855","6.68210139955584","5.40221356552755","5.01177877116606","1.75857059568177","1.76686500353648","1.87306818715509","3.12565716172829","3.84383262303404","3.90847649265611","4.77610426150863","4.64299267030639","4.89584293417243","5.00674520638034","5.41750070695706","5.65876714545832","6.24026646505575","6.63092162701972","7.11199165861103","7.18092249227665","7.45355075414433","8.47090088775503","8.07585488512206","8.14291003885779","7.82253510617199","7.91418943249489","8.99869651710638","9.28992539990585","9.52344257454975","9.13247605090131","9.23664031904476","9.35364249268161","9.38382464813739","8.85361183244466","8.73087581808408",
"Belarus","BLR","Total greenhouse gas emissions excluding LULUCF per capita (t CO2e/capita)","EN.GHG.ALL.PC.CE.AR5","","","","","","","","","","","10.4135287610619","10.4570243284681","10.9295624927631","11.5988165844106","12.257522980206","12.862773566777","13.2025502072043","13.466511677058","13.8194015748032","14.1043927378965","14.387555739915","14.4671369721936","14.4596153846154","14.481530021335","14.372946518668","14.2954385964912","14.2429552922434","14.2348036791613","13.9781262327416","13.6182890855457","14.2277307635386","13.7424968486519","12.5747934462686","11.1649615931165","9.85259053159029","9.03211952405332","9.04877952991904","9.0850317466891","8.96468741992003","8.75058269199813","8.51539288609475","8.42008233025793","8.45891176040094","8.55646092392487","8.96551809191763","9.10214959465186","9.45651417960205","9.36928567685669","10.1115503435406","9.83566559416652","10.3884229967705","10.1606454608359","10.3543768516782","10.3985498153118","10.3163195486275","9.78620190768999","9.68420421233536","9.88045339729225","10.242578891245","10.0244825822489","9.77809907769251","9.87807152528034","9.66648392713927","9.47159266347639","9.58008915067063",
"Belize","BLZ","Total greenhouse gas emissions excluding LULUCF per capita (t CO2e/capita)","EN.GHG.ALL.PC.CE.AR5","","","","","","","","","","","2.0002319109462","2.08379137657262","2.19529019217813","2.21677409150223","2.19916526894722","2.29777508493945","2.21113607164592","2.28130726265206","2.26438762048258","2.22829232484931","2.20043843322166","2.11982310163591","2.07016807824422","2.18174373148557","2.07817850091225","2.0208063688979","2.13662461057331","2.01531475796379","1.92316474483388","2.10712032472209","2.38917171010946","2.43423866552609","2.3792693590529","2.22624703697243","2.19541228647343","2.05392219294035","1.9095620750321","2.27964644095546","2.29334778148357","2.29941774400474","1.95640347343635","1.98366206482835","1.97453995757962","2.02668890742285","1.89150790612762","1.92220383153816","2.19363758258707","2.22728807835191","2.20560452883254","2.33290895481328","2.4072194725913","2.26521396403278","2.1419557793633","2.28553363756378","2.11106748480324","2.21814987666031","2.23386024321027","2.29446787530613","2.25365966556732","2.56875455188698","2.3476761204876","2.38348181086947","2.41698594354076","2.4353816290689","2.48086661295891",
"Bermuda","BMU","Total greenhouse gas emissions excluding LULUCF per capita (t CO2e/capita)","EN.GHG.ALL.PC.CE.AR5","","","","","","","","","","","3.08495127004835","3.08704164844983","3.6607768498002","3.67733162089676","3.30594089264174","3.92252818611305","3.59330952828416","3.92333370841304","3.91907319720761","3.88100977259562","3.84178264676839","3.31870289090135","3.27284093625315","3.34994614527995","3.56903333393754","3.4655336921886","3.37812449677038","4.90713587487781","5.65089331381506","6.88266904724396","4.89758334925902","4.42880794701987","3.55950485387026","3.89859902067465","3.84329492854005","3.84033867553674","3.88878671860632","3.96164647622846","4.02051485017893","4.03769386820234","2.88545897644192","2.84481225855464","3.10900840011586","3.18661238098291","3.21157381504276","3.41726331903494","4.15380208167553","4.88017774956356","4.88783570300158","4.30268229371509","5.31816398587681","2.81957541618941","3.20994249442227","3.53603674458112","4.73484550362826","4.07475103995966","5.37597125250201","4.94038818459215","5.15423540286068","5.14764378305021","3.72774999223385","4.18883801509714","4.38153484995907","4.58746792791122","4.72956247292531",
"Bolivia","BOL","Total greenhouse gas emissions excluding LULUCF per capita (t CO2e/capita)","EN.GHG.ALL.PC.CE.AR5","","","","","","","","","","","5.83619643530188","5.92954241510312","6.76403849382355","6.934198199666","6.74099920855753","6.34188859685542","6.45838977143709","5.89113628395182","5.96058627323554","5.46764795149009","5.22716143708","4.74009567417994","4.86028120559221","4.90065148168988","4.51981799044488","4.46288565557259","4.01991368457648","4.10321806316105","4.12377543848972","4.27262958970553","4.12753350494282","4.30088695654802","4.39125498496972","4.61085906880612","4.79264355749638","3.73837602969316","3.67267135193679","4.14905912168366","3.77630363723889","3.61130030641365","3.48526188759292","3.26620156257426","3.34318125512971","3.40107395008121","3.48852659635668","3.49381043450132","3.55376026249125","3.70091348715047","3.76193626991679","3.83963100054661","4.10716784787787","4.12383735553698","4.23237132442617","4.33522413253393","4.36608802671758","4.39268232785172","4.48218339502076","4.47551770725545","4.47274539708845","4.48924403665511","4.16738777514008","4.47214459478478","4.58982306593093","4.67266065394937","5.13619448149024",
"Brazil","BRA","Total greenhouse gas emissions excluding LULUCF per capita (t CO2e/capita)","EN.GHG.ALL.PC.CE.AR5","","","","","","","","","","","3.52644617859542","3.50376659748636","3.62920942943387","3.80472793943013","3.97345410003409","4.08285147779588","4.30964220132717","4.36684761798889","4.38317189491414","4.47966313732526","4.60031004197011","4.38095663070962","4.3414182384609","4.21150301035726","4.278382784885","4.32785687875997","4.46874599933481","4.49906914671962","4.52151826386036","4.50543078402532","4.35310426408044","4.45767221293871","4.52312651222172","4.61581844122071","4.72668616230737","4.88317459750984","4.83831587778823","4.91253720209277","4.9294123944625","4.94666725292722","5.00139462358328","5.00337198493195","5.06727364492225","5.17332462685972","5.38342920580059","5.41802582073222","5.38206473778154","5.43196816671362","5.55561112065348","5.37383414888522","5.73059393745119","5.8716801693265","5.99366166878418","6.12632769489827","6.24039037144425","6.11488755115816","5.94586563282444","5.95612301493021","5.80242245808118","5.78584919281396","5.73183731329906","6.09489481317549","6.07942558480682","6.14363086716443","6.12824974062443",
"Barbados","BRB","Total greenhouse gas emissions excluding LULUCF per capita (t CO2e/capita)","EN.GHG.ALL.PC.CE.AR5","","","","","","","","","","","2.42715137517192","2.4637995248186","2.67125427584936","2.69932327162615","2.51936979866575","2.70448890215985","2.60298597688533","2.81171262111229","2.82725968093945","2.84475999824889","2.88759720742355","2.82078725175407","2.74047294494162","2.77174084223125","2.75498195512318","2.98686576499101","3.09253442860594","2.91667800325716","2.95542804824587","3.2594756478852","3.31113534584774","3.19077159149179","3.13370500293929","2.97593735513951","2.92332390490024","2.9636809787856","2.93498650317976","3.30269215524864","3.55591458488927","3.68433282415996","3.20266500803242","3.05268171858626","3.13914926480609","3.22941123351996","3.19119484620162","3.22508615364004","3.34849371486137","3.21577069387514","3.64484404907706","3.66040062307796","3.71017609893803","3.18680085029641","3.03280878752645","3.32775106693318","3.0928909135327","3.27108498512492","3.45996752480347","3.13308657926766","3.47902290968291","3.7950691127888","3.07243927894412","3.0165126689279","3.15530713592474","3.14837640258415","3.2290497651053",
"Brunei Darussalam","BRN","Total greenhouse gas emissions excluding LULUCF per capita (t CO2e/capita)","EN.GHG.ALL.PC.CE.AR5","","","","","","","","","","","20.0846542053308","18.5540998107612","22.0263170850066","26.8055018355285","26.9462058484436","26.9804516986145","30.7162896453086","30.7507812638457","30.4104434939731","28.3845650752126","32.216258039557","25.7541267964392","26.7004768753312","27.7438324517317","25.9797506389935","24.493077348243","22.7431069118524","22.1662533139485","22.8198561306364","21.9669117647059","22.9212039546872","24.2715045164435","24.4115935798754","24.9351015088222","24.7779760710477","25.1529044111334","25.7912135069533","26.8620984407597","24.554636106087","25.5291771416764","25.9974756758082","26.1884834030809","23.2217677793819","25.7101809674097","23.8312209027205","22.5423218803285","31.0522317866085","29.1442083947874","34.1610352759315","28.6227893347742","25.4353455746664","26.7355886116042","25.4994982209652","24.9969601315169","25.1642471505699","23.1570869610527","23.8216968687729","23.5294797260451","23.7820058929673","22.7751423149905","28.5102502436277","27.7478797753481","26.1475283835123","26.2800441879163","25.6428819958463",
"Bhutan","BTN","Total greenhouse gas emissions excluding LULUCF per capita (t CO2e/capita)","EN.GHG.ALL.PC.CE.AR5","","","","","","","","","","","1.73079914950993","1.70482846769065","1.68925465688056","1.66927612999517","1.65130763878282","1.62305797572931","1.61430949298528","1.60198550195461","1.60718383784544","1.59589694656489","1.58097294902677","1.62291553157852","1.62945825270009","1.63909018556528","1.62769083411799","1.65443201309226","1.62819172877839","1.70768300105262","1.62158474360217","1.59644761204074","1.91943823637718","1.70928200818961","1.71554967859405","1.84270732485627","1.97548408738009","2.28526485020685","2.32732732732733","2.31198664034351","2.30614556534108","2.30887141486391","2.26249574860563","2.23430485564691","2.24820590350235","2.25134593037388","2.22536830713987","2.38477635167292","2.48136923281043","2.48526098482114","2.51737084960902","2.71704986253365","2.8623266897747","3.14755059721418","3.03731184099911","3.16584237935233","3.19339170334684","3.41728124350205","3.58834336632498","3.67131314336469","4.0389123393076","4.07400918381222","3.52906340989551","3.68061054211663","3.58490179456381","3.55131392384138","3.54543892541477",
"Botswana","BWA","Total greenhouse gas emissions excluding LULUCF per capita (t CO2e/capita)","EN.GHG.ALL.PC.CE.AR5","","","","","","","","","","","5.77401945339418","5.88661423092488","6.59970083884018","6.64706747924612","7.19208459285022","7.62875149226797","8.33412435992765","8.5939512790561","7.8028682149548","7.44070920507196","7.37857139047558","7.38250467012235","7.30657535305256","6.78448425015079","6.31849473081963","5.82764752282866","5.78193253780209","5.69712141845131","6.36240606859219","6.58369769041955","7.10012131460922","6.17228467769103","6.18028699313712","5.88410093548762","5.75997775377511","6.2990213739195","5.57700496251743","5.59709255827004","6.00199514717478","6.30043782053195","6.52779152274199","5.9845677101645","5.7536181131764","5.3323241743142","5.21667867455092","5.50879216382399","5.34500639098306","5.33575484734468","5.58829110191439","5.16111887788703","5.23881873640937","5.46337534693169","4.69919383178643","5.51819466880181","5.9182963144393","5.99031531725755","5.53898914253598","5.66600507246728","5.9818427838919","5.3259253637199","4.62890560608379","5.10381058706002","5.13633390330392","5.08324987380274","4.79850575474022",
"Central African Republic","CAF","Total greenhouse gas emissions excluding LULUCF per capita (t CO2e/capita)","EN.GHG.ALL.PC.CE.AR5","","","","","","","","","","","0.749461860639188","0.768404585677928","0.796329648419773","0.818236053060007","0.846326109200128","0.853272115323115","0.874065280686172","0.932602310224069","1.01907412172258","1.25320056077373","1.320446351511","1.35555087512034","2.61444738022833","2.63182889249976","2.432132554183","2.46803838008837","2.64613412961069","2.56463187787895","2.4499947493796","2.67265811053998","2.64656622247912","2.73384334658144","2.64218585466147","2.38802548198309","2.51427736548766","2.50919041878681","2.54307014186699","2.22218761502959","2.52514104419968","2.40461730281945","2.39167885770811","2.45014207216404","2.13695343349616","2.36317249991835","2.15673152189001","2.27394079010262","2.24242669292776","2.43306287350681","2.38921654473892","2.26347838739585","2.43107325959633","2.59446780201011","2.51118666241004","2.48264967035505","2.47796863718538","2.56594921068321","2.68366660917422","2.53290333536316","2.55590831657155","2.48235333851194","2.50722750917713","2.4953150368733","2.56549626238638","2.47994098308349","2.522056244126",
"Canada","CAN","Total greenhouse gas emissions excluding LULUCF per capita (t CO2e/capita)","EN.GHG.ALL.PC.CE.AR5","","","","","","","","","","","22.2120896642281","22.0028319783889","22.7340703090038","23.685918635953","23.7449331854143","22.7563168998338","22.9459064227733","23.5669392231922","23.6169472002553","23.9866596941088","23.88936022014","22.8011175703059","21.7860637652466","21.6354506982471","22.2787331287204","21.9179652316397","21.1948087296235","21.5384048785702","22.5500151221942","22.9777443313417","21.325075191926","20.9039312461703","21.2425008628449","21.191180098257","21.8579692471169","22.176015400287","22.5516880693009","22.7844440845012","22.9098768559544","23.0698168491951","23.6067057879998","23.0637743543819","23.5248100565324","23.9304901094766","23.353546048229","23.7936692213303","23.430569460566","23.8606774337082","22.8819707393966","21.4224894989065","21.8003363063271","22.0902797998825","21.7398903218772","21.8203151153764","21.907559239744","21.5310267070552","21.191580813088","21.5056228506851","21.823642353845","21.4123292279502","19.1569101160026","19.4281574850789","19.5542400498213","18.8416580754308","18.6022029955533",
"Central Europe and the Baltics","CEB","Total greenhouse gas emissions excluding LULUCF per capita (t CO2e/capita)","EN.GHG.ALL.PC.CE.AR5","","","","","","","","","","","12.3669298416532","12.506983220739","12.7539917156485","13.2084788970088","13.3068699016782","13.7664421481775","14.1935614673703","14.5732394400124","15.2297710391336","15.39567350271","15.3080068956535","14.642981451813","14.7783596419135","14.7676846029713","14.8643030458652","14.8269172138561","14.8104880668978","14.9483548537498","14.7777050801207","14.2621824009103","12.6486448892793","11.5942063882684","10.7870231193205","10.4593163965399","10.1802597042904","10.2016037137323","10.485857057119","10.2168162451919","9.60017151487289","9.13953427748856","9.12440161086128","9.277911198269","9.17035698783554","9.50959269862338","9.53661182332466","9.53849369991078","9.77775211682895","9.85896036646782","9.64997170574551","8.94976096243839","9.29468445308941","9.34009105032484","9.10563174684561","8.88813217085841","8.74122697224542","8.87644642414465","9.0194913704015","9.3211793397222","9.30091826043292","8.92979907754509","8.51052123175715","9.10942699365741","8.80117250930584","8.0561043723407","7.87560104132676",
"Switzerland","CHE","Total greenhouse gas emissions excluding LULUCF per capita (t CO2e/capita)","EN.GHG.ALL.PC.CE.AR5","","","","","","","","","","","8.18700970752209","8.44289896721585","8.49851045111961","9.06609387433417","8.28423669518033","7.88976233357608","8.23326728551065","8.3428193519237","8.54927410216727","8.3420964624708","8.43957218777455","7.97792093702403","7.56859040925732","8.18391614721381","8.08622968658921","8.53406260697812","8.47554566917851","8.14605599970421","8.06728136347546","7.97711779545148","8.03726413401555","8.29221800423472","8.16582220228631","7.7256634043237","7.52537070360226","7.58947244778812","7.63904777392054","7.41790059002052","7.61355729767127","7.59726600999357","7.44911438215541","7.61084525358327","7.32903366799121","7.44560465382141","7.47380279784157","7.52020104570119","7.38439168490796","7.05049332436512","7.16841392972374","6.8892515861981","7.0462416879225","6.46144190421159","6.56355037307764","6.64407233909886","6.11710185648451","5.9702892737802","5.96526737604525","5.80258263289414","5.60848658772758","5.54563815992014","5.2294080445539","5.39027538024384","4.97725441513176","4.82346254655566","4.77397240955665",
"Channel Islands","CHI","Total greenhouse gas emissions excluding LULUCF per capita (t CO2e/capita)","EN.GHG.ALL.PC.CE.AR5","","","","","","","","","","","","","","","","","","","","","","","","","","","","","","","","","","","","","","","","","","","","","","","","","","","","","","","","","","","","","","","","","",
"Chile","CHL","Total greenhouse gas emissions excluding LULUCF per capita (t CO2e/capita)","EN.GHG.ALL.PC.CE.AR5","","","","","","","","","","","4.96761718026308","5.0890531095784","5.25770938402178","5.08364213941446","4.84156539182055","4.46278748962546","4.39673338438093","4.13527067646696","4.12301597779229","4.30222670124347","4.46224763328134","4.34801185780938","3.96991986811377","3.90027122589147","3.92476637554245","3.69095511724872","3.61476772341125","3.59664272897503","3.8406470932866","4.17950655334599","4.07693551085436","3.90370979933308","3.97345198200853","4.08913426456836","4.28996938864463","4.57909791172958","4.99906814462233","5.38148034004369","5.35042143275436","5.50768823641112","5.2222333665621","5.05219732732698","5.03193828953031","5.11463765554687","5.40142464578143","5.38799902965225","5.41854402955444","5.89136087333289","6.09300867724355","5.81800499960875","5.91358803883068","6.46663726724626","6.63444320459265","6.71260019926493","6.21079763179925","6.46303322459326","6.67431023033005","6.71372844507542","6.71070863571961","6.94340439168269","6.51275353855405","6.53822554649812","6.62445463712131","5.94325146937751","5.97633536963317",
"China","CHN","Total greenhouse gas emissions excluding LULUCF per capita (t CO2e/capita)","EN.GHG.ALL.PC.CE.AR5","","","","","","","","","","","2.09506290364957","2.07703699300325","2.11728385323017","2.1327230877384","2.11214694285556","2.27985246536701","2.3121943514723","2.47765224626506","2.66518226456731","2.68998199183699","2.63437759558108","2.58010685340859","2.64021355700306","2.71845100702622","2.8673836954163","2.84536183209012","2.9360617366117","3.06238165741881","3.18692165246045","3.24931712331829","3.27060672929963","3.34165418238065","3.40358704515996","3.54004938732562","3.65369451308277","3.95261529395653","3.91852852038931","3.89783793671118","3.94401381714824","3.87184232898418","4.01054310594031","4.13183512206628","4.36178623867541","4.88426334989134","5.50240865690643","6.11664774644862","6.68131599823039","7.09951429752975","7.2292754717266","7.65956477322236","8.26942008888357","8.96393476749676","9.17121452676508","9.49840673689152","9.54557855757876","9.37127070862261","9.3047845855641","9.42590754289275","9.7956385269041","9.98253391061591","10.0844940826306","10.5259945056501","10.5209347991573","10.9248416754684","11.0265417768236",
"Cote d'Ivoire","CIV","Total greenhouse gas emissions excluding LULUCF per capita (t CO2e/capita)","EN.GHG.ALL.PC.CE.AR5","","","","","","","","","","","1.11525922158961","1.09078817625894","1.11171162878216","1.09296058298992","1.07646565360793","1.09698556601046","1.14646474235182","1.12965808288776","1.18929967000433","1.12770170888936","1.07806937450932","1.04290304228457","1.04158808505135","1.1551273280056","1.09870808980577","1.04791771471552","1.0019139123508","0.959851080152698","0.919674162446412","0.852644646384302","0.815240441622481","0.808412574395669","0.786875459742991","0.772913357072983","0.80359337003798","0.813769116152768","0.870323044891205","0.917139906911935","0.869943905249824","0.953465495774699","0.922317436619597","0.909405309327351","0.927907396987076","0.828807884241921","0.850160755294718","0.876788839481339","0.86379379136471","0.863462586204322","0.883969133473571","0.837205665621417","0.881369739904256","0.889587503263424","0.981166040356622","1.01669293048911","1.03096150243432","1.04470976428981","1.05820429517336","1.06329272640952","1.01610560055823","1.05737560683927","1.04237011847888","1.18273995422901","1.20153964786711","1.17850246299981","1.19078180372597",
"Cameroon","CMR","Total greenhouse gas emissions excluding LULUCF per capita (t CO2e/capita)","EN.GHG.ALL.PC.CE.AR5","","","","","","","","","","","1.19999199974325","1.1739464115133","1.11165598530426","1.08640408423448","1.08418850522751","1.1459595085655","1.15656014073248","1.25395994946964","1.32890726206611","1.56614833097704","1.85924492779145","2.1076458050739","2.26205874215472","2.49585557735603","2.71546049541756","3.06707929844403","3.02193503958414","2.92149583410031","2.59950240375077","2.76591886842783","2.65489544884269","2.51134378658768","2.35375388346486","2.22560579985754","2.10052764668884","2.0893262297186","2.1281190557533","2.03579414446846","2.03010139372182","2.0216810302689","2.05818141681371","2.01250335576169","1.88309098429","1.87837632129027","1.81269820686173","1.77487089883367","1.68619451389361","1.68427563239146","1.62538004623223","1.62549138133179","1.55075745627455","1.49233621637951","1.48823166540675","1.5367265765259","1.59984910171595","1.69366071363461","1.66193111746781","1.5647239556077","1.5387007448849","1.5248080899879","1.51063933854441","1.48003262624073","1.46016843551448","1.42242431955775","1.39480349779204",
"Congo, Dem. Rep.","COD","Total greenhouse gas emissions excluding LULUCF per capita (t CO2e/capita)","EN.GHG.ALL.PC.CE.AR5","","","","","","","","","","","0.482742688791165","0.48140256496451","0.48201604053614","0.479125916583382","0.482249825348084","0.476732194520149","0.665428351325817","0.643557750752289","0.5968745499934","0.617075540714176","0.586696189475394","0.587985352274312","0.737217161717103","0.78478783758333","0.869080165465584","0.753895369158737","0.768816033226638","0.782548278465862","0.790102549092056","0.68812219146092","0.690553279226459","0.607037680954902","0.602642286007947","0.626610819036915","0.547499657258486","0.539806449626617","0.553802351830369","0.516320890711434","0.517986113460302","0.48932419173638","0.521685497357003","0.467401942345301","0.43228415782514","0.442824134424868","0.439220915790329","0.436739834969961","0.432826973407707","0.432224258004673","0.429911702727588","0.416706042054661","0.420092236869667","0.421720403180773","0.502387439929043","0.511418517062974","0.519553770493317","0.521462616194864","0.509208260023966","0.510136271898807","0.500941479379516","0.503430745302275","0.51701011599146","0.532975988082252","0.546676342994843","0.540704654972608","0.535264451068125",
"Congo, Rep.","COG","Total greenhouse gas emissions excluding LULUCF per capita (t CO2e/capita)","EN.GHG.ALL.PC.CE.AR5","","","","","","","","","","","1.76676650176941","1.90730438246293","1.9898174733664","7.4758750195608","9.97458764166868","6.33927298295301","6.18272878585674","2.84053109451571","2.55009899381553","2.57648206006741","3.02911177511024","3.52168381058735","3.87342116696241","3.86562006972186","4.51786621642708","4.30109876555799","4.13566524977341","4.30264079290195","4.5685432760306","4.71650159624267","4.5800147864368","4.40293659759867","4.30984355805697","4.3145529847514","3.66968633189982","4.41315588764489","5.54184347235464","5.64964669364395","6.63248489783917","6.57650136471215","6.87633375590423","6.17536180645169","3.9529409798521","4.34500093303263","4.53273179988299","5.3478620915038","5.67161332034193","4.70014546167123","4.50419920471947","4.71907650601382","4.9311228091406","4.58276894668748","4.29486652111086","4.0721426514057","4.062035258085","3.93331660644529","3.78203233065315","4.00328087533365","4.57796093390658","4.67692459986458","4.37255586027721","3.95405234358811","4.04649199085882","3.9490626139739","3.88807068289225",
"Colombia","COL","Total greenhouse gas emissions excluding LULUCF per capita (t CO2e/capita)","EN.GHG.ALL.PC.CE.AR5","","","","","","","","","","","3.94832600110841","3.98468584221395","3.98148670530203","3.98563087901685","4.01445789949832","4.10133904804888","4.18828097461692","4.19716421108022","4.25125720746778","4.17809463110958","4.120228628798","4.08763555577085","4.08042100302319","4.02853019380722","3.93941351178957","3.9286269490684","3.94981617927601","4.02994911353697","4.01390930650573","4.05567624831089","4.07628911023586","4.04252511271551","4.11971112692377","4.16978681486706","4.12663785915329","4.19250710982832","4.12034804291339","4.24535619843017","4.22191478048426","3.84213044784479","3.91590581861816","3.87450917622191","3.78445904592423","3.74395519562306","3.70377359975723","3.74009319048977","3.66373690581387","3.72874998143881","3.70992738193417","3.79010299189721","3.8813891470367","3.91639884511609","3.83429277530027","4.01724456521362","3.98045081899707","3.98221500815202","4.02155576793319","3.88783729298563","3.9955214197646","4.02928108598253","3.94322559410778","4.1552352337326","4.05429330550901","4.11834586516749","4.11421182432227",
"Comoros","COM","Total greenhouse gas emissions excluding LULUCF per capita (t CO2e/capita)","EN.GHG.ALL.PC.CE.AR5","","","","","","","","","","","0.793251018694842","0.784547277311258","0.770541032078961","0.762964065173722","0.760226557583386","0.752540911808462","0.754189380852194","0.746149769652675","0.740034247437738","0.735529651515752","0.713606793773559","0.69116995123524","0.664727179053534","0.647272984726318","0.632882900775083","0.60718111404087","0.560205149780376","0.626158820190089","0.613488203335649","0.606091391655103","0.701085929697973","0.660292038739475","0.641564523029887","0.642836333236222","0.644208552667057","0.655338717370655","0.665188025814104","0.665646533813071","0.696481009374812","0.73399938389689","0.782345918519624","0.774825481524798","0.77971384251498","0.807654642522438","0.825721882404805","0.81730858460848","0.852248769332273","0.753897949028005","0.748919049049192","0.788382841574149","0.816998454574886","0.79184978504796","0.795886331294104","0.835976282404854","0.801823744945559","0.8154873796241","0.852723524788302","0.928014759425852","0.851229279798857","0.880014442305785","0.928988248024404","1.07055467418911","1.10226951238809","1.10173368125336","1.09551041508006",
"Cabo Verde","CPV","Total greenhouse gas emissions excluding LULUCF per capita (t CO2e/capita)","EN.GHG.ALL.PC.CE.AR5","","","","","","","","","","","0.79302499261858","0.769947559225427","0.770379237758334","0.770305554536633","0.789899857884126","0.800073239233996","0.816596920392303","0.833349316250791","0.842962292857437","0.931826718417428","0.918648565887517","0.885781738987207","0.522054315288347","0.503770131554787","0.544809564823871","0.555035769291667","0.363882013669702","0.432687194586092","0.494854124290355","0.524737427372805","0.574544253492014","0.624827736839095","0.682739600676131","0.676427052106527","0.655489142623127","0.712741327516599","0.672727400894307","0.697091945896238","0.732859767522238","0.766820672804517","1.16739500173168","1.22899978926466","1.29794495617134","1.1489639467408","1.21096439076288","1.65527761458623","1.74169804861349","1.89705556339306","1.82944221160655","1.79455922361555","1.87510788883135","2.1122423242291","1.86891426004239","1.84040216701645","1.93099706046541","1.96957809810419","2.05831970875264","2.14216220537227","1.95533827410574","2.04413892908828","1.64024566768802","1.68896097737536","1.75048726192469","1.69049893649812","1.73869306523243",
"Costa Rica","CRI","Total greenhouse gas emissions excluding LULUCF per capita (t CO2e/capita)","EN.GHG.ALL.PC.CE.AR5","","","","","","","","","","","3.24446191819349","3.23509337111916","3.33780816489943","3.52590071230165","3.43687596309746","3.52885408886716","3.48081315818145","3.73823426038254","3.82568414358956","3.81458764060881","3.64698387414547","3.58897142719905","3.34195973868883","3.3805713959832","3.36287929764451","3.23210889990642","3.1719967514028","3.09593220725696","3.05680092638295","3.07888720351058","3.07360782853991","3.08552684174761","3.37175094039506","3.29027977979672","3.3321047473836","3.09973251685348","3.01573937424375","2.95306683855115","3.03819513286057","2.91362136826561","2.79045919498474","2.7781360042924","2.73616466353674","2.79891388388473","2.82287614658585","2.87766002384282","2.9693798682816","3.18290197267369","3.18083825969763","3.09974396588642","3.09633838034646","3.15143737311091","3.02926670917727","3.06871265887174","3.08202920883662","3.00761430275145","3.1173014659139","3.15862831727821","3.22688327808726","3.17086347519468","2.84997775270543","3.04897956279738","3.08652603967322","3.27619588582957","3.32888881091481",
"Caribbean small states","CSS","Total greenhouse gas emissions excluding LULUCF per capita (t CO2e/capita)","EN.GHG.ALL.PC.CE.AR5","","","","","","","","","","","5.37801017167111","5.33516909317275","5.26686039156622","5.52294477428473","5.4453508276636","5.35533023644438","5.54190771172275","5.97687678957192","6.03714744954733","5.92341136509032","6.20378354540499","6.16336296919968","6.29900359182183","6.11858468323122","6.29296674468895","6.34124234896915","6.2385143277704","6.22587505138011","6.46026750611877","6.50201999829959","6.53544002939576","6.63139161963856","6.66360359830493","6.5637151433568","7.09252814836896","7.02852565006031","7.30317477561799","7.31770918977345","8.28370908728542","8.34909249880708","8.33002841847628","8.95979947264757","9.25998731958527","10.2519137297303","10.7381102978531","12.5555752014833","13.537579466767","13.7703578194398","13.5330085144944","13.2238812664596","14.2039639760527","14.0406564269846","13.3156751477198","13.1203551603901","13.147695137297","13.0415644555376","12.341555001655","11.9726119638857","11.8528252418858","12.2841444799999","11.52465116738","11.310808460591","11.603269509996","11.314288976049","11.3314871361031",
"Cuba","CUB","Total greenhouse gas emissions excluding LULUCF per capita (t CO2e/capita)","EN.GHG.ALL.PC.CE.AR5","","","","","","","","","","","4.81444479624749","4.5474566729238","4.37779232566457","4.51549637138738","4.69670796911048","4.74761612308204","4.90155823037386","5.12410296379518","5.37151023787117","5.44968404815763","5.46828307289616","5.49908013954263","5.39972990152714","5.58527222329318","5.83143615611926","5.51057827982202","5.53392552912869","5.76791750093998","5.87565785469277","5.96356696603316","5.55238111630967","4.63803598553413","3.98230970513919","3.61119712691533","3.68820710524075","3.76260301489324","4.00106367354162","4.21551902384575","4.09931858665636","4.12976428415956","4.14325757358218","3.98928332866122","3.85247290563885","3.76038538428029","3.67567371335404","3.68583360399426","3.79867979483178","3.88456130055163","3.83179347917535","3.87341199015221","3.9425677161905","3.92562237586261","4.02474525962838","4.07231544727565","3.90876125033505","4.09876129317215","3.91818926481757","3.83272185236813","3.87036103121032","3.48123146564721","3.08544271235503","3.39343012980922","3.1643372134447","3.18512883610614","3.27745092958577",
"Curacao","CUW","Total greenhouse gas emissions excluding LULUCF per capita (t CO2e/capita)","EN.GHG.ALL.PC.CE.AR5","","","","","","","","","","","","","","","","","","","","","","","","","","","","","","","","","","","","","","","","","","","","","","","","","","","","","","","","","","","","","","","","","",
"Cayman Islands","CYM","Total greenhouse gas emissions excluding LULUCF per capita (t CO2e/capita)","EN.GHG.ALL.PC.CE.AR5","","","","","","","","","","","3.43253779594942","3.46909353036583","4.01224073444407","4.03601865251648","3.71358853134055","4.30084131128518","4.00581154005812","4.35617345249917","4.36828384307242","4.33612623081157","4.29182036418994","4.19994414967886","4.05866666666667","4.33717726298602","4.16055539258825","4.12680547739636","4.3564445645808","4.65479131452347","5.03110517306167","4.96100345742542","4.99249971152737","4.68967538653184","4.57007092694176","4.07993061115559","4.56430211788722","4.57807775707785","4.37571390914682","4.32715302591228","4.28199989166351","4.19496395360986","3.81106014014216","3.6725157584755","3.85520063978925","3.91723949560705","3.55882871758688","3.6163118748397","3.88538729474208","4.6390403928593","4.86989501671522","4.81204150670873","5.05554631324054","4.04812430313276","3.78745449453934","4.1377546671213","4.30186170212766","4.51640115505662","4.61965134706815","4.80204540172","5.13944283526182","6.318416088642","5.28944150020383","4.93239002681577","5.46437401349332","5.37665324899367","5.45146863290221",
"Cyprus","CYP","Total greenhouse gas emissions excluding LULUCF per capita (t CO2e/capita)","EN.GHG.ALL.PC.CE.AR5","","","","","","","","","","","4.58432054565168","4.60683433988227","5.30932755274459","5.4505155893125","4.35534501111188","4.27036495022027","4.92695217149624","5.16383576100171","5.33344043650493","5.58276965946374","5.81135920453946","5.5873698818249","5.65587504325216","5.57573615186115","5.59726079957294","5.45237987793955","5.85381608251862","6.55113707877078","6.54694708542418","6.78063337706774","7.07984133970782","7.66211399046742","8.05475719481058","8.24966042559991","8.39762888807068","8.09729974092814","8.38621363414329","8.31168223466077","8.52016515262184","8.66796100657837","8.79749954361606","8.56992906536172","8.65014672318226","9.17306095499155","8.96357607761267","8.91134593316997","8.8694426688467","9.01004368359134","9.05267152203522","8.72900048766373","8.2934627634295","7.96925929770177","7.38289183857518","6.6936679350787","6.93933521439906","6.89338762872058","7.13654058807933","7.20169021944948","7.03088050477794","6.97684178783854","6.61387586225962","6.6471116495826","6.80156530491148","6.77171934666492","6.87868940323143",
"Czechia","CZE","Total greenhouse gas emissions excluding LULUCF per capita (t CO2e/capita)","EN.GHG.ALL.PC.CE.AR5","","","","","","","","","","","22.3263151584118","22.4910410952073","22.4081826318614","22.1060290058743","20.3136239534046","20.9505280048357","21.3901347815743","22.4260915276749","22.1171873184576","23.0192722918916","22.3010865576761","22.3475235547164","22.5066520753719","22.5935832502894","22.8958492917813","22.5719489706899","22.4157330911418","22.3772672300204","21.9846095845248","21.2086147875875","19.3143078893544","17.4608078825227","16.6865633833418","16.0454236772927","15.2902375525556","15.2016998131062","15.7133216761489","15.3813650078789","14.7713318722762","14.008018389982","15.4204903470608","15.4839792670853","14.9483235911721","15.2542407797216","15.3273955019177","14.9977926233271","15.1239707761719","15.2144496441731","14.4772217098718","13.7143793297852","13.8498206581564","13.584070560384","13.1549927051119","12.72344866102","12.5327269495248","12.6612225476835","12.7466466130347","12.7877099285493","12.5926534968064","12.0123183659471","11.0533996618762","11.7578127528372","11.4238054714163","10.0177355720827","9.20485486144556",
"Germany","DEU","Total greenhouse gas emissions excluding LULUCF per capita (t CO2e/capita)","EN.GHG.ALL.PC.CE.AR5","","","","","","","","","","","16.9544179940027","16.826800896844","17.0540920032332","17.6964910071069","17.2617716977073","16.5089567454904","17.3855721980496","17.1167052674921","17.6659232682757","18.3426334392942","17.619068713167","17.1249820505985","16.4962016313712","16.709717231463","16.9868281232852","17.0320610551812","16.8786726826906","16.7082854144763","16.5473376996054","16.2610518993068","15.55565632528","15.124456631883","14.2213819162236","13.9596090573946","13.7377565664765","13.5959084038379","13.8840474443511","13.3989073974498","13.1521766222477","12.6351428704054","12.5666713229491","12.6490995589856","12.3889531503757","12.4115324056788","12.2055931764237","11.8930953584227","11.9871260295008","11.661847686683","11.6710128840793","10.9025048586238","11.4862003256909","11.3427977929313","11.4569595389779","11.6377972488395","11.1039199827123","11.0696757881166","11.0131834674826","10.7729106845661","10.3648488593956","9.70050026619583","8.98291216791128","9.29958020376874","9.11766218234182","8.23245107328703","8.0745427438593",
"Djibouti","DJI","Total greenhouse gas emissions excluding LULUCF per capita (t CO2e/capita)","EN.GHG.ALL.PC.CE.AR5","","","","","","","","","","","6.76838298605132","6.43242058580858","6.0358723895679","5.7982953112654","5.76388924942761","5.57005926405854","5.28090423295787","5.09204164751996","4.78589870407205","4.91440431114599","4.6477295397695","3.70736371401003","3.42664200851827","3.0631600879982","2.7121256701549","2.66907051879003","2.51254277679135","2.89129157414519","2.66901674430316","3.80984226767682","3.19340578184692","3.36559487364758","3.13349627002764","3.2210274401908","3.20786328604937","3.29914038485232","3.32429497738869","3.2370422302502","3.17622599206122","3.21118779152134","2.49987287874774","2.43921728273736","2.40807266200253","2.4284620273159","2.36768330178036","2.30573890536687","2.23671479520055","2.23034596948297","2.28556322487998","2.12226297191416","2.16565206594779","1.94305461553221","2.10737659387616","2.1690170020227","2.15225233041825","2.05407556308701","2.00240350097769","1.91725577598899","1.95236042773365","2.04058201043621","1.95677115567668","2.01578954878849","2.06244679429002","2.0715663553477","2.06832762624474",
"Dominica","DMA","Total greenhouse gas emissions excluding LULUCF per capita (t CO2e/capita)","EN.GHG.ALL.PC.CE.AR5","","","","","","","","","","","0.467289719626168","0.493298049818788","0.525264059377676","0.539774739675568","0.538746114135404","0.577057426295934","0.579029951261508","0.61044664806784","0.627028216269732","0.646938691593909","0.66089240999959","0.737127668319952","0.741525423728814","0.750362744420645","0.793827023426224","0.830731489741302","0.841665966445397","1.00953212339665","1.0707002039429","1.12611007369606","1.14179844026024","1.1443661971831","1.14677244861161","1.397030230582","1.58037911826936","1.69284141127697","1.78072323872641","1.75182903072194","1.37868178924831","1.75983737476405","1.66250675074076","1.67232895970009","1.59141106089195","1.69558302082269","1.75384929132252","1.7400413187069","1.7963549690434","1.99718215753773","1.97228919162285","1.99814126394052","2.04040139996224","1.8029629415087","1.73760814838392","1.80305529656458","1.89561337444759","1.97131089333901","2.07597046231647","1.97821770614342","2.02276527708511","2.25839717147908","2.13250854631288","2.13981726734323","2.22667823900877","2.24477522177116","2.30194094101654",
"Denmark","DNK","Total greenhouse gas emissions excluding LULUCF per capita (t CO2e/capita)","EN.GHG.ALL.PC.CE.AR5","","","","","","","","","","","16.2912880468646","15.2702147799592","15.5163198303709","15.3294764630084","14.1971225876296","14.4905335362901","15.3228248415604","15.937484707922","15.8774221001801","16.4460568233941","16.5197060253635","14.1486442053338","14.7300310093575","14.3250577743139","14.146633385626","15.6053817096105","15.7803463466896","15.2752942057615","14.3994482130478","13.3903246584476","13.4258546930823","15.4679647936538","14.2538050845327","14.7072597997004","15.3808550607163","14.7254934819284","17.1997581641451","15.2569985455037","14.4398449611526","13.8157604223685","13.0203183150249","13.267975210043","13.0703128444171","14.0557573275128","12.8943294348086","12.1730284649757","13.4579803989942","12.5749115892188","11.8275905818767","11.3600435987431","11.3793812660168","10.3790059620448","9.47136154197782","9.71591463618794","8.9280097812075","8.48748909779443","8.72624174887963","8.27461673761227","8.22766566625863","7.57261856810531","7.1808092870945","7.38573877279364","7.03934262990389","6.5489178321937","6.40198280339007",
"Dominican Republic","DOM","Total greenhouse gas emissions excluding LULUCF per capita (t CO2e/capita)","EN.GHG.ALL.PC.CE.AR5","","","","","","","","","","","1.96552170918489","2.03988122630262","2.27329449171443","2.25288343694266","2.39217109122813","2.42875847868025","2.4335939822454","2.47676440138668","2.41335010552319","2.47087047761146","2.45531666142146","2.29769242422151","2.29133324255208","2.48246044408815","2.47869309147342","2.26467885999076","2.35156153936993","2.51469084240408","2.47525647873736","2.57117130883517","2.32894887351238","2.39169199708542","2.51242233272651","2.47242372578731","2.6413986396259","2.68547048312556","2.78686610329976","2.97198044843712","3.18333906513338","3.20384011381202","3.21707697523004","3.23744080323999","3.4594540248875","3.15400273032374","3.05055787591989","3.14015102816965","3.33966265300658","3.41619800546932","3.40132224256852","3.31392695300232","3.41481694572653","3.40859560202425","3.45449654438136","3.38311408476085","3.392933449456","3.58524322727282","3.67676229667448","3.56601292434884","3.74554827359873","4.00173746330908","3.86189511550376","4.11924294168478","4.3493862467048","4.3950785724277","4.51372064912912",
"Algeria","DZA","Total greenhouse gas emissions excluding LULUCF per capita (t CO2e/capita)","EN.GHG.ALL.PC.CE.AR5","","","","","","","","","","","4.08488449307476","4.23395070379779","5.67020806439449","6.39834536884644","5.56588290007164","5.13964388137815","5.7880380299552","6.07560745496267","6.39824449387998","6.28990796796856","5.86299133871699","5.32521077271675","5.30906564236899","5.25796747415802","5.32606078920104","5.63608387724331","5.66633864572503","5.41028127733153","5.26150316621606","5.24239546894229","5.20190685538708","5.1107383397399","5.36671742919108","5.34904656838233","5.17693389878589","5.35729106980701","5.21984191530175","4.80198636201714","4.69686814788502","4.7705818472805","4.97271330832009","4.56203414479123","4.48236400711981","4.84638183868395","4.71728426065654","4.80119920569627","4.97264919369206","4.88009213143623","5.02223327303035","4.8165471016213","4.93915757595922","5.02162457982164","5.35164988647184","5.37020569830857","5.58549998340774","5.7180433083058","5.54917011134271","5.55815054601902","5.66004945061214","5.7071830710501","5.3092642672211","5.49307781741463","5.62616512570675","5.6090843863296","5.39792236168481",
"East Asia & Pacific (excluding high income)","EAP","Total greenhouse gas emissions excluding LULUCF per capita (t CO2e/capita)","EN.GHG.ALL.PC.CE.AR5","","","","","","","","","","","2.04978507065332","2.02709210323043","2.04304533144314","2.07108121199764","2.05200374509554","2.17668451843134","2.20573602857739","2.34894690256012","2.50452188226666","2.53167606565069","2.49310499560923","2.45336881726395","2.4919740686573","2.55535018264943","2.66293613561268","2.6517633628908","2.71855848896469","2.80398849934813","2.90565401414199","2.96098217890692","2.99364623595677","3.05794356084908","3.10422741127101","3.20925842040004","3.30207280011094","3.53659685785377","3.53293382235302","3.53421004162884","3.53121862450294","3.49766814429553","3.6031726433713","3.700748483436","3.86969820144818","4.25784796539913","4.71205431567915","5.15338742604135","5.55290982529756","5.85231716875848","5.9400446078061","6.23041485363216","6.67305271897437","7.16711397601127","7.30930103953284","7.5131811215838","7.56824744602007","7.45148601613216","7.41472400100152","7.54255392187515","7.83864764531278","8.01490873583885","8.02742408801372","8.31309411372795","8.38473742431763","8.70618314320142","8.82144418863913",
"Early-demographic dividend","EAR","Total greenhouse gas emissions excluding LULUCF per capita (t CO2e/capita)","EN.GHG.ALL.PC.CE.AR5","","","","","","","","","","","2.46832001476566","2.43385651713605","2.4738336934967","2.55933601626742","2.53567545721023","2.52872875965584","2.57235033376484","2.60634815024933","2.58055430292329","2.5696761248265","2.55577900649748","2.53305799267966","2.5439584680648","2.53715601261903","2.5210527801503","2.51583367755436","2.52979522793986","2.55305352042845","2.57219309109762","2.6012467374316","2.62508306966674","2.64669597304992","2.64880357223823","2.64819609433523","2.69937788312085","2.72816018680624","2.77671092345684","2.79576100573781","2.7915225215012","2.79668679132154","2.82276417327197","2.80092753420578","2.81007717396664","2.87527474373047","2.94009958899691","3.00089129935023","3.08354300983046","3.16150550648823","3.21365279692873","3.20730773570664","3.27443149255389","3.32576099291289","3.4068231637259","3.37837980837954","3.44751578956238","3.4368729806717","3.45547982556981","3.53375653476859","3.54684278234642","3.54332505088327","3.3942044870575","3.53720398445539","3.64163684496762","3.72444844818653","3.78297603688504",
"East Asia & Pacific","EAS","Total greenhouse gas emissions excluding LULUCF per capita (t CO2e/capita)","EN.GHG.ALL.PC.CE.AR5","","","","","","","","","","","2.95118863484778","2.90143610177885","2.94108549453298","3.04614297253045","3.01965245610968","3.0803525330584","3.12619561914615","3.27457715704172","3.39424142173532","3.43215982896478","3.37169642926377","3.31274732238954","3.31208259218752","3.36066898053294","3.51225629339358","3.48671074208269","3.54048237244249","3.61279947112734","3.75692318039765","3.82703286000195","3.90378414862776","3.978090954757","4.03236369571812","4.13041584872158","4.25131500818499","4.47956117544228","4.49440242624175","4.49511946301622","4.43161182762593","4.43233318721937","4.54097068181472","4.61808530169928","4.78310120358708","5.12519622992567","5.53951071315095","5.93283961713468","6.27900895623486","6.56953804824961","6.60987602588956","6.83793816861343","7.28902015152592","7.77349073647877","7.91365164363366","8.09355732886734","8.10822244794187","7.98357607797537","7.9423339593461","8.06325976962739","8.3078357834031","8.43505165453504","8.38661659151493","8.66567908480689","8.70346655283123","8.96767386137539","9.06030595259091",
"Europe & Central Asia (excluding high income)","ECA","Total greenhouse gas emissions excluding LULUCF per capita (t CO2e/capita)","EN.GHG.ALL.PC.CE.AR5","","","","","","","","","","","9.18462985993212","9.12064208943407","9.43550550565766","9.79475298873515","10.0494681285766","10.3596355857069","10.5207473627193","10.5989312860656","10.9018748455018","10.9317571558871","11.0958370204717","10.8609471238809","10.7301161556038","10.6326948302843","10.5738195089627","10.4385173420821","10.5116378724145","10.6900983995971","10.5938601716011","10.4858974691687","11.1268525681172","10.5375622450719","9.5666975783831","8.62354847296155","7.61950314903076","7.28545571486342","6.7861917363595","6.56160877375093","6.53047613348537","6.44471836095876","6.60131931767375","6.46095943888482","6.66831200761825","6.96386284497287","6.9719413836096","7.03582818589056","7.37799345915683","7.62661436290001","7.77933181599581","7.13286737352292","7.45259154465506","7.81707174328463","7.75574605717908","7.69610177233159","7.29437372953431","6.88005512963715","7.07078715825976","7.21337591617927","7.27169131403281","7.0954561583573","7.12411576204626","7.43956277154427","7.09026374754346","7.13784223122869","7.14808245203572",
"Europe & Central Asia","ECS","Total greenhouse gas emissions excluding LULUCF per capita (t CO2e/capita)","EN.GHG.ALL.PC.CE.AR5","","","","","","","","","","","11.7989852593998","11.7716268825459","12.0629144180996","12.5636986743817","12.5488967944052","12.5510713733536","12.9888040608319","13.0069441045653","13.4019739652677","13.6527055453506","13.5199022792638","13.11611050419","12.9571013378181","12.9270451511486","12.928533744365","12.9715971344219","13.0655517659504","13.1870034215279","13.1608085397115","13.0685049958291","13.194066621684","12.8489393660575","12.0828910676393","11.4250747700297","10.8523368144337","10.7315254084555","10.6779193085241","10.3321695405362","10.2433967704069","10.1673524178129","10.2458435774965","10.2611572615982","10.2475778374404","10.5033813413041","10.5011416186863","10.4503120562174","10.5469592342029","10.5457331856042","10.3966359516787","9.67935325407077","10.0054663420662","10.0161388475126","9.94134750001652","9.73679378584904","9.39042338574324","9.31973041241243","9.311994036976","9.39248019377408","9.38558867593972","9.17144598243785","8.71709191678998","9.20841835844913","8.94541290065107","8.6839834935369","8.65421028670137",
"Ecuador","ECU","Total greenhouse gas emissions excluding LULUCF per capita (t CO2e/capita)","EN.GHG.ALL.PC.CE.AR5","","","","","","","","","","","2.01888199718393","1.85337596600154","2.05296832578908","2.56059439160742","2.61491784505273","2.62387488162471","2.81943014750075","2.96220754079512","3.0820560104248","3.18262887462355","3.22311981921844","3.33602005983133","3.28285004188683","3.16186442336374","3.29892222204346","3.37075297004002","3.3894622647103","2.99003301875699","3.37994695333284","3.29737238929053","3.37280913773038","3.36304635043794","3.51430468151883","3.5272667678775","3.6507721419177","3.81509396390876","4.11127809363345","4.14164857539946","3.90147597162854","3.55541086193783","3.36712163077816","3.615238166054","3.5677817024689","3.66068500077698","3.87322052266414","3.86879022007758","3.98167530885521","3.93069246054774","3.97356413996869","4.18560586387898","4.38072137162687","4.34699942784353","4.30015834634477","4.44442532508119","4.50229134492505","4.35938270864936","4.24778003990151","4.09475952143973","4.0655039104558","4.02269409016287","3.64540995374177","3.87201346600421","3.97536520773207","4.07116029442133","4.10293017917697",
"Egypt, Arab Rep.","EGY","Total greenhouse gas emissions excluding LULUCF per capita (t CO2e/capita)","EN.GHG.ALL.PC.CE.AR5","","","","","","","","","","","1.70859857572741","1.65276131808864","1.6400645942637","1.52664638979584","1.60625058945078","1.68582247552541","1.84292935012821","1.88990516792245","1.91738400918302","1.96322731312176","2.05279982238165","2.15338599777475","2.23276737947144","2.32963762369052","2.44224184805618","2.47885836845309","2.46041784807752","2.56138140997665","2.52035232283089","2.5631414999675","2.55466164153547","2.64925965696212","2.63546129791059","2.60456053873119","2.48164328089146","2.58432938139165","2.68639629786026","2.73904477659051","2.7474771205371","2.87024415250389","2.81210543302898","2.93994286478134","2.95978822530481","2.96579418577044","3.09149477795857","3.26245899495893","3.34677812875954","3.45435382280115","3.42530976230548","3.44817095762644","3.38248415244115","3.41930991690596","3.50200509331152","3.35862442890385","3.33376588997117","3.3288358237512","3.39183918585179","3.44809735629581","3.34007007847517","3.03500990645017","3.0711596686292","3.17733874006408","3.11139979532625","3.22804127954016","3.31735008429592",
"Euro area","EMU","Total greenhouse gas emissions excluding LULUCF per capita (t CO2e/capita)","EN.GHG.ALL.PC.CE.AR5","","","","","","","","","","","11.3737150262048","11.3652962617583","11.6929371317064","12.2010424726569","12.0065054722442","11.4797141108212","12.092926806443","11.8632105350772","12.173939867032","12.5530775201127","12.2535850612299","11.8025555408131","11.4376870592491","11.3721238266853","11.4339577457776","11.3761716297012","11.3201326996114","11.3493450361807","11.3344540316881","11.4260856838218","11.2904625023072","11.2620747227125","10.8429348809519","10.5810498190463","10.5546790047004","10.6858351039145","10.8616367401389","10.7246681184892","10.7670662190727","10.6487860219794","10.691255855224","10.7390655534989","10.6920806857551","10.81510455443","10.8030747156026","10.6819658971528","10.537473443121","10.4152846607427","10.1244174869806","9.43215284257768","9.66369824923786","9.37963186112375","9.25829257925884","9.06091634068224","8.67821310403013","8.79069340546005","8.75677921444884","8.74176774230322","8.50430383702433","8.14401957149358","7.42604556236139","7.78794440349019","7.59981396332233","7.0251240210785","6.88079387966468",
"Eritrea","ERI","Total greenhouse gas emissions excluding LULUCF per capita (t CO2e/capita)","EN.GHG.ALL.PC.CE.AR5","","","","","","","","","","","3.30209505304985","3.24169340063973","3.12220495174663","3.07730349028688","2.97800082576863","2.84488819139191","2.77606355974171","2.69512635196433","2.66261073136895","2.63981035378282","2.60219691530125","2.57100414015306","2.50763656610208","2.51583955395816","2.4117105879564","2.42192789531678","2.42227791134013","2.34440232777686","2.31940585733043","2.33088091344966","2.31431808443493","2.50285089741406","2.79983633060329","2.29298827697755","2.33296672004765","2.26547907016704","2.38129468010735","2.53775901604686","2.38917382393017","2.41225969142888","2.41754564133739","2.31436728589291","2.2171954777687","2.17494425404677","2.11501129206815","2.05338538975618","1.96648643130281","2.01722645852213","1.94625837127578","1.91925925028178","1.87991522436953","1.9407133935971","1.93919106693869","1.92563655525052","1.93003751325047","1.93415264175768","1.95023647085254","1.93477099506816","1.94483769528558","1.93574829161464","1.91704055971082","1.9112090294769","1.90500101629384","1.88364996441322","1.86087069164722",
"Spain","ESP","Total greenhouse gas emissions excluding LULUCF per capita (t CO2e/capita)","EN.GHG.ALL.PC.CE.AR5","","","","","","","","","","","5.58102668938392","5.44383276419897","5.76919703637123","6.11566561291485","6.43231971200906","6.54023306737812","6.99034020100608","6.72168419285927","6.67545045153794","6.96090190912775","7.26013715498038","7.33929151191949","7.18487373720621","7.20699264700585","6.93924795496333","6.72992420595302","6.84493387832417","6.78396419887235","6.96963461572243","7.45892037460617","7.57826844874983","7.76963195140343","7.93212877625426","7.52290919940524","7.80986767135178","8.18201568067707","7.95172165592392","8.48365828336939","8.69805018751596","9.26905337439453","9.67380486189758","9.54702488679918","9.85069400479702","9.88748957188769","10.1161353663439","10.2824343395111","9.92075219677116","10.1148272629396","9.18626074457852","8.23911836836253","7.92409593107931","7.88948057490136","7.77988523520647","7.16893802504525","7.16199419410796","7.41355722916203","7.23573968384743","7.52216303833233","7.32441151364784","6.88123758436203","5.99059861876698","6.3796568998943","6.41644300679725","5.9327839073895","5.84739166784718",
"Estonia","EST","Total greenhouse gas emissions excluding LULUCF per capita (t CO2e/capita)","EN.GHG.ALL.PC.CE.AR5","","","","","","","","","","","19.2359103461865","19.1166014866136","20.3124124786897","22.5305149325972","24.5464398107701","26.2064907734414","27.1663323089576","27.9520704228557","29.4190200166006","30.2972145964165","31.1196241044828","31.6193957514657","31.5228635076821","31.1962591425324","30.3433979732875","29.6348528664341","28.7732682331401","28.174016457708","26.7157948652282","24.5231425180677","29.0654828591348","26.8569294837553","20.5228521985975","17.6506965935984","18.2224580414273","17.1315728292662","18.0919811753935","17.9646811262312","16.5859398220691","15.3737041843015","15.577117864544","16.0333257691186","15.6162685322797","17.1911112408077","17.7255146600125","17.7760882803418","17.3874562855934","20.3096935883283","18.8219192425342","16.3484861541459","20.0955331493269","20.2467307348963","19.5456854787495","21.5502007971187","21.0200487621192","19.6977817511994","19.2272323091071","20.3297595841455","21.5924331512575","14.978770033567","12.0465851636904","12.5617987996381","13.896385041962","10.9351624405416","10.2956918142065",
"Ethiopia","ETH","Total greenhouse gas emissions excluding LULUCF per capita (t CO2e/capita)","EN.GHG.ALL.PC.CE.AR5","","","","","","","","","","","1.99999439436263","1.95769903789867","1.88778348974053","1.85683360026599","1.80680320259475","1.71473592934293","1.66680713329496","1.6542391547909","1.64316201008152","1.63389902149185","1.62405499116227","1.59629449480133","1.5644354735215","1.56323589921225","1.48470706186914","1.50343094054997","1.54162557432617","1.43800621567964","1.40248341905276","1.41629771256083","1.40256550364521","1.36103607447869","1.34058200268536","1.20088869457386","1.20671786134625","1.1857309692915","1.20525055351537","1.20610790677868","1.2476594578294","1.21064522330024","1.14343853586749","1.18788974668662","1.26066794492458","1.21341282245231","1.21084756977011","1.21903259094622","1.25579823127847","1.33568716118415","1.36154437520729","1.37663849986835","1.40052884013537","1.35980076000024","1.37647074309422","1.39209202278481","1.41593666892778","1.42218132809767","1.44578576981114","1.43928571939862","1.44395708050951","1.50231667152868","1.52654688301119","1.44885087422167","1.4392840149101","1.46432840435418","1.45921808267313",
"European Union","EUU","Total greenhouse gas emissions excluding LULUCF per capita (t CO2e/capita)","EN.GHG.ALL.PC.CE.AR5","","","","","","","","","","","11.8318406652138","11.8260742100215","12.1321635207952","12.6097010099513","12.4348628958962","12.1471890346835","12.743874443618","12.6559864897694","13.0181492158937","13.3505967250496","13.0727281007411","12.5165919637031","12.2729281123612","12.190794665928","12.2571840783383","12.238392137647","12.2023993557226","12.2522521907923","12.1685086204813","12.0993023520871","11.5671530895557","11.341268147536","10.8940733714168","10.6530090543551","10.5937190788307","10.6934454032701","10.9313018943455","10.7191282405151","10.5914862372558","10.3866032603358","10.408224535548","10.4695318912926","10.4068574375806","10.5868301976906","10.5601943860721","10.4459331190445","10.4058608757057","10.2980639502316","10.0152624503743","9.3313870180323","9.57971180011523","9.35012883753109","9.19188766460948","8.98226963697395","8.64944124471151","8.75620501257863","8.75780476101992","8.79191722933562","8.59210056489831","8.24271187946459","7.59862289462404","8.00570703690472","7.78865179099679","7.17874097529315","7.02902369142645",
"Fragile and conflict affected situations","FCS","Total greenhouse gas emissions excluding LULUCF per capita (t CO2e/capita)","EN.GHG.ALL.PC.CE.AR5","","","","","","","","","","","4.79581671459781","4.73472633277691","4.72299361530597","4.96076323670056","4.96623423041274","4.82340197530276","5.02295438462094","4.93383841765098","4.98426481295742","5.28482839415062","5.09431819501043","4.558595556731","4.50242244080511","4.42206829896409","4.41492398659256","4.39335644827233","4.39611460263356","4.39349357439899","4.44663617793218","4.45699933719595","4.50944934687951","4.16430122931279","3.98042625214581","3.77588503263422","3.62136092533628","3.61123008645743","3.554262035843","3.45849477799909","3.30141716769222","3.2006654603373","3.25490538658011","3.22737229261602","3.06329650559629","3.11401421079446","3.05647836210647","3.03052239574229","2.95374437975813","2.88333905380548","2.86681480234906","2.73299761593221","2.79913602763058","2.76079850720401","2.80254393888271","2.74613068887147","2.65129133864288","2.51382257857617","2.51482843648611","2.48868132114216","2.47507827992201","2.44938980905444","2.25613085303301","2.26636294330516","2.19854269859641","2.19162939679872","2.17493494709031",
"Finland","FIN","Total greenhouse gas emissions excluding LULUCF per capita (t CO2e/capita)","EN.GHG.ALL.PC.CE.AR5","","","","","","","","","","","12.6442505894635","12.490297312041","13.200393908429","14.0624648393373","13.1831626577046","13.0729034010833","14.2833684324573","14.1291590330418","15.5781302077547","15.5756617954159","15.7131185355898","13.6414148106111","13.1631203499199","12.8900835230211","12.8937402840713","13.6819423745147","13.6892216063181","14.5998994753375","14.2593896549891","14.2033300895521","14.6478914478111","14.6431805398764","13.9114262775506","14.1366326342701","15.4595424473988","14.7466516830175","15.9212484630427","15.4931238065035","14.9195168019858","14.7420546497766","14.4290155208184","15.5583992931391","15.9621066654258","17.5756481758921","16.8194542949237","14.3355935537588","16.6082888299646","16.1917061217081","14.4404927994303","13.6957420398433","15.4638554396579","13.8637210593675","12.6786604508964","12.7899169181235","12.0044778808506","11.2767315304905","11.7568403416518","11.1737307228804","11.4187316710558","10.7952287794529","9.82838907302104","9.99863382480148","9.7355234043411","8.93173261536582","8.66188094437794",
"Fiji","FJI","Total greenhouse gas emissions excluding LULUCF per capita (t CO2e/capita)","EN.GHG.ALL.PC.CE.AR5","","","","","","","","","","","2.56613477714105","2.56005588398898","2.63070414296847","2.89688173927349","3.24482060445224","2.91853184373839","2.86576014373205","2.95296961383729","2.86722072371592","3.00959381809713","3.0929553331516","3.10584040969107","3.01849976388967","2.66599984054158","2.45558328946847","2.566869449998","2.59324285208019","2.46262690862579","2.44405869536851","2.60465261946365","2.75488933372645","2.59383625598982","2.75038008724817","2.93002382431497","3.05144500742981","3.08458508712407","3.12532269040756","3.14096478558473","3.06278564635431","3.13862962054655","3.31320035818382","3.44622620633807","3.0591493026622","3.29579376787805","3.82620092730047","3.50892303647299","3.63951862438438","3.46000142565647","2.96159282886078","2.6815425703701","3.37492956539791","2.86410898707432","2.82200153456375","3.02754836569353","2.70198401238032","2.76416374004167","2.75662937924162","2.76220423418981","2.91862011818836","3.01344738599561","2.34752662129507","2.58783847908447","2.74694318822043","2.86632508967749","2.96182966114834",
"France","FRA","Total greenhouse gas emissions excluding LULUCF per capita (t CO2e/capita)","EN.GHG.ALL.PC.CE.AR5","","","","","","","","","","","12.1906750971198","12.2804893214996","12.4894066268502","13.0931879681738","12.6595090131424","11.823058681733","12.5972484004621","12.2168537739839","12.4818070220665","12.5864964603123","12.1030497709383","11.1129988869556","10.7115766864852","10.3724028143415","10.1065789500521","9.78011905243636","9.50324778765195","9.27893253271168","9.17379932763855","9.25815069973347","9.11244040869046","9.59275162335805","9.29384958012176","8.87159308445003","8.74189629397037","8.8875932054819","9.15670892356499","8.89411374380491","9.06527162907802","8.8950121405932","8.8324544756491","8.84008811822534","8.67271837950544","8.66905955041984","8.62995559644233","8.57663620691167","8.30208513858229","8.16777728502587","8.00811916206877","7.74717834868853","7.8553723513123","7.54767577944755","7.5444861657343","7.42449172498314","6.87437627302434","6.93738073319169","6.93845510462006","6.96031352989822","6.73556026125002","6.58782758218096","5.94052967473463","6.35112539779638","6.11841786757941","5.71493104676945","5.51584365150174",
"Faroe Islands","FRO","Total greenhouse gas emissions excluding LULUCF per capita (t CO2e/capita)","EN.GHG.ALL.PC.CE.AR5","","","","","","","","","","","2.2968982727534","2.24788776063871","2.24650260390075","2.22272681400747","2.20166558619658","2.17412739104713","2.18186250609459","2.16070222822417","2.13019443385437","2.08837985936361","2.06166419019317","2.0308990051804","2.00357700753888","1.98791134989926","1.96938481646397","1.94280963528562","1.92712059135939","1.91430590351384","1.89209164818921","1.87038658826473","1.88730624214495","1.89263810146058","1.89692727388077","1.93226320092955","2.00917328560242","2.05682052693128","2.05594180950414","2.03480467687846","2.00787930339795","1.99131706020467","1.97141233553351","1.94917980057896","1.9245801204183","1.89873417721519","1.88698743386243","1.8858950764077","1.8847625943933","1.88308735375584","1.87447216099862","1.86919718800598","1.87434490412479","1.88492676596008","1.90097533701932","1.90482112506736","1.94515569505245","1.93050982637682","1.91452369399968","1.89517736149861","1.87073495960467","1.84005251776336","1.82250546941881","1.80313719603723","1.77511500222585","1.77344065865402","1.76660997421408",
"Micronesia, Fed. Sts.","FSM","Total greenhouse gas emissions excluding LULUCF per capita (t CO2e/capita)","EN.GHG.ALL.PC.CE.AR5","","","","","","","","","","","0.487084620345542","0.504650702552939","0.529882141366133","0.479792454599444","0.438029475733471","0.397460995432165","0.275166910454894","0.329314658035702","0.323006295186519","0.318437391744611","0.316508842869508","0.36844875554553","0.358797844780404","0.349551251771375","0.340690098192163","0.342225244406791","0.346823315197364","0.348994137741976","0.352225094493136","0.353524640667455","0.357822535881373","0.395118438211651","0.389290689464344","0.382007359946201","0.37588815035526","0.372856754059693","0.372143437810496","0.370933907140478","0.369914793898202","0.3689111747851","0.367712684302595","0.366662216882481","0.366391576550939","0.367814044618605","0.368997096269824","0.370696154812767","0.372982687462182","0.380414998179833","0.382793566864948","0.404790796335578","0.406360424028269","0.427120280785159","0.427287051626657","0.43747283136486","0.440975681759475","0.446116486993635","0.452899381159752","0.444826042875019","0.445823362963907","0.460637275348652","0.462512171372931","0.466745502759263","0.471841161674724","0.529166296723786","0.542594556380346",
"Gabon","GAB","Total greenhouse gas emissions excluding LULUCF per capita (t CO2e/capita)","EN.GHG.ALL.PC.CE.AR5","","","","","","","","","","","11.4638681807044","12.0833799075529","12.7550888946148","18.7301161681086","22.4648790858604","25.3072726092084","26.0071897855461","25.0720477705538","24.4267446519835","22.5885175664096","20.5625683969166","18.8992497250727","18.8667986002539","17.7974241835747","18.9806610909885","19.9499023024864","16.5888691446057","15.0464008552379","15.2936564198406","18.121942708366","20.7619132814358","19.3908300010487","20.1207650378474","20.2086449332102","19.2694935691318","20.994682219668","23.0628073419183","20.7678094256242","23.5369750506711","21.8486326805126","21.9104840808673","21.3920550646042","20.1413241050155","21.8383911455131","19.6464710057407","17.9553739507139","15.0073889323142","12.5703218725683","13.0917292765256","12.3155644468197","12.2134754828683","11.618560201124","11.1499391679738","10.6431113729373","10.381525667977","10.4846718919112","10.2097503887529","9.13153136445825","8.29198153249216","8.93202205224134","8.64838007025932","8.06535219516628","8.20249906715919","8.67409667380208","8.57913028682701",
"United Kingdom","GBR","Total greenhouse gas emissions excluding LULUCF per capita (t CO2e/capita)","EN.GHG.ALL.PC.CE.AR5","","","","","","","","","","","15.6273950946091","15.485958684543","15.0744467453725","15.7731695116857","14.8772805763702","14.6761184367319","14.8072631080983","14.9078864862145","14.8724874415675","15.5715693816008","14.4017063115999","14.0335498941497","13.7452273775017","13.6154415626208","12.8111016553947","13.5318386112688","13.914412058588","13.8876431396402","13.8027576324173","13.4880792272701","13.5923827425666","13.7288692045891","13.3846807807976","13.0015751937495","12.7433164474077","12.6635364293405","12.995455322997","12.6117235135429","12.4870456567538","12.2294656124369","12.1930454522624","12.251894559701","11.8883578486877","11.9967555429787","11.8448810639411","11.6492458776403","11.480200608676","11.1774424324737","10.7314277291753","9.7618322356172","9.92130259574535","9.1473424808339","9.40829370124468","9.132951870157","8.42941813679975","8.11052728613569","7.65891596933254","7.44080283782555","7.27372565584034","6.97436628596299","6.31579018338727","6.53692523587722","6.2624578427312","5.84899696314898","5.58598936815647",
"Georgia","GEO","Total greenhouse gas emissions excluding LULUCF per capita (t CO2e/capita)","EN.GHG.ALL.PC.CE.AR5","","","","","","","","","","","7.13386247239011","7.05469613259669","7.37179273773571","7.70246317030053","7.98020796822059","8.40111801818519","8.45790346352248","8.48217103908877","8.63276258043978","8.8354024649","8.96006893927524","8.97384837384837","8.79873646209386","8.59418708677911","8.48115615940461","8.31793519054666","8.16775427781911","8.20284599978919","8.00939319932369","7.73501551017009","8.50054144106622","6.7670547364503","5.51285523750898","4.57989045224084","3.36880561843941","2.95124955933394","2.77549764576834","2.7024678424603","2.62599717645861","2.57144726536566","2.75718391192238","2.3966133690118","2.43550671544534","2.59311350758249","2.68227349809286","2.85760117505097","3.03730568425968","3.28204182315853","3.06120725518254","3.35075931616322","3.2190604207627","3.62699693672814","3.9684902198358","4.23251888011517","4.44548522966252","4.50694123066318","4.61710983620411","4.63722678409143","4.60122757006549","4.80597479517688","4.70825601523189","5.00465133837206","5.30811835252883","5.2894334330153","5.29868846459184",
"Ghana","GHA","Total greenhouse gas emissions excluding LULUCF per capita (t CO2e/capita)","EN.GHG.ALL.PC.CE.AR5","","","","","","","","","","","0.766899328946282","0.756309975388677","0.779651854747103","0.771744269485869","0.809967638692496","0.79537157815756","0.784348111211484","0.777721804079245","0.737550506958737","0.72265376591271","0.705241106438683","0.736403849886726","0.708907648867799","0.57195654649836","0.59248694335852","0.626751809811548","0.658335634884871","0.67491266774665","0.673846491882523","0.703627079247273","0.680333840695805","0.678004922376544","0.695069557311449","0.697856279015685","0.704970638238024","0.71212069049648","0.733608490559416","0.735886337366422","0.810919884786181","0.839593430010782","0.791390291238206","0.80107823303426","0.846233376499103","0.808134403890179","0.782859278760515","0.796305012178924","0.860203825386918","0.861740105511825","0.908756662798342","0.931247753659865","0.961676341840302","1.05468891310119","1.1357632832887","1.18565220072757","1.16489819836192","1.18343739637082","1.17965065741968","1.28071336401857","1.3205185722047","1.36583944211809","1.43314957763326","1.43086132225908","1.41535747279448","1.38577658271535","1.39696522079759",
"Gibraltar","GIB","Total greenhouse gas emissions excluding LULUCF per capita (t CO2e/capita)","EN.GHG.ALL.PC.CE.AR5","","","","","","","","","","","3.05999849816025","3.05329385640266","2.65665078783437","2.6509786832262","2.63375968294001","2.7261994204143","2.68714011516315","2.56183745583039","2.43971032834142","3.23009623797025","3.75588491717524","3.52122477383438","3.87276203719798","3.53948421675425","3.43539433718535","3.67213804713805","4.61380965828862","5.07189635535307","5.68267538345487","5.5002904443799","5.80514705882353","8.09353855305227","9.54312076791428","9.58995197635759","11.1751532728808","10.8850494941009","11.0706879615818","11.3806105431078","11.9276672694394","12.364581828687","12.9272077664297","13.2950066890841","13.4382523085768","13.4540567305652","14.3548667943583","14.5664026334739","14.996283030344","14.6870625874825","14.7995922796173","15.9361515751225","15.8250128008193","15.1231838281744","15.2486808829498","16.0490017588793","17.0115503001859","18.3442292049528","18.8573296096025","19.6525040151847","20.4768462730246","20.8964895475292","18.3120006634783","18.0340767268978","17.52506049084","16.966026357516","16.7535406443083",
"Guinea","GIN","Total greenhouse gas emissions excluding LULUCF per capita (t CO2e/capita)","EN.GHG.ALL.PC.CE.AR5","","","","","","","","","","","1.01102621018881","0.997129867744306","0.994224709181882","1.00536490496467","1.01383907032186","1.02791737467865","1.02512744810581","1.02178071486534","1.01505703122726","1.02434162357744","1.01164575399823","0.998252479736698","1.03213386812286","1.03865544587928","1.01308444231634","0.959223210292792","0.888696756620274","0.977577362657999","0.988033829026113","1.00059348651367","1.07200793736889","1.0767539583161","0.978166327903383","0.994756443337476","1.02775902379639","1.03382001573098","1.1390296182707","1.0288638658895","1.05780878224299","1.17940168585513","1.24573606402405","1.26137593150319","1.28986798117515","1.31626516312374","1.3344329289002","1.35859960431952","1.38671357610195","1.40368511327708","1.43004201489665","1.45214675674178","1.59655277957493","1.58138317188727","1.59621578597458","1.5993390918571","1.61203020258829","1.67783483908909","1.73607619628213","1.75124311108517","1.8111538229645","1.91115841178376","1.96625833331277","1.9775408841376","2.03745434854175","1.98640543993434","1.99094056606043",
"Gambia, The","GMB","Total greenhouse gas emissions excluding LULUCF per capita (t CO2e/capita)","EN.GHG.ALL.PC.CE.AR5","","","","","","","","","","","1.15473044523521","1.15853522881488","1.12789671750365","1.10368869440253","1.10374563942385","1.10345554949483","1.0614272448443","1.04371525465723","1.06115547374244","1.05018839312767","1.04942759131715","1.02594283781498","0.986871745850163","0.942701614171989","0.898585445556187","0.892913279479877","0.873135805838578","0.940616975139916","0.917374453698359","0.873183257741826","0.878641807686765","0.903942783321924","0.852579736762624","0.831310245589528","0.839454183662993","0.824004815263309","0.812349682267694","0.790804913626148","0.790130916268636","0.798782860884361","0.857132646637582","0.830161115871388","0.82471017932644","0.882473562874498","0.892425393755181","0.888882490310653","0.899797408578799","0.893319303602839","0.910140099414034","0.979201911701369","0.975485692634289","0.875498542179995","0.848468058738365","0.863239250506222","0.891510758927581","0.909181224429981","0.863966539523043","0.817781997951489","0.734154236983004","0.734885894261093","0.694429814292693","0.67581259389521","0.688913585210528","0.682915438062602","0.673734813339768",
"Guinea-Bissau","GNB","Total greenhouse gas emissions excluding LULUCF per capita (t CO2e/capita)","EN.GHG.ALL.PC.CE.AR5","","","","","","","","","","","1.15177369041569","1.14359601583703","1.19992499403362","1.19617144168095","1.24270793591788","1.33109870561596","1.3405532483135","1.26949846924125","1.16459136989797","1.1704337410824","1.19907922677236","1.28580110916964","1.47530468248877","1.42768102742436","1.43449093907432","1.39701926151029","1.40265708904252","1.51349391818847","1.51317165236646","1.57164051790112","1.69605892762325","1.73520242017456","1.6781275259773","1.65497829977946","1.63557627942796","1.64552135856186","1.6306453234925","1.59616316830324","1.57586740919583","1.61575797839376","1.62066376673327","1.56009048001503","1.55835654347646","1.57210385758027","1.5518356682867","1.55777603260024","1.58969492751729","1.62579101383473","1.63838140282544","1.68687028171939","1.72573510211977","1.67970916797465","1.70181123241434","1.70503893635099","1.58248531693931","1.62136564160234","1.61685207596732","1.52887049617702","1.5468991264031","1.54398850228897","1.51282376052711","1.49987298679208","1.49387636076254","1.46228717354769","1.44847348356828",
"Equatorial Guinea","GNQ","Total greenhouse gas emissions excluding LULUCF per capita (t CO2e/capita)","EN.GHG.ALL.PC.CE.AR5","","","","","","","","","","","0.389958946767954","0.39722732164335","0.424922770690346","0.359599180894598","0.391587812295518","0.413336528876246","0.435539139810199","0.444397877006565","0.574980743569437","0.56102284828084","0.562630783941464","0.571142152401303","0.530699903170544","0.421931099146529","0.429707946582479","0.384388933126182","0.386679448913838","0.419859794282901","0.398725352609229","0.420307875518818","0.390491572382209","0.391290833108162","0.381776533469076","0.401869352839405","5.12762252380312","5.62314446560609","8.98445134896511","12.3815637395788","14.779866370266","15.5521316998744","17.1576287646866","17.790956955921","13.1390538587919","13.8268963581338","17.9845474638217","16.4614135810093","17.1064974458344","17.5025385022258","15.6654956524946","12.6323334269636","12.6071727420664","12.1164244847343","11.475836945673","10.3908133749512","10.0474486865529","9.82273476655916","8.73466535294718","7.53829374883192","6.58831666483134","6.00199859056854","5.69162955557575","5.2863168117099","5.05975731129525","4.31636725196463","4.3004656235403",
"Greece","GRC","Total greenhouse gas emissions excluding LULUCF per capita (t CO2e/capita)","EN.GHG.ALL.PC.CE.AR5","","","","","","","","","","","5.06749494984877","5.22375857147451","6.0190729097899","6.37421344133095","6.37233427902766","6.53703995814533","7.00971359849371","7.15902136106232","7.37655381110353","7.64168710145872","7.58875416709662","7.47592593544276","7.59355444954208","7.92158573692291","8.07533417456555","8.3929114280825","8.32040009579408","8.79758654360066","9.25780187133923","9.66805286050902","9.63965921831101","9.50221837809512","9.61090621547465","9.55304354559547","9.74196327148627","10.1024573304325","10.1409113189051","10.1989174074094","10.5247614642178","10.5851697380841","11.1055184397132","11.1207818133678","11.1279724073204","11.4035781249571","11.3839611922841","11.5390349270076","11.1921641049541","11.5622765245478","11.1241170549388","10.5776105321528","9.96236874671858","9.71949407194068","9.36437274711632","8.74124538050385","8.54008198183451","8.45036398600743","8.34789737277504","8.40804267612264","8.19168607276219","7.65564260945819","6.75633323578162","6.95473179775928","7.15005688480525","6.78347448836885","6.87161741501839",
"Grenada","GRD","Total greenhouse gas emissions excluding LULUCF per capita (t CO2e/capita)","EN.GHG.ALL.PC.CE.AR5","","","","","","","","","","","0.531428455301075","0.553483091395669","0.55680978365409","0.565297997143118","0.54017829945373","0.553370156737256","0.567436905932481","0.598864116598122","0.618867140854577","0.618912975180647","0.623029892741543","0.675158423000042","0.662195522498755","0.656148628723091","0.669123960711219","0.656532550904683","0.68188862485794","0.744416873449132","0.771046100012207","0.770775113245427","0.928399211661014","0.92565952000635","0.937973661935789","1.00115254634604","1.09949776028234","1.03110648990555","1.06899716973916","1.30113112932484","1.18857832825515","1.19744769364828","0.965091064764404","0.973265300452832","1.02025755507177","1.08280371771794","1.04826980598776","1.09719868044544","1.18672538248513","1.27395450679503","1.35081517818497","1.41388174807198","1.51990393060061","1.26964016452681","1.29106628242075","1.53321525813529","1.42028528370659","1.48069343192996","1.56953009641275","1.57400509364334","1.71404862953903","2.04343814935205","1.81105543187698","1.8716577540107","1.95786610556568","1.99519990433973","2.05619118312046",
"Greenland","GRL","Total greenhouse gas emissions excluding LULUCF per capita (t CO2e/capita)","EN.GHG.ALL.PC.CE.AR5","","","","","","","","","","","1.2176724137931","1.21822033898305","1.21325051759834","1.1265306122449","1.13131313131313","1.13508064516129","1.1327967806841","1.10931174089069","1.13211382113821","1.12903225806452","1.12749003984064","1.13529411764706","1.13592233009709","1.12667946257198","1.1157495256167","1.11466165413534","1.11588785046729","1.11090573012939","1.1021897810219","1.0994575045208","1.09892086330935","1.1009009009009","1.10488245931284","1.10507246376812","1.0954954954955","1.08781362007168","1.08407871198569","1.07678571428571","1.07486631016043","1.07130124777184","1.05544184390852","1.05535749126448","1.04779574167329","1.05196384204684","11.7490948715245","11.8661631685255","12.14619110524","12.0254619397047","12.3792785115751","10.9156117394315","12.5216683765522","13.1552118122693","10.6266502376342","10.6669263318167","9.68824940047962","10.4162953986527","10.3388744527106","10.1135797194332","10.2279420952109","10.4704313028012","10.5025990384445","10.8237869133144","11.5688039392174","11.4305812010903","11.6000422267577",
"Guatemala","GTM","Total greenhouse gas emissions excluding LULUCF per capita (t CO2e/capita)","EN.GHG.ALL.PC.CE.AR5","","","","","","","","","","","1.54694322699087","1.58539855245827","1.65091953256413","1.63900973844196","1.58388028349509","1.61592995352545","1.52612319486255","1.63258228716171","1.68477371297626","1.74968121065484","1.77585848086986","1.67622809953237","1.59298564785343","1.53679921484082","1.53359817641464","1.53207265558029","1.44972913526237","1.46012437797453","1.43909488157603","1.44756804875731","1.44931069180355","1.47456199911481","1.55778046948069","1.6183728825275","1.61430259192861","1.69012961897784","1.64575586623966","1.66282087437236","1.79258821031596","1.80113481919974","1.8503979280522","1.88187867384073","1.9294899980934","1.87645668850046","1.89981543485556","1.95826914103387","1.96329758707321","2.00102695274845","1.92121748892407","1.97744578126118","1.9455573860395","1.94678574263091","1.97296861881527","2.04380394086384","2.11310299090183","2.2686252840407","2.32601624217211","2.25215162563347","2.34997270814455","2.3955666467861","2.27828308797583","2.41594667772812","2.32449495253693","2.37204327012468","2.36180333112051",
"Guam","GUM","Total greenhouse gas emissions excluding LULUCF per capita (t CO2e/capita)","EN.GHG.ALL.PC.CE.AR5","","","","","","","","","","","0.303287500707294","0.247606835717286","0.237532255800646","0.226838712400165","0.199094275781677","0.190799236803053","0.156178953403317","0.15489167263645","0.153665199575049","0.150507265227247","0.142544556523002","0.143487272147526","0.134818642998505","0.136699632092348","0.134375360670063","0.129716316056624","0.127594218879219","0.125521723728996","0.126506976709162","0.0942569532912614","0.0880167376091191","0.0871889021995704","0.0871730140243945","0.0871929366855699","0.0865636919414613","0.085969051141589","0.0847741655659168","0.0849463411470998","0.0838469760684089","0.0840235265874445","0.0837159903789086","0.0948372580255255","0.0954933308689893","0.0950121676872812","0.0952322813015078","0.0949107170017948","0.0946377980938977","0.0949977914526191","0.094753550240505","0.0944798493136671","0.0948823578866456","0.0960712848933909","0.0979973666965268","0.0982128869768507","0.099102038843165","0.100057608926352","0.101075910444308","0.102758578506331","0.104500273544834","0.105680806882231","0.107302754104022","0.106272521834728","0.10655042983412","0.106302475586465","0.107285265560834",
"Guyana","GUY","Total greenhouse gas emissions excluding LULUCF per capita (t CO2e/capita)","EN.GHG.ALL.PC.CE.AR5","","","","","","","","","","","4.29525903473008","4.22935416789446","4.10217608509777","4.49339713862311","4.46130854392005","4.9241138567172","4.57705054017731","4.89551231523198","4.57175517208005","4.0549981689786","4.30080310757044","4.28448341367733","4.02864897156218","3.67783619090826","3.93276933152997","3.76265267791522","3.71306786373614","3.70098937339685","3.77614810777937","3.51095891318315","3.29606584397261","3.48968591757024","3.54988792003318","3.75542023865651","4.1425097443578","4.59843773899376","4.68807115075619","4.93922557707824","4.85092707304744","4.93666961855267","4.59329630559391","4.54114381466022","4.35460131054459","4.62730359415071","4.55629326694805","4.19626922359163","3.97488161525022","4.39525883880924","4.50725279152299","4.638914816499","4.93409462186489","5.12348003693613","5.4173455824025","5.58384365237773","5.91544477870779","6.00911198356311","6.06785689963172","6.22996854826222","6.13778431342823","6.429150699857","7.74705534867074","7.73701933335132","9.48204620775355","10.39023274557","10.5053983517971",
"High income","HIC","Total greenhouse gas emissions excluding LULUCF per capita (t CO2e/capita)","EN.GHG.ALL.PC.CE.AR5","","","","","","","","","","","15.5029555930769","15.2815990210032","15.758524859573","16.3865749152007","16.0725553758014","15.6696195741207","16.2336937061638","16.3862832510177","16.5542008288138","16.7794926599791","16.3621464877583","15.8926978696159","15.4042870889559","15.3062442963792","15.556474166374","15.5391116199008","15.5157161922877","15.6954651960815","15.9978669460716","16.0285596256544","15.9181106311464","15.7108372241288","15.4018400391593","15.1846389668871","15.1018910883922","15.1270264484254","15.3398032747901","15.354257035238","15.2087031205146","15.1994667610649","15.3744883667295","15.303314123859","15.1356347693667","15.3256894792488","15.3820638721836","15.3414728756478","15.2073321960712","15.2565345973881","14.8948076851465","14.0330314137228","14.5280829392338","14.4071171866657","14.2081810183174","14.1549951921159","13.9578055927063","13.8397097950733","13.6527160547088","13.6185270160165","13.6774579412797","13.4143961292721","12.4979154576097","13.0752983595327","12.9811005266437","12.5574438336105","12.5032821735048",
"Hong Kong SAR, China","HKG","Total greenhouse gas emissions excluding LULUCF per capita (t CO2e/capita)","EN.GHG.ALL.PC.CE.AR5","","","","","","","","","","","2.92902248042435","2.9246038612711","2.95103792802406","2.89506318370426","3.14580382840696","3.07358346781424","3.47104913678619","3.90688744900408","4.08548473486877","3.69002170517476","3.70314629377259","3.85849056603774","4.25607370120619","4.86002132794522","5.28294336686489","5.43838202411935","6.09043188647142","6.04049816324702","6.63798066671405","6.75400091449474","6.87972653168551","7.45406815020862","8.26220153435049","8.29422131842061","7.05772608277828","6.99450951089164","6.28844689612307","5.98213983018199","7.21854608249156","7.63084840687202","6.99830457614404","6.92651504996798","6.74995922361768","7.2990729185238","6.67767376722931","6.99047437327541","6.86968251884908","7.11166375084944","6.88697576820259","7.17373221661312","6.70929073773526","7.09368459754511","6.94570705304821","7.1351321233058","7.28261982156442","6.77091876620081","6.8528201074067","6.68395282151166","6.62802243512331","6.51950612022003","5.293262932763","5.39963038404986","5.12391609153156","5.27205053011505","5.35706596137744",
"Honduras","HND","Total greenhouse gas emissions excluding LULUCF per capita (t CO2e/capita)","EN.GHG.ALL.PC.CE.AR5","","","","","","","","","","","1.91895561699413","1.89069701151761","1.87853517239869","1.87792694504557","1.90026182030275","1.90743929195292","1.89409058913199","1.9043121470111","1.87806860320591","1.87035561182756","1.87080127485362","1.8186631294156","1.77948573380136","1.98471178522545","2.01754824577068","1.90609486827551","1.85144684111732","1.83964727294179","1.8097460807103","1.79605348216937","1.72804351702082","1.69876138609842","1.71721872106455","1.62716113532681","1.73369429037134","1.75603439729725","1.76400425884077","1.73793625052582","1.77562314828731","1.64519348053414","1.6679353331287","1.78511578807495","1.91515636792735","2.08549737168982","2.1832049731785","2.01683391601495","2.12017189354553","2.23298673431019","2.22199147416434","2.17362875903598","2.13536463237929","2.23862937694066","2.26999741597205","2.26877818423498","2.22150821758771","2.29476021415337","2.15254802717272","2.0612554868584","2.01049439796994","2.11778733185346","2.01645513081493","2.11265887823538","2.12194873943412","2.23415057664969","2.252703588857",
"Heavily indebted poor countries (HIPC)","HPC","Total greenhouse gas emissions excluding LULUCF per capita (t CO2e/capita)","EN.GHG.ALL.PC.CE.AR5","","","","","","","","","","","1.68587013035388","1.65403040886109","1.63570356229941","1.65044643073017","1.63481841889623","1.595468262799","1.60164790986439","1.56236213478097","1.55218170345445","1.53389462863069","1.53229041651487","1.53390560068144","1.59487667552984","1.57801301594303","1.5207436829939","1.50998783852858","1.47852881265789","1.4448459755577","1.42932311395262","1.41863861725233","1.41757735016887","1.39828328701204","1.38882619950546","1.36495748288838","1.36060211848988","1.3439382699572","1.35929992217759","1.35402935232608","1.3723566947995","1.37396962495004","1.3619778968456","1.35648019925793","1.3473505446548","1.35774165193139","1.35888318367909","1.37420352883171","1.37924974931079","1.38856389640242","1.40578720633599","1.41170585069951","1.43299962690147","1.4382363639527","1.46160774460723","1.465965418297","1.47109632796962","1.48421966706923","1.49112617709271","1.48955048643659","1.4974378328806","1.51051067780708","1.492577397025","1.50166459524884","1.50784507173411","1.50470794611621","1.50114940092193",
"Croatia","HRV","Total greenhouse gas emissions excluding LULUCF per capita (t CO2e/capita)","EN.GHG.ALL.PC.CE.AR5","","","","","","","","","","","5.15362676474508","5.29479664430666","5.15076291454297","5.53794371164708","5.94825704907519","6.21256439931721","6.1503540395429","6.19075785857924","6.49719444192806","6.74369904269586","6.35210538238551","6.7785403866717","7.06110222315058","7.85040918764842","7.99094499587098","8.09290050212521","8.59037676169546","8.38684359601624","8.94985223566503","8.53941257661634","6.87206846950036","5.47758146581526","5.12391445638791","5.06275129264163","4.81532339472023","4.95758685549661","5.20695521732366","5.51568715655403","5.49623963099069","5.7430566035478","5.68752962534762","6.15707075147187","6.32284979640526","6.67869746681635","6.78859824373926","6.79443499000614","6.89260127033125","7.25246547911625","6.99026963562471","6.57377703748112","6.48005425304632","6.43450881670935","6.10151517427603","6.04326201569136","5.93709821834454","6.16074041512865","6.35827748987245","6.62838461951494","6.4460141271443","6.58605506166775","6.4981250348091","6.58368782935518","6.5863756506376","6.94419183322167","6.94268273757178",
"Haiti","HTI","Total greenhouse gas emissions excluding LULUCF per capita (t CO2e/capita)","EN.GHG.ALL.PC.CE.AR5","","","","","","","","","","","1.31640491171326","1.32082949769269","1.31503398098992","1.28981689075625","1.25888780749955","1.23149521306367","1.26055213214483","1.25382207599393","1.26737595741294","1.25722866081172","1.24625678578636","1.21482076794395","1.22631549997884","1.23046242238405","1.21511295502065","1.18597377877265","1.14684295205191","1.12277143508355","1.10307693126254","1.07285028586406","1.05741664418732","1.06454909977199","1.09992600087633","1.04083698935215","0.961013486804377","1.05063823744014","1.0698720749","1.11364503867819","1.11800051561188","1.12074202678936","1.16196851050884","1.15262470615254","1.16845021766126","1.15621024503442","1.13049412795111","1.13239055925144","1.13024791673945","1.16803096797541","1.16057730463444","1.1581924956301","1.21234760479488","1.25463645437212","1.23555937865916","1.2443797235903","1.25572205777658","1.27054001038843","1.28086539635591","1.26574333267331","1.27167849410556","1.24489843147732","1.20193727272016","1.18363868364088","1.17184993992319","1.16996084519924","1.17071422971237",
"Hungary","HUN","Total greenhouse gas emissions excluding LULUCF per capita (t CO2e/capita)","EN.GHG.ALL.PC.CE.AR5","","","","","","","","","","","8.80505827580236","8.99966887024372","9.14391504381069","9.6174147854857","9.84614533072742","9.98183676809267","10.3190049097637","10.7287253389852","11.5376933747703","11.414112953553","11.3046793790604","11.2148529366735","11.2750180163812","10.9279764568155","11.0966203431822","11.027792748288","10.7948270665602","10.9343194185178","10.4478304932569","10.2449512336669","9.29527776588907","8.71880000771203","7.75709854657109","7.84494516690911","7.83710894579177","7.76141656012969","8.00639069721793","7.88777128699267","7.85483369810949","7.93676795086315","7.67735996899805","7.88687122432265","7.75737187614681","8.06851082851443","8.00410917186711","8.05398795387955","7.9749130455936","7.73301524098578","7.51646611918406","6.91056756446648","7.00195389550604","6.94978913883222","6.60742017277192","6.37674427367333","6.4239454784981","6.74723954620216","6.85519257399392","7.18316569265231","7.22280416410322","7.2532002643885","7.10217416639341","7.26250585093945","6.82598593201885","6.35415118097168","6.32215949169975",
"IBRD only","IBD","Total greenhouse gas emissions excluding LULUCF per capita (t CO2e/capita)","EN.GHG.ALL.PC.CE.AR5","","","","","","","","","","","3.68899903808184","3.64779812931159","3.70866137645309","3.82156105630068","3.84717032359557","3.96060780728232","4.05301804766593","4.13465721391662","4.25933142843498","4.27384228624036","4.23527334158092","4.1132319003874","4.13196671012752","4.14705983098132","4.20628291451223","4.19292403714895","4.24315839510277","4.31775046819079","4.37123568905083","4.382981666807","4.40461507689358","4.33664915980233","4.23451692707413","4.16241939612291","4.11059836202989","4.19485759549082","4.16416928556573","4.1300958131197","4.0925202137934","4.06165613480358","4.12291014506649","4.14769612998607","4.21818285299144","4.45558992823131","4.70629120118685","4.92753154778461","5.15441218683918","5.33501463363164","5.40645660051417","5.45434759754256","5.73119831546181","6.00321022849904","6.11587475796993","6.18246963067885","6.20011195438685","6.11084955357988","6.09276797973846","6.1762601648959","6.3261724821993","6.38199768976848","6.24913241276577","6.52607144662628","6.57014991781212","6.757522180623","6.83671222391491",
"IDA & IBRD total","IBT","Total greenhouse gas emissions excluding LULUCF per capita (t CO2e/capita)","EN.GHG.ALL.PC.CE.AR5","","","","","","","","","","","3.35654413630476","3.32042409066186","3.37598998316984","3.47610592469044","3.50372991445911","3.57645794163066","3.65770815786157","3.71622288058722","3.81136948481779","3.83577232483072","3.79099769603225","3.66930340606712","3.68183111299472","3.68706747014349","3.72871720644893","3.71591366048226","3.75171391478807","3.80394720402074","3.84589596716176","3.85506364116595","3.87145945467389","3.81023491173588","3.72286207935198","3.65508718501687","3.60997193080515","3.67625279185279","3.65924129147099","3.61616474451359","3.57828880834011","3.5476258838488","3.595691192784","3.60719146819726","3.64324162000626","3.82665416855718","4.01342346943872","4.17962336877665","4.34459678579832","4.47412519940023","4.52068472504254","4.54008446346746","4.74570530212294","4.94391669577591","5.01440115466375","5.05480997954937","5.06179662809992","4.98393865041543","4.96722028497756","5.02323773279997","5.11920301122276","5.15057466965076","5.03697483430786","5.22896317362422","5.24129612899686","5.35260382668406","5.3944877073659",
"IDA total","IDA","Total greenhouse gas emissions excluding LULUCF per capita (t CO2e/capita)","EN.GHG.ALL.PC.CE.AR5","","","","","","","","","","","1.82744691899567","1.81717229537271","1.85276332355201","1.90246598911781","1.94878966962711","1.84817219041671","1.89083759500169","1.85907132276166","1.8391106080258","1.92466542993642","1.87017754563069","1.76559899852577","1.76752186438027","1.74788240032499","1.73254384841106","1.73936288142636","1.73264363630934","1.71059588606196","1.72354547377759","1.74089232235807","1.75525832724019","1.74014963831285","1.73283666369674","1.70588763573218","1.70961092227384","1.73128783029213","1.78864044380395","1.73477150206853","1.71813418980211","1.71029219411612","1.73368158696885","1.72152765887837","1.66311197030154","1.68850874437597","1.68749495782478","1.70070618375716","1.69584986793313","1.69723098178963","1.70181955401981","1.66839993992089","1.69014111149752","1.70019704351551","1.67946810049086","1.67358470680379","1.68411647747778","1.67743937329976","1.70413976085366","1.72263281393923","1.71004292399861","1.72095142443614","1.71198083444763","1.72832243543161","1.71374007539057","1.68290125493455","1.68519092539465",
"IDA blend","IDB","Total greenhouse gas emissions excluding LULUCF per capita (t CO2e/capita)","EN.GHG.ALL.PC.CE.AR5","","","","","","","","","","","2.48763732647743","2.53243211340082","2.70816769265878","2.90669693968317","3.08181180525574","2.74109123824117","2.86499052502149","2.77268184025777","2.69331065931651","2.9589637930079","2.7932258804336","2.47497007328498","2.40421425006662","2.37528491272927","2.4141457099404","2.46307998186756","2.46069441535683","2.4082162071121","2.43670066202439","2.49928887058894","2.49935505429156","2.47342482088128","2.48721000990724","2.45704019223996","2.46622769005922","2.51404744486775","2.67005844697522","2.54279919579983","2.47162111527867","2.42284821834242","2.48676707414047","2.45946902131761","2.29042657002144","2.31809217240129","2.30614988297054","2.27517925345447","2.23341642399848","2.19353706926496","2.18073042864846","2.07546521858886","2.10255994410067","2.13226923553262","2.07088547349981","2.06563722392299","2.06662276168237","2.04412497404775","2.0756587876988","2.07318879669984","2.05315885423559","2.06661141426208","2.06723351524819","2.08326747263387","2.05329464564419","1.99904231195939","2.01764659573956",
"Indonesia","IDN","Total greenhouse gas emissions excluding LULUCF per capita (t CO2e/capita)","EN.GHG.ALL.PC.CE.AR5","","","","","","","","","","","1.16769172633386","1.16019948616934","1.2124597900779","1.29173292540023","1.31718906869816","1.29043260327171","1.33346693924937","1.49053506110841","1.56799958025592","1.58170015857411","1.57853338430327","1.60637665197768","1.5309497301902","1.54916229631612","1.58643379386472","1.60088324361179","1.66951721158444","1.65384814396428","1.69337361075862","1.72948713061031","1.84217589804286","1.92081103152927","1.98376695841143","2.04715996004825","2.11103128864543","2.22666029516711","2.312132612438","2.39683092681693","2.35269816931097","2.37939574169332","2.37446800987737","2.44756063433232","2.44696061360585","2.54728315569005","2.56805556773662","2.56922883342325","2.67847649137353","2.74322656323092","2.71979140324189","2.81792871103526","2.93513024456694","3.2974786326239","3.33497118750495","3.15972134050206","3.29082107318299","3.25868849226531","3.21784910435849","3.38844482581862","3.71460101072989","3.89838494293471","3.6648228484117","3.74796898863861","4.23662073244498","4.4856573827695","4.6696093739525",
"IDA only","IDX","Total greenhouse gas emissions excluding LULUCF per capita (t CO2e/capita)","EN.GHG.ALL.PC.CE.AR5","","","","","","","","","","","1.51631417933001","1.47888079603753","1.44676012968798","1.4247456965688","1.40834889434833","1.42032722175586","1.42145971086757","1.41603216012155","1.42252120436571","1.41733094500703","1.41186489957175","1.40845377274481","1.44431325781655","1.42805506839989","1.38386332286909","1.36725398940025","1.3561425830526","1.34780711479708","1.35064271425543","1.34231843503047","1.36182364316383","1.35012268014876","1.33068175357156","1.30546589467741","1.30602853397876","1.31323313702912","1.31713295872774","1.30174852860198","1.31366359673053","1.32729856979091","1.32788290004874","1.32256154487929","1.32354771710588","1.3474119139641","1.35157789773544","1.3881631294054","1.40292294055953","1.42596053969211","1.4390468367079","1.44422693716125","1.46221820616904","1.4608536688016","1.46245512776653","1.45601630752844","1.47193534038154","1.4743293133399","1.49897784170993","1.52971788891996","1.52180155270554","1.53194173212356","1.51833660970404","1.53533040979621","1.5295610624809","1.51196065168113","1.50604781457977",
"Isle of Man","IMN","Total greenhouse gas emissions excluding LULUCF per capita (t CO2e/capita)","EN.GHG.ALL.PC.CE.AR5","","","","","","","","","","","","","","","","","","","","","","","","","","","","","","","","","","","","","","","","","","","","","","","","","","","","","","","","","","","","","","","","","",
"India","IND","Total greenhouse gas emissions excluding LULUCF per capita (t CO2e/capita)","EN.GHG.ALL.PC.CE.AR5","","","","","","","","","","","1.34327184061075","1.32432751262373","1.3164788951448","1.30076580796114","1.30763044534043","1.3319155900292","1.33701176366416","1.34012721885093","1.31644477364722","1.32388078917843","1.3409023101305","1.37968605062198","1.38332869972571","1.42042447053988","1.4587817122133","1.46739589535073","1.51215727183531","1.52244528759532","1.57382961569542","1.60808242802565","1.56496655861969","1.5977197679991","1.60095861478774","1.60292541699421","1.62851009966685","1.66266371360938","1.67854604393067","1.70244452213797","1.69967826913238","1.73438885848248","1.73506026739289","1.72506833493123","1.72029696272518","1.73551252063876","1.79645840364654","1.82886143914537","1.88953541486283","1.98148854800864","2.05838725399211","2.11779843177105","2.1895143272104","2.26641733572931","2.37550267503496","2.37233291409428","2.479900071661","2.49276960250774","2.49557843281326","2.57086932340456","2.64387221179375","2.62146417435417","2.46756476289856","2.63014633923763","2.77919257007301","2.9249828462405","3.0126552305856",
"Not classified","INX","Total greenhouse gas emissions excluding LULUCF per capita (t CO2e/capita)","EN.GHG.ALL.PC.CE.AR5","","","","","","","","","","","","","","","","","","","","","","","","","","","","","","","","","","","","","","","","","","","","","","","","","","","","","","","","","","","","","","","","","",
"Ireland","IRL","Total greenhouse gas emissions excluding LULUCF per capita (t CO2e/capita)","EN.GHG.ALL.PC.CE.AR5","","","","","","","","","","","13.9708512976583","14.8041309470096","14.4932084232017","14.4486786888964","15.1490039840637","14.4811337022464","14.3458871851886","14.8454390347937","14.716379802349","15.8385179696184","15.3879512423816","14.9460469157255","14.7758046933272","14.7014755312482","14.6902565179765","15.1514012394286","15.486073639217","15.8452815872739","15.6849645200541","16.2152817039204","16.7764474068391","16.8706947896787","16.7867289787912","16.9173894187253","17.2679762008876","17.3875767871181","17.6757177299856","17.8985681395885","18.4587157149414","18.8053060813586","19.5422338111214","19.8627711708757","19.254277842504","19.0380083077256","18.6548187807075","18.7299064355657","18.3335981379594","17.4806578490919","16.9610543966158","15.7087341179065","15.3935557015058","14.377443732473","14.6192015580712","14.348408327667","14.2122359771048","14.4167205272188","14.8662886475423","14.4812214328698","13.7211511095704","13.1174675311105","12.4818964126572","12.7384242704113","12.2500688684624","11.3635636231916","11.0600672005397",
"Iran, Islamic Rep.","IRN","Total greenhouse gas emissions excluding LULUCF per capita (t CO2e/capita)","EN.GHG.ALL.PC.CE.AR5","","","","","","","","","","","7.49854349444675","7.47317491107201","8.00245359337689","9.01865455471224","9.12428574996029","8.45270621610709","9.15794753268705","8.92922059975709","8.28638061698998","6.47966196548534","4.70328236876945","4.36264590379571","5.18404565074004","5.5184459282502","5.16720530473303","5.2625646226216","4.78136268784121","4.92117236205813","4.80108708682383","5.18552589639762","5.67460051279124","6.26771021174596","6.53779702774454","6.48978838240653","7.11365321904056","7.04783223019252","7.26429956123681","7.39201564911479","7.06166918312701","7.35802617483025","7.69930178807133","7.66394268042885","7.84097593640188","8.43841310677113","8.65187693587577","9.05880963192094","9.49962671379503","9.66752681486587","9.7600830169646","9.91000986491572","9.91463900638022","9.90210605029894","9.65476754737083","9.77907940845532","9.81844565986044","9.60225400917523","9.99688852084925","10.1966352849363","9.94788104572519","10.2394867929439","10.372805362872","11.0123998185392","11.0569442830046","11.3686061097859","11.5189598764578",
"Iraq","IRQ","Total greenhouse gas emissions excluding LULUCF per capita (t CO2e/capita)","EN.GHG.ALL.PC.CE.AR5","","","","","","","","","","","10.6332206576454","10.6877893796161","9.42382114030038","11.4386437997719","11.0571940069276","12.1295373148797","13.1082473824896","12.1449713187348","12.838739296444","16.1376848705408","12.7822617906191","6.48790719030133","6.54168798000123","6.58251662420981","7.33215059004686","8.23870798670954","9.1619492047633","9.93898753039229","11.5644386518065","12.1996479953229","9.76714566679897","4.41232530431125","5.82488404223958","7.10347454937049","7.36371008917811","7.12541522895093","6.42573542341887","7.9925847942468","6.94522936783264","6.26521400542474","6.87238024675345","7.20991958040848","6.53488221952008","5.67857838283881","6.19590455799391","5.79146708285799","5.73608980688249","5.43956176908197","5.91962952239609","6.23270730129403","6.78150162571767","6.95829264276358","7.52798364051152","7.51951370995552","7.26338636006032","7.34590974276591","8.46153252278739","8.63983400204889","8.8776595142298","9.15529798125959","8.20621225286321","8.40043016204026","9.05746560781598","8.98905709580251","8.97607109506393",
"Iceland","ISL","Total greenhouse gas emissions excluding LULUCF per capita (t CO2e/capita)","EN.GHG.ALL.PC.CE.AR5","","","","","","","","","","","15.8326729864311","16.3829828528176","17.609509555937","20.6267044089734","20.0186795161912","18.5536221379124","18.7995675754245","19.3314667784796","19.746171774695","19.7598954526325","18.6097888120348","18.0797815865312","16.5393825365603","16.5585689750482","17.5975216169612","16.6728112508026","16.7505551443375","17.1236359051326","17.3188115640266","17.5331814658377","17.3192688344203","17.0211445439629","12.6677315682016","12.9923215470661","13.3820262310118","12.6347824786517","13.6841987832632","13.3361364374023","13.7567643506406","13.805920376666","14.0040184207251","14.2089638134808","14.7626450753505","14.568200579578","14.7288016050727","14.1992491591796","14.4755120448216","15.2619348709423","15.910766380815","15.9058584171379","15.7225011869539","15.2479201539744","15.1482931939785","15.1273767311993","14.1814249845748","14.6256971419071","12.9910356279383","13.1272568433314","12.6884988418608","12.0270244035023","11.5367717886935","11.4367013851605","11.2609063279608","11.009871312519","11.0797762518564",
"Israel","ISR","Total greenhouse gas emissions excluding LULUCF per capita (t CO2e/capita)","EN.GHG.ALL.PC.CE.AR5","","","","","","","","","","","24.46123066577","23.7952101661779","24.4026365946633","23.7450579621721","18.0490672194255","24.1754558610709","6.60778375318426","6.69869914198727","6.90867208672087","6.84973586899102","6.66343476018566","6.78349342770475","6.93401141156041","7.04971985383678","7.19899014186102","7.49489723600283","7.94475459409165","8.44236667429618","8.79439441692931","8.94619300575476","8.99729613733906","8.62729844413013","8.88055826664064","9.40680478996388","9.82874606408594","10.1866366095582","10.513352073085","10.5791124057574","10.5310333277508","10.5309387755102","10.9901574177135","10.7507221618264","11.0341552511416","11.1061931028297","10.8886620649141","10.410657854865","10.6895671775097","10.8664364006072","10.8791593695271","10.4162658971893","10.9822787134687","10.787491308043","11.4531192718539","10.1787207643154","9.672578112638","9.88822329089152","9.74087292300491","9.55836479864116","8.99658891340568","9.09815551137619","8.55793208972231","8.37881213052479","8.56532566047607","8.02654076555995","7.68173524222008",
"Italy","ITA","Total greenhouse gas emissions excluding LULUCF per capita (t CO2e/capita)","EN.GHG.ALL.PC.CE.AR5","","","","","","","","","","","7.17961385571102","7.42805393178802","7.70624558844582","8.10097552563308","8.06620211461739","7.70392836161093","8.1922927959344","7.96472033777037","8.11558613607306","8.391068684226","8.41225651617841","8.18110082577198","8.01183187160452","7.88391939378341","8.04799599722275","8.05882932205605","8.11386391884749","8.57207504104409","8.58329527293368","8.88299063690975","8.89734947083212","8.84350739160381","8.79774872961355","8.67853944007882","8.59719861936478","9.05343495899668","8.97840093333341","9.0472373778818","9.21087665813388","9.33251531366655","9.45091635876915","9.41358581283905","9.5575666864904","9.86520644614042","9.97795209840517","9.94960826543278","9.71170975903521","9.54197091587555","9.21669338093425","8.30327983059285","8.45154148719662","8.24620106195493","7.91966978188706","7.34090298662714","7.02274593697982","7.19801333580056","7.14007664913761","7.10180677885223","7.01384393314311","6.92278523421447","6.31735293806403","6.91543983273145","6.91467791689678","6.41715403998927","6.29609288150718",
"Jamaica","JAM","Total greenhouse gas emissions excluding LULUCF per capita (t CO2e/capita)","EN.GHG.ALL.PC.CE.AR5","","","","","","","","","","","4.91892219981301","4.85127076977383","4.76365515220482","4.97216272124633","5.05639141174922","4.29320533477036","3.830262155733","4.08575635655736","4.11621721223046","3.93675636451479","3.78448009887876","3.69147739139155","3.20905453949813","3.23791676510807","3.040720457201","2.72214597041197","2.63593015083527","2.69064512902967","2.7627519580932","3.35071187967735","3.88688154892038","3.84260865544934","4.13815971536284","4.15740784582002","4.13534958508739","4.2315044171332","4.32424638428054","4.35775603568188","4.52143722156673","4.59943740720791","4.59374973637045","4.59049162800073","4.54621195710626","4.65515807097959","4.61476859171664","4.57993960699142","5.07777211725574","5.01643451986145","4.11206929761322","3.42032046094348","3.26511841802713","3.22902350086615","3.00552223139989","3.16116718582226","3.05757603850596","3.00360316770466","3.18301443282092","3.07014366260809","3.56363628626959","3.46080840273569","2.55035875790739","2.74544504986817","3.1151642889547","3.18418359693301","3.31952063539585",
"Jordan","JOR","Total greenhouse gas emissions excluding LULUCF per capita (t CO2e/capita)","EN.GHG.ALL.PC.CE.AR5","","","","","","","","","","","2.27790971291808","2.23384564886378","1.91209964101472","2.05017282550866","2.10734989794376","2.21162630887468","2.4455909756881","2.4596310454373","2.80966310631385","2.90396595542374","3.41699392978024","3.75327292812738","3.80913805812865","4.14131991122872","4.29896093250883","4.23368276348509","4.24875605135182","4.51166380214947","4.20975127456946","3.415753455534","3.34655104436667","3.17637974953188","3.52925956460425","3.48397661464299","3.43760235330948","3.50409587685097","3.46060959394331","3.47790503310851","3.45943406675543","3.41474295946285","3.65786173796094","3.62449248885321","3.71436161896958","3.74816173525226","3.92903099780842","4.10731282258636","3.91158375640678","3.84328805824092","3.70715261208155","3.7015001778975","3.58305412206013","3.60254980198983","4.05184992949242","3.812103117079","3.70942626633499","3.42112384751835","3.28131078942038","3.35923791403473","3.18978435538016","2.98908600172172","2.76098209812072","2.82895290915998","2.96176448613541","3.00726107643944","3.01705826324112",
"Japan","JPN","Total greenhouse gas emissions excluding LULUCF per capita (t CO2e/capita)","EN.GHG.ALL.PC.CE.AR5","","","","","","","","","","","9.47370869317138","9.20137279203762","9.49834403104825","10.4228899702871","10.2393947096095","9.59904636426376","9.81611793393926","9.98657615568357","9.87159242209323","10.0205928035206","9.69615776451754","9.4186493400532","9.00194125590817","8.97703487641128","9.538463396151","9.25363423454737","9.17812844701273","9.16692280595401","9.74085480265627","9.96046039213774","10.4945399180421","10.5697920363977","10.6168286116134","10.5506645090484","11.0266556423653","11.1522690321347","11.2492735990839","11.0809776529665","10.6187523734177","10.8446802125862","10.8621066988324","10.6675868469276","10.8655121817255","10.877238916989","10.8044755441801","10.8755738692838","10.634885103321","10.8898289857111","10.302093500855","9.7670831803947","10.2534567033653","10.6637550554239","10.9798070971331","11.1243328494645","10.737824884503","10.4169583375937","10.3948456042054","10.2832939545727","9.89345088359843","9.59576729604447","9.11657360546804","9.32614849972502","9.12930829508405","8.78616875735093","8.57699228018443",
"Kazakhstan","KAZ","Total greenhouse gas emissions excluding LULUCF per capita (t CO2e/capita)","EN.GHG.ALL.PC.CE.AR5","","","","","","","","","","","21.1270871854441","20.7454694050279","21.3533441457317","22.1103895096055","22.3617105563389","22.7835469686062","22.8798910301772","22.5277036270145","22.9121278412387","22.8038275160935","23.0590230324143","21.7524516282038","20.8700543711367","20.3194448762128","19.8835491237058","18.9502148637429","18.778318633644","19.4269685797462","19.5899832478883","19.2798758228872","19.9525954622738","20.164388318498","20.3538586913408","17.7918510691519","16.067148520125","14.1754215166806","12.6822159831974","11.2842216331341","11.5415696215151","10.7203254891959","11.1158863985356","11.0288368629037","11.9921871033042","13.1851457194784","14.0244271366615","14.8581326151355","16.3672099036024","16.9017766512762","18.7609491356206","17.0752003357913","18.0565914802151","19.1896262522412","18.653462540909","19.3866807864118","16.7385625005437","14.5416468956909","15.1719869742316","15.7259481605417","15.7758309196557","14.9994989472687","15.2115296299678","15.9871427722691","16.1187173655348","16.0777780576036","16.0442957802598",
"Kenya","KEN","Total greenhouse gas emissions excluding LULUCF per capita (t CO2e/capita)","EN.GHG.ALL.PC.CE.AR5","","","","","","","","","","","2.0173209270889","1.98180424575516","1.96965277902943","1.93290217086333","1.89325572502322","1.84936415340486","1.81765190247652","1.81172138897854","1.85846831612376","1.91092673498024","1.75717901453567","1.68331103917253","1.72307325713007","1.78003105840996","1.80093811980466","1.73265815939449","1.73172610948863","1.68753579727219","1.7147838763032","1.71809179619136","1.67991902728959","1.59028937626916","1.55885009141818","1.52892911419861","1.50635434017619","1.48767650670815","1.41659600271516","1.37550420315192","1.37185758114504","1.4263686153972","1.35051883161151","1.33818819406075","1.37016742482824","1.36812952891701","1.45220347556877","1.47774569144836","1.39910006522869","1.87806931732591","1.94302448600738","1.85982584872225","1.89279597059197","1.8603008185912","1.77580117417618","1.73119705293049","1.73653636020937","1.74423382885249","1.83710791472325","1.73878830189159","1.76141198496062","1.8987271933247","2.07933250671128","1.91961294545653","1.93825493003903","1.81745413808774","1.82227246553006",
"Kyrgyz Republic","KGZ","Total greenhouse gas emissions excluding LULUCF per capita (t CO2e/capita)","EN.GHG.ALL.PC.CE.AR5","","","","","","","","","","","7.76664752187574","7.72100717996228","7.92814584547633","8.07882554378845","8.21191724309067","8.42382456566638","8.4695269002888","8.47548117643623","8.64810300823034","8.67052364864865","8.84754243379223","8.42096695425688","7.97877264384327","7.55402131151812","7.20230313553263","6.93870135077563","6.80103282921431","7.12059064807219","7.14775744358051","7.01625072547882","7.59861232691661","6.86171850111367","5.01335429862249","4.04086807916353","3.04265560504169","2.30994545718475","2.44994099521264","2.49453786191655","2.53459047623042","2.25848076882553","2.22492743492621","2.03817011397001","2.23772036971137","2.35038193185901","2.31123669440378","2.30399563014272","2.29767017420947","2.5332431096057","2.77124478423323","2.71466959870997","2.62620176588546","2.95715184851513","3.28932236579975","3.20263451701964","3.28498125925354","3.28988105368908","3.17893530686094","3.17072521015759","3.43402059471959","3.22080734592565","3.03264831127066","3.18614600836289","3.14735592569123","3.05885418500651","3.09739806930838",
"Cambodia","KHM","Total greenhouse gas emissions excluding LULUCF per capita (t CO2e/capita)","EN.GHG.ALL.PC.CE.AR5","","","","","","","","","","","2.47467233162158","2.08784934933121","1.74742271594091","1.37492236331269","1.16133293234502","1.21649425324906","1.13993647260444","1.1233205805152","1.18196664282906","1.10177078797235","1.50901791428712","1.44918293990249","1.85967561076824","1.86104013641808","1.54161157082057","1.77976277440802","1.867176777485","1.76072778618993","1.94425613335498","2.02245770924693","1.97660884054135","1.89247871364733","1.8378093753016","1.78354462273662","1.60445287137513","1.8973903969827","1.77264340211845","1.68469711559486","1.63106799015075","1.66073265425436","1.64106472494402","1.65944041956367","1.62524374299945","1.7524447228742","1.69100452096762","1.87127926196808","1.95020495595434","2.01371645389282","2.04879517733652","2.12292521928918","2.13598270872782","2.18297956391351","2.14135282602943","2.10829673528537","2.16942876078181","2.25135600778609","2.38900338318719","2.47739553343256","2.50002427106615","2.66973414239553","2.80750787690681","2.84765119985767","2.73834180806528","2.81118786401192","2.82529407752829",
"Kiribati","KIR","Total greenhouse gas emissions excluding LULUCF per capita (t CO2e/capita)","EN.GHG.ALL.PC.CE.AR5","","","","","","","","","","","0.48339419231438","0.48250699038396","0.501856870420556","0.567210311719058","0.659925840016988","0.583730959056848","0.586868004154234","0.6189125060149","0.624749432045971","0.659775310775776","0.690128867665337","0.676099869609311","0.663667754300377","0.651404883978245","0.401667995339425","0.419574109720885","0.39230667509073","0.450288959316249","0.443809763814804","0.429272560733865","0.44218823057912","0.438671153770608","0.454656689120439","0.454078461714083","0.456130265805226","0.428392052588817","0.429662442661244","0.432576324764995","0.436625144471555","0.432706654729931","0.589078351934818","0.545746388443018","0.697997051937917","0.704008494823467","0.711869698704272","0.860917019431836","0.894847875861104","0.838656581886585","0.895204467386924","0.77864502615834","0.796658816602885","0.749229531754137","0.73385344305511","0.76600080816599","0.764788512564383","0.776441381671874","0.818717399010787","0.821450841820827","0.870711968808362","0.866681192049774","0.839816334784574","0.886451622954267","0.842345691313645","0.836037123670112","0.856390966264738",
"St. Kitts and Nevis","KNA","Total greenhouse gas emissions excluding LULUCF per capita (t CO2e/capita)","EN.GHG.ALL.PC.CE.AR5","","","","","","","","","","","1.31148276016679","1.35501968058635","1.43074512297595","1.42661804922516","1.39238191046687","1.47227445764344","1.47647302331999","1.5314359518428","1.538746326677","1.54067808426092","1.52858809801634","1.50826736615298","1.48593999811906","1.45037086030141","1.5054733692684","1.49496107369728","1.44648949973569","1.47044597078456","1.53182991573718","1.52853427547966","1.48149980213692","1.65766390802319","1.67505833230996","1.77488967557344","1.91018766756032","1.7365212871521","1.86346992560114","1.92042000552639","1.909177689895","1.89009215040022","2.08185997171146","2.09130045235025","2.24684919600174","2.29339916839917","2.42901867645471","2.29773671856494","2.41577014752303","2.59495568021239","2.70524180634141","2.92011254156365","3.10378687614738","2.64257987458943","2.49824591244445","2.73640825171557","2.85416976363907","2.97534351307155","3.18003186404673","3.02231668437832","3.19945541184479","3.63349804055205","3.42223170471517","3.49207706947801","3.94142456485902","3.83463792292228","3.96003671839976",
"Korea, Rep.","KOR","Total greenhouse gas emissions excluding LULUCF per capita (t CO2e/capita)","EN.GHG.ALL.PC.CE.AR5","","","","","","","","","","","2.82733752456164","2.80320316723345","2.82252064040054","3.27465361043345","3.41099367795693","3.60891676687483","3.83810233966961","4.22028081834472","4.37983688306897","4.7776914921087","4.74889225948899","4.87544588201899","4.79604362998124","5.12192021714238","5.63800297164111","5.84456443190939","6.01136894517096","6.08523104179576","6.65856047525785","6.84166270151988","7.26399132917618","8.00780142066751","8.62894596095699","9.12150454123067","9.7204733528458","10.3432438092208","10.9777309587298","11.4781394616045","9.82976830200372","10.6530394691153","11.2777346020137","11.3424644254979","11.631360492794","11.695874892702","12.0305365032976","11.9356737524287","12.0442025495036","12.4061435178694","12.5642598871448","12.597237335608","13.7820046094258","14.345973791828","14.2550676393415","14.1379744346163","13.844322243953","14.0075378300403","14.048267552593","14.3723468544619","14.6267607181909","14.0842674973363","13.4100604791177","13.893896177055","13.4477211690404","12.9584347681172","12.9126869176509",
"Kuwait","KWT","Total greenhouse gas emissions excluding LULUCF per capita (t CO2e/capita)","EN.GHG.ALL.PC.CE.AR5","","","","","","","","","","","99.6795260000445","96.2173265701511","94.1608210771531","80.7537226871675","63.6193523160873","50.576044269742","48.6177697501763","43.5756738946744","45.8854198142383","50.267858271854","38.9782706066394","31.5041561778069","28.9255810596218","30.9914893982956","30.9602194335328","31.1728385285513","33.2442256605763","34.4757461541534","38.0661139912878","42.7857358031773","30.0061312224043","33.937497363843","28.1051963930638","38.4589669234417","43.8285323917107","42.0994663734387","41.1911369828337","42.4801824484542","41.8555637851068","41.7587090730146","45.8359274961132","45.4518925901378","45.9315020480841","49.8575038118263","51.0143140563291","54.4537077273304","52.9912679359572","48.4220381540317","47.6154861864638","44.5501029517608","43.0499440777448","43.2480191929684","41.5902806890635","40.1286374194519","38.0377841476362","37.5072433078616","37.2218348411227","35.309539878098","34.7756397283229","33.4995304251206","32.737263443332","34.9454981981786","34.778914176985","34.591628171475","35.3933819768307",
"Latin America & Caribbean (excluding high income)","LAC","Total greenhouse gas emissions excluding LULUCF per capita (t CO2e/capita)","EN.GHG.ALL.PC.CE.AR5","","","","","","","","","","","4.0619021972619","4.01762862717889","4.11436838972268","4.23495469496439","4.33893515641495","4.38393986008177","4.52745309753353","4.58239451095098","4.62063453332082","4.66798963518595","4.73715882333175","4.66010865500189","4.6514775527034","4.52207477237116","4.527279750015","4.50088137187951","4.52056364042762","4.549650742623","4.55106997677103","4.55689311921287","4.42647533087094","4.45397654653829","4.46242893941117","4.50740413490487","4.60621156420969","4.60374587718472","4.63093113017794","4.73023563090834","4.76315362963851","4.68515007609756","4.72124676107991","4.67361715763063","4.67870395391829","4.78744819675039","4.90631498658063","4.95382256767593","4.99674674849431","5.0565250621924","5.09526938884428","4.94977304977771","5.12704524544398","5.19928885201839","5.26083994324001","5.31108761142125","5.31404764878522","5.28695029422893","5.22933186925529","5.19457693412615","5.09192774207914","5.09969900682941","4.87584712043122","5.12333371687469","5.13165277057451","5.18720654792146","5.18313107483594",
"Lao PDR","LAO","Total greenhouse gas emissions excluding LULUCF per capita (t CO2e/capita)","EN.GHG.ALL.PC.CE.AR5","","","","","","","","","","","1.77248247182644","1.68081362437597","1.61839766424191","1.58605964732477","1.58012845261911","1.50456443325467","1.32455603424086","1.37528242922316","1.40846979891164","1.5197004400592","1.66429111822274","1.59307628308538","1.62590079031288","1.54766971260387","1.58063445838647","1.54075484259964","1.53866350899404","1.48099409441855","1.44381931841592","1.48631320547443","1.57040136086763","1.53224784549137","1.57148164572425","1.54845402193355","1.59454131855062","1.57252116835913","1.5882701987721","1.60061770054451","1.5100225483998","1.46997144988451","1.63784805306808","1.67596308382423","1.70746560839111","1.73304586127104","1.8086780431664","1.75344742664779","1.81897303461229","1.89472471019954","1.95187193170107","2.08108699601804","2.18416107874183","2.15397279116919","2.27638442712953","2.34143072896224","2.44290315092616","3.14257800870231","4.20426001497799","4.61825607243621","4.64573385830196","4.55453963144872","4.56294145823615","5.07886954237338","5.09310283744942","5.37159003276324","5.34756343744944",
"Lebanon","LBN","Total greenhouse gas emissions excluding LULUCF per capita (t CO2e/capita)","EN.GHG.ALL.PC.CE.AR5","","","","","","","","","","","2.81906061487423","2.81819913551572","2.96964333599365","3.45686929518235","3.39266503110787","2.98174173313367","2.80703723387282","2.46850737920211","2.87092205214757","3.10715716696703","3.0927446453246","3.06808185229485","2.36892420810814","2.45961545669203","2.4652493193231","2.73325219060502","2.79093373005713","2.77573396385526","2.20581019953112","2.18626295462636","2.15625108652569","2.553972403808","2.68139984004786","3.56366343187424","3.80029919283747","4.27718592634953","4.36655669787282","4.66752912626676","4.58275825040221","4.63372889708473","4.19749892593328","4.45117332944412","4.41523072456079","4.41048828109463","4.42930294074354","4.36318881497343","4.21657052123955","3.8992237596194","4.53780581050621","5.16366547035457","4.93901558490608","4.99723313487781","5.39182411967587","4.88778842490802","4.75532496506218","5.0084905775524","5.32250207968926","5.73895542430287","5.63576693578453","5.79215731076241","5.0208350942884","4.15486063431315","3.0830070350905","3.18005062100188","3.23569117400355",
"Liberia","LBR","Total greenhouse gas emissions excluding LULUCF per capita (t CO2e/capita)","EN.GHG.ALL.PC.CE.AR5","","","","","","","","","","","1.09956118461064","1.08591514929089","1.07618609294275","1.08544646713665","1.09981664598656","1.0920975538523","1.0951277183092","1.15859455645721","1.14346400681536","1.24637357673066","1.19113459976478","1.06992566689164","1.01766538407186","1.03701130409238","0.955960303904824","0.934373380690986","0.848555627415247","0.847541402195582","0.936843185021625","0.815653623039901","0.813341206214779","0.81087932745827","0.711328222823011","0.633373640334718","0.617183459167005","0.625402805322977","0.653857990609639","0.659679758175441","0.662628402276449","0.692848667675048","0.747818478564893","0.739519085422596","0.736562381453686","0.757870090770026","0.781813251767878","0.819172284888133","0.855079384677438","0.78603453209959","0.756843163954595","0.777752529274456","0.836632675435895","0.844361455498915","0.848699635471227","0.83047013817382","0.8997669518587","0.920477199898443","0.948227860664714","0.894095082930753","0.770902169301191","0.859226749457395","0.817658074249684","0.800540297677096","0.812853344708106","0.803308774336063","0.794592091635983",
"Libya","LBY","Total greenhouse gas emissions excluding LULUCF per capita (t CO2e/capita)","EN.GHG.ALL.PC.CE.AR5","","","","","","","","","","","66.0832742322177","58.3586328332871","45.7438173012694","42.6570299020004","28.7505483693643","28.0646036874173","34.3188777750707","34.355462873408","32.1020689094868","32.5574563538276","28.3706121228439","19.5582973398213","19.92037081534","19.1155271593329","18.8550926918436","17.4078325204649","17.537399160602","16.4283263421732","17.9039609415835","17.2190139353246","19.5801620565283","18.6336810139952","17.0911603257684","15.9409217533322","18.9679382385494","20.6765938914288","21.2328966255517","18.4269204577069","17.3769973917969","16.7710737254117","17.2914489876666","16.3363614778855","16.0690108397886","17.4947209647724","16.8973309187018","17.832719271086","17.1899620264235","15.7682680304961","16.1291522797947","15.7449731304481","16.3222111228056","9.86493731952138","16.1094539729886","14.375772844964","12.5092185587246","10.9799123337619","10.2762372126223","12.177533882296","12.9260606025211","13.1833354840928","9.14753018246376","12.9801301299548","12.4511528204319","13.4076337261293","13.3004462931493",
"St. Lucia","LCA","Total greenhouse gas emissions excluding LULUCF per capita (t CO2e/capita)","EN.GHG.ALL.PC.CE.AR5","","","","","","","","","","","0.758978335675859","0.769863432921464","0.816965717627969","0.811177882379207","0.763687703986211","0.820049672612328","0.788970424727596","0.827090725894774","0.832225426040713","0.833843849976176","0.833263475563752","0.753511711206114","0.814870782454687","0.778925818112025","0.812169957581433","0.882633033702646","0.893027225138869","0.940500048788909","1.07925925925926","1.08854899203","1.08445708233895","1.07009747706422","1.0556642211034","1.02973713872229","1.1179655905134","1.13556623124258","1.13603126911112","1.17127332551174","1.21802207180124","1.28268943599954","1.34727896303021","1.36859776456124","1.31154843140045","1.38732083251522","1.34864435365534","1.36355394378966","1.4216359915746","1.47593557386235","1.52599402871902","1.58416191300355","1.6909880285069","1.46099266011257","1.50532774774462","1.63120281019098","1.71990030895037","1.75237986335439","1.8389260216572","1.87363191979222","2.23763819294192","2.45636352378969","2.3741935483871","2.40698625379505","2.51592730771167","2.5333965473966","2.60648477835143",
"Latin America & Caribbean","LCN","Total greenhouse gas emissions excluding LULUCF per capita (t CO2e/capita)","EN.GHG.ALL.PC.CE.AR5","","","","","","","","","","","4.44883792484393","4.40357972331311","4.50776939267668","4.64761067733772","4.70242672143272","4.69136570424926","4.82211563632245","4.87836611957946","4.91867319036609","4.97326357286308","5.03572971427217","4.93939462017315","4.89119977514837","4.74690448708514","4.74414145419527","4.69189548617401","4.71303580764541","4.74203584895754","4.74953881809843","4.77115290396729","4.63723822592921","4.66479256313544","4.67560142183402","4.7211866068388","4.84255503503092","4.84538032483534","4.91084016778222","5.01166777943292","5.05146162981577","4.9734890822618","5.00293409161572","4.96501144378253","4.95734552368102","5.06078734327209","5.1942336261543","5.2610948650519","5.29325916687292","5.35498232517048","5.40792639558025","5.25585431392162","5.41961962343871","5.48845942276323","5.5807066295513","5.61631925373039","5.59673439643281","5.54452227956177","5.46377351279273","5.40711308843438","5.29193113427328","5.28439814844461","4.98533660123715","5.21653227502333","5.25925096103244","5.30101313326944","5.30338087530246",
"Least developed countries: UN classification","LDC","Total greenhouse gas emissions excluding LULUCF per capita (t CO2e/capita)","EN.GHG.ALL.PC.CE.AR5","","","","","","","","","","","1.46470260608889","1.42613345812429","1.39337065078097","1.37222996001416","1.34360948811198","1.33775623715702","1.32200003282857","1.32627354663391","1.33709744846978","1.33201719112911","1.32536520006709","1.31689091926422","1.36224902335445","1.34564277393786","1.29557146298333","1.2914764531872","1.28022441526015","1.25376630853133","1.25909206032869","1.24854541032911","1.24410269266316","1.22569789641041","1.2262842072916","1.21751865773165","1.24299670660011","1.26942939474879","1.28577966195934","1.27361992134361","1.29169770428244","1.3093183406348","1.29909977913574","1.30394233241347","1.30234746184788","1.32589312581106","1.33498183122494","1.35741911612393","1.36026091882754","1.37433810861917","1.39350489606866","1.40700244703464","1.4336543237209","1.42656207985864","1.44141067350508","1.45746213850969","1.46919613981851","1.47150586220667","1.493674480388","1.51320133774837","1.49515056998208","1.50335494283437","1.4821768793064","1.50076733198539","1.49745609559068","1.47754639983789","1.4695956496104",
"Low income","LIC","Total greenhouse gas emissions excluding LULUCF per capita (t CO2e/capita)","EN.GHG.ALL.PC.CE.AR5","","","","","","","","","","","2.05089196525716","2.00908171091988","1.98241870464606","1.94858612888629","1.94942357943148","1.99058632478998","2.04142459314348","2.05473667887817","2.08406441325462","2.12638537090349","2.14730504289522","2.17254259934555","2.26679843364688","2.26516116157243","2.22754630853259","2.18584888275596","2.13273535400388","2.10247866745286","2.11903917457913","2.08554810872679","2.08169503905165","2.07378008283705","1.97240090568026","1.92227525608314","1.88121541651281","1.83069486265132","1.7965967924755","1.75734801468742","1.71013120536673","1.72181210141583","1.74782132301646","1.71447578888326","1.66816728127988","1.69735020033829","1.69495773810278","1.75010709969362","1.74391189674789","1.70412513992433","1.72546836717389","1.70465670209103","1.68784858985146","1.61464232226558","1.56733473050052","1.50775329802708","1.50770933753849","1.43859426729348","1.43851613956338","1.51764704518515","1.50892127326236","1.51172109705618","1.46762435924319","1.45880978312026","1.45285193904874","1.43970045890102","1.42333174121721",
"Liechtenstein","LIE","Total greenhouse gas emissions excluding LULUCF per capita (t CO2e/capita)","EN.GHG.ALL.PC.CE.AR5","","","","","","","","","","","","","","","","","","","","","","","","","","","","","","","","","","","","","","","","","","","","","","","","","","","","","","","","","","","","","","","","","",
"Sri Lanka","LKA","Total greenhouse gas emissions excluding LULUCF per capita (t CO2e/capita)","EN.GHG.ALL.PC.CE.AR5","","","","","","","","","","","0.803777291812314","0.809040217783588","0.849217418255075","0.84990210487534","0.812599539159667","0.773585679929949","0.783502225520901","0.780547399595327","0.807288376456171","0.829006858480616","0.826227201098278","0.8332641253495","0.873165309124017","0.882011936737863","0.859883459635044","0.83676474126543","0.82540135383977","0.866995514613193","0.843772609603771","0.827975062647102","0.973456100605793","0.938947958265419","1.00817334839411","1.00161412735572","1.05326111890912","1.03662773339297","1.12668973580479","1.10692561458116","1.0525756529508","1.10952749870135","1.16385410002999","1.12968321707528","1.15038802868985","1.20484548521388","1.20124325423563","1.28567601433362","1.22049422056188","1.25024490613538","1.25187487475386","1.20194532442589","1.27154973092935","1.3651689500638","1.45267772089394","1.3612144765606","1.44820483203388","1.5863280877444","1.70337121033524","1.61862676548734","1.59211352099677","1.66511947897078","1.63706373465943","1.62778931215021","1.5385194535864","1.59665108680855","1.69586147107136",
"Lower middle income","LMC","Total greenhouse gas emissions excluding LULUCF per capita (t CO2e/capita)","EN.GHG.ALL.PC.CE.AR5","","","","","","","","","","","1.61119118251126","1.59846123611526","1.62132186127611","1.64937244874851","1.67478234283062","1.63390878399502","1.65262437618973","1.64513554441891","1.62674548013922","1.67611305440094","1.6569688739949","1.62058168158868","1.61582432064201","1.63389658025869","1.6517506089663","1.66866549248038","1.68898806654867","1.69264569369633","1.72292416138786","1.75185367247145","1.72876995514528","1.73856212133177","1.74314142341237","1.7415351542256","1.76185558951019","1.80449611021609","1.85401484974628","1.85267569912124","1.84115483623023","1.86407739721912","1.874296202306","1.87088809824249","1.84516002895255","1.86610484205346","1.91507487063802","1.94184245887179","1.96467842172599","2.01602033649992","2.05942571605647","2.07813068893722","2.13258906544739","2.18115258781539","2.23440106007663","2.23307385531152","2.29724021370546","2.3177884104593","2.34475040325161","2.39734183064017","2.43422593425392","2.43804826313768","2.35225046581229","2.44372480130226","2.50365850425639","2.57626894987141","2.64047134110596",
"Low & middle income","LMY","Total greenhouse gas emissions excluding LULUCF per capita (t CO2e/capita)","EN.GHG.ALL.PC.CE.AR5","","","","","","","","","","","2.65501024958571","2.6234005508672","2.66255328093897","2.73634821947947","2.7482615188536","2.80336090512177","2.87346513677443","2.93281810605138","2.99486326845305","3.0241696256015","2.97216610805421","2.88098867742083","2.8990620248379","2.91192246591289","2.96037560228148","2.95195516534181","2.98333242799535","3.03194997188897","3.08320602950356","3.11463834103524","3.13319658392825","3.11515584599175","3.09320411864935","3.08897618390866","3.10315251651291","3.19511706077325","3.18899282739697","3.18489103039905","3.16174364624813","3.13592218105295","3.19201079218864","3.20666380866682","3.25252508629636","3.43612409751012","3.63508010010583","3.81447271629555","3.98241737982422","4.11805184773843","4.17582490374511","4.23289178928018","4.43281938432538","4.62655665204784","4.70314510105696","4.76276544534008","4.78149342241607","4.70224204949558","4.69305010874048","4.75456685609704","4.84816654204096","4.88529500700027","4.79489995869197","4.96648795165834","4.98933706954532","5.11125027657488","5.15094006026704",
"Lesotho","LSO","Total greenhouse gas emissions excluding LULUCF per capita (t CO2e/capita)","EN.GHG.ALL.PC.CE.AR5","","","","","","","","","","","1.87162811140882","1.71588815484272","1.61690871549445","1.54215999512668","1.5398065539653","1.53002159613659","1.46327762058196","1.31522744380283","1.29418944576716","1.31506424168606","1.35390797577853","1.32362477202399","1.3046610658388","1.24666566302553","1.19760403195468","1.21363302529767","1.20038076077732","1.34737200523662","1.27459923061935","1.21158971655413","1.1762196523615","1.17869341758672","1.2463739954753","1.20712401402256","1.16288419350036","1.1246583927639","1.07096974373586","1.10249329772198","0.97319935597175","1.26350690932762","1.33139512543708","1.3399784991701","1.27619531764259","1.30056587738702","1.30635792989703","1.40552646184787","1.389620798915","1.45366636836317","1.37464715965749","1.41426828338675","1.40608570765901","1.41191027448239","1.42885653136082","1.3665424429031","1.35479779951723","1.32309486171079","1.32415080204767","1.40530617353774","1.34168161520203","1.27269558998916","1.10697773028639","1.15912063538948","1.2735607647926","1.32859061238899","1.30699492560824",
"Late-demographic dividend","LTE","Total greenhouse gas emissions excluding LULUCF per capita (t CO2e/capita)","EN.GHG.ALL.PC.CE.AR5","","","","","","","","","","","4.2855644989044","4.25595537799387","4.34515310299437","4.46026454165949","4.49795167567954","4.68207214271025","4.78819272828129","4.920827826536","5.15973263162498","5.18464915809124","5.16603726544359","5.01726414996318","5.03170564044331","5.07094506764943","5.18394958606241","5.16601880745909","5.25527595914148","5.37005535239048","5.46178056491662","5.4756469042287","5.49291834244849","5.44969431407504","5.29863632287642","5.21571809224777","5.13355299278031","5.27184237475915","5.21609169002794","5.12799873667392","5.09383791692104","5.05925219688893","5.17364058516765","5.26287666281063","5.41705086814829","5.83116551580439","6.27540478424465","6.69526950719037","7.08978735971485","7.37434749714018","7.49079948711311","7.62815626152577","8.12685368306495","8.62565275685412","8.76874117490167","8.97236474854","8.97974327699957","8.86019041613966","8.81685332839873","8.92485901340275","9.19317539620698","9.33482489909874","9.31001035124026","9.71900751978972","9.70253163222841","9.98220940915566","10.0988896383914",
"Lithuania","LTU","Total greenhouse gas emissions excluding LULUCF per capita (t CO2e/capita)","EN.GHG.ALL.PC.CE.AR5","","","","","","","","","","","10.0108641333584","10.0300373603234","10.4361994036635","10.9352991180599","11.4353427447559","11.8767513959678","12.1441214853767","12.367080412848","12.6635664181299","12.9195236270551","13.2358413009251","13.2401111930944","13.1675854793749","13.1366076818723","13.246495295522","13.133427920045","13.1480387625967","13.1364985909892","12.9408114638135","12.7347319878781","13.1456813413676","13.5416807275331","8.92213050733032","7.23516155512404","6.85458379544256","6.59355950866082","6.78590398246563","6.70986874069441","7.03002903927529","6.25105341920722","5.83503070121296","6.07925854942552","6.27562577202244","6.3493550768283","6.68007077130357","7.09655419006251","7.29839882394281","8.03235483988767","8.26119189014177","7.37208955280507","7.82124456216773","8.29321211380677","8.50883816376555","8.07246939636978","8.15343451857909","8.49452906091802","8.50387078275829","8.76069736607427","8.67441118047673","8.77112037363456","8.69985400493672","8.64833106630869","7.87519171758829","7.51348123074887","7.45624209303952",
"Luxembourg","LUX","Total greenhouse gas emissions excluding LULUCF per capita (t CO2e/capita)","EN.GHG.ALL.PC.CE.AR5","","","","","","","","","","","60.4951484649336","55.8452898624792","54.0943450663589","57.6627193608218","52.6728629770455","41.7027441147792","44.0755022440544","41.9725037220706","45.2347606537995","42.8971823533303","40.054373197858","34.4850434663564","32.3671431502633","30.2358720208303","33.0897983049088","33.3804191913958","32.4882246745667","30.658125421443","31.6832239925023","33.5287722089631","33.8632971061935","34.728165374677","33.5559380378658","33.6645072017108","30.8881305453869","24.590516977669","24.4369605890518","22.6742162355465","20.6305627501766","21.2739415761659","22.4203529681412","23.3868976841628","24.674174931361","25.2855213338352","28.0450561564741","28.1121683385","27.2545314903404","25.6209986395635","24.9303182236775","23.272389776268","24.0746183571258","23.2683897080527","22.2670478730417","20.7810659599529","19.4097271529464","18.0764180026826","17.2437432776531","17.0945574307102","17.3195164075993","17.1933593655494","14.1566164725365","14.5577629737026","12.5438100881484","11.7829329411941","11.8959486685613",
"Latvia","LVA","Total greenhouse gas emissions excluding LULUCF per capita (t CO2e/capita)","EN.GHG.ALL.PC.CE.AR5","","","","","","","","","","","7.5079138203194","7.55692775888123","7.87035297790935","8.25314313696514","8.6309374828183","9.02110230321685","9.24391002954687","9.40455270328075","9.66575804438972","9.8608792742721","10.1190388505638","10.1782909644716","10.3152804336489","10.3899786764472","10.4094109124462","10.3961691793276","10.4642423608365","10.5029233799198","10.3372459989583","10.1743373997686","10.3435366601443","9.73288497880276","8.30604152944263","7.20347678179215","6.06809423574487","5.49609344819594","5.54992589192185","5.38487560479454","5.21145268979207","4.98493609238639","4.68805305062195","5.00686727965873","5.09022484463285","5.27182571335538","5.36409437935737","5.48785308551594","5.80533250509273","6.04865190369604","5.92948585464162","5.67627397137466","6.30667610622844","6.14208123574738","6.18162638209642","6.1258631046577","6.12398948330359","6.31131711476","6.36145171027646","6.34960108080945","6.69949885168646","6.67987932002036","6.41348439237254","6.60576601626965","6.29121365895084","6.21008541654501","6.23881371227207",
"Macao SAR, China","MAC","Total greenhouse gas emissions excluding LULUCF per capita (t CO2e/capita)","EN.GHG.ALL.PC.CE.AR5","","","","","","","","","","","1.29256087895694","1.34882780921584","1.43684962252602","1.72240527182867","2.10517563916026","1.7791771620487","1.77207130730051","1.88538312942692","1.87564543889845","1.98809523809524","2.09722511996662","1.97589869281046","1.98900451600236","2.54920163386558","2.35920098992399","2.09975837072834","2.52964026346901","2.99071207430341","2.83544303797468","2.8237465395263","2.9896999552172","2.91994881273994","3.12375303316258","3.33776041666667","3.5241935483871","3.100415343269","3.51337027222356","3.71219745986101","4.03031020601468","4.19396350023397","3.52647468648398","3.74855957593916","4.06341240875912","4.12398557258792","4.64855948977348","4.48996832101373","4.23932651834035","3.86043386446535","3.09931570186795","3.3188785046729","3.34767225325885","3.21852256186317","3.21465046663145","3.20189221152222","3.49396815184172","4.4414372375175","4.17379310344828","4.59608266502159","3.35771740780088","3.47559523809524","3.38313393638751","3.12424908424908","2.60076775431862","2.59855627578079","2.64934497816594",
"St. Martin (French part)","MAF","Total greenhouse gas emissions excluding LULUCF per capita (t CO2e/capita)","EN.GHG.ALL.PC.CE.AR5","","","","","","","","","","","","","","","","","","","","","","","","","","","","","","","","","","","","","","","","","","","","","","","","","","","","","","","","","","","","","","","","","",
"Morocco","MAR","Total greenhouse gas emissions excluding LULUCF per capita (t CO2e/capita)","EN.GHG.ALL.PC.CE.AR5","","","","","","","","","","","1.47055586756662","1.47697350943263","1.4697992275141","1.52242989503603","1.53311475033647","1.55338653283879","1.58357299361074","1.60763764993542","1.65976949660355","1.68281238847287","1.70448597922409","1.64346464701909","1.53688651413687","1.57830966270061","1.5376003217223","1.58187005281236","1.63293313073876","1.67131278066236","1.66786493782011","1.73316690208039","1.74302111160482","1.75109784606759","1.78374842161426","1.74819144061122","1.83411893670131","1.85536209893025","1.84367736222479","1.90531209017108","1.91496539236182","1.97140782523992","1.99370695343473","2.09989414062843","2.12602569026481","2.1175821312575","2.28695819566496","2.32556377623085","2.34055387804783","2.33921968977058","2.43237152347787","2.40141841075481","2.48674223710611","2.61694097103516","2.66555711589672","2.65879130524062","2.67151550163457","2.70674165446029","2.6855087434687","2.76489635390818","2.79100920318663","2.97554620158826","2.84990179369197","2.99888170412639","2.96714913612621","2.87326710331228","2.85538473302805",
"Monaco","MCO","Total greenhouse gas emissions excluding LULUCF per capita (t CO2e/capita)","EN.GHG.ALL.PC.CE.AR5","","","","","","","","","","","","","","","","","","","","","","","","","","","","","","","","","","","","","","","","","","","","","","","","","","","","","","","","","","","","","","","","","",
"Moldova","MDA","Total greenhouse gas emissions excluding LULUCF per capita (t CO2e/capita)","EN.GHG.ALL.PC.CE.AR5","","","","","","","","","","","9.60448639845093","9.6062725883937","10.0151645522956","10.4837360550374","10.9048115094218","11.4650654188278","11.653458456047","11.7747871719051","12.0634994734982","12.2118794574055","12.5312191385087","12.3806874813367","12.4000172270214","12.3870784216291","12.3785418139505","12.3426267904266","12.5048516210397","12.6403059212579","12.5678093900385","12.4493988126082","12.565717187076","10.3766275842963","8.50073717739054","7.27195808016624","6.26343012291249","5.60229581470947","4.97809345728436","4.53791752045778","4.11923847797802","3.62124490978366","3.38937616167032","3.46265679963401","3.54965076759","3.76154158276494","3.77220761022961","3.89590115559617","3.84204331392897","3.80381442570867","3.70011081160876","3.63972940231669","4.019698471957","4.09434896855629","3.96339715360917","3.76663106675927","3.96509221205711","4.09643516275514","4.24506258236164","4.32888633048404","4.66178561415601","4.76408890543738","4.69991992804909","5.09059025529228","4.60687780930092","4.74028830047242","4.85296211223716",
"Madagascar","MDG","Total greenhouse gas emissions excluding LULUCF per capita (t CO2e/capita)","EN.GHG.ALL.PC.CE.AR5","","","","","","","","","","","2.74233989403182","2.51904680654804","2.50622031726233","2.47594417599884","2.4608354552483","2.42086659630749","2.36454802665369","2.35988003269182","2.43763939581853","2.38179193989732","2.39030907285251","2.31157178281177","2.26522758525586","2.22618125043432","2.19661455121342","2.10896199821684","2.06224223718356","2.00849239872472","1.96357576110462","1.91407123691948","1.8980578300329","1.84804271849287","1.82243863112429","1.8078257407077","1.72815919082405","1.71651327014808","1.67302622180264","1.63339362358842","1.6051207783612","1.57198153608392","1.53277318495177","1.37934504432852","1.23321978861092","1.26319081595059","1.26370158386741","1.36666494952141","1.34197567887014","1.33457141179579","1.32569356294065","1.31651419575928","1.30802214634947","1.27378485078191","1.29542803693291","1.22787937761751","1.25593857750666","1.23732130104801","1.20404052850365","1.1880339886238","1.10514936465004","1.14275016536406","1.1007076298331","1.13154848544932","1.13208938215564","1.14455307826674","1.11966367167845",
"Maldives","MDV","Total greenhouse gas emissions excluding LULUCF per capita (t CO2e/capita)","EN.GHG.ALL.PC.CE.AR5","","","","","","","","","","","0.170428261875198","0.173967804148463","0.181723779854621","0.20303515323967","0.225935040078286","0.210955727238436","0.21216742924928","0.218521687619298","0.22156904180995","0.230730855574956","0.240846907513574","0.242432107212798","0.242639087264029","0.245634406681256","0.448430493273543","0.472211559192087","0.461573615659989","0.488859686972895","0.54721767788131","0.518972342907531","0.60063533871384","0.600081103700572","0.629236657541827","0.697473089299423","1.28377893486217","1.50555817478346","1.50106538287078","1.33578875412298","1.46852300686044","1.44838723631278","2.46437296777877","2.16900828895933","2.55884450784593","2.20242772967814","2.72781864086818","2.51085895917162","2.96414540657828","3.01313798427633","3.16536276288782","3.1492355179097","3.25339807978004","3.39788157591912","4.08641790195906","4.41497737895868","5.69439844106988","4.06652746441701","4.27174785927617","3.85937196560234","3.26739223714275","3.45579838066475","2.74736217383165","3.62198103666735","3.79617863561951","3.79947299779085","3.96628261895153",
"Middle East, North Africa, Afghanistan & Pakistan","MEA","Total greenhouse gas emissions excluding LULUCF per capita (t CO2e/capita)","EN.GHG.ALL.PC.CE.AR5","","","","","","","","","","","5.13602927981042","5.12499792094532","5.24638610300815","5.65764123088547","5.35536306039586","5.27168752122912","5.46797991975452","5.4281073466149","5.40439460819181","5.38756807282777","4.92807446178883","4.31744940923739","4.34833741853961","4.36089549096483","4.24238468200064","4.26224732167593","4.30326849744382","4.39846969213892","4.51896523103408","4.64585890752908","4.57069169683152","4.45413080607242","4.56878382603556","4.6650798499993","4.80508535188984","4.8091863050073","4.85900316584077","4.92390041539421","4.80319638270864","4.83618575555787","4.95919176524319","4.94288108159238","4.92399679048121","5.06655987991927","5.17364821671927","5.31842081410018","5.45132623325867","5.48719856173828","5.5923949548097","5.59176573511917","5.67127544892044","5.65895995950595","5.77830768918098","5.74355073045128","5.78123261844129","5.76153023513159","5.86556755616828","5.90890140914961","5.8073399241754","5.80757096023511","5.65480218538851","5.83687342574933","5.89669673280201","5.89864741629931","5.90273364524135",
"Mexico","MEX","Total greenhouse gas emissions excluding LULUCF per capita (t CO2e/capita)","EN.GHG.ALL.PC.CE.AR5","","","","","","","","","","","4.04190278400927","3.94887042147418","4.08790881420173","4.18261828617326","4.40055729792328","4.51358201768663","4.64325373326884","4.67571411171829","4.94847016005834","5.06031444717285","5.38060628346956","5.62413186717991","5.83322424661303","5.50745547804929","5.48188259907111","5.55088152039565","5.40508137315617","5.45543729536092","5.33205431556758","5.46360487924369","5.31840009504931","5.42987319806385","5.35791880251602","5.41625191476281","5.61556648415141","5.30674083151286","5.43165628625976","5.61742522620455","5.80553573260524","5.57873197586874","5.74142692757755","5.6208587851525","5.60163474002366","5.75909644841936","5.77288679188296","5.90369833510731","6.02567934600949","6.03986270293845","6.01170808911583","5.80336892089222","5.85768072816022","5.87540795357975","5.93122606366295","5.78451269170317","5.61882917155535","5.63421910870352","5.65630477163397","5.63818864362437","5.41889211279898","5.50347478242843","5.04835943018944","5.14139069217048","5.13389003704809","5.28481943611441","5.24815921674819",
"Marshall Islands","MHL","Total greenhouse gas emissions excluding LULUCF per capita (t CO2e/capita)","EN.GHG.ALL.PC.CE.AR5","","","","","","","","","","","0.0488237905015535","0.047076949413678","0.0500166722240747","0.0528863756559945","0.0513915243516761","0.0535290968876654","0.0518115539765368","0.0537518813158461","0.0520670623763407","0.0538032147420808","0.0519919412491064","0.0530967923290752","0.0538970566218523","0.0545804487087415","0.0551511140525039","0.0556129339795027","0.0559995927302347","0.0563338885078867","0.0567094350322535","0.0573578672050658","0.0560173877971722","0.0570575842696629","0.0582047081141675","0.0573333616461045","0.05658953722334","0.058011850992417","0.0574064582265505","0.0568424044337075","0.0563187642054026","0.0557746703318593","0.0552202895120893","0.0547698687479217","0.0544482255712202","0.0542225837061136","0.0540634473171014","0.0539436673987593","0.0538544391444838","0.0538099356202556","0.0557370747645589","0.0557488609930987","0.0557220813158097","0.0558691505962587","0.0563993854411793","0.0572206546832146","0.0582376094465419","0.0594262295081967","0.0607851768010229","0.0623267209697178","0.0640388649663244","0.0658986070397891","0.0913220624736571","0.0942780477191965","0.0998078698505377","0.103021093568908","0.10653030787259",
"Middle income","MIC","Total greenhouse gas emissions excluding LULUCF per capita (t CO2e/capita)","EN.GHG.ALL.PC.CE.AR5","","","","","","","","","","","2.69018603235883","2.6592274078212","2.70228807811419","2.78248970702598","2.79523070474696","2.85136114919388","2.92284533408205","2.98522323752312","3.04968828913352","3.07872708371106","3.02251150333775","2.92411339871194","2.9375355413252","2.95149760906532","3.00550671361231","2.99941080699714","3.03626925228603","3.09005389408654","3.14375399656777","3.17963513409947","3.19991700292562","3.18147030943273","3.1652397020604","3.16500676789816","3.18369730565005","3.28604455175727","3.28293615914777","3.28231553803191","3.26199302058141","3.23480928544709","3.29411154633558","3.31336834457361","3.36751737575005","3.56431828386159","3.78019662179216","3.97121728803763","4.15521142943558","4.30745054228818","4.37106825054029","4.43746657420443","4.65829837758878","4.87761795238429","4.96809555978257","5.04109021538105","5.06485791719283","4.98857704897976","4.98307585488244","5.04807915194778","5.15644082240438","5.20253632163372","5.11373058012788","5.30901570188869","5.34130223290692","5.48377219766699","5.53640015261517",
"North Macedonia","MKD","Total greenhouse gas emissions excluding LULUCF per capita (t CO2e/capita)","EN.GHG.ALL.PC.CE.AR5","","","","","","","","","","","7.41812321536731","6.97084228152998","6.86702826082526","7.55383595516958","7.66487155085016","6.4127806217227","6.52744231390655","6.58256427745802","6.3242912854078","6.84780618959226","6.29077131437664","6.6254565315597","5.87274300186563","5.55835857304153","6.25596798241389","6.45762786751532","6.53992725950891","6.32614584525911","6.35340710951603","6.41057884882098","6.95899430582806","6.25809219287605","5.67855812701751","5.85309145558172","5.78170149939829","5.69727610338378","6.44783019378869","5.91946692547183","6.30971600325376","5.822148366352","5.62592839341673","5.65757621326445","5.42626142423584","5.79826718906426","5.8985133316073","6.16043244752734","6.04551902509518","6.46390977405691","6.42249300403298","5.90719130561747","6.02954943179308","6.6689446360531","6.37007266477046","5.92521204379638","5.71774398362083","5.5154437025146","5.37708130826365","5.63672111392421","5.42145235888285","6.04243970191796","5.54300251491818","5.56546844670499","5.90480381195297","5.78236540220679","5.37838221534248",
"Mali","MLI","Total greenhouse gas emissions excluding LULUCF per capita (t CO2e/capita)","EN.GHG.ALL.PC.CE.AR5","","","","","","","","","","","1.73162566486396","1.74090584677445","1.51628862786614","1.38477386902681","1.23829636675861","1.32357094456391","1.35241034343014","1.34194446211165","1.40252966567819","1.46791993671821","1.62030086919686","1.68111183935661","1.69841863953994","1.47562979189485","1.29090238175845","1.18128932471671","1.18677426603309","1.21154259958688","1.22803994930494","1.26350870417107","1.30537334278988","1.28314041564953","1.25480188495573","1.24506062972576","1.25169671891258","1.26126064210757","1.27126420568375","1.25538029182374","1.29650674069398","1.32323424403569","1.36315465742273","1.38377949654462","1.43704656149674","1.46157396695534","1.47645368115131","1.49509770067866","1.46376672883665","1.51250797581232","1.54541442342175","1.57571433041632","1.60013691896457","1.61137416009874","1.62845115652013","1.67141715324192","1.67880420417744","1.73233807823172","1.85445073543523","1.93344666290247","1.96081798138443","1.93881786494991","1.95913333784044","2.00952001082692","1.92892534187679","1.96100176502065","1.96124409918135",
"Malta","MLT","Total greenhouse gas emissions excluding LULUCF per capita (t CO2e/capita)","EN.GHG.ALL.PC.CE.AR5","","","","","","","","","","","2.69354039319346","2.71589032044929","3.2851711026616","3.17902051621443","2.94308533887866","2.68521014259324","2.99109800048402","3.13646284653223","3.53340941769671","3.4208628271984","3.69151573528715","4.08706447385746","4.52380806264537","3.43938715494185","4.54940062251772","3.96906542389405","6.03236866488757","6.26645572376156","6.72597711077521","7.1888846436779","7.11494480051952","6.66575052563592","6.51926728288604","8.20639469119976","7.34797770526445","6.95751936177034","6.78195864755663","7.14201744555123","6.85852364600934","6.93744226968507","6.19041393330206","7.10000305321758","6.61061850801452","7.32898123849045","7.27593528514609","7.3701075194263","7.48936611169777","7.65433070091758","7.6535435378952","7.02875554273329","7.11542358651703","7.0596346584412","7.42283847743484","6.5511640498105","6.43142375329022","4.75034892620773","4.02151791509444","4.31679319041074","4.15744477715575","4.19775675117878","3.99794370404858","3.99150825050661","4.20814402961328","4.02571158233333","3.94411854154105",
"Myanmar","MMR","Total greenhouse gas emissions excluding LULUCF per capita (t CO2e/capita)","EN.GHG.ALL.PC.CE.AR5","","","","","","","","","","","1.84791197857568","1.82062075319362","1.73293015796499","1.7732347545275","1.76194019041787","1.7778431706856","1.76103361082455","1.75518751359789","1.79971673578337","1.74325810553571","1.85150697603085","1.86807363985882","1.85638328954601","1.84633353823787","1.83127738405468","1.83649940513877","1.80458046787665","1.70540378157419","1.67372405331095","1.62313196573788","1.5878368900957","1.53475673732392","1.61294623619993","1.66774335063618","1.72978843515049","1.77890620184729","1.75436092250096","1.69715259614323","1.71779690867098","1.83978984955788","1.88690468344361","1.88222976054845","1.90442672627937","2.01781371375419","2.072954017156","2.17515506700115","2.25888029823501","2.2902171744553","2.25072153704941","2.25292367258599","2.27777680093958","2.21598945524286","2.23663748740254","2.28450910813352","2.37600468840448","2.43208447617431","2.51563159763876","2.80346418373214","2.32964540437682","2.3108634565797","2.32068599294386","2.27174720965375","2.2523667569641","2.18418999531494","2.1612349234426",
"Middle East, North Africa, Afghanistan & Pakistan (excluding high income)","MNA","Total greenhouse gas emissions excluding LULUCF per capita (t CO2e/capita)","EN.GHG.ALL.PC.CE.AR5","","","","","","","","","","","3.72385099668284","3.64150212398064","3.61545235578632","3.87991540921492","3.71540618843556","3.68442849583656","3.99558522721933","3.96171247518473","3.93321248720223","3.87231590748953","3.3786106187985","2.89505942580434","3.05480051330522","3.13091251209777","3.13255012731112","3.21104227032901","3.21091224939383","3.29749763019287","3.3653778721235","3.46380541439819","3.45454735801425","3.2948748072647","3.4039388783076","3.44273281970416","3.54725446860741","3.57899020003587","3.58921665066876","3.62550428987238","3.49414896516609","3.52909609474303","3.61096615547059","3.57733055261582","3.53563817219515","3.61444516576656","3.710971650202","3.81749094321286","3.91456673699068","3.929323741152","3.95542322153605","3.97196057401366","3.97011294838635","3.89134734313808","3.9489176295488","3.91513319093884","3.91374119711124","3.85287302029439","3.98609818619234","4.09623092346788","4.05518619529607","4.05520734213527","3.95217310368749","4.11430802981072","4.13362697249589","4.14765478224712","4.14707453090783",
"Montenegro","MNE","Total greenhouse gas emissions excluding LULUCF per capita (t CO2e/capita)","EN.GHG.ALL.PC.CE.AR5","","","","","","","","","","","","","","","","","","","","","","","","","","","","","","","","","","","","","","","","","","","","","","","","","","","","","","","","","","","","","","","","","",
"Mongolia","MNG","Total greenhouse gas emissions excluding LULUCF per capita (t CO2e/capita)","EN.GHG.ALL.PC.CE.AR5","","","","","","","","","","","15.4008578893082","15.2834698298061","14.6030826274984","14.5680333432468","14.6806818574738","14.7113880572144","14.5097898423246","14.5981747761293","14.4590692746013","14.6198587428244","14.7640529349011","13.9095749106209","14.0990296656592","14.0003345922458","13.865133974516","14.3635175179572","14.6328321406012","14.7825291674906","14.8862748648813","14.2529487780019","14.2611890161099","15.1910414151667","14.1238773128393","13.5390022769995","12.4852299379509","12.662919757567","11.8995426878518","11.8565724882732","12.0091625430489","12.1318916689614","12.2810837336531","11.2123622325045","10.2116064869844","9.81714854292135","9.68592878681811","11.3771173159513","12.5355255285201","13.426523435248","13.5912100517516","14.6238640860758","15.5023584853989","17.2431923575099","17.3561690386854","17.855296168245","18.5570378179975","17.4880338198214","19.6719432696118","21.5462649539508","22.140247971675","23.2876423069261","20.9728348487198","20.9613265317883","21.7570712818762","26.9209699682145","29.6060358807395",
"Northern Mariana Islands","MNP","Total greenhouse gas emissions excluding LULUCF per capita (t CO2e/capita)","EN.GHG.ALL.PC.CE.AR5","","","","","","","","","","","0.0688298918387414","0.0621062904799929","0.0633111744222855","0.0576368876080692","0.0545888775162061","0.0531032193826751","0.0518201839616531","0.0570089313992525","0.0557966522008679","0.0545851528384279","0.0567375886524823","0.0504388177141128","0.0536912751677852","0.0521334616618543","0.0543970988213962","0.0528785775662635","0.0545785324439054","0.0531676740541751","0.0545185492873647","0.0532648960123962","0.0553735406764801","0.0585677922194941","0.059759633474248","0.0631093314763231","0.0641985876310721","0.0664231152441049","0.0657563919080958","0.063608735599689","0.0603224807212612","0.0591662115419625","0.0585171747908011","0.0706048481995764","0.0718799604660217","0.0718423747726265","0.0719446964246614","0.0721685858164673","0.0708612109027389","0.0695610865102391","0.0699912510936133","0.07049254405784","0.0702519827697769","0.0708849425458887","0.071382950745764","0.0720269911672163","0.072827628502434","0.0757075746399037","0.0768124790735233","0.078064012490242","0.0794669600831347","0.0831099752747824","0.0841609156707625","0.0851444262329977","0.0868093233213247","0.0908224973971601","0.0925967749220832",
"Mozambique","MOZ","Total greenhouse gas emissions excluding LULUCF per capita (t CO2e/capita)","EN.GHG.ALL.PC.CE.AR5","","","","","","","","","","","1.1209009483782","1.11028240781418","1.03456427547198","1.04109314892316","0.996763458315112","0.926597795555664","0.878678053743465","0.833879789437138","0.768441127304405","0.733995846695686","0.755957386504727","0.721300864003308","0.827790402363931","0.797377996793393","0.705515788707882","0.731965680950652","0.704768413771092","0.668368145116573","0.649385753339815","0.67331729946024","0.657823945970751","0.62104883954497","0.632380824774801","0.625092874682803","0.606524488432872","0.586778759853213","0.578754680921244","0.484767476449237","0.588646301506119","0.549386602592708","0.579095474138418","0.60557040185451","0.617364243637813","0.666232649519981","0.684827905688786","0.691548783921491","0.662497828579829","0.676364471675693","0.647384238240406","0.613239387997675","0.622294611103369","0.808540254003556","0.902791479574651","0.930327394912846","0.959618589311698","0.924773836191121","0.987895389800785","1.04682200521735","1.1203866038675","1.00969469669439","0.907210987845251","0.98200127413444","1.09270367451299","1.02030137510867","0.970946731391059",
"Mauritania","MRT","Total greenhouse gas emissions excluding LULUCF per capita (t CO2e/capita)","EN.GHG.ALL.PC.CE.AR5","","","","","","","","","","","5.13335988347036","4.85153946980776","4.33173136589478","4.12190012277399","3.47794044128793","3.47513954890279","3.54494973147546","3.58429213868255","3.55134187732864","3.5705960113292","3.54636872872772","3.63589137418525","3.61112392196652","3.21550512651035","3.10214773842545","3.17383102237403","3.0227161804622","3.19093473483844","3.28748035276387","3.36034613945628","3.4141990431779","3.50478520085703","3.96047190435484","3.85995121251256","3.71801334901714","3.68284489257648","3.76004796903385","3.84426530685031","3.90366156682296","4.08215295444227","3.51195990267238","3.56728486314563","3.64200675148933","3.65825543192367","3.57054712577004","3.56644762830552","3.69451099327728","3.52356679908143","3.35906264911951","3.41981361860501","3.39059825153017","3.39924135215974","3.44216163760827","3.35504367865833","3.44699278734597","3.44196699965885","3.31799316654175","3.53196694057854","3.6153616502812","3.61102381802929","3.58315882743339","3.45612153565227","3.51092585440631","3.42118503731552","3.38697275019611",
"Mauritius","MUS","Total greenhouse gas emissions excluding LULUCF per capita (t CO2e/capita)","EN.GHG.ALL.PC.CE.AR5","","","","","","","","","","","0.996004842615012","1.02677454333139","1.06038004678113","1.09317672252807","1.13821434509966","1.1322869955157","1.18741498962501","1.28427064215703","1.27991567211106","1.26814950815254","1.20191834905216","1.20504415265456","1.15463551904695","1.21784063149215","1.25604981520834","1.21976075129737","1.36839239176942","1.42276383529489","1.4931381974792","1.60312387040314","1.7416353805105","1.79656272365935","1.84823332942963","1.9473761907973","1.96568078602071","2.00756020052439","2.06358752588193","2.05262809548857","2.18886076691132","2.5144073644542","2.730620715106","2.83619231839851","2.80959737544008","2.86054542307787","2.88385859821802","2.99539020430628","3.59401489145832","3.68626122310689","3.77190000008038","3.76133631653585","3.98528470889315","4.00062599608433","4.07840864030219","4.18650167960493","4.34781574490489","4.34055835911437","4.42865541916222","4.62468188857977","4.62192343887413","4.69752801178529","4.37175260305178","4.6133958339585","4.73757705800211","5.06396123163712","5.19482187450583",
"Malawi","MWI","Total greenhouse gas emissions excluding LULUCF per capita (t CO2e/capita)","EN.GHG.ALL.PC.CE.AR5","","","","","","","","","","","0.495409525881193","0.490357226891924","0.503931192589971","0.506700922353554","0.516422090207275","0.523209378127147","0.531379009821832","0.526217087389223","0.520280778474568","0.50720306982427","0.500835603825311","0.50947954209452","0.504360676743161","0.490023056822112","0.481998033496027","0.498260745871535","0.487827705881758","0.498506361979141","0.431484856731125","0.425883424765317","0.615419137024123","0.620475330363674","0.620843705313002","0.61116154532506","0.61917025401347","0.628002613171848","0.634588032643794","0.639062453400315","0.672786382424851","0.681954531416379","0.719462860449444","0.69776240229282","0.681742427048156","0.681291268271243","0.66777662789002","0.697202366567495","0.712070074168663","0.737938044140458","0.756445661287868","0.745238815686922","0.773063676751495","0.856362997708094","0.852193537738158","0.80989661062841","0.806116738414941","0.803636421739563","0.806219980830106","0.834614072339835","0.874618369813906","0.931248341721263","0.901571668681627","0.931658583932027","0.90619604673658","0.869663609843634","0.87847373615846",
"Malaysia","MYS","Total greenhouse gas emissions excluding LULUCF per capita (t CO2e/capita)","EN.GHG.ALL.PC.CE.AR5","","","","","","","","","","","3.62890446243084","3.60480351376842","2.33235785698664","2.32891209378964","2.53080420458845","2.63947236703483","2.83698083513694","2.77022225438576","3.22406666300567","3.60606569821558","3.60448213609987","3.53039654671998","3.66113927204026","3.96760947694816","4.08015876946752","3.93771204237432","3.94534561549411","3.88921931957247","4.0079825655244","4.45549023196481","4.80819703910202","5.28343956406293","5.39476023134478","5.30349231348224","5.61067092032137","5.58777928776225","6.15234842904972","6.60895247945541","6.21058029107334","6.47942319707075","6.87294342657569","7.05602328740421","7.26833594738001","7.63146828704936","8.04377138931293","8.3299275652246","8.44228436096135","8.91173914117616","9.17246132842879","8.38558085685156","8.75182371609828","8.67342300721839","8.58330413573809","9.03910998329205","9.36311953520406","9.28985292960304","9.01243280642762","8.48838922816681","8.84269368323331","8.73589095122587","8.52352220114526","8.5557489719433","9.01405839657618","9.06365082935868","9.34163492644752",
"North America","NAC","Total greenhouse gas emissions excluding LULUCF per capita (t CO2e/capita)","EN.GHG.ALL.PC.CE.AR5","","","","","","","","","","","27.6556758470516","26.7530293014663","27.7204913977839","28.4128731877719","27.419988655135","26.1615009919914","27.2512743728815","27.699325580946","27.4131374977021","27.4376319694535","26.2639088710255","25.6172074951414","24.2509102009093","23.9194826122068","24.6775913203132","24.4840223753726","24.0329472358896","24.469623645531","25.2171888877849","25.2529323872579","24.5415234273164","24.0068735901431","24.0803032259664","24.209754516848","24.3852025322362","24.3835011314798","24.730722298062","25.4180211773307","25.3086563793492","25.0782166768911","25.3887665626821","24.911833642952","24.2294153867849","24.2876062908378","24.3341192572837","24.1839326960205","23.5782554160053","23.6823475781778","22.8295773734703","21.1722522107203","21.825337711966","21.0997046678986","20.2412962058987","20.5028061887071","20.4790582958548","19.9478586631012","19.4252097631407","19.1892950286047","19.6349555337965","19.1734254357891","17.4010704769331","18.2063440132246","18.3258781793278","17.6321652454033","17.514046920201",
"Namibia","NAM","Total greenhouse gas emissions excluding LULUCF per capita (t CO2e/capita)","EN.GHG.ALL.PC.CE.AR5","","","","","","","","","","","8.53512748921976","8.41587836799114","8.29103467309134","8.17501640673255","8.68409963479727","6.30896494111451","6.16314752593854","6.79591109049043","6.73831826017742","7.0715862176408","7.18734015736157","6.03234256926952","5.42438543493667","5.23425775726715","5.16421839249748","5.08337207924222","5.28211507398674","5.44435301642536","5.57743433060868","5.18368870093185","4.81646501906444","4.71206851246465","4.56312845491959","4.46816027340149","4.337198902014","4.27969566275739","4.27652461601735","4.31661362581574","4.39187531921893","4.40201579852823","4.80829979649707","4.81899229314482","4.47351016153696","4.54543083990104","4.56232023158651","5.41050411322793","4.66657763890339","4.59784008718914","4.90553262832087","4.90349928805032","4.48428792910834","4.59133635400044","5.07191566415481","4.53965091355946","4.70313419738173","4.68580213115445","5.0638464127569","4.69672533650756","4.49950665941885","4.44237942059103","4.0767937987996","4.31748541565559","4.24589450254043","4.68763235738307","4.69025926601853",
"New Caledonia","NCL","Total greenhouse gas emissions excluding LULUCF per capita (t CO2e/capita)","EN.GHG.ALL.PC.CE.AR5","","","","","","","","","","","12.6296438566647","12.068393384215","11.8201299080305","13.0588844209101","14.5087180111371","12.1400823500313","11.6157955113272","12.0028492589852","12.0143177222799","12.5084384197878","13.0606005993979","12.5738736537662","9.08490794177816","8.62499435494797","8.93053184670935","11.1218592808018","10.5894486120149","11.2568668880169","10.8871111322121","11.2335710839451","10.8723987849662","11.4131694236308","11.2187755277527","11.1502328968809","11.1990961792101","10.1422803786824","10.9489157895764","10.0443786982249","9.60396548421608","9.14166212870721","11.1430851016145","11.11076954156","11.9921114728121","12.8981147381675","11.4850613654859","12.314787156121","12.1512278476411","12.3106989729784","11.7915886929971","11.6707482993197","14.5954232324854","14.4164356220197","14.3068036652395","15.4117086069749","18.3352060990527","17.4458272121144","18.6008192701369","16.833600191856","22.8044621412776","21.9667425935982","21.3976549743821","17.6456976165265","17.3591109036894","18.0936281781488","18.3898933498269",
"Niger","NER","Total greenhouse gas emissions excluding LULUCF per capita (t CO2e/capita)","EN.GHG.ALL.PC.CE.AR5","","","","","","","","","","","2.37016090446264","2.37432281770645","2.35465137022679","1.74738703796152","1.71249864491523","1.78400716642164","1.87117495053031","2.00099079739973","2.01517154273991","2.02735059497384","2.05352991401035","2.0964864633156","2.1278627770957","2.17464214824933","1.53874741297757","1.29022342903806","1.29340845886024","1.2933217830621","1.30235157718725","1.31071417014529","1.29599608209403","1.30532707765389","1.31399208835296","1.34836660865338","1.34601539987517","1.35718365759163","1.37748171899397","1.40417406870148","1.41937564452647","1.42520592249401","1.40807306577188","1.42226340566917","1.43328962720007","1.44558280294794","1.45608614489128","1.45703840132502","1.45457351365213","1.45992092469337","1.46512332609574","1.47634093143519","1.40909012628381","1.40427355557661","1.4515240960961","1.47099082295162","1.48516003068083","1.48388891234875","1.49566225604647","1.49986615627219","1.51670701943463","1.54775039669454","1.56823117064942","1.59961538053411","1.63395796921876","1.53181971452684","1.52210243022339",
"Nigeria","NGA","Total greenhouse gas emissions excluding LULUCF per capita (t CO2e/capita)","EN.GHG.ALL.PC.CE.AR5","","","","","","","","","","","3.08389629640391","3.27209532434016","3.79338684573027","4.20152152039727","4.63799076070187","3.6593978487739","4.08050757417377","3.87822547887925","3.60774573290353","4.3657451046139","3.88465118402732","2.95179176480844","2.69985847303083","2.58795006256973","2.66781399993212","2.73611950664594","2.62562042510156","2.41641425865757","2.55788274060588","2.74968911261229","2.68547277530563","2.76187176671454","2.92454526726199","2.88236716497656","3.02749653372377","3.23613202551452","3.66613696291388","3.3492312675269","2.99479948701609","2.81218071226582","3.00570029896704","2.97150769241905","2.49361234888018","2.69081111877115","2.55209585597089","2.42456875114025","2.17344173863479","1.94869666262255","1.9278623878291","1.77346405786322","1.85738201869596","1.92668907999189","1.88247175627215","1.85255913767158","1.86456886602986","1.79574200239429","1.72300309500895","1.67054407280245","1.69088906585775","1.71890397012939","1.55930212605056","1.56842639388846","1.50019518631016","1.48223773393836","1.50660214219666",
"Nicaragua","NIC","Total greenhouse gas emissions excluding LULUCF per capita (t CO2e/capita)","EN.GHG.ALL.PC.CE.AR5","","","","","","","","","","","3.26363510677592","2.99868990829358","2.93921536475677","3.0151233656868","3.09647429151835","3.08351997182762","3.16548610793047","3.33543411703927","3.15172414240886","2.57713242903753","2.42005680107908","2.4112630220398","2.36856760242472","2.25219968263159","2.24762814221421","2.2199505244735","2.14097624320765","1.95929383714856","1.96771659886414","2.00719246836819","2.16460595513481","1.85374950964131","2.01341465485861","2.11209385746605","2.14443226190487","1.99488211218302","1.96614188576935","2.07367681081044","2.12175102459121","2.296418785721","2.34858887758672","2.36733771306993","2.39221702752418","2.50539103808643","2.46544983113695","2.43857056347638","2.51578977477714","2.52863117020659","2.46675703247485","2.44332241216943","2.47535054771719","2.60721206945944","2.64891370306172","2.632270722253","2.71603424186499","2.87765490614801","2.87767706467826","2.84522526171066","2.72563780452744","2.76189810781169","2.7146953810104","2.77527747131152","2.77928415277327","2.77873320189759","2.77012900259393",
"Netherlands","NLD","Total greenhouse gas emissions excluding LULUCF per capita (t CO2e/capita)","EN.GHG.ALL.PC.CE.AR5","","","","","","","","","","","13.7690640797894","13.7233575482264","14.9441805297828","15.4837498498808","15.0225587845484","14.2979664994309","14.9915525854911","14.7575252495546","15.0823715902652","15.7306776404785","15.1091040156045","14.9129429429261","14.063778367309","13.7553307668161","14.212153441183","14.4322254387912","14.5529065531141","14.7771533068754","14.6487684970028","14.7552543766353","14.9695381938012","15.2102436940429","15.023472477843","15.1390273929313","15.1747486387102","15.3038041385067","15.9530235282861","15.2460595811193","15.1474268916903","14.3898705850865","14.1835368191907","14.0130922126014","13.8415556845906","13.9335834858421","14.0319678826251","13.621415320271","13.3660620352217","13.3444546889406","13.0193298593733","12.5976232378817","13.2328189147967","12.3860350705927","12.1686578578931","12.0014946057088","11.4778540277004","11.8967246781464","11.901054789712","11.6004650202763","11.1355667927759","10.7639871007423","9.76656824241034","9.90071090906975","9.05506824423639","8.36199707145173","8.05884463182091",
"Norway","NOR","Total greenhouse gas emissions excluding LULUCF per capita (t CO2e/capita)","EN.GHG.ALL.PC.CE.AR5","","","","","","","","","","","14.2056157716558","13.7342465704288","14.5310556511003","14.8570473452083","14.5077181954092","14.036213293047","14.6349417508331","14.8598450981338","14.5149730047102","15.2700406161595","14.7411408794748","13.7929781237758","12.7476100220983","12.7309109124239","13.3373863765094","13.338563897165","13.7081467041197","13.2695630782165","13.5431197333262","13.1382779014697","13.0498296228692","12.1597040827532","12.0191274684753","12.5633379104919","13.0555112941828","12.8763319006493","12.9195067440616","13.4591343736443","13.7164602939345","14.0009901582572","12.8411319878325","12.9778093652042","12.6858490414285","13.437995292293","13.5120244081439","12.8681495497471","12.9506292755323","13.0957520386362","13.2856508896836","12.4845766771608","12.9647234382683","12.4865538427744","12.2261447626646","12.2384279305767","12.0598602515907","12.121403683108","11.8852945227632","11.7475224409168","11.5059801397462","11.1351641841951","10.7505100404779","10.8553303058991","10.5644416924876","10.049095940087","9.64768634162073",
"Nepal","NPL","Total greenhouse gas emissions excluding LULUCF per capita (t CO2e/capita)","EN.GHG.ALL.PC.CE.AR5","","","","","","","","","","","1.26113383600604","1.25906555444541","1.24796184862399","1.27289610379143","1.27085400784984","1.27888328594926","1.27213616305496","1.27948659147848","1.2768052173579","1.26791651937153","1.30122570380641","1.27846747947847","1.22649502665575","1.2651956043935","1.25485492098971","1.22533913516727","1.20689782542364","1.2170402955973","1.2108595139962","1.18420760583838","1.18292983923387","1.14046365383176","1.1503608469543","1.11593118824084","1.16063655454669","1.17202002621751","1.16450007479599","1.16416990349863","1.16667160043238","1.18631974807752","1.17723868595734","1.18219817669221","1.1482143715138","1.17201072936263","1.14208759188729","1.15570225734031","1.1231026795167","1.15190134629452","1.17550783646573","1.21602169209291","1.26018434967628","1.30517241642974","1.32404621550493","1.36970661394804","1.39355971317238","1.38071852525061","1.5392913198859","1.6216586916589","1.70365847000656","1.6408458853334","1.7198167791607","1.72207235892371","1.61659078466828","1.41830434300308","1.39854050382155",
"Nauru","NRU","Total greenhouse gas emissions excluding LULUCF per capita (t CO2e/capita)","EN.GHG.ALL.PC.CE.AR5","","","","","","","","","","","0.0894187779433681","0.10351966873706","0.102759835584263","0.101951645790853","0.101112234580384","0.10018605982539","0.0990939977349943","0.0977244171436549","0.0959166895039737","0.107123727905731","0.104588835141849","0.102053833397117","0.0995024875621891","0.109542356377799","0.0954995821893279","0.105250847854052","0.102951269732327","0.100603621730382","0.10911074740862","0.106496272630458","0.103928497193931","0.101522842639594","0.109769484083425","0.108889328845773","0.108513366873829","0.108214461387113","0.108023175881371","0.107874865156419","0.107864287115121","0.107980759791892","0.108182533438238","0.108588351431392","0.109105336242809","0.109354806640819","0.10934393638171","0.109463628221714","0.10962726729121","0.109780439121757","0.109901089019882","0.10982428115016","0.109529025191676","0.11883541295306","0.116879322099932","0.11410097936674","0.11171104077453","0.109549023187877","0.10762331838565","0.105969622041681","0.10455693996689","0.103564339345819","0.120243923387443","0.119566145699889","0.118634014066605","0.117894736842105","0.117184230350716",
"New Zealand","NZL","Total greenhouse gas emissions excluding LULUCF per capita (t CO2e/capita)","EN.GHG.ALL.PC.CE.AR5","","","","","","","","","","","20.6963745686128","19.7879775674728","20.8738248562278","20.7502785938608","20.7197804014949","20.0290292238332","20.5970744253335","20.8561951156977","20.8233371780085","20.2890961724027","21.074785569726","20.9774072770329","21.3760970818415","21.1570968649392","21.3202255895386","21.4933941055095","21.6460277854789","21.2833496213047","21.7494974721325","21.0802618816683","21.5670310529161","20.6441589654087","20.7701390265311","20.709254800963","21.0436464088398","21.1416126749061","20.9945873526259","21.293232486182","20.6056356487549","21.0709499100415","21.1742748269694","21.6808143280505","21.7327846017475","21.6803237981724","21.3504097859327","21.2151479232686","21.0669120107059","20.5776788673706","20.3371285036856","19.6102589132153","19.4896683292344","19.2076186131387","19.7110319638847","19.3326129533329","19.3236576995461","18.6964680869527","18.175685708831","18.0437510387236","17.5145492388687","17.5290425125244","16.5149633309676","16.4179679817488","15.7593128283842","15.0400192307692","14.7210212765957",
"OECD members","OED","Total greenhouse gas emissions excluding LULUCF per capita (t CO2e/capita)","EN.GHG.ALL.PC.CE.AR5","","","","","","","","","","","14.6825350514875","14.3921097591542","14.7699630241539","15.2734582341651","14.8527342085117","14.3380003507189","14.817612792762","14.9156577023814","14.9470953921099","15.1336889427647","14.6402659181993","14.203173772161","13.6999661880224","13.5319023069039","13.7849952852434","13.7441688658749","13.6203332618897","13.7480072974889","13.9637760582963","13.9955600319713","13.7449659575629","13.6178592556619","13.4992203047793","13.4562252722296","13.5630054324008","13.6248584506471","13.8816891106234","14.0167093138635","13.8709147500284","13.7754610853879","13.9210012106255","13.7622222844755","13.5780050233253","13.6619966569462","13.68181019995","13.6072936980419","13.4328580958041","13.4778865994419","13.0711555339783","12.2912235265817","12.6648565027804","12.4320523422691","12.2122209810987","12.1820984165033","11.9521614694197","11.8100914062455","11.6590833350126","11.6171517985878","11.5987721742443","11.2854031962097","10.4227948145818","10.8455427842376","10.7295638117066","10.2965249803504","10.1960779883677",
"Oman","OMN","Total greenhouse gas emissions excluding LULUCF per capita (t CO2e/capita)","EN.GHG.ALL.PC.CE.AR5","","","","","","","","","","","22.4050823927084","21.8284910566289","20.9859361997622","20.8612563593782","20.6087647994345","44.8211754555352","47.2752580394525","44.2429330047211","35.8530007641863","31.1082101660914","20.722138770814","22.0473461203798","19.3589745883877","20.923028221885","18.9274642627008","17.3887950025651","18.7169551279557","17.804910872514","18.2062713084992","17.5666436785449","19.82245568762","22.996716668296","21.2399612431497","19.8225234026241","18.8248918982013","19.898346072299","20.4989879115","21.8323199678644","20.1400771837341","21.9339973341134","22.8116615566766","24.2055616420449","25.0551100918216","26.8625972799683","25.7015387008014","25.2817096660626","27.4179803920399","27.4984106134449","26.6907770673768","26.879167894321","27.714196397681","27.7951210411722","26.6031519779787","25.802280855095","25.8962097860829","26.1015867781629","25.4150594516767","24.6805436422124","25.117896803242","25.4186613161888","25.0489939517926","26.5638082100709","26.9741234351171","25.7955359478768","25.0428379006267",
"Other small states","OSS","Total greenhouse gas emissions excluding LULUCF per capita (t CO2e/capita)","EN.GHG.ALL.PC.CE.AR5","","","","","","","","","","","7.23458566006993","7.15663692051195","7.65290790940345","8.37847649968468","8.67334670255316","8.93094339107394","9.27305637494637","9.41880743123406","9.7525364888551","9.83079740455546","9.99730827439953","9.77473969475924","9.64282566561889","9.46776432231665","9.25825496801117","8.9435315821863","8.78799696390714","8.7189455389518","8.40268882224175","8.00132893534235","8.8485921981225","8.40253476836092","7.02276350067553","6.54308846145274","6.67919392791767","6.43204515729835","6.58795665989134","6.53112711155103","6.23136422820703","6.23328139416134","6.36183803639146","6.38510361206916","6.15191473883848","6.49616743308312","6.56770812506958","6.53122736890243","6.8698792293361","7.18331804564765","7.19742855131614","6.58215684789442","6.86137589284963","6.84781943563421","6.70233776486165","6.81130937388452","6.77330113277782","6.40707284780182","6.32630792398135","6.44507818485449","6.51263732092927","5.7187256545356","5.35942877718416","5.45688547204884","5.5925599620451","5.25479161297668","5.18203939654448",
"Pakistan","PAK","Total greenhouse gas emissions excluding LULUCF per capita (t CO2e/capita)","EN.GHG.ALL.PC.CE.AR5","","","","","","","","","","","1.39981872702748","1.37928048291503","1.37431284122028","1.37885217895866","1.38355894395601","1.40954713190498","1.3846837236852","1.40589758356042","1.41826650866884","1.43162074720294","1.3974114547871","1.40348979311671","1.42614968365542","1.42257569419673","1.42515516429287","1.46646186012654","1.55315644143534","1.58663618740468","1.60217354028323","1.62816439863083","1.62607260455581","1.58936077560824","1.6334508185915","1.68466228069999","1.67513660601815","1.71253040324715","1.73330932782567","1.73005317465848","1.72031973059456","1.76182602724131","1.7518945596846","1.72449510819952","1.71469506949067","1.74055932225054","1.81496911598146","1.8190878147047","1.89861583216502","1.9707021121008","1.92688289786349","1.93333625343891","1.85278039399576","1.85350229954134","1.83849947361673","1.87739816984925","1.92488450976236","1.94933305140096","2.06247312009221","2.13728902841593","2.08564363853678","2.0627770605001","2.17557617635743","2.20041982095869","2.20621595590463","2.10990107472594","2.09290504106584",
"Panama","PAN","Total greenhouse gas emissions excluding LULUCF per capita (t CO2e/capita)","EN.GHG.ALL.PC.CE.AR5","","","","","","","","","","","3.87140053004818","3.88128895603764","3.94624569378574","4.08951809647805","4.06309281331054","4.03870031499854","3.95034145874779","3.86825894310483","3.7063490490063","3.79686244475693","3.6147520298498","3.36307097621354","3.4852609621244","3.6387978521788","3.26950848575076","3.11270539752785","3.09173486724484","3.15720882548426","2.78819541253834","2.79779684002962","2.79953884678303","2.93768800346056","3.16081138905634","3.15165888557183","3.21219413338448","3.27319266948719","3.22657106775814","3.1770775497542","3.55273169831584","3.23315565775985","3.22073473384824","3.6473904696376","3.34801798715641","3.31245746215994","3.25182896539845","3.73917983136866","3.80412109662035","3.71782899732072","3.64861020016865","4.00173269916993","4.0912103645135","4.30785933686295","4.35450525316712","4.24917699889343","4.26810609488294","4.13849877589466","4.11314129308732","3.92514029424401","3.84657833996343","4.56209412709283","3.72064498291625","3.95413085776815","4.1046425253018","4.371866701026","4.25593451290942",
"Peru","PER","Total greenhouse gas emissions excluding LULUCF per capita (t CO2e/capita)","EN.GHG.ALL.PC.CE.AR5","","","","","","","","","","","2.72475033213623","2.71564662896921","2.6001419971236","2.61203095385839","2.68858758355535","2.63739490074219","2.62898785624995","2.56898189835433","2.57829062005652","2.63137862389247","2.62308817334813","2.64552030318889","2.57461936679045","2.27235099492638","2.30270424865745","2.19849101729603","2.25261347025683","2.30254412524924","2.25882085626289","2.05949688632426","1.97408821558943","1.8914172553319","1.88892433390249","1.92641231876113","1.92745487059791","2.0780388648876","2.15695180207335","2.11263311873592","2.07788494059098","2.14175210253343","2.12529500441212","1.99271630238474","2.02856786135936","2.00832545034552","2.13086654945266","2.14207374921623","2.11008557929602","2.20514050496975","2.36912158731206","2.47673004470978","2.60612839453897","2.71823526589432","2.70098177464198","2.74633518187503","2.81634314131049","2.84879635952931","2.88860795139221","2.78385029649346","2.73663673085711","2.81249184304513","2.44047709859796","2.82026881384124","2.91646968144226","2.93265151585211","3.03388453885236",
"Philippines","PHL","Total greenhouse gas emissions excluding LULUCF per capita (t CO2e/capita)","EN.GHG.ALL.PC.CE.AR5","","","","","","","","","","","1.75516564632949","1.74000346169891","1.71019443491465","1.84102001954131","1.74778510723462","1.75467356694287","1.68920801987191","1.74043603805827","1.74224926885256","1.78654508910752","1.6551146934023","1.58284052797421","1.55733502247044","1.54867685596715","1.43749841441364","1.42171031224056","1.37411588300957","1.4430263641337","1.4535918648324","1.45819996520051","1.46387063770254","1.42124578468826","1.43209842835446","1.46730029329954","1.52028510405881","1.65618309442008","1.70105261594773","1.78680998922862","1.66762755441858","1.68600525634572","1.66749812248974","1.61692990182194","1.61993138008623","1.6246538269825","1.6312391816035","1.6474375409315","1.53714622574319","1.60522102266628","1.59776425001776","1.5943274434029","1.62599620862674","1.60571527248211","1.62787089124136","1.69738753162143","1.74562407190022","1.81016412485935","1.8983616908975","2.0422486771212","2.07285803763526","2.12280468326415","2.00876481906914","2.08320973431258","2.12870713994759","2.21541251388629","2.30135405758467",
"Palau","PLW","Total greenhouse gas emissions excluding LULUCF per capita (t CO2e/capita)","EN.GHG.ALL.PC.CE.AR5","","","","","","","","","","","190.561224489796","184.241857300791","177.669345579793","172.609942638623","170.773232442658","171.212959304623","171.995554849976","173.005988023952","174.188102893891","175.642376590743","176.570776627822","177.342364134817","172.03403182606","174.334922343534","187.995801154682","148.261250730567","157.765259555048","161.825031393889","151.614885626494","155.14218802275","153.574939380038","148.968874087358","133.066483207205","132.99535792817","194.311270125224","148.682756615295","136.275065141045","148.994919372653","131.613042539408","137.60118512248","116.842215038064","128.301984291029","77.403476388248","91.2813469657663","80.5449041372351","92.9915737423684","91.9818302454958","75.8263392394571","77.915724130675","122.058902132663","119.85757773429","136.37017369178","209.456797072896","106.567316409791","74.6429579452441","70.5233539673607","67.4608080013485","70.4749607006513","72.2297069720445","74.5308461624902","75.0899280575539","78.1364224259124","82.3638718396306","82.4730636881593","86.6798530658378",
"Papua New Guinea","PNG","Total greenhouse gas emissions excluding LULUCF per capita (t CO2e/capita)","EN.GHG.ALL.PC.CE.AR5","","","","","","","","","","","1.10271756222392","1.08855873607643","1.10533580476877","1.18396107378609","1.29318033284762","1.16526101136129","1.1439089126818","1.1529329901062","1.13219833845699","1.15438746458252","1.17633271084384","1.15216706563208","1.13632638756777","1.11802948914893","1.12425180562188","1.13784789372383","1.08532339295143","1.17743960635841","1.11512225610742","1.06454609204553","1.25033331357191","1.24547563712801","1.30693385819326","1.29057282881789","1.24308960655398","1.2074858567898","1.19078955432597","1.13775724089759","1.7420287667017","1.15390086951027","1.2776987948848","1.24840379615026","1.32943889461231","1.32447811453859","1.36233314543948","1.52932149411596","1.56623274231889","1.39441604573664","1.43217278792349","1.16069289987981","0.986359771235378","0.989306234895372","0.936781914992347","0.961578995165186","1.12581291992283","1.21594428430814","1.26438926107695","1.14218614938868","0.997688757256496","1.00613902993128","1.03146515812451","1.00643210515719","1.02200600617318","1.02624394408466","1.01745359666173",
"Poland","POL","Total greenhouse gas emissions excluding LULUCF per capita (t CO2e/capita)","EN.GHG.ALL.PC.CE.AR5","","","","","","","","","","","14.8453510407387","15.143465462809","15.5461986074998","16.1681256220546","16.591002574045","17.028708254801","17.6131801154373","17.8934534096494","18.7726794335004","18.6749495711959","18.5446707792034","16.7044234916544","17.0969990710308","16.9666399867351","17.1473824585614","17.1974242703024","17.2512987797801","17.490724565079","17.0735428612687","16.1913025157654","13.4727122628972","13.140439886396","12.7411230005724","12.6054901578226","12.3937527703076","12.3894785536716","12.7270399491306","12.4462026315367","11.443690235755","11.0765079737801","10.7703937848897","10.6287830007449","10.4303662920918","10.7386681750377","10.7388642808687","10.7414521172228","11.0966450065752","11.0285735571566","10.7969312820762","10.3614990961192","10.8870394745454","10.7903225827639","10.6427227121739","10.4929348944469","10.1396003102726","10.2121516504375","10.5201102120203","10.8706225540046","10.8405822289811","10.3424440231552","10.012445973355","10.9011467039559","10.4540308500827","9.65757600446126","9.52413306920307",
"Pre-demographic dividend","PRE","Total greenhouse gas emissions excluding LULUCF per capita (t CO2e/capita)","EN.GHG.ALL.PC.CE.AR5","","","","","","","","","","","2.33563393782212","2.35875536855732","2.41422706166399","2.60811138302023","2.68689220776392","2.48206006008912","2.61451081123295","2.5191636694773","2.49081367795913","2.81183196542055","2.55828745033776","2.08040630534922","2.08957606732144","2.06008499738576","2.07587376301935","2.1212057139328","2.11303719109217","2.08012664817646","2.17542729674308","2.23310007886443","2.10349118195179","1.87509193124799","1.95632240588907","2.0011056128915","2.05938013064237","2.10802600848768","2.20964433544739","2.19568880537575","2.09740903671963","2.03493635470165","2.09348630583916","2.08684558071648","1.91596663583972","1.93335067038052","1.94271189447331","1.90433441292543","1.81917419961963","1.76652341228352","1.79383378112106","1.76583244061604","1.82692831259402","1.84823752941379","1.87399655395095","1.86845295638169","1.86191222968826","1.85929836136698","1.89107499343884","1.86689737090058","1.87820486390537","1.90120085141385","1.80750397534412","1.82178952738719","1.83871561875864","1.81479703028478","1.81046318859093",
"Puerto Rico (US)","PRI","Total greenhouse gas emissions excluding LULUCF per capita (t CO2e/capita)","EN.GHG.ALL.PC.CE.AR5","","","","","","","","","","","11.5706769683591","12.2448129925892","14.5682891437626","15.7586913372512","14.6587672775039","13.4440213760855","14.4628487437308","15.961815526971","15.9459209866617","13.4922388519511","11.0240798502807","9.44601659433681","7.27287317316221","7.35614160448764","6.62516184786151","5.83529760142138","7.02957043648524","6.26819878844226","7.17867939703468","7.44997361402308","6.14998586372632","6.2625803245829","6.34102760924429","6.44553155485954","6.58554103227606","6.62077601413808","6.63341973954635","6.75245981438676","6.82832857413753","7.31531775243738","7.30889189511902","7.20602999810934","5.97727175843509","7.63276918111024","7.64132015705753","7.68236560681767","5.23773432979065","5.52456453154181","4.85600922766193","4.48474899810449","4.334958175201","3.87460118739481","3.79853293253702","3.7139945261188","3.92533703466399","4.13802233388126","3.9801668298648","4.12057216454495","4.88532800111831","4.51338014970217","4.46567060479828","4.56721419702818","5.00658822901013","5.24728197086452","5.49949349029671",
"Korea, Dem. People's Rep.","PRK","Total greenhouse gas emissions excluding LULUCF per capita (t CO2e/capita)","EN.GHG.ALL.PC.CE.AR5","","","","","","","","","","","6.24852737880843","6.13201885868107","6.1861454244736","6.18224043533702","6.28461821874861","6.4270076315232","6.73088622056491","7.01566438942472","7.40883722621708","7.83990520183257","8.11752684930338","8.23403442840082","8.44063094880439","8.60834508849937","8.77144674568347","8.931174042022","8.70106281221977","8.29785657685095","8.35066358792188","8.24412489935406","7.81349609468715","7.42194160916807","6.57417981251452","6.04561554584007","5.42770544309351","4.97678270140098","4.4941055862517","4.35254813435952","3.67896808639695","3.97394218873171","4.21578126511932","4.34534303452419","4.16651822986937","4.23077178525204","4.30712618042434","4.479712259575","4.52593399736843","3.86323624038464","4.15204870109444","3.99764341114187","3.88773350001029","3.11212415840481","3.01838493577275","2.57564603354411","2.71235273127124","2.32220868922615","2.53180693559573","3.93693336616351","3.56656032222562","3.86970673830861","3.64438180872649","3.11201350201242","3.21208925040198","3.4303051032538","3.44361709952174",
"Portugal","PRT","Total greenhouse gas emissions excluding LULUCF per capita (t CO2e/capita)","EN.GHG.ALL.PC.CE.AR5","","","","","","","","","","","3.41289505094851","3.53113854671511","3.62134911006752","3.89863432602426","3.78015995449127","3.8130328686409","3.84113187420437","3.86151173766019","4.0314178850731","4.30243865580749","4.28739118717485","4.43102182216022","4.64379170987707","4.50102506912877","4.30887358356629","4.16267068570983","4.60627182979236","4.60295686025297","4.69762795158694","5.59950024987506","5.77337888444387","5.93932773674517","6.3272683208852","6.20703635592731","6.40629933868954","6.72668223657753","6.56675886046675","6.80981863941327","7.24196659198307","7.90360730284362","7.83016508035357","7.67106364524688","8.05821242614062","7.57273692703986","7.74766090469914","8.06647034797536","7.59343405160551","7.41381645616925","7.17885294023769","7.09262378140859","6.57508204783838","6.41552593591701","6.30092086958209","6.18112045227757","6.19297337137304","6.64805896384618","6.56095248905326","7.06966787375125","6.69766551774233","6.27637072861155","5.69894516708182","5.49707865337699","5.49329846893888","5.19727695914248","4.97159288809082",
"Paraguay","PRY","Total greenhouse gas emissions excluding LULUCF per capita (t CO2e/capita)","EN.GHG.ALL.PC.CE.AR5","","","","","","","","","","","4.3335337776609","4.36587040441967","4.400729474723","4.53402480650907","4.53835492632029","4.64325201512233","4.94868125542801","5.13523586977355","5.10025113226817","4.88381179622646","4.82769914533274","5.05261339544442","5.12549016812096","5.12174554590201","5.19236223591652","5.20891875085988","5.16625621560615","5.22790855931362","5.34156636250421","5.24168478961007","5.14660606821984","4.69903222786415","4.79499717886026","5.11438339962262","5.30487315318612","5.57803103450233","5.4439820605379","5.40114199614051","5.31719736123795","5.10903663403046","4.87909116644461","4.90775372232221","4.67990210836504","4.98109805505971","4.7566940568931","4.73923280000338","5.02090043719079","5.34247846794592","5.50629598897244","5.90021293418225","6.35306452402774","6.3344744786681","6.4448276142749","6.47827100792402","6.77396709716332","6.63414786211564","6.59439416007935","6.69504280084434","6.53460460262048","6.50924366291137","6.44854377194495","6.34390266452948","6.093901247015","5.9838875441874","5.98081756890056",
"West Bank and Gaza","PSE","Total greenhouse gas emissions excluding LULUCF per capita (t CO2e/capita)","EN.GHG.ALL.PC.CE.AR5","","","","","","","","","","","","","","","","","","","","","","","","","","","","","","","","","","","","","","","","","","","","","","","","","","","","","","","","","","","","","","","","","",
"Pacific island small states","PSS","Total greenhouse gas emissions excluding LULUCF per capita (t CO2e/capita)","EN.GHG.ALL.PC.CE.AR5","","","","","","","","","","","3.5993794523574","3.57258066522429","3.57584604312451","3.71745550679916","3.89918597370069","3.67050524390768","3.6067873911538","3.61511929496795","3.54066483364778","3.57128292531327","3.58933389069328","3.61235606472609","3.51313811370961","3.36678060084203","3.35673289905148","3.09487750775995","3.13453571835067","3.15553286365834","3.09840890631336","3.19749556864315","3.27172623221242","3.17096958087316","3.09533516289582","3.19089462903125","3.81404329163842","3.38372116257279","3.30278839375355","3.43929988202443","3.25378276240277","3.34172504541305","3.24466746381729","3.40433532115701","2.77591511941403","3.02264650625863","3.11586316508235","3.10664051033419","3.12997746397997","2.94906299166453","2.75003023556068","2.96894171643559","3.21721989046033","3.11353488454258","3.58332156991467","2.8681485112242","2.49248448228873","2.43880900527353","2.36129395744763","2.31649494681074","2.4000701807114","2.43134931263665","2.16873522936812","2.31423203185078","2.33263768853662","2.34435658762528","2.40120449577534",
"Post-demographic dividend","PST","Total greenhouse gas emissions excluding LULUCF per capita (t CO2e/capita)","EN.GHG.ALL.PC.CE.AR5","","","","","","","","","","","15.7575480979028","15.4503569309101","15.8882260164542","16.4801506696957","16.0711152369512","15.5184701934963","16.1303201691196","16.2659260268445","16.3310686033072","16.5840479381797","16.0568569167867","15.6355846799818","15.06535561733","14.9430799541114","15.2521125095655","15.2258830442304","15.1360612171432","15.2976469527666","15.6103701747721","15.6691604018888","15.5772500207866","15.3835893047494","15.1695361417919","15.0329589935142","15.0343701627984","15.1242454938484","15.3249243446273","15.4709461522701","15.3350033316749","15.2970418626936","15.4614149686367","15.3475643495781","15.1542785207419","15.2805439643654","15.2959223118241","15.1994443517199","14.9656970089644","15.0164059993989","14.5506456480424","13.6189823861038","14.0736717997457","13.8314406804351","13.5524035351494","13.5546663215537","13.2783131945957","13.0513567714993","12.8463851261904","12.7589115474339","12.7950112215249","12.4461618295896","11.4567177704368","11.9144198904813","11.7781702906171","11.3014927278093","11.1783853859603",
"French Polynesia","PYF","Total greenhouse gas emissions excluding LULUCF per capita (t CO2e/capita)","EN.GHG.ALL.PC.CE.AR5","","","","","","","","","","","1.68055433733883","1.63126881173428","1.65318412286891","1.84118763751321","2.09910741766697","1.76060278264762","1.69714873220673","1.73209755960453","1.67891514156694","1.72792589513687","1.79649903176947","2.50083588225824","2.99497137645068","3.69606986899563","4.71074239668157","4.4395208522112","4.72884541845973","5.18248980041901","5.0150363998709","4.7735207345111","4.60505653266332","4.67546595810228","4.74335764491229","4.71844957926577","3.84066783092101","3.59268496925058","3.50394032524868","3.60988298759171","3.6630870235432","3.60954373507471","3.35986552216263","3.78824811447908","3.90999899102008","4.08962116064013","3.83721748926283","3.99179983584258","3.71814013213131","3.92886900517194","3.98652651660525","3.82921244911515","4.02320940202528","3.88772554806847","3.75452241801058","3.98721644681285","3.92022779653167","3.97961607393492","3.97345063006397","3.50069799740795","3.1481514572128","3.16878946651663","2.91394618368319","2.63624406702122","3.67182874547932","3.67745928755896","3.83595865255299",
"Qatar","QAT","Total greenhouse gas emissions excluding LULUCF per capita (t CO2e/capita)","EN.GHG.ALL.PC.CE.AR5","","","","","","","","","","","202.394499355393","206.880300884686","219.223103490642","225.409506861673","177.2645775307","150.967698498604","139.473910797314","115.47018221364","119.760719248329","109.396528395253","89.5271335529678","70.4179483772947","64.1098810093183","54.586923620526","72.3331167823202","61.1512816308684","61.1981005276893","58.5927129381242","60.0285947712418","61.6709660140116","59.7257908786278","59.6882948996709","61.1884843619918","59.9190993612564","60.414368346551","58.0140961454333","66.7174524922545","93.7910990009083","91.5125572742619","93.4817959183673","93.0195708764025","83.2673230814618","83.8311035496095","87.7770645725289","85.6584235490061","79.5627132278825","73.4077141867395","66.204559840145","59.8972064658731","54.1150709520711","57.9791839844832","65.8690724358844","67.5198758968393","66.3688031784165","63.1645478437268","59.5549607025975","56.4854732101442","54.7805422221524","54.4013834823736","53.9667717327413","50.3472614908015","57.5008283730753","54.9914519557767","58.7818972060578","56.9471086722686",
"Romania","ROU","Total greenhouse gas emissions excluding LULUCF per capita (t CO2e/capita)","EN.GHG.ALL.PC.CE.AR5","","","","","","","","","","","8.50828709638201","8.55564483404424","8.82126436801083","9.44383339330258","9.56086824801567","10.1165877062587","10.7547947408535","11.1030719849738","11.7775470465205","11.955055044506","11.7541579379232","11.8010546202378","11.6609859492508","11.7508591794908","11.7061968511626","11.654476384748","11.7112476283388","11.9938708717384","12.103933174144","11.8950283699757","10.3877387284239","8.55221835599125","7.8813881585401","7.45856045350231","7.30100129734827","7.52159976935559","7.70846054936813","7.15143909424759","6.37384402175574","5.61377160240014","5.80932889856695","6.14497037543427","6.24058466037775","6.5196706492708","6.54340149809703","6.48829004743738","6.83090683295461","6.82419780853137","6.8188700145463","5.80561067744882","5.75462252908116","6.07569325626449","5.952253049713","5.56561292249636","5.59100494304605","5.66448199238419","5.66151093171156","5.88146797786379","5.95975037447423","5.88312878697775","5.6139318202463","5.93441846403675","5.63330911795584","5.31378576912451","5.34634935358352",
"Russian Federation","RUS","Total greenhouse gas emissions excluding LULUCF per capita (t CO2e/capita)","EN.GHG.ALL.PC.CE.AR5","","","","","","","","","","","13.0949296033864","13.1272204643361","13.6796480907292","14.3643089191899","14.9649274536843","15.6138546944858","16.061909624335","16.3030418809699","17.1395549394426","17.2647119766422","17.6387389396446","17.4971230732952","17.6605675209305","17.8939365276562","18.1019012925146","18.2776633902876","18.6774863003299","19.0403185568989","19.3051621645546","19.2853534703935","20.6521400781997","20.1228078862589","18.5577013567763","16.9877406439904","15.3852289222963","14.9197267610786","14.5078801868484","13.6115139522257","13.5591939431973","13.9540639589059","14.2182272665046","14.3319360169263","14.34600064717","14.8645637250402","15.0129728244538","15.0971502593381","15.4063319992906","15.5183602178281","15.4598873609815","14.651888511698","15.3391736817669","15.965939159","15.9979233140948","15.6036566521822","15.4875485920857","15.5471706874017","15.4317553452577","15.7399207643906","16.3477370193529","16.562198651112","16.0129266417905","17.2608717837847","17.0510655547564","17.4712314097584","17.9445808919319",
"Rwanda","RWA","Total greenhouse gas emissions excluding LULUCF per capita (t CO2e/capita)","EN.GHG.ALL.PC.CE.AR5","","","","","","","","","","","1.0931328377215","1.06947632757112","1.06102951542946","1.0564902980336","1.03358612927191","1.03541268060962","0.99925115161251","0.992054399947629","0.984316123523908","0.919233512173813","0.946059213649106","0.941375698134509","0.937714094722815","0.93029816719221","0.911417805966212","0.908753016354642","0.8861612757489","0.877191812777641","0.870298250405313","0.873563928711906","0.768971379767649","0.724448602531219","0.666565494413443","0.60911158968427","0.729511662528679","0.875748442312973","0.776327800471145","0.741963044847882","0.493907146297905","0.527521652172974","0.500284212273027","0.512194021209365","0.529786266484766","0.533698231312323","0.535747258316014","0.529690780126805","0.545227000124526","0.54307187286026","0.550576488670395","0.551248693893065","0.564610620367058","0.546457906587957","0.550069663610037","0.554666133013141","0.547411616456032","0.590677577757155","0.578160432640392","0.576959955941866","0.584865658188872","0.586360332254679","0.584845808194301","0.585080335388454","0.602950839606975","0.598152377112683","0.585687985052783",
"South Asia","SAS","Total greenhouse gas emissions excluding LULUCF per capita (t CO2e/capita)","EN.GHG.ALL.PC.CE.AR5","","","","","","","","","","","1.26603856935864","1.24696658150611","1.24065566537574","1.22597037560944","1.22940780772614","1.25147813215074","1.25503359776969","1.25803486967542","1.2417727196645","1.24978826497694","1.25461250082197","1.2866614417815","1.28981621316722","1.32073478628536","1.35246093225826","1.35974393518622","1.39850216104321","1.40846214340812","1.45271758872757","1.48341175393937","1.44953332922963","1.47502775711203","1.48047455157303","1.48193119647629","1.50716905924662","1.54073175590085","1.55561658219338","1.57652376449388","1.57287600540984","1.60622237568476","1.60793117034007","1.60300235149325","1.60008157464546","1.61571462470144","1.6685851808443","1.70033770272341","1.75372131826243","1.83653714919515","1.90783422397344","1.96236823247743","2.03128381456958","2.10315458758751","2.2022596693445","2.20143455705273","2.30022925727238","2.31816356451813","2.33029146255681","2.40101129064697","2.46791006964178","2.45093738141719","2.31549648562277","2.46544611205827","2.59188890083899","2.70919512527278","2.78739329641082",
"Saudi Arabia","SAU","Total greenhouse gas emissions excluding LULUCF per capita (t CO2e/capita)","EN.GHG.ALL.PC.CE.AR5","","","","","","","","","","","23.9631491633614","26.0143108368325","31.4171361914647","39.0202330832487","39.672502192601","31.5516120911611","36.5418153705553","37.1424389460812","35.870497084488","39.566505800272","44.1476409462505","39.4461783731645","34.8002618805284","31.5300234759941","23.6705512720228","21.4191773354013","21.5319125067117","21.2383219896532","22.0347766395113","21.1355719376636","22.2362908574265","22.5813081995251","22.8825373442371","22.7168659894815","23.1005628217637","21.9151802830033","22.2881786860236","21.8509736003823","22.1220283758712","21.4167330497041","21.6541488350461","21.2706211820545","21.2357496073622","21.6848433793851","21.8489151721347","22.2354545671207","22.4070680545319","22.467858885916","23.1419849907314","23.0618870019367","25.158830913727","25.2756759789935","25.5907431355151","24.5554590855113","25.4715442533618","25.2507866313223","24.4702091780895","24.2982075131979","24.3972196443661","24.5572756789653","23.4594585343607","24.622695864978","25.0084941133588","24.2767181092832","23.7640211352431",
"Sudan","SDN","Total greenhouse gas emissions excluding LULUCF per capita (t CO2e/capita)","EN.GHG.ALL.PC.CE.AR5","","","","","","","","","","","3.31947333784152","3.26952810610085","3.22341668039607","3.35676623638865","3.27578288725865","3.24318913076462","3.15480411560527","3.04166329171012","2.9875687185278","3.03726877905165","3.09150558022335","3.09249893647966","3.21559698906968","3.0933757967783","3.0682431171408","3.08241206413866","2.86150527216804","2.73882940968961","2.76438208682565","2.72616739384175","2.77781044789858","2.77012582977032","2.93864250804334","3.00791295864911","3.21150669598853","3.15828260236656","3.19550207185233","3.22067738376945","3.27996535318664","3.34665493920097","3.4378932545846","3.53450969376967","3.57251959690205","3.60935823094936","3.62209689502153","3.66025125866679","3.66936120992353","3.68033522020343","3.63489390607537","3.58959166814607","3.52810166282929","3.36806544934277","3.34360438854965","3.30269937827783","3.26395595554198","3.25273331181148","3.24776662042644","3.1294854702778","3.11980874053789","3.03443990895354","2.94334181299111","2.90670565896832","2.8240208753777","2.76483180164751","2.74935284596435",
"Senegal","SEN","Total greenhouse gas emissions excluding LULUCF per capita (t CO2e/capita)","EN.GHG.ALL.PC.CE.AR5","","","","","","","","","","","1.66461128694534","1.64922301050183","1.56321738237328","1.47005812067148","1.48090134144239","1.49620659045681","1.49722222431528","1.49179647062652","1.49088665137957","1.47226978578424","1.38402343764701","1.37398368561119","1.3591445519957","1.28171315885009","1.27490936036203","1.31014873369945","1.31220530046268","1.32088687049268","1.282344287451","1.28488856679108","1.28072929774317","1.27024953151074","1.28120640590961","1.2679889017623","1.26815875273855","1.26379660449174","1.28997264148925","1.30669537711821","1.33692141136775","1.40850469232661","1.36018723428161","1.40845801337166","1.38111068625197","1.3456452911509","1.38890407394368","1.43046949874469","1.41762319507997","1.46613387000414","1.49426186942789","1.5209620123026","1.54335279741153","1.56084271678369","1.5453745334039","1.53623601281","1.54160844798886","1.60519212508782","1.66009944713237","1.61304017925167","1.62838940945545","1.61840801295328","1.61781200185667","1.71586598979018","1.78463634822141","1.71900287721145","1.7144431645817",
"Singapore","SGP","Total greenhouse gas emissions excluding LULUCF per capita (t CO2e/capita)","EN.GHG.ALL.PC.CE.AR5","","","","","","","","","","","4.27224395964921","4.21789956931232","4.79808585764728","5.14286365709074","5.25818459054624","5.17855564394944","5.49404787860289","5.94116888143465","6.53471278042148","6.88554646528215","6.83847395031784","6.97885965726153","6.92931630332678","7.33758015949656","7.25940544341032","7.54299135549279","7.69690049620012","7.73154283082425","8.3954298290859","8.62161499143096","11.0775969009547","11.4205588815352","11.3329689126003","12.8119425219053","13.2777603590239","13.285748414104","13.2917827206988","13.2607471263459","13.946760718097","13.3200782171422","14.2117442718726","14.201747119148","12.3095104108047","12.1047159709791","12.592928059474","11.7983844387005","11.4961154096513","11.1509853007421","10.4244207334965","10.3151171922697","11.4346985422906","11.6610220368201","11.0284037250701","11.4857268590941","11.684574943818","11.8783516248052","11.3920235522266","12.3128091338719","11.8975447427729","12.2006939865197","11.9714756410128","12.9539460969208","12.7563809401489","12.2333906984667","12.6046984690717",
"Solomon Islands","SLB","Total greenhouse gas emissions excluding LULUCF per capita (t CO2e/capita)","EN.GHG.ALL.PC.CE.AR5","","","","","","","","","","","0.83305489327723","0.862503252379081","0.882190773754824","0.963777967477104","1.09207807589174","1.00027896226039","1.01161230537564","1.03909186728726","1.0322975827482","1.02586180654308","1.06158271568648","1.21473910486504","1.10109717868339","1.10388233333838","1.0111179039621","0.978208918234763","0.847718971224156","0.851320774748353","0.920758838931457","0.879289845058235","0.90998234948029","0.905957195278254","0.933831149472608","0.918864840879839","0.909078744898642","0.848900406255767","0.83634462853117","0.831464093414549","0.826590243657996","0.815098722415796","0.921971807323557","0.954967993320345","0.972095675714651","0.98529670452254","0.998501931055117","1.01639480003312","1.00936952037657","1.04847287646254","1.04895929558364","1.03659042615813","1.07436093724201","1.06936494588069","1.04043542082893","1.05102152299792","0.991557898422455","0.89972865822666","0.860534527815646","0.79163215064929","0.819488338050574","0.802173187556908","0.78079457567381","0.807247921887355","0.758066539831461","0.748620321122993","0.756593644027451",
"Sierra Leone","SLE","Total greenhouse gas emissions excluding LULUCF per capita (t CO2e/capita)","EN.GHG.ALL.PC.CE.AR5","","","","","","","","","","","0.77864207535636","0.773481102857461","0.769900951823274","0.763318573190022","0.772138900083857","0.786779786711543","0.795722426555556","0.798125595960788","0.802284648278804","0.784505310835639","0.77565127354421","0.753862004109089","0.762664446128626","0.735313124884035","0.704318753902345","0.700245544928895","0.72098337615801","0.780396885619254","0.770488474188827","0.735565885984685","0.827625053969331","0.866078369542","0.802353897857269","0.806036857158665","0.805012095310326","0.824563867687888","0.835704811143048","0.839877415417484","0.841080268216403","0.855873829880805","0.766523096176404","0.735735978908589","0.728159977954052","0.734922756049178","0.745595781106433","0.810911221816046","0.9065749530711","0.803812325284658","0.815967233060355","0.855300986880673","0.876980687204972","0.917609156114266","0.946011955280656","0.968565773480124","0.97597793026423","0.887071048523976","0.877059309444345","0.859593844889603","0.867277167454954","0.866801319349699","0.868770882943291","0.967718981118528","0.886271722899906","0.921279941450352","0.917435757511379",
"El Salvador","SLV","Total greenhouse gas emissions excluding LULUCF per capita (t CO2e/capita)","EN.GHG.ALL.PC.CE.AR5","","","","","","","","","","","1.46514006229837","1.39602605226901","1.46122911592142","1.42798448376209","1.42865261208669","1.47801853632941","1.51756046466887","1.58453716774821","1.63823696881783","1.55667321669463","1.3711401375479","1.33962747552345","1.21930298409273","1.22395385785727","1.18232522989252","1.24859388898945","1.21669959094843","1.3129656288605","1.29967610583327","1.28007678460322","1.31180730281499","1.44685870643851","1.5194404047974","1.54359829942171","1.65834548012479","1.67660193772061","1.65459548418459","1.83766903273427","1.81263339002082","1.82135308341365","1.72796021648339","1.81675452324541","1.83817910273742","1.91131295824242","1.97762708398179","2.02276949862278","2.10561951139218","2.14485482436757","2.05307517609433","2.00078402467876","1.93765944673661","1.9172506583196","1.95303382823777","1.81289980076037","1.8846478677842","1.95860843938136","1.9464585214811","1.83814908523058","1.88748621942771","2.05179163135025","1.86795682788817","2.01364114030828","2.16592501113399","2.2790739987042","2.32741413838297",
"San Marino","SMR","Total greenhouse gas emissions excluding LULUCF per capita (t CO2e/capita)","EN.GHG.ALL.PC.CE.AR5","","","","","","","","","","","","","","","","","","","","","","","","","","","","","","","","","","","","","","","","","","","","","","","","","","","","","","","","","","","","","","","","","",
"Somalia, Fed. Rep.","SOM","Total greenhouse gas emissions excluding LULUCF per capita (t CO2e/capita)","EN.GHG.ALL.PC.CE.AR5","","","","","","","","","","","4.97019083855118","4.80664024279182","4.7723075079783","4.60647044981303","4.42538516639121","4.64541101834747","4.52438171868143","4.69963537427103","4.70521457179102","4.16524365323776","3.81096918981549","3.93693706794205","4.03218606758341","3.80364059931305","3.73091920852954","3.69898864369968","3.5999660491473","3.60264416179623","3.73995212401318","3.7795209630831","3.62375898495668","3.35548948011083","3.23112459887112","3.43399638309282","3.52388150675194","3.50470493714007","3.46709777543744","3.42261031819823","3.29805330616448","3.24731611026254","3.20195938028534","3.13276316022635","3.07682787014075","3.01952022760362","2.96000446649245","2.92862948820713","2.76103999616601","2.56744442212916","2.5317746146731","2.49945636729957","2.46711808651224","2.4814901492692","2.48169512308645","2.41497128813854","2.34821553536038","2.27766236499656","2.21700999530272","2.14783112189758","2.10839847333313","2.06530222030843","2.01237256842469","1.93291453383336","1.88995026765968","1.86532045037166","1.81054377441686",
"Serbia","SRB","Total greenhouse gas emissions excluding LULUCF per capita (t CO2e/capita)","EN.GHG.ALL.PC.CE.AR5","","","","","","","","","","","","","","","","","","","","","","","","","","","","","","","","","","","","","","","","","","","","","","","","","","","","","","","","","","","","","","","","","",
"Sub-Saharan Africa (excluding high income)","SSA","Total greenhouse gas emissions excluding LULUCF per capita (t CO2e/capita)","EN.GHG.ALL.PC.CE.AR5","","","","","","","","","","","2.79799679258455","2.78904781226885","2.89463831229805","3.04990038738262","3.14555588289728","2.94450134537197","3.05419923654436","2.97754366273681","2.82632021156277","2.98355174355364","2.8877543904575","2.69724223762456","2.68901293497544","2.62876107272706","2.64425705686462","2.64312527130432","2.57148906990455","2.53153765759679","2.54279433645069","2.55081926330392","2.54849704280027","2.50167404246605","2.49579511542586","2.46538808038142","2.50436973709984","2.5849485358535","2.71167220663761","2.64261548181267","2.5935182398888","2.52024054052663","2.53389360634114","2.51534672543895","2.38189798192995","2.45390720537427","2.46685714981827","2.44915549006692","2.35590526980794","2.32878989950988","2.35214699439471","2.24711348112178","2.27424705878472","2.24931928710041","2.25644718588331","2.25112723446648","2.25055522383232","2.20195345573577","2.16741706687191","2.13883646769412","2.12731750885906","2.12814581907933","2.03502565976442","2.03009743148646","1.99203706824343","1.96380277184488","1.96278183848037",
"South Sudan","SSD","Total greenhouse gas emissions excluding LULUCF per capita (t CO2e/capita)","EN.GHG.ALL.PC.CE.AR5","","","","","","","","","","","","","","","","","","","","","","","","","","","","","","","","","","","","","","","","","","","","","","","","","","","","","","","","","","","","","","","","","",
"Sub-Saharan Africa","SSF","Total greenhouse gas emissions excluding LULUCF per capita (t CO2e/capita)","EN.GHG.ALL.PC.CE.AR5","","","","","","","","","","","2.72152449615629","2.70936499511484","2.79813747760456","2.93566546792465","3.01769559502749","2.82753259571064","2.92262647108326","2.85313743731196","2.71646580688505","2.86017216088304","2.77496213327425","2.59939354481837","2.58823287601304","2.53367159609088","2.54105332941057","2.54180284442239","2.47989299247683","2.43398032233438","2.44022018446296","2.44770210254167","2.4431552449891","2.39532092422967","2.38631667172118","2.3445957038257","2.37935310901218","2.44910241302059","2.56446669630943","2.50146627143044","2.46067204700612","2.39040808320179","2.39595742120447","2.38330304875261","2.26997508980029","2.32954225681227","2.34092978478645","2.32537236636489","2.24515299483819","2.22845653981058","2.25194827802434","2.15919269917092","2.18574363924025","2.15891300789503","2.16702762783267","2.16375117405783","2.16583841711902","2.12294205650785","2.09445439420276","2.06815495207691","2.05812534223294","2.06467050600686","1.9834516213914","1.97091747497106","1.93571728597987","1.91287528333568","1.91136895153617",
"Small states","SST","Total greenhouse gas emissions excluding LULUCF per capita (t CO2e/capita)","EN.GHG.ALL.PC.CE.AR5","","","","","","","","","","","6.22834154453899","6.16764317730798","6.43239756439291","6.94677634077049","7.11655887133975","7.21323401671847","7.46411970902678","7.68495509094139","7.89234727203383","7.91335723145331","8.09928959610779","7.96325653674868","7.91492591923307","7.74381098716249","7.66961573692484","7.4653163509659","7.35246061535852","7.31534026821362","7.18835843498337","6.97681695107198","7.5135554397577","7.26238692266186","6.41946364142583","6.11112566226527","6.41233756040796","6.1875555637366","6.34229462943634","6.32802376353547","6.37017569512522","6.39793574464916","6.4555692276182","6.6514983003356","6.49887618456654","6.99288002066195","7.17015695369838","7.58782613331819","8.0379948958713","8.25687771320198","8.17263192839153","7.73861293960279","8.17915695917779","8.10846050556134","7.89669655857455","7.81211482700644","7.73662038077908","7.46828476586014","7.2306588208215","7.2015032216011","7.22277397916432","6.83114429199517","6.3807078456059","6.40329370602706","6.54976202679258","6.26447793892321","6.22330076065591",
"Sao Tome and Principe","STP","Total greenhouse gas emissions excluding LULUCF per capita (t CO2e/capita)","EN.GHG.ALL.PC.CE.AR5","","","","","","","","","","","0.440574034472986","0.429849993697214","0.414604953048457","0.420300007246552","0.421626984126984","0.431332748996632","0.444209531949349","0.438111302176318","0.433929675672218","0.454016539916054","0.44142717973697","0.440292202951846","0.419479455262028","0.436865299865875","0.431415305374363","0.426107603673913","0.446243814664867","0.523178749813464","0.493419646140295","0.467581826819693","0.677345909904049","0.780448220721258","0.711107641870268","0.693661998819625","0.76469879154989","0.776900552281404","0.78853988697595","0.783173291487309","0.789337198314754","0.829109391892841","0.804066158396867","0.790435525192143","0.845106121850029","0.895237104554852","0.93846105069592","0.970062917983902","0.987092333884737","0.982321744254567","1.01039742682387","1.05873952084024","1.09129712544416","1.09669322215579","1.11011988027808","1.10640545074244","1.08961360390716","1.12386477674983","1.14537358423872","1.15185775716287","1.15373453163136","1.17998800329909","1.14379009819026","1.13218087862282","1.04504982214268","1.04863755084008","1.04230351198967",
"Suriname","SUR","Total greenhouse gas emissions excluding LULUCF per capita (t CO2e/capita)","EN.GHG.ALL.PC.CE.AR5","","","","","","","","","","","4.6368087876408","4.49491238276028","4.33855963443571","4.92202581284174","4.75898962598685","4.5161950047294","4.73281499089596","5.19052528521011","5.62801767749579","5.69462026154523","5.89327529390453","5.35531176506623","5.33892791225717","4.77443986207115","4.38705052159511","4.67708257961816","4.6685188489282","3.87517604702314","4.0797857925997","4.5263449140445","5.36590923967195","5.93065759385851","6.22238612607133","5.90553997596291","5.77401598105948","5.76318766497675","5.66415240525944","5.48645626658513","5.40154698451704","5.13025897591858","5.30396963765334","5.23738079579086","3.96273494565513","4.32215539064876","4.53861765283904","5.01527980235426","4.72497938083456","4.46898021905178","4.57668289141825","4.72305212963235","5.23400548804105","5.59693241938702","6.36685014920916","6.09029559593687","6.66506770390686","6.74504450446764","7.13475126625459","6.16021545763694","5.53382495458814","6.40278126279368","6.1914008593588","6.33569403265274","6.34889050073496","5.70325941426586","5.77935189169508",
"Slovak Republic","SVK","Total greenhouse gas emissions excluding LULUCF per capita (t CO2e/capita)","EN.GHG.ALL.PC.CE.AR5","","","","","","","","","","","12.4088216907807","12.3957283998131","12.4751611074393","12.6273391152971","12.6321881311142","12.7942934372629","12.8390249768922","13.1599394360212","14.388487001866","14.4969814574811","15.1971107360414","14.6810323946568","14.2244691943719","14.1129240523954","14.4784270709136","14.2948307634128","13.7006968642457","13.9370725505664","14.1295959544402","13.9764804086171","13.9350998558836","12.1202973095589","11.2285052486175","10.8544017666594","10.2595593127324","10.2269508069658","10.3059705089608","10.1568167130478","9.9744440049895","9.75031597362501","9.36808741222405","9.49238938237365","9.40988061549082","9.53166483479468","9.48360844929899","9.5100010106449","9.55088111900606","9.34865744977042","9.31428328165","8.49631461126399","9.10730886139999","8.79522464500488","8.39218437677933","8.46823794245125","7.94388047648039","8.09941220188573","8.24950587372243","8.65289437920648","8.56832424201421","8.070647894162","7.69326450535985","8.51290569346314","7.82883680992799","7.42760847212138","7.19297375227058",
"Slovenia","SVN","Total greenhouse gas emissions excluding LULUCF per capita (t CO2e/capita)","EN.GHG.ALL.PC.CE.AR5","","","","","","","","","","","8.10636730089032","8.23322317044758","7.94026821775415","8.73132178296561","9.33297750392426","9.28182223161374","8.89444246364096","9.35009501312706","9.7325813885065","9.99756188120784","10.0658754598791","8.79691964096047","8.93116072896153","10.3290241328061","10.4046571857109","10.1340052048757","9.93665194276192","9.60459870859836","11.7080226704544","11.052865953933","10.5467477345419","9.8713682756427","9.41258143008408","9.71293528391672","9.6393814751164","10.0905987922841","10.4270884247833","10.8295954190324","10.7721475614255","10.4524607358885","10.3124552207851","11.2186379928315","11.5285806681273","11.4399571485765","11.7002802186467","11.7510150094428","11.7535383493085","11.6520705883985","11.9398946033178","10.722377013133","10.741034168496","10.2411143959864","9.90020703309759","9.86624452111286","9.05847777379024","9.15324266996716","9.58430869686912","9.7265373201935","9.65970295492441","9.2677355947299","8.57288675568476","8.62894606890918","8.28483444724527","7.86484637067128","8.14933721914073",
"Sweden","SWE","Total greenhouse gas emissions excluding LULUCF per capita (t CO2e/capita)","EN.GHG.ALL.PC.CE.AR5","","","","","","","","","","","14.2625684758332","13.2957716982283","13.2891668616032","13.4635692436573","12.5872262775959","12.738920055168","13.5456611458176","13.0143342939621","12.3430581882955","12.7271278195271","11.7885367373035","10.8547043369854","10.0906241640654","9.40572573070607","9.36355986639645","9.79952304001276","9.88727487741984","9.58084994600969","9.29967430764149","8.92883803581412","8.79230642955496","8.75744643815547","9.02810280538902","9.02637487998306","9.29631825090012","9.17961481324387","9.78288876436801","9.09295006071628","9.19449091139574","9.00859506468482","8.58865687966638","8.51426939869334","8.64054486306826","8.62203902132888","8.41556002864726","7.96539415157219","7.94852268678889","7.62587433532588","7.38509553033379","6.78499738936809","7.37744406505095","6.8400405409424","6.48656098604803","6.21965028672306","6.01904268825333","5.95875004311583","5.84672004724337","5.70072793993218","5.39023552723314","5.34307848699961","5.18720247817103","5.35893940471846","5.0377607731368","4.87834252918769","4.97324950005719",
"Eswatini","SWZ","Total greenhouse gas emissions excluding LULUCF per capita (t CO2e/capita)","EN.GHG.ALL.PC.CE.AR5","","","","","","","","","","","4.21312917029301","4.13431218735036","4.1729284567228","4.18442795769855","4.14797114737073","4.18300756589379","4.19200122293773","3.99816414606883","4.60527965103161","4.54834467835183","4.44134190572603","4.23827187714816","4.05424902611456","3.70342829653528","3.5948312457861","3.67305960384936","3.6707261967629","3.52639592778842","3.41648766313494","3.37300071616137","3.69279757183401","3.62864998364878","3.33606807601313","2.87022375782185","3.6491517814854","3.62601024491129","3.33639443102478","3.34758874865269","3.25444048122253","3.42749485342196","3.12555813538132","2.96547117968078","2.96599810654864","2.98256304490485","2.99526910737365","2.95360057533581","2.8680346281385","2.9231552069533","2.84211417815099","2.79029238485531","2.50816354068277","2.38219841425329","2.38080620146762","2.55391640633988","2.54888898080523","2.53156028151587","2.55457339537732","2.51088978971589","2.49382126715994","2.55205216828238","2.39543098222647","2.40835144908018","2.50156491377182","2.37438907246287","2.35737700169453",
"Sint Maarten (Dutch part)","SXM","Total greenhouse gas emissions excluding LULUCF per capita (t CO2e/capita)","EN.GHG.ALL.PC.CE.AR5","","","","","","","","","","","","","","","","","","","","","","","","","","","","","","","","","","","","","","","","","","","","","","","","","","","","","","","","","","","","","","","","","",
"Seychelles","SYC","Total greenhouse gas emissions excluding LULUCF per capita (t CO2e/capita)","EN.GHG.ALL.PC.CE.AR5","","","","","","","","","","","2.42723880597015","2.4462930798062","2.41839047636046","2.47662237221402","2.61836132350657","2.67489711934156","2.72048129049319","2.74333991519114","2.79163314561545","3.12988546086846","3.08246787120027","2.49238697587257","2.20452393150451","3.61389601305666","3.64664616715855","3.76892894365765","3.7135197709133","4.99569336778639","6.55079630572322","6.26599389882458","4.56788524896773","6.17413648688937","5.27252942922149","5.19009591297247","5.04413449228489","5.25337299479443","5.33650889200047","5.53292205020758","5.54118154376887","5.64482029598309","10.0886221049907","11.1204157533066","9.8288403425582","10.0264553460335","13.7350712337072","12.4876294383162","13.2718676122931","11.0392435877836","11.4299185795115","12.5512611972783","11.0370947978166","9.77001635388433","10.9044992808851","9.76108683809714","11.0147878151031","11.448420556846","12.5658818931736","12.9879073067412","11.2998904528637","10.0670934699104","9.42901830147671","8.86276169175281","7.81878242880262","7.80810366276206","8.04588229477397",
"Syrian Arab Republic","SYR","Total greenhouse gas emissions excluding LULUCF per capita (t CO2e/capita)","EN.GHG.ALL.PC.CE.AR5","","","","","","","","","","","2.44506441313047","2.36480413889223","2.34186108926661","2.16391011116917","2.54883486530013","3.08685152052509","3.26719387206869","3.21329915168418","3.27225470122811","3.45322260947327","3.3384712061617","3.48168919662439","3.67566044060957","4.00212664373437","4.12787649689552","3.77573296070122","3.82508376925093","4.47155538763411","4.49049520533575","4.59209495642521","5.03998343933895","5.53453437190144","5.32323200855608","5.4532047192144","5.50494725617607","5.46005928383372","5.51473741292509","5.2915633373984","5.28419833287538","5.10532958928365","5.10600263687314","4.55415874109117","4.19677162078211","4.12239810890266","4.0742820137019","4.60518661252356","4.50346799020748","4.42311564405978","4.25376691049466","4.0608830089354","3.94914764739972","3.69053406450134","2.92590920213009","2.2107806108271","2.32003014354735","2.2507418163899","2.15361870900832","2.40678278553367","2.44161193430635","2.32595970802908","2.20145639104985","2.14001777904029","2.03449149821791","1.97208914929474","1.91164669052023",
"Turks and Caicos Islands","TCA","Total greenhouse gas emissions excluding LULUCF per capita (t CO2e/capita)","EN.GHG.ALL.PC.CE.AR5","","","","","","","","","","","0.794070937003706","0.816823079596802","0.912933220625528","0.90311986863711","0.813008130081301","0.91288875135386","0.840840840840841","0.888694638694639","0.861216998446986","0.834930194360799","0.806451612903226","0.784016186140617","0.735205495962396","0.71288950212717","0.746678379268694","0.745719987396282","0.744391912282467","0.762474664607663","0.788863109048724","0.795139819530063","0.787132101300479","0.772043884599756","0.763299922898998","0.74736225087925","0.74595649749024","0.730799893701834","0.710434506818903","0.691663633054241","0.714617708575413","0.712734562058021","1.37213027229044","1.38434818144667","1.72355197358839","1.50503981221522","1.57070353517676","1.78005669501417","2.06185567010309","2.3601065854587","2.5339993437124","2.66895200783546","2.82457379199032","2.18180639304934","2.17262738506552","2.35640210382432","2.48502139800285","2.49419478213359","2.56557484014094","2.45784581464686","4.84852859789697","5.38155029421304","5.0691659532285","4.95767301018942","5.00578009466268","4.97857050088748","5.11013215859031",
"Chad","TCD","Total greenhouse gas emissions excluding LULUCF per capita (t CO2e/capita)","EN.GHG.ALL.PC.CE.AR5","","","","","","","","","","","2.34707717201545","2.32195068652037","2.42262766448203","2.14066603126163","1.74003936880449","1.77045493485607","1.80295566270717","1.92048465406043","1.9486254371095","1.97277302001339","2.01492519133739","2.04343812894565","2.06667408113525","1.9624914392675","1.59406716754424","1.60570409450522","1.6681746135882","1.69615224144123","1.69558742335487","1.71575778758145","1.84957527646184","2.89240044114453","2.886825184226","2.9101636922765","2.99365367180417","2.99575515187901","2.98071229191261","2.97722429412104","3.03992774763064","3.09547770472126","3.12144145981488","3.16171148884318","3.21712179822452","3.31543567429992","3.50174132432584","3.5471314546772","3.57747834384291","3.62958257156419","3.65780039134578","3.70394410377077","3.78716880912401","3.83851129090818","3.94218513998715","3.99907852405205","4.07070341577982","4.2849620426416","4.37378822076984","4.47911921319403","4.5872780487346","4.67975765142606","4.78475099594019","4.83172430666728","4.95961163710228","5.01438889585955","4.98414635942646",
"East Asia & Pacific (IDA & IBRD countries)","TEA","Total greenhouse gas emissions excluding LULUCF per capita (t CO2e/capita)","EN.GHG.ALL.PC.CE.AR5","","","","","","","","","","","1.99386928675061","1.97245999045097","1.9877858175154","2.0162154713323","1.99553356805768","2.12000824936174","2.14533565055403","2.28667346608915","2.43909330034848","2.46083697926497","2.4180281503494","2.37625342827423","2.41271550521377","2.47489155774211","2.58197473325236","2.56825463282603","2.63932640779529","2.73159362042081","2.83402598122399","2.89171406985985","2.93066564233467","3.00104831055328","3.05910141658697","3.17257320546909","3.2754975786688","3.51877644672474","3.52145311449062","3.52482065051391","3.53058925659917","3.49277851777888","3.59628729651932","3.69358901641652","3.86657538416349","4.25910658853525","4.71811966404881","5.16305697731539","5.56710657416246","5.87873615071401","5.96379412492959","6.26022269082731","6.70980326909458","7.22008455879525","7.36567516320869","7.57659480443268","7.63013290186863","7.51660453292226","7.47654281242835","7.58821382376429","7.89255095417331","8.06716602641019","8.0826106100708","8.37853669382702","8.44994343873728","8.77277510696273","8.88943633566046",
"Europe & Central Asia (IDA & IBRD countries)","TEC","Total greenhouse gas emissions excluding LULUCF per capita (t CO2e/capita)","EN.GHG.ALL.PC.CE.AR5","","","","","","","","","","","11.1504263517385","11.1576460386344","11.5515451821091","12.0575434194796","12.4365687693391","12.8981958486448","13.2190343281758","13.3871148292107","13.960778437434","14.0256026458575","14.2076588777991","13.8680502951964","13.8946560880824","13.9219483977644","13.9699487991847","13.9674925040646","14.1486313038011","14.3826499637236","14.3907781076822","14.2216312189703","14.6109960450231","13.9544499776797","12.8534956158763","11.808581128774","10.7260812040183","10.4156663495521","10.0714518925149","9.58979022769826","9.41352380144921","9.41300825896163","9.5445903548621","9.52327885951401","9.60371154976131","9.97278980484064","10.0136190319003","10.0623770987418","10.3783318430184","10.5430431964168","10.5630490867951","9.85062879231899","10.2806449639462","10.6835049231079","10.6237013534485","10.4170442507178","10.1441778336425","9.95958595555303","10.0370886880076","10.2513924695503","10.4609393216825","10.378004618917","10.1532331674233","10.8068568557044","10.5154266816149","10.5776492630091","10.7008359769163",
"Togo","TGO","Total greenhouse gas emissions excluding LULUCF per capita (t CO2e/capita)","EN.GHG.ALL.PC.CE.AR5","","","","","","","","","","","0.876614250082302","0.762561821175025","0.796899279411185","0.760265752022767","0.741710991496003","0.769433338175468","0.740845766693103","0.768979093924484","0.779293592683628","0.77736390673605","0.719129143337622","0.705764902790966","0.759219297845743","0.670824620939099","0.684461916379349","0.678621983551147","0.750066517247133","0.766505500466438","0.798171333741142","0.783769732330675","0.812451656900725","0.760601230452235","0.678308878672776","0.665319374928252","0.770363775000355","0.726665626802381","0.850441035767804","0.807063658855076","0.868129094266859","0.943589234899162","0.919331903641939","0.893965985407158","0.904129367920412","0.945360613252447","0.925672359276947","0.933301007368985","0.903427040056114","0.888525266210152","0.939625788922644","1.12789259241453","1.08369884398129","1.04407245657253","1.0702834185076","1.02662268123197","0.970003144885546","0.950008449478318","1.02752647554703","0.970232613557664","1.00315082933577","1.03137538301713","1.07880069944589","1.09761027322668","1.11423453569289","1.13335318787357","1.13967746044344",
"Thailand","THA","Total greenhouse gas emissions excluding LULUCF per capita (t CO2e/capita)","EN.GHG.ALL.PC.CE.AR5","","","","","","","","","","","2.27003598557373","2.20295766996187","2.17475231737793","2.27065532632188","2.18928087081358","2.2506201452589","2.3149640361401","2.36502804338365","2.46958503893765","2.43356240963179","2.43311164231202","2.42994787750005","2.37583966691608","2.43106269338182","2.48278337195543","2.57055827271973","2.56029983605793","2.68365630095803","2.87305575962965","3.09503493438201","3.34833202526149","3.55295141756537","3.68900409302622","3.88997752550951","4.10541355950601","4.32329007744259","4.59138194511942","4.60243910439963","4.15854946383144","4.26107508585646","4.2310116610138","4.37787753089925","4.54014589294876","4.70538353126864","4.99648391439919","5.13307245269506","5.16613864020842","5.29194979243215","5.27937736607738","5.20102881516265","5.45280424906313","5.41948748310466","5.65360253970492","5.78231857420979","5.63552796743244","5.69007621759862","5.66032740604089","5.7143863323462","5.63378243290725","5.73891312819192","5.63792760071804","5.55852405049724","5.82378593398519","5.72732013912777","5.89366572486573",
"Tajikistan","TJK","Total greenhouse gas emissions excluding LULUCF per capita (t CO2e/capita)","EN.GHG.ALL.PC.CE.AR5","","","","","","","","","","","4.84415068345286","4.80890850184411","4.85640224977439","4.89322810796049","4.93193109698634","5.04188256557132","4.99209621488352","4.93922559682914","4.90156847219112","4.87213636109595","5.06225383304599","4.95215163121541","4.76869755209808","4.74654058012252","4.6615577677451","4.67440700947802","4.67128053059645","4.61391532273658","4.50045933627619","4.40282963649526","4.07226241246151","4.07514250059328","3.27585230289942","2.46714712140259","1.98828640525371","1.85314690016986","1.62804954337105","1.63691855261767","1.64717391061488","1.61475556385976","1.67208323023962","1.56057619209858","1.66223977363213","1.53181423953323","1.81640742638259","1.70532526946938","1.76957608331258","1.94201746700976","1.74281788558083","1.60296813315479","1.55348679539491","1.51499370270237","1.60088164785894","1.58852846949709","1.72309185202346","1.76864680512365","1.841075948232","1.98714586241213","2.08731115562321","2.14172852243124","2.16696361075809","2.14240966205367","2.14579882465733","2.08606538009061","2.0950951696674",
"Turkmenistan","TKM","Total greenhouse gas emissions excluding LULUCF per capita (t CO2e/capita)","EN.GHG.ALL.PC.CE.AR5","","","","","","","","","","","13.0465892032122","12.828882983988","13.0771859844339","13.2926936770088","13.5387421526397","14.1619597766349","14.1830377784665","14.3029130150445","14.7250480103215","14.7947838649914","15.2121511064002","15.1669294063299","15.1197917172574","15.1076728081906","15.1487645046304","15.0868628319211","15.1128394720248","15.0694913678477","14.9236253790355","14.6259111706097","16.30559474887","14.4055567917583","10.8171011707133","10.4248157490055","11.4663287877411","11.2252973668896","10.6493497965087","9.77623693427998","10.5493314033965","12.6968703321557","13.0032511564747","13.0900205736012","14.1700379392657","15.8334575486778","16.31104942969","16.0763793290801","16.5579680228012","17.1240298044678","17.5046758399253","14.9945190322387","15.9689099690962","16.8117701023873","17.1194477929589","16.5708451493188","15.9720625360168","16.5424074571614","15.866815952916","16.1826821663421","16.1008960376373","15.6272891134906","15.8108620655916","18.1097181728876","18.6411206450506","17.4242216446116","15.3195317418191",
"Latin America & the Caribbean (IDA & IBRD countries)","TLA","Total greenhouse gas emissions excluding LULUCF per capita (t CO2e/capita)","EN.GHG.ALL.PC.CE.AR5","","","","","","","","","","","4.36540086506216","4.32088984082272","4.41169955361891","4.54194262416762","4.60540759459886","4.60456087571915","4.72749495640783","4.76537927776201","4.80140466360145","4.88014173173636","4.96865730224109","4.88362398288184","4.85745791331348","4.70329117491227","4.70092906068512","4.6629192984523","4.6740991601027","4.70468441821135","4.70229306760963","4.72018286685803","4.60320941124942","4.65401616506132","4.68102783510204","4.7362001184272","4.85812426371248","4.85840582256069","4.92010411800921","5.01788916949476","5.06050817552977","4.97593797258834","5.00675361022565","4.97182766029638","4.97566146859623","5.07241843925983","5.21138060642707","5.27958483291784","5.32684665143963","5.38573603368503","5.445340205397","5.29062447013903","5.45787255103113","5.53265983519727","5.62507531123589","5.66048027445334","5.64147115977707","5.58251853643066","5.50319819200205","5.4451508914138","5.32187922046053","5.32215890861902","5.02338095568295","5.25333463035468","5.29831160919802","5.33908873577504","5.33817573909379",
"Timor-Leste","TLS","Total greenhouse gas emissions excluding LULUCF per capita (t CO2e/capita)","EN.GHG.ALL.PC.CE.AR5","","","","","","","","","","","1.10149004916204","1.11356636102358","1.17302718155829","1.16787194070566","1.14483596721206","1.02531438181885","0.89990454560416","0.767569927949346","0.665897976223609","0.538108307409048","0.478094883446099","0.475251062463947","0.502877535496578","0.532088350865492","0.565248981838355","0.598422484264316","0.611721119650445","0.624655520852471","0.617588899000335","0.655160192037119","0.696657438399674","0.773245549790692","0.763150585874458","0.80383523021242","0.880765145477819","0.868056755430538","0.898482766658971","0.862422371083665","0.9486170201479","1.08614263619014","1.37245533413503","1.33025710096288","1.20785887421957","1.17954624279348","1.81094293888323","2.12504125756213","2.21258103393723","1.96618731024024","2.1096850243455","2.05150824248996","1.918632148313","2.00295980839609","2.30384576410826","2.052567759419","1.82789958228383","1.83507021228398","1.64127680914947","1.51417708513921","1.47449878875418","1.62151359204271","1.44345663408627","1.40170752789157","1.41160232090236","1.35593367266591","1.38515447960144",
"Middle East, North Africa, Afghanistan & Pakistan (IDA & IBRD)","TMN","Total greenhouse gas emissions excluding LULUCF per capita (t CO2e/capita)","EN.GHG.ALL.PC.CE.AR5","","","","","","","","","","","3.72385099668284","3.64150212398064","3.61545235578632","3.87991540921492","3.71540618843556","3.68442849583656","3.99558522721933","3.96171247518473","3.93321248720223","3.87231590748953","3.3786106187985","2.89505942580434","3.05480051330522","3.13091251209777","3.13255012731112","3.21104227032901","3.21091224939383","3.29749763019287","3.3653778721235","3.46380541439819","3.45454735801425","3.2948748072647","3.4039388783076","3.44273281970416","3.54725446860741","3.57899020003587","3.58921665066876","3.62550428987238","3.49414896516609","3.52909609474303","3.61096615547059","3.57733055261582","3.53563817219515","3.61444516576656","3.710971650202","3.81749094321286","3.91456673699068","3.929323741152","3.95542322153605","3.97196057401366","3.97011294838635","3.89134734313808","3.9489176295488","3.91513319093884","3.91374119711124","3.85287302029439","3.98609818619234","4.09623092346788","4.05518619529607","4.05520734213527","3.95217310368749","4.11430802981072","4.13362697249589","4.14765478224712","4.14707453090783",
"Tonga","TON","Total greenhouse gas emissions excluding LULUCF per capita (t CO2e/capita)","EN.GHG.ALL.PC.CE.AR5","","","","","","","","","","","0.796199097167095","0.781177237589643","0.791016072164476","0.892967738303023","0.973721645732938","0.984766225528667","1.03225806451613","1.11863530628069","1.29418542446813","1.32453046830148","1.37466886231832","1.63621321839667","1.5360277607675","1.3765587052797","1.24706602714563","1.4226812540823","1.25905519844914","1.71688216638204","1.93798057977751","1.98585555767935","1.94684052156469","1.99709695179939","2.09054008118214","2.09484231241821","2.48088173631771","2.18608131703667","2.35352779855398","2.44849712934819","2.50029589300509","2.50181290790428","2.02674406147433","1.96537835953838","2.0563374858001","2.25245060499311","2.10619485871458","2.18697655932091","2.29075884916191","2.10539137604707","2.19398243319006","2.25833232278947","2.21415270018622","2.15208701310774","2.14777591662014","2.16944657165804","2.30374546239061","2.35072340826618","2.45347030059513","2.57792626903071","2.50457055708697","2.68385240704464","2.91379701808825","3.11877903118779","2.70082443213191","2.71709513657179","2.81161507079434",
"South Asia (IDA & IBRD)","TSA","Total greenhouse gas emissions excluding LULUCF per capita (t CO2e/capita)","EN.GHG.ALL.PC.CE.AR5","","","","","","","","","","","1.26603856935864","1.24696658150611","1.24065566537574","1.22597037560944","1.22940780772614","1.25147813215074","1.25503359776969","1.25803486967542","1.2417727196645","1.24978826497694","1.25461250082197","1.2866614417815","1.28981621316722","1.32073478628536","1.35246093225826","1.35974393518622","1.39850216104321","1.40846214340812","1.45271758872757","1.48341175393937","1.44953332922963","1.47502775711203","1.48047455157303","1.48193119647629","1.50716905924662","1.54073175590085","1.55561658219338","1.57652376449388","1.57287600540984","1.60622237568476","1.60793117034007","1.60300235149325","1.60008157464546","1.61571462470144","1.6685851808443","1.70033770272341","1.75372131826243","1.83653714919515","1.90783422397344","1.96236823247743","2.03128381456958","2.10315458758751","2.2022596693445","2.20143455705273","2.30022925727238","2.31816356451813","2.33029146255681","2.40101129064697","2.46791006964178","2.45093738141719","2.31549648562277","2.46544611205827","2.59188890083899","2.70919512527278","2.78739329641082",
"Sub-Saharan Africa (IDA & IBRD countries)","TSS","Total greenhouse gas emissions excluding LULUCF per capita (t CO2e/capita)","EN.GHG.ALL.PC.CE.AR5","","","","","","","","","","","2.72152449615629","2.70936499511484","2.79813747760456","2.93566546792465","3.01769559502749","2.82753259571064","2.92262647108326","2.85313743731196","2.71646580688505","2.86017216088304","2.77496213327425","2.59939354481837","2.58823287601304","2.53367159609088","2.54105332941057","2.54180284442239","2.47989299247683","2.43398032233438","2.44022018446296","2.44770210254167","2.4431552449891","2.39532092422967","2.38631667172118","2.3445957038257","2.37935310901218","2.44910241302059","2.56446669630943","2.50146627143044","2.46067204700612","2.39040808320179","2.39595742120447","2.38330304875261","2.26997508980029","2.32954225681227","2.34092978478645","2.32537236636489","2.24515299483819","2.22845653981058","2.25194827802434","2.15919269917092","2.18574363924025","2.15891300789503","2.16702762783267","2.16375117405783","2.16583841711902","2.12294205650785","2.09445439420276","2.06815495207691","2.05812534223294","2.06467050600686","1.9834516213914","1.97091747497106","1.93571728597987","1.91287528333568","1.91136895153617",
"Trinidad and Tobago","TTO","Total greenhouse gas emissions excluding LULUCF per capita (t CO2e/capita)","EN.GHG.ALL.PC.CE.AR5","","","","","","","","","","","9.16244650625182","9.0925956402699","8.68609477979074","8.98204117133709","9.108046900297","8.45957498512059","9.42051615335488","10.1447449594925","10.3662953410525","10.2985720076668","10.9155030024676","11.1779070627909","11.9607779937226","12.1208857301897","12.5829508330889","12.740132360199","12.3611531313481","12.4545329088095","12.9598420901592","12.8549452319588","12.6927794743365","12.7712489036747","12.8777501152025","12.6226701841361","13.8926728249741","13.3722317319207","14.1356785310179","13.9745726109557","16.8041366940793","17.1839678468527","17.8077458716417","19.836492610332","21.2797792210425","24.2066797190428","25.6782470380116","32.0913036290628","35.2089150225279","35.6890180081462","34.7717041358351","33.8715340590761","36.4831822383309","36.3034715617774","33.4827747877836","32.7547429911596","32.5383192241681","32.1279989804893","29.5813190830899","28.8038106105336","28.8989128107634","29.3758362445335","26.7237374014524","25.8171865471154","25.7645125036151","24.6253409481466","24.5456332632481",
"Tunisia","TUN","Total greenhouse gas emissions excluding LULUCF per capita (t CO2e/capita)","EN.GHG.ALL.PC.CE.AR5","","","","","","","","","","","2.04104302221072","2.06146047500617","2.14392250466362","2.10857679689636","2.20255374362716","2.22033195290775","2.16081590210029","2.28305028110289","2.33881563827882","2.46089976502454","2.5848313590501","2.59363175622688","2.51767279300331","2.71090759590575","2.74851510600212","2.74498869958217","2.70740593037039","2.68216108704674","2.71037213898405","2.79186079890476","2.78913747345339","2.85583322267084","2.93000458853383","2.93468775365747","2.85402765531275","2.86373334317187","2.93056100684797","2.93891375578876","3.03983570166513","3.16425197569626","3.23651923950339","3.30101988140037","3.24186445088836","3.18064639375227","3.30580967470224","3.39562138144397","3.49913641543299","3.54929684834905","3.63675684494436","3.58919772360096","3.72855977811588","3.51986742647805","3.66264240806267","3.59518913353584","3.72650583345041","3.72172579059738","3.61077084840807","3.59132287735683","3.55537378137496","3.52702436303382","3.37024452113432","3.59542360943849","3.52374148612457","3.57381636763488","3.6344875654358",
"Turkiye","TUR","Total greenhouse gas emissions excluding LULUCF per capita (t CO2e/capita)","EN.GHG.ALL.PC.CE.AR5","","","","","","","","","","","2.77222858544975","2.82166096180906","2.98651678323682","3.06506054877387","3.07794279436424","3.18881197987213","3.3667841018746","3.52515487582931","3.45046040002561","3.26664791300933","3.31464276264421","3.3149493784594","3.4201042151641","3.42571254067039","3.48253640426409","3.49386426905536","3.6613510523396","3.83029414875992","3.67083051179023","3.861728899338","4.0377624615759","3.90151799458925","3.99762938920041","4.04330962842238","3.90883567726707","4.10946402955547","4.32388533840236","4.42161631640422","4.39782401282523","4.31805227412102","4.61312902992743","4.20567381196697","4.32129018873494","4.4626180107746","4.51460687088233","4.62616831663875","5.02804119085765","5.40573839843353","5.33145044090303","5.32223800467762","5.39840844164411","5.63172005507842","5.77497737404339","5.61859815875542","5.85297580971203","5.94933199864446","6.21065536472797","6.67238448395794","6.6197360125524","6.40491749520219","6.51713120443707","6.91626083673873","6.63993854641861","6.61067355054232","6.77637831583916",
"Tuvalu","TUV","Total greenhouse gas emissions excluding LULUCF per capita (t CO2e/capita)","EN.GHG.ALL.PC.CE.AR5","","","","","","","","","","","0.317852728235917","0.316622691292876","0.316233309908644","0.334448160535117","0.326348333905874","0.310609776034004","0.296689569019363","0.284175889919234","0.273106223947104","0.278396436525612","0.285093673635623","0.265745415891576","0.28705636743215","0.282449608422134","0.303720577069096","0.323141933880189","0.316417183887063","0.298650101541035","0.293496125851139","0.346340337104595","0.35235280745624","0.380824372759857","0.376189422438593","0.361604207758054","0.369284240251982","0.366379310344828","0.363947762791693","0.361702127659574","0.3597502909745","0.368576242628475","0.366722548197821","0.365115793866055","0.374103709861789","0.37132542547705","0.366748166259169","0.362173038229376","0.35799522673031","0.353565114908662","0.358492394147854","0.353694675461237","0.348596193706425","0.343228200371058","0.338394000365831","0.345423143350605","0.345957756737072","0.346620450606586","0.347666971637694","0.349618180145368","0.353455492512324","0.368585199886589","0.384652370420233","0.392387679026879","0.410328262610088","0.417685411572942","0.425046651461746",
"Tanzania","TZA","Total greenhouse gas emissions excluding LULUCF per capita (t CO2e/capita)","EN.GHG.ALL.PC.CE.AR5","","","","","","","","","","","1.41069114750171","1.37646404800761","1.36460250724689","1.33581379632289","1.30268487298567","1.27801082154501","1.27865859243768","1.26395376826586","1.25643573972916","1.24953488154445","1.23078083951923","1.23099143818333","1.29633100279426","1.3325506594584","1.21297671810169","1.20475823752462","1.20760348732718","1.19671442538274","1.18080221121899","1.11352523132123","1.11823701742388","1.08582623524128","1.09470285590999","1.11488170626356","1.06060126438251","1.15443590973086","1.08127568485791","1.04093696106816","1.06244334981326","1.14432799915196","1.14409343172834","1.13743848814967","1.14263870429484","1.16067987334979","1.17068981026022","1.18526134245669","1.19132688298882","1.1586341686812","1.16136139367877","1.14877436581424","1.18244164101343","1.2541536797584","1.29047503855469","1.33469869651333","1.32739807297147","1.35360434126535","1.3480488717926","1.31459120990842","1.29318753569663","1.34250352907283","1.34288900437208","1.35807162938865","1.38340875927445","1.49337398885214","1.49540205982901",
"Uganda","UGA","Total greenhouse gas emissions excluding LULUCF per capita (t CO2e/capita)","EN.GHG.ALL.PC.CE.AR5","","","","","","","","","","","1.08529653775678","1.06136573353352","1.06742768282632","1.06353634291305","1.06300776395586","1.05840051035203","1.07767576334017","1.046638061262","1.06288842527639","1.05041753437486","0.983771828630884","0.962213416902889","0.960678570736096","0.952018934766787","0.951431223458733","0.946299378960456","0.950491347094461","0.808083403900046","0.82869458048073","0.831941170197719","0.870488882205741","0.876882948414403","0.867499187651104","0.85988488344221","0.818368036960533","0.825393150871927","0.823401965471197","0.821694829888261","0.827787377453865","0.824103213097008","0.818074053703831","0.816482039124734","0.824646818003616","0.832585639017181","0.828959751260518","0.847107076710468","0.850458340231471","0.870641271515639","1.09306773416101","1.10411221516186","1.10625232434813","1.12071989713665","1.12485678168534","1.12220202245564","1.13705418677822","1.15712035182444","1.17009773821861","1.14404400803756","1.1565821936773","1.16234469607267","1.14532977731007","1.16661108803503","1.14704039731895","1.1633118392302","1.14561820660052",
"Ukraine","UKR","Total greenhouse gas emissions excluding LULUCF per capita (t CO2e/capita)","EN.GHG.ALL.PC.CE.AR5","","","","","","","","","","","12.9664994869164","12.9647926156542","13.5023723017881","14.1387159354428","14.6469110519742","15.1756599769542","15.5415312302668","15.7459669650942","16.5875561726106","16.827708385654","17.1721547359119","16.8784346601817","16.7931161815778","16.7780301644474","16.8044084768079","16.7858862578771","17.058969388281","17.4625432867769","17.5034136878069","17.3809060577412","18.7871070731577","17.6113853835278","15.6453567640543","13.8504747820473","11.7809264068257","11.562234935747","10.1135165272849","9.76786428228469","9.32461509173203","9.37099648902605","9.32490002352862","9.3727342139911","9.51486176888146","10.2588534574341","9.77426258256468","9.58768244716947","9.63931660210411","10.0125283668855","9.73943902257996","8.36042272121036","8.91596076399427","9.52612724239234","9.34110099325567","9.17373794002919","8.09310503393559","6.92060761697482","7.07812195287915","6.5548162525868","6.88343560263468","6.70939847177303","6.55163850217236","6.43442778378749","4.86663837836197","5.34315257936085","5.20239963733968",
"Upper middle income","UMC","Total greenhouse gas emissions excluding LULUCF per capita (t CO2e/capita)","EN.GHG.ALL.PC.CE.AR5","","","","","","","","","","","3.47832533275545","3.43189015406394","3.48887141246717","3.60795114027994","3.61373243508898","3.74491645565574","3.86059351772366","3.98163873851509","4.11530545814257","4.13719339560667","4.06253187415361","3.92566121166106","3.96059250715997","3.97918126960178","4.07006912703381","4.05434458577645","4.11222599653354","4.21346932468634","4.29349668457085","4.34297554505232","4.40786735310106","4.37595649984485","4.35278394637783","4.36490488842635","4.3936392490783","4.55888111187438","4.52225097887374","4.53402939325263","4.51805843566797","4.45848219344012","4.57438634836136","4.62760785984123","4.7687358696507","5.14297509141977","5.53099640897634","5.89397451424398","6.25038178831615","6.52167754250189","6.62577364089935","6.75953234103718","7.16696531736575","7.57911884009819","7.72731391135392","7.89481666263429","7.89789907009855","7.74147863317691","7.72137975119615","7.8174052818726","8.01944771214596","8.1305824961253","8.06229665684588","8.39491447834778","8.42702161072627","8.67854948412464","8.74838788346855",
"Uruguay","URY","Total greenhouse gas emissions excluding LULUCF per capita (t CO2e/capita)","EN.GHG.ALL.PC.CE.AR5","","","","","","","","","","","10.2366806447024","10.0588213914886","10.3250091081653","10.5429671432393","10.8577463327942","11.4704489750446","10.8449148368675","10.6517667705462","10.7169016804439","11.2284657010793","11.8764424772346","11.9112621766806","11.5823198314766","10.1027242572048","9.48739845088473","9.61950416915669","9.63234190998881","10.1784782169622","10.8014410874193","10.2936082728096","9.30980932565778","9.8321330637077","10.3659200777653","10.5441578788124","10.5401354120638","10.5952769138156","10.9909977906163","10.8495987863539","10.6538490034823","10.9567718649115","10.357246297386","10.225239299003","10.4242410564381","10.7073783686752","11.3149940240282","11.3528909957511","11.9574489300217","11.6844346833061","12.7522237602648","12.535455973869","11.5904091509019","11.9267169147761","12.0726113591739","11.679869621506","11.6880799109981","11.7793348430248","11.8013199841505","11.5139483148282","11.3893099907086","11.550109119082","11.3578297883358","12.444979605175","12.1236964793848","12.6700630829074","13.177599400931",
"United States","USA","Total greenhouse gas emissions excluding LULUCF per capita (t CO2e/capita)","EN.GHG.ALL.PC.CE.AR5","","","","","","","","","","","28.2280172834208","27.261401033415","28.2543797880855","28.9207669329759","27.8179234430967","26.5318650942479","27.7200931043181","28.1502544962518","27.827469955298","27.8143378285308","26.5253990538013","25.9270536811554","24.5230730713447","24.1721196619217","24.9430094349624","24.7676417679595","24.3462343784486","24.7941181811803","25.5139902412689","25.5086229180087","24.9028595121443","24.3552543471644","24.3988456770391","24.5474817154575","24.6683649658339","24.6310142032012","24.974856529841","25.7116164264992","25.5755602601376","25.3016399082569","25.5874780570967","25.117798533528","24.3108002017056","24.3310950755697","24.4455914865311","24.2309197663716","23.5984673123705","23.6668101920795","22.8275838265071","21.1483152336474","21.8314858983273","20.9943603000263","20.0792504657526","20.360282889312","20.3236433931275","19.7753408237147","19.2313049713007","18.9328888755654","19.3907886716696","18.9210982930196","17.2023482156763","18.0683861379484","18.185392846738","17.4907286676653","17.3843771845442",
"Uzbekistan","UZB","Total greenhouse gas emissions excluding LULUCF per capita (t CO2e/capita)","EN.GHG.ALL.PC.CE.AR5","","","","","","","","","","","6.6815029077661","6.5881044900178","6.70944956264311","6.83153136295113","6.98637468013313","7.33966583571846","7.23094133564594","7.26078787009792","7.37933481453494","7.40593182504231","7.66191359554866","7.66919579580509","7.68758607317763","7.73166000331196","7.77534941042691","7.79755841273835","7.85016716750144","7.88603528671579","7.79828299494929","7.64509690880841","7.9736941530683","7.75213460344962","7.10758949578522","6.97554638437272","6.69438418440112","6.20467100618656","6.27885916830782","6.10662251209649","6.66940847433195","6.51701045366548","6.8344144487683","6.97537767907999","7.31448607439848","6.77279552899374","6.7670226110141","6.72506234118293","7.09426176810907","6.78094422191041","7.09739239900644","6.31898161616486","6.77966071839621","6.88305349621881","6.39266352567705","6.2733209606425","5.89333075339922","5.63216206289396","5.8484649684151","5.9100332510161","5.73055917048177","5.75270195837663","5.90234336712521","6.14650065810653","5.92046041445716","5.92852799119002","6.25623678921366",
"St. Vincent and the Grenadines","VCT","Total greenhouse gas emissions excluding LULUCF per capita (t CO2e/capita)","EN.GHG.ALL.PC.CE.AR5","","","","","","","","","","","0.484556708765787","0.491370055330746","0.515390121689334","0.52588381919324","0.514283418377597","0.541902836024585","0.532624484915561","0.551966195747017","0.555582583313062","0.560505614720037","0.564229030927044","0.568176410685904","0.56620332361351","0.570957898874932","0.606387029075004","0.606418078262953","0.582900961740833","0.55454041326897","0.617217010970739","0.696491480336473","0.702071334024971","0.677229063819928","0.732385853576158","0.676808444582428","0.887369595635771","0.931470981096358","0.878720639326727","0.974005886460258","1.03905283619014","1.0452869467036","0.813774274516711","0.871357961603862","0.93429909922627","0.968702769111109","1.01386980989941","1.03868385949311","1.11057546378131","1.17097488590616","1.21050545808265","1.61979223223658","1.37778626578998","1.14312888092255","1.31327251324308","1.25398807046747","1.35118798530711","1.37995512341062","1.44242070917451","1.52655139452789","1.5458513619122","1.62047481448059","1.70005602457354","1.64720296379849","1.76391039335202","1.78340554464436","1.84066152500596",
"Venezuela, RB","VEN","Total greenhouse gas emissions excluding LULUCF per capita (t CO2e/capita)","EN.GHG.ALL.PC.CE.AR5","","","","","","","","","","","9.37804437911131","9.04077401190767","8.75930434955096","9.31259721859052","8.82666161603216","8.05846476348324","8.09786125293284","8.09315495917272","8.27693802541555","8.90351794917703","9.21247815439522","9.01746170803039","8.86118450001532","8.49356713070512","8.56684473680482","8.24077793381689","8.17738196302337","8.29854890167488","8.01033012523965","8.17835785261618","8.25797737530772","8.31640802297141","8.17374645276048","8.2005850990754","8.66580303010496","8.60920704010364","9.14232931412883","9.17063759081969","9.20788936660665","8.85383735038857","9.08588303004219","9.16973639869652","9.0530617415204","8.70210421831973","8.95818120896533","9.14551230196413","9.10421152332115","8.92567398388165","9.19838156084674","9.00262737242574","9.05723753927076","8.84177233319395","9.62835742485592","9.48296076403346","9.30347276477992","8.60041999122653","8.00052460985798","7.56024727760934","7.0665117799519","6.54855754514343","4.97479668614313","5.00486120992459","5.68038150616788","5.841219491115","5.89034330376997",
"British Virgin Islands","VGB","Total greenhouse gas emissions excluding LULUCF per capita (t CO2e/capita)","EN.GHG.ALL.PC.CE.AR5","","","","","","","","","","","1.59065740461089","1.61466072313026","1.76844162188569","1.77486254461271","1.70573661139699","1.85743918536677","1.802222429732","1.87962962962963","1.8464082307551","1.83310533515732","1.83288409703504","2.1866016203502","2.01325392165087","1.92400970088925","1.5990639625585","1.53741804205291","1.19481276409733","1.91630266309708","1.9550408719346","1.9235836627141","1.85303107488538","1.81009452029406","1.77785813294763","1.71287303549355","1.70056302424451","1.64798206278027","1.91392792694264","1.90872254211986","1.89728662023079","1.87024835276229","1.96630601254879","1.92344681669552","2.02986467568829","2.1279479533749","2.1065512870941","2.12127614620748","2.3680235169232","2.44027438303241","2.6019476567255","2.83635829230656","3.05329719963866","2.42075931731104","2.35294117647059","2.52342049648298","2.57569322249863","2.51029045162038","2.72448196469685","2.51078014618184","2.34873185792192","2.82731144387965","2.7009559714555","2.65545240551192","2.72971632871422","2.69334359368988","2.74378657748727",
"Virgin Islands (U.S.)","VIR","Total greenhouse gas emissions excluding LULUCF per capita (t CO2e/capita)","EN.GHG.ALL.PC.CE.AR5","","","","","","","","","","","0.35446467956393","0.27066270070626","0.275160838061295","0.255584217971731","0.24571663646168","0.241310698107616","0.242289374623048","0.254283660397197","0.252269907952757","0.256802137591882","0.255931590991208","0.260382762661112","0.271815165687333","0.276039382947343","0.281312127236581","0.287812624057166","0.296503441026556","0.178392681935759","0.239717885727871","0.239506734889797","0.229889479911122","0.228992338298014","0.227977902224913","0.224248906903864","0.223634432248085","0.22166985104528","0.220176696424441","0.21779857323477","0.216516026792707","0.214550778552289","0.213545406012408","0.221098305834232","0.22117980996968","0.221187963688309","0.221267493961241","0.221294016763022","0.221465548265648","0.223377054930448","0.223253411072262","0.223238994871038","0.223335825096671","0.22347400498661","0.22368469700891","0.224914615747725","0.226173040915074","0.226530005941771","0.226942966628223","0.228372218752622","0.228969822711937","0.229682475695844","0.230501458274532","0.231415887409087","0.23241915133807","0.233517923692061","0.234726041177654",
"Viet Nam","VNM","Total greenhouse gas emissions excluding LULUCF per capita (t CO2e/capita)","EN.GHG.ALL.PC.CE.AR5","","","","","","","","","","","1.51130445810668","1.48629390051317","1.44972383537258","1.50544042459399","1.42589201981779","1.42466575291134","1.35215462511627","1.35382031026452","1.29536876269066","1.31137886447623","1.30900300610967","1.33264379205079","1.39106356878858","1.40837465408069","1.39522937856777","1.39352579117775","1.41880013749803","1.42211896272661","1.44456615118498","1.40952046840658","1.40288265768156","1.43584319596841","1.47258722147826","1.54766340495577","1.62655127471211","1.7181901886386","1.80844485244069","1.87764975573744","1.98767564156332","2.04657379302693","2.12098370362106","2.15637011569198","2.32181460307633","2.4010825931504","2.65643681196763","2.77727938426836","2.81663165846876","2.93144692534529","3.00788294438791","3.18857555639186","3.34732023563346","3.3417772605003","3.30085157967643","3.35682433937563","3.49139368857043","3.70194197242859","3.8763621964428","3.89159764971312","4.44463649283497","4.98807414872918","5.0260926397731","4.92018919312133","4.96058538138619","5.41018077612096","5.78543407757655",
"Vanuatu","VUT","Total greenhouse gas emissions excluding LULUCF per capita (t CO2e/capita)","EN.GHG.ALL.PC.CE.AR5","","","","","","","","","","","3.37908330048918","3.52344084085436","3.50363687992835","3.84476802102541","4.08903968743574","3.88654519342967","3.87472433938175","3.71325667335722","3.50663404963488","3.41383581033263","3.3909735431437","3.17381119502068","3.14371875903664","3.1177922224552","2.96831852976579","3.15904139433551","2.99506431349088","3.00392894370458","3.14515899855068","3.02646250164482","3.17162289025618","3.132555519688","2.93044059431392","3.01700080896509","2.98688416179874","2.89941784284748","2.86932965110496","2.84150126556183","2.81751751134241","2.81903673756372","2.81188097551549","2.69013929676335","2.62121993434186","2.71288095404143","2.55941587955919","2.53890681343709","2.47588260629947","2.9926426724995","2.93173965164657","2.78261168473474","2.81555354084819","2.89640782999417","2.70930517552424","2.66541444974497","2.70865355056871","2.38781515289307","2.06220804375071","1.8990546018592","2.08582376016182","2.01140469544668","2.08359823059781","2.17675598624243","2.06870555764967","1.94314142236953","1.92844525393789",
"World","WLD","Total greenhouse gas emissions excluding LULUCF per capita (t CO2e/capita)","EN.GHG.ALL.PC.CE.AR5","","","","","","","","","","","6.1766027084561","6.0569770658843","6.1752265349186","6.35874182921035","6.24546533034881","6.14295423475069","6.30549051618874","6.3547703768627","6.41037065180425","6.45741363728628","6.28371213705394","6.06729707660978","5.92694518957759","5.87777290480896","5.94000972249141","5.89550195962175","5.88111422495142","5.92606100203584","5.99983677020919","6.00040988082646","5.95898891851435","5.8719620525108","5.76201560242113","5.68609645186384","5.65730842787541","5.70986552986217","5.72866560718936","5.70547669030876","5.63521693306473","5.58923157487339","5.6472698513851","5.62463775833013","5.60825351777113","5.76995931123936","5.92132929642632","6.03902946078917","6.13104199328729","6.23496386082744","6.20079150610529","6.06908978663656","6.3067456968454","6.42191846103426","6.4369102162224","6.46220227013774","6.42866123708031","6.33088147216719","6.27750188743078","6.30655788634374","6.37754017249756","6.34767800823886","6.09697568101043","6.32096644674578","6.31874285317168","6.34127494478487","6.35969282924277",
"Samoa","WSM","Total greenhouse gas emissions excluding LULUCF per capita (t CO2e/capita)","EN.GHG.ALL.PC.CE.AR5","","","","","","","","","","","1.12250712250712","1.10734510852403","1.12565553695222","1.21420186191269","1.34844844777857","1.2318708263773","1.20868419545168","1.22063435428443","1.21951975213013","1.26901683427266","1.32483781842967","1.33572351187243","1.43977799668437","1.44199047470518","1.54620014868462","1.51214571259043","1.43420666702582","1.57579878445196","1.57651503451225","1.70470705346985","1.74157901586588","1.76302489254168","1.71137373701792","1.81634007474938","1.83819495377081","1.72537248454783","1.71976077832238","1.73080930683143","1.75344456555155","1.74122867840799","1.98585463852272","2.12594040378673","2.15101560678914","2.18896618670118","2.17074991006663","2.20293296537561","2.19914868226883","2.25373901341965","2.25714992083406","2.29540553382799","2.42872611035991","2.47184317431296","2.47636108255555","2.5283959085682","2.54952833725761","2.80401621551972","2.81131602612298","2.54411800501424","2.5710321704194","2.57698541329011","2.20152493111388","2.47264698590601","2.37664974147663","2.34465506339338","2.39245203399704",
"Kosovo","XKX","Total greenhouse gas emissions excluding LULUCF per capita (t CO2e/capita)","EN.GHG.ALL.PC.CE.AR5","","","","","","","","","","","","","","","","","","","","","","","","","","","","","","","","","","","","","","","","","","","","","","","","","","","","","","","","","","","","","","","","","",
"Yemen, Rep.","YEM","Total greenhouse gas emissions excluding LULUCF per capita (t CO2e/capita)","EN.GHG.ALL.PC.CE.AR5","","","","","","","","","","","0.76400379942533","0.784668249038025","0.798330524601116","0.815895535343309","0.821081192176612","0.799412510920751","0.81306156059681","0.802303641141497","0.814779580905847","0.818629790310134","0.892369331633582","0.874234317666161","0.900663469975508","0.921894357849113","0.907878276341862","0.914140036188784","0.932010983914011","0.969958395823673","1.2276872849679","1.24105687339898","1.26060440404722","1.34287110761659","1.33065865999213","1.2854478635644","1.39908318377435","1.38514454370469","1.39028209553914","1.43986193080248","1.44760279633328","1.55501849241858","1.65272457021176","1.651812379293","1.61934056811669","1.81513851894581","1.8068068912989","1.93932580769225","2.06975016823413","2.09543252629874","2.00115952805082","2.06385643413976","1.98173854628028","1.71882598118682","1.56528988349613","1.80606852561284","1.70915013143021","1.01014208274176","0.847372746777307","0.854977714279998","0.933437879252046","0.959955806955961","0.914656850919844","0.904768225721812","0.878084108584608","0.821661424029505","0.810749994751518",
"South Africa","ZAF","Total greenhouse gas emissions excluding LULUCF per capita (t CO2e/capita)","EN.GHG.ALL.PC.CE.AR5","","","","","","","","","","","10.8236971803929","10.489752417636","10.502461386658","10.9918625644252","11.0495540697171","11.4562526711751","11.7574922950736","11.5262123698585","10.4838381245854","10.5479252369949","10.7623645454836","10.943283405767","10.8604149397228","10.5906771872731","10.8514855726829","10.6520121386585","10.263201062782","10.4055088397718","10.2422882732565","9.91494395142899","9.99092972146553","9.58260596396585","9.27043755972203","9.18508365768874","9.19147628362868","9.50268596376319","9.69479479408935","10.0033617392122","10.0409009369183","9.56203716493794","9.53528370260222","9.69344374647864","9.91079753887048","10.3671008711113","10.9611354200157","11.1012777057554","11.0716655295942","11.3915600722158","11.8349358468018","11.0780773219939","11.1093178477913","10.5918375068084","10.8345832581773","10.9215344574828","10.9883043458099","10.3122959345783","10.1678093843244","10.3942034551755","10.2433400398659","10.148067849698","9.52734998975684","9.35617635565766","8.91462126078558","8.78696965455376","8.90227530230316",
"Zambia","ZMB","Total greenhouse gas emissions excluding LULUCF per capita (t CO2e/capita)","EN.GHG.ALL.PC.CE.AR5","","","","","","","","","","","2.33247518695112","2.3266948413346","2.38931094395236","2.41931591111731","2.39413754097365","2.38170243959723","2.3938138068782","2.27435086978169","2.17308092730708","2.07369745129736","2.0226672041053","1.95698385954615","2.34574389141165","2.26345619631163","1.98776990771204","2.15011075876798","2.17350075596106","2.03595130882087","2.01891647635643","2.08198053659298","2.03747182985625","1.85622020509544","1.88108131906838","1.78225946960808","1.67704627734974","1.59578627377042","1.5170390489705","1.43687446973134","1.56607899596811","1.49206288908476","1.39853424427392","1.47005598446904","1.35765113074828","1.36668367688357","1.34705708967157","1.39037048016528","1.34338008993406","1.25492187279274","1.28271134333191","1.35374154147816","1.42785906564375","1.3699390128521","1.56026410473266","1.594499953471","1.60726604033956","1.59831439417153","1.59988312932697","1.67903576105478","1.72279083803556","1.74956690505951","1.73210639687146","1.74199064488489","1.84137419566318","1.80911326572883","1.80713485873487",
"Zimbabwe","ZWE","Total greenhouse gas emissions excluding LULUCF per capita (t CO2e/capita)","EN.GHG.ALL.PC.CE.AR5","","","","","","","","","","","4.16438678675547","4.15198060844935","3.96178942686847","4.12004117191723","4.00355227401052","3.76571370291628","3.83244752553043","3.61307956322897","3.40477491279614","3.25763333170868","3.11530408505358","2.91469047366621","2.85464136709619","2.73374852625283","2.70595632145336","2.86239613998828","3.0237310491487","3.3525356491859","3.2148281129247","3.162294858952","3.39777500495448","3.30009680132739","3.29442103394471","2.83389353947151","2.74760354590961","2.71114233877703","2.80136149039823","2.65535262761694","2.6823618542806","2.91974562984822","2.62726669192162","2.62330936415194","2.37338050653837","2.07946601802454","1.98997306786342","2.07457372299541","1.96381972936217","1.93999433617061","1.71563734624858","1.73584908531598","1.9458321117103","2.38955401464493","2.13733836439681","2.1164554273899","1.92926778298486","1.97717718568627","1.82138798026944","1.75874644100833","1.86445771352358","1.73327628539892","1.59682996360893","1.7186389242151","1.74407258273292","1.84354250967301","1.85064384452603",
